old_url,clicks,impressions,new_url,new_title,score,confidence,method
https://mahamprint.com/product/58/%D9%BE%D8%B1%DB%8C%D9%86%D8%AA%D8%B1-%D9%84%DB%8C%D8%B2%D8%B1%DB%8C-%D8%AA%DA%A9-%DA%A9%D8%A7%D8%B1%D9%87-HP-P1102,26,4387,https://mahamprint.com/products/----hp-p1102,پرینتر لیزری تک کاره  HP  P1102,1.0,high,model+title
https://mahamprint.com/product/147/%D9%BE%D8%B1%DB%8C%D9%86%D8%AA%D8%B1%DA%86%D9%86%D8%AF-%DA%A9%D8%A7%D8%B1%D9%87-%D9%84%DB%8C%D8%B2%D8%B1%DB%8C-%D8%A8%D8%B1%D9%86%D8%AF-HP-MFP-M-136-W,232,4029,https://mahamprint.com/products/----hp-mfp-m-136-w,پرینتر سه کاره لیزری Hp M136w,0.43,medium,model+title
https://mahamprint.com/product/1644/%D9%BE%D8%B1%DB%8C%D9%86%D8%AA%D8%B1-%D8%B3%D9%87-%DA%A9%D8%A7%D8%B1%D9%87-HP-%D9%85%D8%AF%D9%84-MFP-M236dw,167,3744,https://mahamprint.com/products/---hp--mfp-m236dw,پرینتر سه کاره HP مدل MFP M236dw,1.0,high,model+title
https://mahamprint.com/product/411/%D8%A7%D8%B3%DA%A9%D9%86%D8%B1-AVISION-AD250F,21,2828,https://mahamprint.com/products/-avision-ad250f,اسکنر AVISION AD250F,1.0,high,model+title
https://mahamprint.com/product/1176/%DA%A9%D9%86%D8%B3%D9%88%D9%84-%D8%A8%D8%A7%D8%B2%DB%8C-Sony-PlayStation-2,12,2556,https://mahamprint.com/products/--sony-playstation-2,کنسول بازی Sony PlayStation 2,1.0,high,model+title
https://mahamprint.com/product/1480/%D8%AA%D9%88%D9%86%D8%B1-%DA%A9%D8%A7%D8%B1%D8%AA%D8%B1%DB%8C%D8%AC-HP-106A,70,2284,https://mahamprint.com/products/--hp-106a,تونر کارتریج HP 106A,1.0,high,model+title
https://mahamprint.com/product/363/%D9%BE%D8%B1%DB%8C%D9%86%D8%AA%D8%B1-%D9%84%DB%8C%D8%B2%D8%B1%DB%8C-%D8%AA%DA%A9-%DA%A9%D8%A7%D8%B1%D9%87-hp-1320,76,2128,https://mahamprint.com/products/----hp-1320,پرینتر لیزری تک کاره hp 1320,1.0,high,model+title
https://mahamprint.com/product/199/%D9%BE%D8%B1%DB%8C%D9%86%D8%AA%D8%B1-HP-PageWide-577z,170,2049,https://mahamprint.com/products/-hp-pagewide-577z,پرینتر HP PageWide 577z,1.0,high,model+title
https://mahamprint.com/product/96/%D9%BE%D8%B1%DB%8C%D9%86%D8%AA%D8%B1-%D8%AA%DA%A9-%DA%A9%D8%A7%D8%B1%D9%87-%D9%84%DB%8C%D8%B2%D8%B1%DB%8C-CANON-%D9%85%D8%AF%D9%84-LBP251DW,125,1974,https://mahamprint.com/products/----canon--lbp251dw,پرینتر تک کاره لیزری CANON مدل LBP251DW,1.0,high,model+title
https://mahamprint.com/product/2897/%D9%BE%D8%B1%DB%8C%D9%86%D8%AA%D8%B1-%D9%84%DB%8C%D8%B2%D8%B1%DB%8C-%DA%86%D9%87%D8%A7%D8%B1%DA%A9%D8%A7%D8%B1%D9%87-Hp-1217w,62,1589,https://mahamprint.com/products/---hp-1217w,پرینتر لیزری چهارکاره Hp 1217w,1.0,high,model+title
https://mahamprint.com/product/2478/%D8%A7%D8%B3%DA%A9%D9%86%D8%B1-AVISION-AD-130,58,1734,https://mahamprint.com/products/-avision-ad-130,اسکنر AVISION AD-130,1.0,high,model+title
https://mahamprint.com/product/907/%D9%85%D8%A7%D8%B4%DB%8C%D9%86-%D8%AD%D8%B3%D8%A7%D8%A8-%DA%A9%D8%A7%D8%B3%DB%8C%D9%88-DS-1L,68,1488,https://mahamprint.com/products/---ds-1l,ماشین حساب کاسیو DS-1L,0.35,medium,title-only
https://mahamprint.com/product/1611/%D9%BE%D8%B1%DB%8C%D9%86%D8%AA%D8%B1-%D9%84%DB%8C%D8%B2%D8%B1%DB%8C-%DA%86%D9%86%D8%AF%DA%A9%D8%A7%D8%B1%D9%87-%D9%85%D8%AF%D9%84-HP-M430f,36,1405,https://mahamprint.com/products/----hp-m430f,پرینتر لیزری چندکاره مدل HP M430f,1.0,high,model+title
https://mahamprint.com/product/1575/%D8%AA%D9%88%D9%86%D8%B1-%DA%A9%D8%A7%D8%B1%D8%AA%D8%B1%DB%8C%D8%AC-HP-827A,56,1468,https://mahamprint.com/products/--hp-827a,تونر کارتریج HP 827A,1.0,high,model+title
https://mahamprint.com/product/1613/%D9%BE%D8%B1%DB%8C%D9%86%D8%AA%D8%B1-%D9%84%DB%8C%D8%B2%D8%B1%DB%8C-HP-570-DW,125,1236,https://mahamprint.com/products/--hp-570-dw,پرینتر لیزری HP 570 DW,1.0,high,model+title
https://mahamprint.com/product/1879/%D9%84%DB%8C%D8%A8%D9%84-%D8%A8%D8%B1%DA%86%D8%B3%D8%A8-%D8%AC%D9%86%D8%B3-%D9%BE%DB%8C-%D9%88%DB%8C-%D8%B3%DB%8C-%DA%AF%D8%B1%D8%AF-%DB%8C%D8%A7-%D8%AF%D8%A7%DB%8C%D8%B1%D9%87-%D8%A8%D8%A7-%D9%82%D8%B7%D8%B1-16-%D9%85%DB%8C%D9%84%DB%8C-%D9%85%D8%AA%D8%B1,26,1203,https://mahamprint.com/products/-----------16--,لیبل (برچسب) جنس پی وی سی گرد یا دایره با قطر 16 میلی متر,0.35,medium,title-only
https://mahamprint.com/product/483/%D8%A7%D8%B3%DA%A9%D9%86%D8%B1-Kodak-i1220,52,1148,https://mahamprint.com/products/-kodak-i1220,اسکنر Kodak i1220,1.0,high,model+title
https://mahamprint.com/product/149/%D9%BE%D8%B1%DB%8C%D9%86%D8%AA%D8%B1-%DA%86%D9%86%D8%AF%DA%A9%D8%A7%D8%B1%D9%87-%D8%A8%D8%B1%D9%86%D8%AF-HP-M-131A,124,1141,https://mahamprint.com/products/---hp-m-131a,پرینتر چندکاره  برند HP M 131A,1.0,high,model+title
https://mahamprint.com/product/2565/%D9%BE%D8%B1%DB%8C%D9%86%D8%AA%D8%B1-%D9%84%DB%8C%D8%B2%D8%B1%DB%8C-%DA%86%D9%87%D8%A7%D8%B1%DA%A9%D8%A7%D8%B1%D9%87-%D9%85%D8%AF%D9%84-CANON-455DW,60,1326,https://mahamprint.com/products/----canon-455dw,پرینتر لیزری چهارکاره مدل CANON 455DW,1.0,high,model+title
https://mahamprint.com/product/2730/%DA%A9%D8%A7%D8%B1%D8%AA-%DA%AF%D8%B1%D8%A7%D9%81%DB%8C%DA%A9-%D8%A8%D8%B1%D9%86%D8%AF-MSI-GeForce-RTX-3060-GAMING-X-12G,44,1087,https://mahamprint.com/products/---msi-geforce-rtx-3060-gaming-x-12g,کارت گرافیک برند MSI GeForce RTX 3060 GAMING X 12G,1.0,high,model+title
https://mahamprint.com/product/1328/%D9%85%D8%A7%D9%86%DB%8C%D8%AA%D9%88%D8%B1-Samsung-S20C325B-Plus-%D8%B3%D8%A7%DB%8C%D8%B2-%DB%B2%DB%B0-%D8%A7%DB%8C%D9%86%DA%86,44,1076,https://mahamprint.com/products/-samsung-s20c325b-plus---,مانیتور Samsung S20C325B Plus سایز ۲۰ اینچ,1.0,high,model+title
https://mahamprint.com/product/148/%D9%BE%D8%B1%DB%8C%D9%86%D8%AA%D8%B1-%DA%86%D9%86%D8%AF%DA%A9%D8%A7%D8%B1%D9%87-%D9%84%DB%8C%D8%B2%D8%B1%DB%8C-%D8%A8%D8%B1%D9%86%D8%AF-HP-136A,58,1069,https://mahamprint.com/products/----hp-136a,پرینتر چندکاره لیزری برند HP 136A,1.0,high,model+title
https://mahamprint.com/product/2562/%D9%84%DB%8C%D8%A8%D9%84-%D9%BE%D8%B1%DB%8C%D9%86%D8%AA%D8%B1-%D9%85%D8%AF%D9%84-MEVA-MBP-4350,104,1056,https://mahamprint.com/products/---meva-mbp-4350,لیبل پرینتر مدل MEVA MBP-4350,1.0,high,model+title
https://mahamprint.com/product/2656/%D8%A7%D8%B3%DA%A9%D9%86%D8%B1-%D9%BE%D8%A7%D8%B3%D9%BE%D9%88%D8%B1%D8%AA-%D8%AE%D9%88%D8%A7%D9%86-PLUSTEK-X50,47,993,https://mahamprint.com/products/---plustek-x50,اسکنر پاسپورت خوان PLUSTEK X50,1.0,high,model+title
https://mahamprint.com/product/2437/%D9%BE%D8%B1%DB%8C%D9%86%D8%AA%D8%B1-%D8%B1%D9%86%DA%AF%DB%8C-%D8%B3%D9%87-%DA%A9%D8%A7%D8%B1%D9%87-EPSON-L3158W,7,1032,https://mahamprint.com/products/----epson-l3158w,پرینتر رنگی سه کاره EPSON L3158W,1.0,high,model+title
https://mahamprint.com/product/407/%D8%A7%D8%B3%DA%A9%D9%86%D8%B1-AVISION-AD120,1,977,https://mahamprint.com/products/-avision-ad120,اسکنر AVISION AD120,1.0,high,model+title
https://mahamprint.com/product/3109/%D9%BE%D8%B1%DB%8C%D9%86%D8%AA%D8%B1-%D8%AC%D9%88%D9%87%D8%B1%D8%A7%D9%81%D8%B4%D8%A7%D9%86%20-CANON-%20PIXMA%20-TS3640,45,972,https://mahamprint.com/products/---canon--pixma--ts3640,پرینتر جوهرافشان CANON PIXMA TS3640,1.0,high,model+title
https://mahamprint.com/product/932/%D9%85%D8%A7%D8%B4%DB%8C%D9%86-%D8%AD%D8%B3%D8%A7%D8%A8-Casio-DS-3B,52,974,https://mahamprint.com/products/--casio-ds-3b,ماشین حساب Casio DS-3B,1.0,high,model+title
https://mahamprint.com/product/1058/%D8%AF%D8%B3%D8%AA%DA%AF%D8%A7%D9%87-%DA%A9%D9%BE%DB%8C-SHARP-AR-6131N,30,952,https://mahamprint.com/products/--sharp-ar-6131n,دستگاه کپی SHARP AR-6131N,1.0,high,model+title
https://mahamprint.com/product/1007/%D9%85%D8%A7%D8%B4%DB%8C%D9%86-%D8%AD%D8%B3%D8%A7%D8%A8-CASIO-DS-120TV,43,925,https://mahamprint.com/products/--casio-ds-120tv,ماشین حساب CASIO DS-120TV,1.0,high,model+title
https://mahamprint.com/product/265/%D9%BE%D8%B1%DB%8C%D9%86%D8%AA%D8%B1-%D8%AC%D9%88%D9%87%D8%B1%D8%A7%D9%81%D8%B4%D8%A7%D9%86-%D8%B3%D9%87-%DA%A9%D8%A7%D8%B1%D9%87-EPSON-L3050,82,888,https://mahamprint.com/products/----epson-l3050,پرینتر جوهرافشان سه کاره EPSON L3050,1.0,high,model+title
https://mahamprint.com/product/995/%D9%85%D8%A7%D8%B4%DB%8C%D9%86-%D8%AD%D8%B3%D8%A7%D8%A8-PARS-DS-4130,6,844,https://mahamprint.com/products/--pars-ds-4130,ماشین حساب PARS DS-4130,1.0,high,model+title
https://mahamprint.com/product/3099/%D8%A7%D8%B3%DA%A9%D9%86%D8%B1-%20%D8%A7%D8%B3%D9%86%D8%A7%D8%AF-%20%D8%A7%DB%8C%E2%80%8C%20-%D9%88%DB%8C%DA%98%D9%86%20-%D9%85%D8%AF%D9%84%20-Avision-%20AD5800,2,829,https://mahamprint.com/products/----------avision--ad5800,اسکنر اسناد ای‌ ویژن مدل Avision AD5800,1.0,high,model+title
https://mahamprint.com/product/372/%D9%BE%D8%B1%DB%8C%D9%86%D8%AA%D8%B1-%D9%84%DB%8C%D8%B2%D8%B1%DB%8C-%D8%AA%DA%A9-%DA%A9%D8%A7%D8%B1%D9%87-hp-CP1215,58,825,https://mahamprint.com/products/----hp-cp1215,پرینتر لیزری تک کاره hp CP1215,1.0,high,model+title
https://mahamprint.com/product/2467/%D9%BE%D8%B1%DB%8C%D9%86%D8%AA%D8%B1-%D9%84%DB%8C%D8%B2%D8%B1%DB%8C-%D8%AA%DA%A9-%DA%A9%D8%A7%D8%B1%D9%87-HP-751DN,68,818,https://mahamprint.com/products/----hp-751dn,پرینتر لیزری تک کاره HP 751DN,1.0,high,model+title
https://mahamprint.com/product/1013/%D9%85%D8%A7%D8%B4%DB%8C%D9%86-%D8%AD%D8%B3%D8%A7%D8%A8-Citizen-CT-612,55,820,https://mahamprint.com/products/--citizen-ct-612,ماشین حساب Citizen CT-612,1.0,high,model+title
https://mahamprint.com/product/2609/%DA%AF%D9%88%D8%B4%DB%8C-%D8%B3%D8%A7%D9%85%D8%B3%D9%88%D9%86%DA%AF-GALAXY-S22-ULTRA-5G,18,814,https://mahamprint.com/products/--galaxy-s22-ultra-5g,گوشی سامسونگ GALAXY S22 ULTRA 5G,1.0,high,model+title
https://mahamprint.com/product/2675/%D9%BE%D8%B1%DB%8C%D9%86%D8%AA%D8%B1-%D8%B3%D9%87-%DA%A9%D8%A7%D8%B1%D9%87-%D9%84%DB%8C%D8%B2%D8%B1%DB%8CP300NW-sky,16,801,https://mahamprint.com/products/---p300nw-sky,پرینتر سه کاره لیزریP300NW  sky,1.0,high,model+title
https://mahamprint.com/product/562/%D9%84%DB%8C%D8%A8%D9%84-%D9%BE%D8%B1%DB%8C%D9%86%D8%AA%D8%B1-MEVA-MBP-1100P,95,778,https://mahamprint.com/products/--meva-mbp-1100p,لیبل پرینتر MEVA MBP 1100P,1.0,high,model+title
https://mahamprint.com/product/1038/%D9%85%D8%A7%D8%B4%DB%8C%D9%86-%D8%AD%D8%B3%D8%A7%D8%A8-Texas-Ti-84-Plus-CE,53,774,https://mahamprint.com/products/--texas-ti-84-plus-ce,ماشین حساب Texas Ti-84 Plus CE,1.0,high,model+title
https://mahamprint.com/product/2439/%D9%BE%D8%B1%DB%8C%D9%86%D8%AA%D8%B1-%D8%B1%D9%86%DA%AF%DB%8C-Epson-EcoTank-L14150,20,800,https://mahamprint.com/products/--epson-ecotank-l14150,پرینتر رنگی Epson EcoTank L14150,1.0,high,model+title
https://mahamprint.com/product/288/%D9%BE%D8%B1%DB%8C%D9%86%D8%AA%D8%B1-%D8%AA%DA%A9-%DA%A9%D8%A7%D8%B1%D9%87-%D9%84%DB%8C%D8%B2%D8%B1%DB%8C-HP-2055D,50,766,https://mahamprint.com/products/----hp-2055d,پرینتر تک کاره لیزری  HP 2055D,1.0,high,model+title
https://mahamprint.com/product/2284/%D9%87%D8%AF-%D9%BE%D8%B1%DB%8C%D9%86%D8%AA%D8%B1-Epson-P50-T50,45,736,https://mahamprint.com/products/--epson-p50-t50,هد پرینتر Epson P50\/T50,1.0,high,model+title
https://mahamprint.com/product/2504/%D8%AF%D8%B3%D8%AA%DA%AF%D8%A7%D9%87-%D8%A8%D8%A7%D8%B1%DA%A9%D8%AF-%D8%AE%D9%88%D8%A7%D9%86-%D8%AF%D9%88-%D8%A8%D8%B9%D8%AF%DB%8C-Datalogic-%D9%85%D8%AF%D9%84-QD-2590,17,725,https://mahamprint.com/products/-----datalogic--qd-2590,دستگاه بارکد خوان دو بعدی Datalogic مدل QD 2590,1.0,high,model+title
https://mahamprint.com/product/949/%D9%85%D8%A7%D8%B4%DB%8C%D9%86-%D8%AD%D8%B3%D8%A7%D8%A8-Canon-WS-1410TG,26,715,https://mahamprint.com/products/--canon-ws-1410tg,ماشین حساب Canon WS-1410TG,1.0,high,model+title
https://mahamprint.com/product/2804/%D9%BE%D8%B1%DB%8C%D9%86%D8%AA%D8%B1-%D8%AC%D9%88%D9%87%D8%B1%D8%A7%D9%81%D8%B4%D8%A7%D9%86-%D8%B3%D9%87-%DA%A9%D8%A7%D8%B1%D9%87-EPSON-L3260,22,672,https://mahamprint.com/products/----epson-l3260,پرینتر جوهرافشان سه کاره EPSON L3260,1.0,high,model+title
https://mahamprint.com/product/486/%D8%A7%D8%B3%DA%A9%D9%86%D8%B1-%D8%AF%D8%B3%D8%AA%DB%8C-Avision-MiWand-2L,14,683,https://mahamprint.com/products/--avision-miwand-2l,اسکنر دستی Avision MiWand 2L,1.0,high,model+title
https://mahamprint.com/product/392/%D8%A7%D8%B3%DA%A9%D9%86%D8%B1-HP-4010,49,764,https://mahamprint.com/products/-hp-4010,اسکنر HP 4010,1.0,high,model+title
https://mahamprint.com/product/3095/%D8%A7%D8%B3%DA%A9%D9%86%D8%B1%20-KODAK%20-E%20-1030,2,686,https://mahamprint.com/products/--kodak--e--1030,اسکنر KODAK E 1030,1.0,high,model+title
https://mahamprint.com/product/130/%D9%BE%D8%B1%DB%8C%D9%86%D8%AA%D8%B1-%D8%AA%DA%A9-%DA%A9%D8%A7%D8%B1%D9%87-%D9%84%DB%8C%D8%B2%D8%B1%DB%8C-BROTHER-HL-L6200DW,37,706,https://mahamprint.com/products/----brother-hl-l6200dw,پرینتر تک کاره لیزری BROTHER HL-L6200DW,1.0,high,model+title
https://mahamprint.com/product/1248/%D8%AA%D8%A8%D9%84%D8%AA-%D9%BE%D8%B1%D9%88%DA%98%DA%A9%D8%AA%D9%88%D8%B1-AIPTEK-P70,39,664,https://mahamprint.com/products/--aiptek-p70,تبلت پروژکتور AIPTEK P70,1.0,high,model+title
https://mahamprint.com/product/1873/%D9%84%DB%8C%D8%A8%D9%84-%D8%A8%D8%B1%DA%86%D8%B3%D8%A8-%D9%85%D8%AA%D8%A7%D9%84-%D9%BE%DB%8C%D9%88%D8%B3%D8%AA%D9%87-%D8%B9%D8%B1%D8%B6-100-%D9%85%DB%8C%D9%84%DB%8C%D9%85%D8%AA%D8%B1,3,632,https://mahamprint.com/products/-----100-,لیبل (برچسب) متال پیوسته عرض 100 میلیمتر,1.0,high,model+title
https://mahamprint.com/product/915/%D9%85%D8%A7%D8%B4%DB%8C%D9%86-%D8%AD%D8%B3%D8%A7%D8%A8-Casio-GY-140C,14,626,https://mahamprint.com/products/--casio-gy-140c,ماشین حساب Casio GY-140C,1.0,high,model+title
https://mahamprint.com/product/2024/%D9%81%DB%8C%D8%B4-%D9%BE%D8%B1%DB%8C%D9%86%D8%AA%D8%B1-REMO-RP-220,13,626,https://mahamprint.com/products/--remo-rp-220,فیش پرینتر REMO RP 220,1.0,high,model+title
https://mahamprint.com/product/874/%D8%A7%D8%B3%DA%A9%D9%86%D8%A7%D8%B3-%D8%B4%D9%85%D8%A7%D8%B1-Bill-Counter-V10,41,618,https://mahamprint.com/products/--bill-counter-v10,اسکناس شمار Bill Counter V10,1.0,high,model+title
https://mahamprint.com/product/1326/%D9%85%D8%A7%D9%86%DB%8C%D8%AA%D9%88%D8%B1-%D8%B3%D8%A7%D9%85%D8%B3%D9%88%D9%86%DA%AF-S22R350FHM-%D8%B3%D8%A7%DB%8C%D8%B2-%DB%B2%DB%B2-%D8%A7%DB%8C%D9%86%DA%86,39,609,https://mahamprint.com/products/--s22r350fhm---,مانیتور سامسونگ S22R350FHM سایز ۲۲ اینچ,1.0,high,model+title
https://mahamprint.com/product/3068/printer-chand-kare-lazeri-canon-model-275dw,27,606,https://mahamprint.com/products/printer-chand-kare-lazeri-canon-model-275dw,پرینتر چند کاره لیزری CANON مدل 275dw,0.72,high,model+title
https://mahamprint.com/product/2445/%D9%84%DB%8C%D8%A8%D9%84-%D9%BE%D8%B1%DB%8C%D9%86%D8%AA%D8%B1-%D8%A8%D8%B1%D9%86%D8%AF-brother-Pt-e850tkw,59,611,https://mahamprint.com/products/---brother-pt-e850tkw,لیبل پرینتر برند brother Pt-e850tkw,1.0,high,model+title
https://mahamprint.com/product/2917/%D8%A7%D8%B3%DA%A9%D9%86%D8%B1-hp-5590,16,583,https://mahamprint.com/products/-hp-5590,اسکنر hp 5590,1.0,high,model+title
https://mahamprint.com/product/1341/%D8%AA%D9%88%D9%86%D8%B1-HP-680-CMY,38,581,https://mahamprint.com/products/-hp-680-cmy,تونر HP 680 CMY,1.0,high,model+title
https://mahamprint.com/product/95/%D9%BE%D8%B1%DB%8C%D9%86%D8%AA%D8%B1-%D9%84%DB%8C%D8%B2%D8%B1%DB%8C-%D8%AA%DA%A9-%DA%A9%D8%A7%D8%B1%D9%87-CANON-6230DW,19,581,https://mahamprint.com/products/----canon-6230dw,پرینتر لیزری تک کاره CANON 6230DW,1.0,high,model+title
https://mahamprint.com/product/962/%D9%85%D8%A7%D8%B4%DB%8C%D9%86-%D8%AD%D8%B3%D8%A7%D8%A8-%D8%B3%DB%8C%D8%AA%DB%8C%D8%B2%D9%86-CT-780,26,576,https://mahamprint.com/products/---ct-780,ماشین حساب سیتیزن CT-780,1.0,high,model+title
https://mahamprint.com/product/1896/%D8%A7%D8%B3%DA%A9%D9%86%D8%B1-AVISION-ad-220-d2,28,568,https://mahamprint.com/products/-avision-ad-220-d2,اسکنر AVISION ad 220 d2,1.0,high,model+title
https://mahamprint.com/product/308/%D9%BE%D8%B1%DB%8C%D9%86%D8%AA%D8%B1-hp-479-fdn,18,561,https://mahamprint.com/products/-hp-479-fdn,پرینتر hp 479 fdn,1.0,high,model+title
https://mahamprint.com/product/1617/%D9%BE%D8%B1%DB%8C%D9%86%D8%AA%D8%B1-%DA%86%D9%86%D8%AF%DA%A9%D8%A7%D8%B1%D9%87-%D8%A8%D8%B1%D9%86%D8%AF-hp-436dn,27,560,https://mahamprint.com/products/---hp-436dn,پرینتر چندکاره برند hp 436dn,1.0,high,model+title
https://mahamprint.com/product/911/%D9%85%D8%A7%D8%B4%DB%8C%D9%86-%D8%AD%D8%B3%D8%A7%D8%A8-Canuo-cn-107,28,545,https://mahamprint.com/products/--canuo-cn-107,ماشین حساب Canuo cn-107,1.0,high,model+title
https://mahamprint.com/product/412/%D8%A7%D8%B3%DA%A9%D9%86%D8%B1-AVISION-AV5400,7,533,https://mahamprint.com/products/-avision-av5400,اسکنر AVISION AV5400,1.0,high,model+title
https://mahamprint.com/product/490/%D8%A7%D8%B3%DA%A9%D9%86%D8%B1-Canon-DRF120,15,528,https://mahamprint.com/products/-canon-drf120,اسکنر Canon DRF120,1.0,high,model+title
https://mahamprint.com/product/2561/%D9%84%DB%8C%D8%A8%D9%84-%D9%BE%D8%B1%DB%8C%D9%86%D8%AA%D8%B1-MEVA-MBP-4250,56,539,https://mahamprint.com/products/--meva-mbp-4250,لیبل پرینتر  MEVA MBP-4250,1.0,high,model+title
https://mahamprint.com/product/554/%D9%84%DB%8C%D8%A8%D9%84-%D9%BE%D8%B1%DB%8C%D9%86%D8%AA%D8%B1-TSC-TA210,22,560,https://mahamprint.com/products/--tsc-ta210,لیبل پرینتر TSC TA210,1.0,high,model+title
https://mahamprint.com/product/2732/%DA%A9%D8%A7%D8%B1%D8%AA-%DA%AF%D8%B1%D8%A7%D9%81%DB%8C%DA%A9-MSI-GeForce-RTX-3060-Ti-GAMING-X-8G,14,521,https://mahamprint.com/products/--msi-geforce-rtx-3060-ti-gaming-x-8g,کارت گرافیک MSI GeForce RTX 3060 Ti GAMING X 8G,1.0,high,model+title
https://mahamprint.com/product/3098/%D8%A7%D8%B3%DA%A9%D9%86%D8%B1%20-%D8%B1%DB%8C%DA%A9%D9%88%20-fi-8250,0,526,https://mahamprint.com/products/----fi-8250,اسکنر ریکو fi-8250,1.0,high,model+title
https://mahamprint.com/product/1043/%D8%AF%D8%B3%D8%AA%DA%AF%D8%A7%D9%87-%DA%A9%D9%BE%DB%8C-Toshiba-355,10,527,https://mahamprint.com/products/--toshiba-355,دستگاه کپی Toshiba 355,1.0,high,model+title
https://mahamprint.com/product/410/%D8%A7%D8%B3%DA%A9%D9%86%D8%B1-%E2%80%8C%E2%80%8C%E2%80%8C%E2%80%8CAVISION-AD250,0,511,https://mahamprint.com/products/-avision-ad250,اسکنر ‌‌‌‌AVISION AD250,1.0,high,model+title
https://mahamprint.com/product/1684/%D8%AF%D8%B3%D8%AA%DA%AF%D8%A7%D9%87-%D9%81%DA%A9%D8%B3-%DA%86%D9%87%D8%A7%D8%B1-%DA%A9%D8%A7%D8%B1%D9%87-%D8%A8%D8%B1%D9%86%D8%AF-CANON-%D9%85%D8%AF%D9%84-L410,22,503,https://mahamprint.com/products/-----canon--l410,دستگاه فکس چهار کاره برند CANON مدل L410,1.0,high,model+title
https://mahamprint.com/product/672/%D8%AF%D8%B3%D8%AA%DA%AF%D8%A7%D9%87-%DA%A9%D8%A7%D8%BA%D8%B0-%D8%AE%D8%B1%D8%AF%DA%A9%D9%86-protech-%D9%85%D8%AF%D9%84-468,0,511,https://mahamprint.com/products/---protech--468,دستگاه کاغذ خردکن protech مدل 468,1.0,high,model+title
https://mahamprint.com/product/2996/%D9%BE%D8%B1%DB%8C%D9%86%D8%AA%D8%B1%20-%D9%84%DB%8C%D8%B2%D8%B1%DB%8C%20-%D8%B3%D9%87%20%DA%A9%D8%A7%D8%B1%D9%87%20-canon-%20272dw,10,502,https://mahamprint.com/products/-------canon--272dw,پرینتر لیزری سه کاره canon 272dw,1.0,high,model+title
https://mahamprint.com/product/943/%D9%85%D8%A7%D8%B4%DB%8C%D9%86-%D8%AD%D8%B3%D8%A7%D8%A8-PARS-PR-8420-LP,30,501,https://mahamprint.com/products/--pars-pr-8420-lp,ماشین حساب PARS PR-8420 LP,1.0,high,model+title
https://mahamprint.com/product/1554/%DA%A9%D8%A7%D8%B1%D8%AA%D8%B1%DB%8C%D8%AC-%D8%AA%D9%88%D9%86%D8%B1-HP-37A,26,497,https://mahamprint.com/products/--hp-37a,کارتریج تونر HP 37A,1.0,high,model+title
https://mahamprint.com/product/126/%D9%BE%D8%B1%DB%8C%D9%86%D8%AA%D8%B1-%D9%84%DB%8C%D8%B2%D8%B1%DB%8C-BROTHER-HL-1210W,34,494,https://mahamprint.com/products/--brother-hl-1210w,پرینتر لیزری  BROTHER HL-1210W,1.0,high,model+title
https://mahamprint.com/product/2690/%DA%86%DA%A9-%D8%A7%D8%B3%DA%A9%D9%86%D8%B1-%D8%A8%D8%B1%D9%86%D8%AF-Glory-%D9%85%D8%AF%D9%84-FB-30,53,489,https://mahamprint.com/products/---glory--fb-30,چک اسکنر برند  Glory مدل FB-30,1.0,high,model+title
https://mahamprint.com/product/937/%D9%85%D8%A7%D8%B4%DB%8C%D9%86-%D8%AD%D8%B3%D8%A7%D8%A8-CASIO-DJ-220,20,472,https://mahamprint.com/products/--casio-dj-220,ماشین حساب CASIO DJ-220,1.0,high,model+title
https://mahamprint.com/product/1610/%D9%BE%D8%B1%DB%8C%D9%86%D8%AA%D8%B1-%D9%84%DB%8C%D8%B2%D8%B1%DB%8C-%DA%86%D9%86%D8%AF%DA%A9%D8%A7%D8%B1%D9%87-%D8%A8%D8%B1%D9%86%D8%AF-HP-%D9%85%D8%AF%D9%84-426M,35,467,https://mahamprint.com/products/----hp--426m,پرینتر لیزری چندکاره برند HP مدل 426M,1.0,high,model+title
https://mahamprint.com/product/1699/%D8%AA%D9%88%D9%86%D8%B1-%DA%A9%D8%A7%D8%B1%D8%AA%D8%B1%DB%8C%D8%AC-HP-134A,3,464,https://mahamprint.com/products/--hp-134a,تونر کارتریج HP 134A,1.0,high,model+title
https://mahamprint.com/product/894/%D8%A7%D8%B3%DA%A9%D9%86%D8%A7%D8%B3-%D8%B4%D9%85%D8%A7%D8%B1-%D8%B1%D9%88%D9%85%DB%8C%D8%B2%DB%8C-AX-5800D,35,462,https://mahamprint.com/products/---ax-5800d,اسکناس شمار رومیزی AX-5800D,1.0,high,model+title
https://mahamprint.com/product/94/%D9%BE%D8%B1%DB%8C%D9%86%D8%AA%D8%B1-%D9%84%DB%8C%D8%B2%D8%B1%DB%8C-%D8%AA%DA%A9-%DA%A9%D8%A7%D8%B1%D9%87-CANON-6030,11,454,https://mahamprint.com/products/----canon-6030,پرینتر لیزری تک کاره  CANON 6030,1.0,high,model+title
https://mahamprint.com/product/461/%D8%A7%D8%B3%DA%A9%D9%86%D8%B1-Canon-DR-M160II,10,462,https://mahamprint.com/products/-canon-dr-m160ii,اسکنر Canon DR-M160II,1.0,high,model+title
https://mahamprint.com/product/505/%D8%A7%D8%B3%DA%A9%D9%86%D8%B1-Kodak-Alaris-i2000,25,457,https://mahamprint.com/products/-kodak-alaris-i2000,اسکنر Kodak Alaris i2000,1.0,high,model+title
https://mahamprint.com/product/936/%D9%85%D8%A7%D8%B4%DB%8C%D9%86-%D8%AD%D8%B3%D8%A7%D8%A8-Casio-ALGEBRA-FX20-PLUS,31,441,https://mahamprint.com/products/--casio-algebra-fx2-0-plus,ماشین حساب Casio ALGEBRA FX2.0 PLUS,0.609,high,model+title
https://mahamprint.com/product/3022/%D9%BE%D8%B1%DB%8C%D9%86%D8%AA%D8%B1%20-%D8%B3%D9%87%20-%DA%A9%D8%A7%D8%B1%D9%87%20-%D9%84%DB%8C%D8%B2%D8%B1%DB%8C-%20Canon-%20MF-%20232%20nw,21,441,https://mahamprint.com/products/---------canon--mf656cdw,پرینتر سه کاره لیزری برند Canon MF656Cdw,0.392,medium,model+title
https://mahamprint.com/product/1713/%D8%B1%DB%8C%D8%A8%D9%88%D9%86-%D8%B1%D9%86%DA%AF%DB%8C-250-%D8%B9%DA%A9%D8%B3-%D8%A7%D8%B3%D9%85%D8%A7%D8%B1%D8%AA-Smart-30-YMCKO-Ribbon-%D8%A7%D9%88%D8%B1%D8%AC%DB%8C%D9%86%D8%A7%D9%84,6,438,https://mahamprint.com/products/--250---smart-30-ymcko-ribbon-,ریبون رنگی 250 عکس اسمارت Smart 30 YMCKO Ribbon اورجینال,1.0,high,model+title
https://mahamprint.com/product/727/%DA%A9%D8%A7%D8%BA%D8%B0-%D8%AE%D8%B1%D8%AF-%DA%A9%D9%86-Nikita-SD-9355,5,440,https://mahamprint.com/products/---nikita-sd-9355,کاغذ خرد کن Nikita SD 9355,1.0,high,model+title
https://mahamprint.com/product/2877/%DA%A9%D8%A7%D8%BA%D8%B0-%D8%AE%D8%B1%D8%AF%DA%A9%D9%86-%D9%86%DB%8C%DA%A9%DB%8C%D8%AA%D8%A7-9305,2,436,https://mahamprint.com/products/---9305,کاغذ خردکن نیکیتا 9305,1.0,high,model+title
https://mahamprint.com/product/788/%D8%A8%D8%A7%D8%B1%DA%A9%D8%AF-%D8%A7%D8%B3%DA%A9%D9%86%D8%B1-%D8%A8%D8%B1%D9%86%D8%AF-DATALOGIC-%D9%85%D8%AF%D9%84-QuickScan-I-QM2400,11,434,https://mahamprint.com/products/---datalogic--quickscan-i-qm2400,بارکد اسکنر برند DATALOGIC مدل QuickScan I QM2400,1.0,high,model+title
https://mahamprint.com/product/1897/KODAK-S2050,3,434,https://mahamprint.com/products/kodak-s2050,KODAK S2050,1.0,high,model+title
https://mahamprint.com/product/2881/%D9%BE%D8%B1%DB%8C%D9%86%D8%AA%D8%B1-%D9%84%DB%8C%D8%B2%D8%B1%DB%8C-%D8%AA%DA%A9-%DA%A9%D8%A7%D8%B1%D9%87-%D8%A7%D8%B3%D8%AA%D9%88%DA%A9-hp-2035,1,433,https://mahamprint.com/products/-----hp-2035,پرینتر لیزری تک کاره استوک hp 2035,1.0,high,model+title
https://mahamprint.com/product/993/%D9%85%D8%A7%D8%B4%DB%8C%D9%86-%D8%AD%D8%B3%D8%A7%D8%A8-PARS-PX-4600-Plus-II,26,425,https://mahamprint.com/products/--pars-px-4600-plus-ii,ماشین حساب PARS PX-4600 Plus II,1.0,high,model+title
https://mahamprint.com/product/434/%D8%A7%D8%B3%DA%A9%D9%86%D8%B1-FUJITSU-FI-6130,22,420,https://mahamprint.com/products/-fujitsu-fi-6130,اسکنر FUJITSU FI-6130,1.0,high,model+title
https://mahamprint.com/product/279/%D9%BE%D8%B1%DB%8C%D9%86%D8%AA%D8%B1-RICOH-%D9%85%D8%AF%D9%84-SP-220NW,41,420,https://mahamprint.com/products/-ricoh--sp-220nw,پرینتر RICOH مدل SP 220NW,1.0,high,model+title
https://mahamprint.com/product/223/%D9%BE%D8%B1%DB%8C%D9%86%D8%AA%D8%B1-%D8%AC%D9%88%D9%87%D8%B1%D8%A7%D9%81%D8%B4%D8%A7%D9%86-%D8%B3%D9%87-%DA%A9%D8%A7%D8%B1%D9%87-HP-415W,10,420,https://mahamprint.com/products/----hp-415w,پرینتر جوهرافشان سه کاره HP 415W,1.0,high,model+title
https://mahamprint.com/product/3125/%D9%BE%D8%B1%DB%8C%D9%86%D8%AA%D8%B1-%D8%AA%DA%A9%20-%DA%A9%D8%A7%D8%B1%D9%87-%D9%84%DB%8C%D8%B2%D8%B1%DB%8C-HP-108a,11,432,https://mahamprint.com/products/-----hp-108a,پرینتر تک کاره لیزری HP 108a,1.0,high,model+title
https://mahamprint.com/product/1622/%D9%BE%D8%B1%DB%8C%D9%86%D8%AA%D8%B1-%D8%B3%D9%87-%DA%A9%D8%A7%D8%B1%D9%87-%D8%A8%D8%B1%D9%86%D8%AF-Canon-%D9%85%D8%AF%D9%84-MF443dw,2,415,https://mahamprint.com/products/----canon--mf443dw,پرینتر سه کاره برند Canon مدل MF443dw,1.0,high,model+title
https://mahamprint.com/product/2456/%D9%BE%D8%B1%DB%8C%D9%86%D8%AA%D8%B1-%D9%84%DB%8C%D8%B2%D8%B1%DB%8C-RICOH-%D9%85%D8%AF%D9%84-SP-213-SFNW,60,414,https://mahamprint.com/products/--ricoh--sp-213-sfnw,پرینتر لیزری RICOH مدل  SP 213 SFNW,1.0,high,model+title
https://mahamprint.com/product/1891/%D8%A7%D8%B3%DA%A9%D9%86%D8%B1-%DA%A9%D8%A7%D9%86%D9%86-X103-%D8%B3%D8%A7%DB%8C%D8%B2-a3,8,417,,,0.1,none,
https://mahamprint.com/product/1111/%D8%AA%D9%88%D9%86%D8%B1-%D8%B4%D8%A7%D8%B1%DA%98-%D9%85%D8%AF%D9%84-samsung-500gr,12,411,https://mahamprint.com/products/---samsung-500gr,تونر شارژ مدل samsung 500gr,1.0,high,model+title
https://mahamprint.com/product/409/%D8%A7%D8%B3%DA%A9%D9%86%D8%B1-AVISION-AD240,1,405,https://mahamprint.com/products/-avision-ad240,اسکنر AVISION AD240,1.0,high,model+title
https://mahamprint.com/product/2521/%D9%BE%D8%B1%DB%8C%D9%86%D8%AA%D8%B1-%D8%AA%DA%A9-%DA%A9%D8%A7%D8%B1%D9%87-%D8%AC%D9%88%D9%87%D8%B1%D8%A7%D9%81%D8%B4%D8%A7%D9%86-Epson-%D9%85%D8%AF%D9%84-L1250W,19,403,https://mahamprint.com/products/----epson--l1250w,پرینتر تک کاره جوهرافشان  Epson مدل L1250W,1.0,high,model+title
https://mahamprint.com/product/413/%D8%A7%D8%B3%DA%A9%D9%86%D8%B1-AVISION-FB1000,2,404,https://mahamprint.com/products/-avision--ad136wn,اسکنر avision مدل AD136wn ,0.392,medium,model+title
https://mahamprint.com/product/1740/%D8%B1%DB%8C%D8%A8%D9%88%D9%86-%D9%85%D8%B4%DA%A9%DB%8C-%DA%A9%D8%A7%D8%B1%D8%AA-%D9%BE%D8%B1%DB%8C%D9%86%D8%AA%D8%B1-Evolis-R3012-KO,0,400,https://mahamprint.com/products/----evolis-r3012-ko,ریبون مشکی کارت پرینتر Evolis R3012 KO,1.0,high,model+title
https://mahamprint.com/product/2490/%D9%BE%D8%B1%D8%AF%D9%87-%D9%86%D9%85%D8%A7%DB%8C%D8%B4-%D8%A8%D8%B1%D9%82%DB%8C-SCOPE-4-4,4,399,https://mahamprint.com/products/---scope-4-4,پرده نمایش برقی  SCOPE 4*4,1.0,high,model+title
https://mahamprint.com/product/1614/%D9%BE%D8%B1%DB%8C%D9%86%D8%AA%D8%B1-%D9%84%DB%8C%D8%B2%D8%B1%DB%8C-%DA%86%D9%86%D8%AF-%DA%A9%D8%A7%D8%B1%D9%87-%D8%A8%D8%B1%D9%86%D8%AF-HP-%D9%85%D8%AF%D9%84-282NW,9,398,https://mahamprint.com/products/-----hp--282nw,پرینتر لیزری چند کاره برند HP مدل  282NW,1.0,high,model+title
https://mahamprint.com/product/865/%D8%AF%D8%B3%D8%AA%DA%AF%D8%A7%D9%87-%D8%A7%D8%B3%DA%A9%D9%86%D8%A7%D8%B3-%D8%B4%D9%85%D8%A7%D8%B1-%D8%B3%DB%8C-%D8%AA%DA%A9-%D9%85%D8%AF%D9%84-ST-150,21,392,https://mahamprint.com/products/------st-150,دستگاه اسکناس شمار سی تک مدل ST-150,1.0,high,model+title
https://mahamprint.com/product/1545/%D8%AA%D9%88%D9%86%D8%B1-%DA%A9%D8%A7%D8%B1%D8%AA%D8%B1%DB%8C%D8%AC-SAMSUNG-D111L,23,386,https://mahamprint.com/products/--samsung-d111l,تونر کارتریج SAMSUNG D111L,1.0,high,model+title
https://mahamprint.com/product/51/%D9%BE%D8%B1%DB%8C%D9%86%D8%AA%D8%B1-%D8%AA%DA%A9-%DA%A9%D8%A7%D8%B1%D9%87-%D9%84%DB%8C%D8%B2%D8%B1%DB%8C-%D8%A8%D8%B1%D9%86%D8%AF-PANTUM-P5000,22,383,https://mahamprint.com/products/-----pantum-p5000,پرینتر تک کاره لیزری برند PANTUM  P5000,1.0,high,model+title
https://mahamprint.com/product/1323/%D9%85%D8%A7%D9%86%DB%8C%D8%AA%D9%88%D8%B1-%D8%B3%D8%A7%D9%85%D8%B3%D9%88%D9%86%DA%AF-%D9%85%D8%AF%D9%84-C27F390FHM-%D8%B3%D8%A7%DB%8C%D8%B2-%DB%B2%DB%B7-%D8%A7%DB%8C%D9%86%DA%86,36,378,https://mahamprint.com/products/---c27f390fhm---,مانیتور سامسونگ مدل C27F390FHM سایز ۲۷ اینچ,1.0,high,model+title
https://mahamprint.com/product/1071/%D8%AF%D8%B3%D8%AA%DA%AF%D8%A7%D9%87-%DA%A9%D9%BE%DB%8C-SHARP-AR-M451N,41,374,https://mahamprint.com/products/--sharp-ar-m451n,دستگاه کپی SHARP AR-M451N,1.0,high,model+title
https://mahamprint.com/product/914/%D9%85%D8%A7%D8%B4%DB%8C%D9%86-%D8%AD%D8%B3%D8%A7%D8%A8-%DA%A9%D8%A7%D8%B3%DB%8C%D9%88-Fx-4500p,39,374,https://mahamprint.com/products/---fx-4500p,ماشین حساب کاسیو Fx-4500p,1.0,high,model+title
https://mahamprint.com/product/1044/%D8%AF%D8%B3%D8%AA%DA%AF%D8%A7%D9%87-%DA%A9%D9%BE%DB%8C-Toshiba-455,20,374,https://mahamprint.com/products/--toshiba-455,دستگاه کپی Toshiba 455,1.0,high,model+title
https://mahamprint.com/product/541/%D9%81%DB%8C%D8%B4-%D9%BE%D8%B1%DB%8C%D9%86%D8%AA%D8%B1-%D8%AD%D8%B1%D8%A7%D8%B1%D8%AA%DB%8C-%D9%85%D8%AF%D9%84-zec-zp300,15,373,https://mahamprint.com/products/----zec-zp300,فیش پرینتر حرارتی مدل zec zp300,1.0,high,model+title
https://mahamprint.com/product/2693/%D9%BE%D8%B1%DB%8C%D9%86%D8%AA%D8%B1-%D8%AA%DA%A9-%DA%A9%D8%A7%D8%B1%D9%87-%D9%84%DB%8C%D8%B2%D8%B1%DB%8C-hp-612dn,24,366,https://mahamprint.com/products/----hp-612dn,پرینتر تک کاره لیزری hp 612dn,1.0,high,model+title
https://mahamprint.com/product/289/%D9%BE%D8%B1%DB%8C%D9%86%D8%AA%D8%B1-%D8%AA%DA%A9-%DA%A9%D8%A7%D8%B1%D9%87-%D9%84%DB%8C%D8%B2%D8%B1%DB%8C-HP-2055DN,14,365,https://mahamprint.com/products/----hp-2055dn,پرینتر تک کاره لیزری HP 2055DN,1.0,high,model+title
https://mahamprint.com/product/3060/%D9%BE%D8%B1%DB%8C%D9%86%D8%AA%D8%B1-%20%D8%B3%D9%87-%20%DA%A9%D8%A7%D8%B1%D9%87-%20canon%20-273-%20dw,38,361,https://mahamprint.com/products/------canon--273--dw,پرینتر سه کاره canon 273 dw,1.0,high,model+title
https://mahamprint.com/product/994/%D9%85%D8%A7%D8%B4%DB%8C%D9%86-%D8%AD%D8%B3%D8%A7%D8%A8-PARS-GX-8000,20,359,https://mahamprint.com/products/--pars-gx-8000,ماشین حساب PARS GX-8000,1.0,high,model+title
https://mahamprint.com/product/2481/%D9%BE%D8%B1%DB%8C%D9%86%D8%AA%D8%B1-%D9%84%DB%8C%D8%B2%D8%B1%DB%8C-%D8%AA%DA%A9-%DA%A9%D8%A7%D8%B1%D9%87-canon-%D9%85%D8%AF%D9%84-2900,18,356,https://mahamprint.com/products/----canon--2900,پرینتر لیزری تک کاره canon مدل 2900,1.0,high,model+title
https://mahamprint.com/product/348/%D9%BE%D8%B1%DB%8C%D9%86%D8%AA%D8%B1-%D9%84%DB%8C%D8%B2%D8%B1%DB%8C-%DA%86%D9%86%D8%AF-%DA%A9%D8%A7%D8%B1%D9%87-%D8%A8%D8%B1%D9%86%D8%AF-HP-182N,6,355,https://mahamprint.com/products/-----hp-182n,پرینتر لیزری چند کاره برند HP 182N,1.0,high,model+title
https://mahamprint.com/product/116/%D9%BE%D8%B1%DB%8C%D9%86%D8%AA%D8%B1-%D9%84%DB%8C%D8%B2%D8%B1%DB%8C-%D8%AA%DA%A9-%DA%A9%D8%A7%D8%B1%D9%87-SAMSUNG-%D9%85%D8%AF%D9%84-CLP-320,19,348,https://mahamprint.com/products/----samsung--clp-320,پرینتر لیزری تک کاره  SAMSUNG مدل CLP-320,1.0,high,model+title
https://mahamprint.com/product/3126/%D9%BE%D8%B1%DB%8C%D9%86%D8%AA%D8%B1-%D8%AA%DA%A9%20-%DA%A9%D8%A7%D8%B1%D9%87-%D9%84%DB%8C%D8%B2%D8%B1%DB%8C-HP-108w,7,352,https://mahamprint.com/products/-----hp-108w,پرینتر تک کاره لیزری HP 108w,1.0,high,model+title
https://mahamprint.com/product/1259/%D9%88%DB%8C%D8%AF%D8%A6%D9%88-%D9%BE%D8%B1%D9%88%DA%98%DA%A9%D8%AA%D9%88%D8%B1-%D8%AC%DB%8C%D8%A8%DB%8C-SONY-MP-CL1A,32,342,https://mahamprint.com/products/---sony-mp-cl1a,ویدئو پروژکتور جیبی SONY MP-CL1A,1.0,high,model+title
https://mahamprint.com/product/410/%D8%A7%D8%B3%DA%A9%D9%86%D8%B1-AVISION-AD250,0,344,https://mahamprint.com/products/-avision-ad250,اسکنر ‌‌‌‌AVISION AD250,1.0,high,model+title
https://mahamprint.com/product/1501/%D8%AA%D9%88%D9%86%D8%B1-%DA%A9%D8%A7%D8%B1%D8%AA%D8%B1%DB%8C%D8%AC-CANON-337,20,341,https://mahamprint.com/products/--canon-337,تونر کارتریج CANON 337,1.0,high,model+title
https://mahamprint.com/product/400/%D8%A7%D8%B3%DA%A9%D9%86%D8%B1-Canon-DR-C240,17,339,https://mahamprint.com/products/-canon-dr-c240,اسکنر Canon DR-C240,1.0,high,model+title
https://mahamprint.com/product/1938/%D9%86%D9%88%D8%A7%D8%B1-%D9%84%DB%8C%D8%A8%D9%84-%D9%BE%D8%B1%DB%8C%D9%86%D8%AA%D8%B1-brother-TZE-231-%D8%BA%DB%8C%D8%B1-%D8%A7%D9%88%D8%B1%D8%AC%DB%8C%D9%86%D8%A7%D9%84,10,338,https://mahamprint.com/products/---brother-tze-231--,نوار لیبل پرینتر brother TZE-231 غیر اورجینال,1.0,high,model+title
https://mahamprint.com/product/3020/%D9%BE%D8%B1%DB%8C%D9%86%D8%AA%D8%B1-%20%D9%84%DB%8C%D8%B2%D8%B1%DB%8C%20-%D8%B1%D9%86%DA%AF%DB%8C%20-Canon%20-7100-%20cn,34,336,https://mahamprint.com/products/------canon--7100--cn,پرینتر لیزری رنگی Canon 7100 cn,1.0,high,model+title
https://mahamprint.com/product/973/%D9%85%D8%A7%D8%B4%DB%8C%D9%86-%D8%AD%D8%B3%D8%A7%D8%A8-CASIO-FX-350ms,13,328,https://mahamprint.com/products/--casio-fx-350ms,ماشین حساب CASIO FX-350ms,1.0,high,model+title
https://mahamprint.com/product/246/%D9%BE%D8%B1%DB%8C%D9%86%D8%AA%D8%B1-%D8%AC%D9%88%D9%87%D8%B1-%D8%A7%D9%81%D8%B4%D8%A7%D9%86-CANON-1410,16,326,https://mahamprint.com/products/---canon-1410,پرینتر جوهر افشان CANON 1410,1.0,high,model+title
https://mahamprint.com/product/658/%DA%A9%D8%A7%D8%BA%D8%B0-%D8%AE%D8%B1%D8%AF-%DA%A9%D9%86-nikita-%D9%85%D8%AF%D9%84-468,1,326,https://mahamprint.com/products/---nikita--468,کاغذ خرد کن nikita مدل 468,1.0,high,model+title
https://mahamprint.com/product/430/%D8%A7%D8%B3%DA%A9%D9%86%D8%B1-FUJITSU-FI-7160,5,335,https://mahamprint.com/products/-fujitsu-fi-7160,اسکنر FUJITSU FI-7160,1.0,high,model+title
https://mahamprint.com/product/421/%D8%A7%D8%B3%DA%A9%D9%86%D8%B1-%D9%85%D8%AF%D9%84-Kodak-i1420,11,323,https://mahamprint.com/products/--kodak-i1420,اسکنر مدل Kodak i1420,1.0,high,model+title
https://mahamprint.com/product/2624/%D8%A7%DB%8C%D8%B1%D9%BE%D8%A7%D8%AF-samsung-galaxy-buds-pro,15,314,https://mahamprint.com/products/-samsung-galaxy-buds-pro,ایرپاد samsung galaxy buds pro,1.0,high,model+title
https://mahamprint.com/product/1539/%DA%A9%D8%A7%D8%B1%D8%AA%D8%B1%DB%8C%D8%AC-BROTHER-TN-660,35,321,https://mahamprint.com/products/-brother-tn-660,کارتریج BROTHER TN-660,1.0,high,model+title
https://mahamprint.com/product/1189/%D9%84%D9%BE-%D8%AA%D8%A7%D9%BE-13-%D8%A7%DB%8C%D9%86%DA%86%DB%8C-%D8%A7%D9%BE%D9%84-MacBook-Air-MWTK2,1,311,https://mahamprint.com/products/--13---macbook-air-mwtk2,لپ تاپ 13 اینچی اپل MacBook Air MWTK2,1.0,high,model+title
https://mahamprint.com/product/924/%D9%85%D8%A7%D8%B4%DB%8C%D9%86-%D8%AD%D8%B3%D8%A7%D8%A8-Atima-AT-2231T,16,317,https://mahamprint.com/products/--atima-at-2231t,ماشین حساب Atima AT-2231T,1.0,high,model+title
https://mahamprint.com/product/423/%D8%A7%D8%B3%DA%A9%D9%86%D8%B1-Kodak-i3250,7,308,https://mahamprint.com/products/-kodak-i3250,اسکنر Kodak i3250,1.0,high,model+title
https://mahamprint.com/product/2441/%D8%AF%DB%8C%D8%AA%D8%A7-%D9%BE%D8%B1%D9%88%DA%98%DA%A9%D8%AA%D9%88%D8%B1-BenQ-%D9%85%D8%AF%D9%84-MX-560,6,298,https://mahamprint.com/products/--benq--mx-560,دیتا پروژکتور BenQ مدل MX 560,1.0,high,model+title
https://mahamprint.com/product/2464/%D9%BE%D8%B1%DB%8C%D9%86%D8%AA%D8%B1-%D8%AC%D9%88%D9%87%D8%B1-%D8%A7%D9%81%D8%B4%D8%A7%D9%86-CANON-PIXMA-G640,24,308,https://mahamprint.com/products/---canon-pixma-g640,پرینتر جوهر افشان CANON PIXMA G640,1.0,high,model+title
https://mahamprint.com/product/52/%D9%BE%D8%B1%DB%8C%D9%86%D8%AA%D8%B1-Canon-PIXMA-G5040,7,295,https://mahamprint.com/products/-canon-pixma-g5040,پرینتر Canon PIXMA G5040,1.0,high,model+title
https://mahamprint.com/product/75/%D9%BE%D8%B1%DB%8C%D9%86%D8%AA%D8%B1-%D9%84%DB%8C%D8%B2%D8%B1%DB%8C-%D8%B3%D9%87-%DA%A9%D8%A7%D8%B1%D9%87-%D8%A8%D8%B1%D9%86%D8%AF-HP-M1132,9,296,https://mahamprint.com/products/-----hp-m1132,پرینتر لیزری سه کاره برند HP  M1132,1.0,high,model+title
https://mahamprint.com/product/453/%D8%A7%D8%B3%DA%A9%D9%86%D8%B1-PLUSTEK-PL4080,2,297,https://mahamprint.com/products/-plustek-pl4080,اسکنر PLUSTEK PL4080,1.0,high,model+title
https://mahamprint.com/product/300/%D9%BE%D8%B1%DB%8C%D9%86%D8%AA%D8%B1-EPSON-L805,14,293,https://mahamprint.com/products/-epson-l805,پرینتر EPSON L805,1.0,high,model+title
https://mahamprint.com/product/1658/%D8%AF%DB%8C%D8%AA%D8%A7-%D9%88%DB%8C%D8%AF%D8%A6%D9%88-%D9%BE%D8%B1%D9%88%DA%98%DA%A9%D8%AA%D9%88%D8%B1-Optoma-W400,8,291,https://mahamprint.com/products/---optoma-w400,دیتا ویدئو پروژکتور Optoma W400,1.0,high,model+title
https://mahamprint.com/product/935/%D9%85%D8%A7%D8%B4%DB%8C%D9%86-%D8%AD%D8%B3%D8%A7%D8%A8-Texas-TI-nspire-CX-CAS,16,289,https://mahamprint.com/products/--texas-ti-nspire-cx-cas,ماشین حساب Texas TI-nspire CX CAS,1.0,high,model+title
https://mahamprint.com/product/408/%D8%A7%D8%B3%DA%A9%D9%86%D8%B1-AVISION-AD125,6,288,https://mahamprint.com/products/-avision-ad125,اسکنر AVISION AD125,1.0,high,model+title
https://mahamprint.com/product/889/%D9%BE%D9%88%D9%84-%D8%B4%D9%85%D8%A7%D8%B1-MAX-BS-600,20,286,https://mahamprint.com/products/--max-bs-600,پول شمار  MAX BS-600,1.0,high,model+title
https://mahamprint.com/product/2493/%D9%BE%D8%B1%DB%8C%D9%86%D8%AA%D8%B1-%D8%B3%D9%87-%DA%A9%D8%A7%D8%B1%D9%87-%D8%A8%D8%B1%D9%86%D8%AF-HP-%D9%85%D8%AF%D9%84-M141W,12,286,https://mahamprint.com/products/----hp--m141w,پرینتر سه کاره برند HP مدل M141W,1.0,high,model+title
https://mahamprint.com/product/1209/%D9%BE%D8%B1%D8%AF%D9%87-%D9%86%D9%85%D8%A7%DB%8C%D8%B4-%D8%B3%D9%82%D9%81%DB%8C-%D8%AF%DB%8C%D9%88%D8%A7%D8%B1%DB%8C-%D8%A8%D8%B1%D9%82%DB%8C-SCOPE-250x250-com,0,286,https://mahamprint.com/products/-----scope-250x250-com,پرده نمایش سقفی دیواری برقی SCOPE 250x250 com,1.0,high,model+title
https://mahamprint.com/product/2027/%D8%A8%D8%B1%D8%AF-%D9%81%D8%B1%D9%85%D8%AA%D8%B1-HP-P1102,6,284,https://mahamprint.com/products/--hp-p1102,برد فرمتر HP P1102,1.0,high,model+title
https://mahamprint.com/product/1677/%D8%AF%D8%B3%D8%AA%DA%AF%D8%A7%D9%87-%D9%81%DA%A9%D8%B3-%D8%A8%D8%B1%D9%86%D8%AF-BROTHER-%D9%85%D8%AF%D9%84-878,32,282,https://mahamprint.com/products/---brother--878,دستگاه فکس برند BROTHER مدل 878,1.0,high,model+title
https://mahamprint.com/product/1053/%D8%AF%D8%B3%D8%AA%DA%AF%D8%A7%D9%87-%DA%A9%D9%BE%DB%8C-SHARP-MX-B200,27,283,https://mahamprint.com/products/--sharp-mx-b200,دستگاه کپی SHARP MX-B200,1.0,high,model+title
https://mahamprint.com/product/3096/%D8%A7%D8%B3%DA%A9%D9%86%D8%B1%20-%D8%A7%D8%B3%D9%86%D8%A7%D8%AF-%20AVISION%20-AD380F,6,276,https://mahamprint.com/products/----avision--ad380f,اسکنر اسناد AVISION AD380F,1.0,high,model+title
https://mahamprint.com/product/62/%D9%BE%D8%B1%DB%8C%D9%86%D8%AA%D8%B1-%D9%84%DB%8C%D8%B2%D8%B1%DB%8C-%D8%AA%DA%A9-%DA%A9%D8%A7%D8%B1%D9%87-HP-M402N,12,278,https://mahamprint.com/products/----hp-m402n,پرینتر لیزری تک کاره HP M402N,1.0,high,model+title
https://mahamprint.com/product/2254/%D9%81%DB%8C%D9%88%D8%B2%DB%8C%D9%86%DA%AF-%D8%B3%D8%A7%D9%85%D8%B3%D9%88%D9%86%DA%AF-Samsung-4521,25,277,https://mahamprint.com/products/-samsung-4521,مگنت samsung 4521,0.79,high,model+title
https://mahamprint.com/product/2523/%D9%BE%D8%B1%DB%8C%D9%86%D8%AA%D8%B1-%D8%B3%D9%87-%DA%A9%D8%A7%D8%B1%D9%87-%D8%AC%D9%88%D9%87%D8%B1%D8%A7%D9%81%D8%B4%D8%A7%D9%86-brother-T720dw,28,275,https://mahamprint.com/products/----brother-t720dw,پرینتر سه کاره جوهرافشان brother T720dw,1.0,high,model+title
https://mahamprint.com/product/913/%D9%85%D8%A7%D8%B4%DB%8C%D9%86-%D8%AD%D8%B3%D8%A7%D8%A8-%DA%A9%D9%86%D9%88%D9%86-MP1411-DL,15,273,https://mahamprint.com/products/---mp1411-dl,ماشین حساب کنون MP1411-DL,1.0,high,model+title
https://mahamprint.com/product/3130/%D9%BE%D8%B1%DB%8C%D9%86%D8%AA%D8%B1%DA%86%D9%87%D8%A7%D8%B1%DA%A9%D8%A7%D8%B1%D9%87%20%D9%84%DB%8C%D8%B2%D8%B1%DB%8C%20HP%20MFP%20139FNW,13,274,https://mahamprint.com/products/--hp-mfp-139fnw,پرینترچهارکاره لیزری HP MFP 139FNW,1.0,high,model+title
https://mahamprint.com/product/765/%DA%A9%D8%A7%D8%BA%D8%B0-%D8%AE%D8%B1%D8%AF%DA%A9%D9%86-Mehr-MM-600,2,275,https://mahamprint.com/products/--mehr-mm-600,کاغذ خردکن Mehr MM-600,1.0,high,model+title
https://mahamprint.com/product/1561/%DA%A9%D8%A7%D8%B1%D8%AA%D8%B1%DB%8C%D8%AC-%D8%AA%D9%88%D9%86%D8%B1-HP-659A,24,273,https://mahamprint.com/products/--hp-659a,کارتریج تونر HP 659A,1.0,high,model+title
https://mahamprint.com/product/1599/%D9%BE%D8%B1%DB%8C%D9%86%D8%AA%D8%B1-olivetti-PR4,10,273,https://mahamprint.com/products/-olivetti-pr4,پرینتر olivetti PR4,1.0,high,model+title
https://mahamprint.com/product/59/%D9%BE%D8%B1%DB%8C%D9%86%D8%AA%D8%B1-%D9%84%DB%8C%D8%B2%D8%B1%DB%8C-%D8%AA%DA%A9-%DA%A9%D8%A7%D8%B1%D9%87-%D8%A8%D8%B1%D9%86%D8%AF-HP-%D9%85%D8%AF%D9%84-1109w,19,272,https://mahamprint.com/products/-----hp--1109w,پرینتر لیزری تک کاره برند HP مدل 1109w,1.0,high,model+title
https://mahamprint.com/product/969/%D9%85%D8%A7%D8%B4%DB%8C%D9%86-%D8%AD%D8%B3%D8%A7%D8%A8-Casio-FX-570es-Plus,15,270,https://mahamprint.com/products/--casio-fx-570es-plus,ماشین حساب Casio FX-570es Plus,1.0,high,model+title
https://mahamprint.com/product/921/%D9%85%D8%A7%D8%B4%DB%8C%D9%86-%D8%AD%D8%B3%D8%A7%D8%A8-%D8%B4%D8%A7%D8%B1%D9%BE-CS-2635A,12,270,https://mahamprint.com/products/---cs-2635a,ماشین حساب شارپ CS-2635A,1.0,high,model+title
https://mahamprint.com/product/1663/%D9%BE%D8%B1%DB%8C%D9%86%D8%AA%D8%B1-%D8%AC%D9%88%D9%87%D8%B1-%D8%A7%D9%81%D8%B4%D8%A7%D9%86-2545-canon,11,270,https://mahamprint.com/products/---2545-canon,پرینتر جوهر افشان 2545 canon ,1.0,high,model+title
https://mahamprint.com/product/2878/%D9%BE%D8%B1%DB%8C%D9%86%D8%AA%D8%B1-%DA%86%D9%87%D8%A7%D8%B1%DA%A9%D8%A7%D8%B1%D9%87-%D8%B1%D9%86%DA%AF%DB%8C-hp-480f,3,267,https://mahamprint.com/products/---hp-480f,پرینتر چهارکاره رنگی hp 480f,1.0,high,model+title
https://mahamprint.com/product/399/%D8%A7%D8%B3%DA%A9%D9%86%D8%B1-CANON-DR-C225,1,268,https://mahamprint.com/products/-canon-dr-c225,اسکنر CANON DR-C225,1.0,high,model+title
https://mahamprint.com/product/1478/%DA%A9%D8%A7%D8%B1%D8%AA%D8%B1%DB%8C%D8%AC-%D8%AA%D9%88%D9%86%D8%B1-CANON-057,5,266,https://mahamprint.com/products/--canon-057,کارتریج تونر CANON 057,1.0,high,model+title
https://mahamprint.com/product/431/%D8%A7%D8%B3%DA%A9%D9%86%D8%B1-FUJITSU-Fi-7260,7,263,https://mahamprint.com/products/-fujitsu-fi-7260,اسکنر FUJITSU Fi-7260,1.0,high,model+title
https://mahamprint.com/product/2545/%D9%BE%D9%84%D8%A7%D8%AA%D8%B1-%D8%AC%D9%88%D9%87%D8%B1%D8%A7%D9%81%D8%B4%D8%A7%D9%86-%D8%A8%D8%B1%D9%86%D8%AF-epson-%D9%85%D8%AF%D9%84-P8000,4,262,https://mahamprint.com/products/---epson--p8000,پلاتر جوهرافشان برند epson مدل P8000,1.0,high,model+title
https://mahamprint.com/product/1674/%D8%AF%D8%B3%D8%AA%DA%AF%D8%A7%D9%87-%D9%81%DA%A9%D8%B3-%D9%84%DB%8C%D8%B2%D8%B1%DB%8C-%D9%85%D8%AF%D9%84-BROTHER-Fax-2840,6,265,https://mahamprint.com/products/----brother-fax-2840,دستگاه فکس لیزری مدل BROTHER Fax-2840,1.0,high,model+title
https://mahamprint.com/product/422/%D8%A7%D8%B3%DA%A9%D9%86%D8%B1-KODAK-i1440,7,263,https://mahamprint.com/products/-kodak-i1440,اسکنر KODAK i1440,1.0,high,model+title
https://mahamprint.com/product/239/%D9%BE%D8%B1%DB%8C%D9%86%D8%AA%D8%B1-%DA%86%D9%86%D8%AF%DA%A9%D8%A7%D8%B1%D9%87-%D9%84%DB%8C%D8%B2%D8%B1%DB%8C-CANON-%D9%85%D8%AF%D9%84-MF264DW,16,261,https://mahamprint.com/products/---canon--mf264dw,پرینتر چندکاره لیزری CANON مدل MF264DW,1.0,high,model+title
https://mahamprint.com/product/3081/%D9%BE%D8%B1%DB%8C%D9%86%D8%AA%D8%B1%20-%D8%B3%D9%88%D8%B2%D9%86%DB%8C%20-Olivetti-%20MB2,14,261,https://mahamprint.com/products/----olivetti--mb2,پرینتر سوزنی Olivetti MB2,1.0,high,model+title
https://mahamprint.com/product/426/%D8%A7%D8%B3%DA%A9%D9%86%D8%B1-%D9%85%D8%AF%D9%84-KODAK-i1310,24,260,https://mahamprint.com/products/--kodak-i1310,اسکنر مدل KODAK i1310,1.0,high,model+title
https://mahamprint.com/product/1540/%D8%AA%D9%88%D9%86%D8%B1-BROTHER-TN-3480,78,256,https://mahamprint.com/products/-brother-tn-3480,تونر BROTHER TN-3480,1.0,high,model+title
https://mahamprint.com/product/1162/%DA%A9%D8%A7%D8%BA%D8%B0-%D8%B9%DA%A9%D8%B3-Canon-Zink-Photo-Paper-pack,20,256,https://mahamprint.com/products/--canon-zink-photo-paper-pack,کاغذ عکس Canon Zink Photo Paper pack,1.0,high,model+title
https://mahamprint.com/product/2936/%D8%AF%D8%B3%D8%AA%DA%AF%D8%A7%D9%87-%DA%A9%D9%BE%DB%8C-%D8%B3%D9%87-%DA%A9%D8%A7%D8%B1%D9%87-SHARP-BP-X240L,9,260,https://mahamprint.com/products/----sharp-bp-x240l,دستگاه کپی سه کاره SHARP  BP-X240L,1.0,high,model+title
https://mahamprint.com/product/416/%D8%A7%D8%B3%DA%A9%D9%86%D8%B1-KODAK-S2070,16,256,https://mahamprint.com/products/-kodak-s2070,اسکنر KODAK S2070,1.0,high,model+title
https://mahamprint.com/product/1056/%D8%AF%D8%B3%D8%AA%DA%AF%D8%A7%D9%87-%DA%A9%D9%BE%DB%8C-SHARP-mx-6071,52,253,https://mahamprint.com/products/--sharp-mx-6071,دستگاه کپی SHARP mx-6071,1.0,high,model+title
https://mahamprint.com/product/1600/%D9%85%D8%A7%D9%86%DB%8C%D8%AA%D9%88%D8%B1-xvision-24xs460,8,254,https://mahamprint.com/products/-xvision-24xs460,مانیتور xvision 24xs460,1.0,high,model+title
https://mahamprint.com/product/2510/%D9%BE%D8%B1%DB%8C%D9%86%D8%AA%D8%B1-%D8%AA%DA%A9-%DA%A9%D8%A7%D8%B1%D9%87-%D9%84%DB%8C%D8%B2%D8%B1%DB%8C-BROTHER-HL-L3270cdw,10,252,https://mahamprint.com/products/----brother-hl-l3270cdw,پرینتر تک کاره لیزری BROTHER HL-L3270cdw,1.0,high,model+title
https://mahamprint.com/product/2538/%D9%BE%D8%B1%DB%8C%D9%86%D8%AA%D8%B1-%D9%84%DB%8C%D8%B2%D8%B1%DB%8C-%DA%86%D9%86%D8%AF%DA%A9%D8%A7%D8%B1%D9%87-%D8%A8%D8%B1%D9%86%D8%AF-HP-MFP-M776dn,16,253,https://mahamprint.com/products/----hp-mfp-m776dn,پرینتر لیزری چندکاره  برند HP MFP M776dn,1.0,high,model+title
https://mahamprint.com/product/498/%D8%A7%D8%B3%DA%A9%D9%86%D8%B1-Avision-MiWand-2-WiFi,21,252,https://mahamprint.com/products/-avision-miwand-2-wifi,اسکنر Avision MiWand 2 WiFi,1.0,high,model+title
https://mahamprint.com/product/2055/%D8%A8%D8%B1%D8%AF-%D9%81%D8%B1%D9%85%D8%AA%D8%B1-HP-P2014,22,250,https://mahamprint.com/products/--hp-p2014,برد فرمتر HP P2014,1.0,high,model+title
https://mahamprint.com/product/1937/%D9%86%D9%88%D8%A7%D8%B1-%D9%84%DB%8C%D8%A8%D9%84-%D9%BE%D8%B1%DB%8C%D9%86%D8%AA%D8%B1-%D8%A8%D8%B1%D8%A7%D8%AF%D8%B1-TZE-631,5,250,https://mahamprint.com/products/----tze-631,نوار لیبل پرینتر برادر TZE-631,1.0,high,model+title
https://mahamprint.com/product/482/%D8%A7%D8%B3%DA%A9%D9%86%D8%B1-Kodak-i1120,6,250,https://mahamprint.com/products/-kodak-i1120,اسکنر Kodak i1120,1.0,high,model+title
https://mahamprint.com/product/3100/%D9%88%DB%8C%D8%AF%D8%A6%D9%88-%20%D9%BE%D8%B1%D9%88%DA%98%DA%A9%D8%AA%D9%88%D8%B1-%20EPSON-%20EB-X49,0,249,https://mahamprint.com/products/----epson--eb-x49,ویدئو پروژکتور EPSON EB-X49,1.0,high,model+title
https://mahamprint.com/product/1701/%D9%BE%D8%B1%DB%8C%D9%86%D8%AA%D8%B1-%D8%AA%DA%A9-%DA%A9%D8%A7%D8%B1%D9%87-CANON-1420,19,246,https://mahamprint.com/products/---canon-1420,پرینتر تک کاره CANON 1420,1.0,high,model+title
https://mahamprint.com/product/3004/%D8%A7%D8%B3%DA%A9%D9%86%D8%B1%20-Avison%20-Av332f,1,243,https://mahamprint.com/products/--avison--av332f,اسکنر Avison Av332f,1.0,high,model+title
https://mahamprint.com/product/2034/%D8%A8%D8%B1%D8%AF-%D9%81%D8%B1%D9%85%D8%AA%D8%B1-Canon-MF237w,41,242,https://mahamprint.com/products/--canon-mf237w,پرینتر لیزری CANON MF237W,0.79,high,model+title
https://mahamprint.com/product/131/%D9%BE%D8%B1%DB%8C%D9%86%D8%AA%D8%B1-%D9%84%DB%8C%D8%B2%D8%B1%DB%8C-%D8%AA%DA%A9-%DA%A9%D8%A7%D8%B1%D9%87-%D8%A8%D8%B1%D9%86%D8%AF-BROTHER-HL-L6400DW,20,242,https://mahamprint.com/products/-----brother-hl-l6400dw,پرینتر  لیزری تک کاره برند BROTHER HL-L6400DW,1.0,high,model+title
https://mahamprint.com/product/2344/%DA%86%D8%B1%D8%AE-%D8%AF%D9%86%D8%AF%D9%87-%DA%A9%D9%84%D8%A7%DA%86-%DA%86%D8%A7%D9%BE%DA%AF%D8%B1-%D8%A8%D8%B1%D9%86%D8%AF-HP-%D9%85%D8%AF%D9%84-2035-2055,9,242,https://mahamprint.com/products/-----hp--2035-2055,چرخ دنده کلاچ چاپگر برند HP مدل  2035 2055,1.0,high,model+title
https://mahamprint.com/product/1040/%D9%85%D8%A7%D8%B4%DB%8C%D9%86-%D8%AD%D8%B3%D8%A7%D8%A8-Texas-Ti-89-Titanium,21,241,https://mahamprint.com/products/--texas-ti-89-titanium,ماشین حساب Texas Ti-89 Titanium,1.0,high,model+title
https://mahamprint.com/product/1261/%D9%88%DB%8C%D8%AF%D8%A6%D9%88-%D9%BE%D8%B1%D9%88%DA%98%DA%A9%D8%AA%D9%88%D8%B1-PHILIPS-PPX4350W-INT,8,241,https://mahamprint.com/products/--philips-ppx4350w-int,ویدئو پروژکتور PHILIPS PPX4350W\/INT,1.0,high,model+title
https://mahamprint.com/product/2627/%D8%A7%DB%8C%D8%B1%D9%BE%D8%A7%D8%AF-%D9%85%D8%AF%D9%84-samsung-gear-iconx,5,240,https://mahamprint.com/products/--samsung-gear-iconx,ایرپاد مدل samsung gear iconx,1.0,high,model+title
https://mahamprint.com/product/617/%D8%AF%D8%B3%D8%AA%DA%AF%D8%A7%D9%87-%D8%AD%D8%B6%D9%88%D8%B1-%D9%88-%D8%BA%DB%8C%D8%A7%D8%A8-ZKTeco-VF300,6,237,https://mahamprint.com/products/----zkteco-vf300,دستگاه حضور و غیاب ZKTeco VF300,1.0,high,model+title
https://mahamprint.com/product/1596/%D8%AF%D8%B3%D8%AA%DA%AF%D8%A7%D9%87-%DA%A9%D9%BE%DB%8C-%DA%A9%D8%A7%D9%86%D9%86-2206,13,236,https://mahamprint.com/products/---2206,دستگاه کپی کانن 2206,1.0,high,model+title
https://mahamprint.com/product/2286/%D9%87%D8%AF-%D9%BE%D8%B1%DB%8C%D9%86%D8%AA%D8%B1-Canon-%D8%B3%D8%B1%DB%8C-G,22,235,https://mahamprint.com/products/--canon--g,هد پرینتر Canon سری G,1.0,high,model+title
https://mahamprint.com/product/2036/%D8%A8%D8%B1%D8%AF-%D9%81%D8%B1%D9%85%D8%AA%D8%B1-Canon-MF216,11,235,https://mahamprint.com/products/--canon-mf216,برد فرمتر Canon MF216,1.0,high,model+title
https://mahamprint.com/product/760/%D8%AF%D8%B3%D8%AA%DA%AF%D8%A7%D9%87-%DA%A9%D8%A7%D8%BA%D8%B0-%D8%AE%D8%B1%D8%AF-%DA%A9%D9%86-Fellowes-62-MC,16,231,https://mahamprint.com/products/----fellowes-62-mc,دستگاه کاغذ خرد کن  Fellowes 62 MC,1.0,high,model+title
https://mahamprint.com/product/582/%D9%81%DB%8C%D8%B4-%D9%BE%D8%B1%DB%8C%D9%86%D8%AA%D8%B1-Meva-TP1000,3,228,https://mahamprint.com/products/--meva-tp1000,فیش پرینتر Meva TP1000,1.0,high,model+title
https://mahamprint.com/product/437/%D8%A7%D8%B3%DA%A9%D9%86%D8%B1-FUJITSU-FI-6770,32,229,https://mahamprint.com/products/-fujitsu-fi-6770,اسکنر FUJITSU FI-6770,1.0,high,model+title
https://mahamprint.com/product/440/%D8%A7%D8%B3%DA%A9%D9%86%D8%B1-FUJITSU-FI-6750s,23,227,https://mahamprint.com/products/-fujitsu-fi-6750s,اسکنر FUJITSU FI-6750s,1.0,high,model+title
https://mahamprint.com/product/548/%D9%BE%D8%B1%DB%8C%D9%86%D8%AA%D8%B1-%D8%AD%D8%B1%D8%A7%D8%B1%D8%AA%DB%8C-%D8%A7%DB%8C%DA%A9%D8%B3-%D9%BE%D8%B1%DB%8C%D9%86%D8%AA%D8%B1-%D9%85%D8%AF%D9%84-XP-Q200,15,224,https://mahamprint.com/products/-----xp-q200,پرینتر حرارتی ایکس پرینتر مدل XP-Q200,1.0,high,model+title
https://mahamprint.com/product/944/%D9%85%D8%A7%D8%B4%DB%8C%D9%86-%D8%AD%D8%B3%D8%A7%D8%A8-Pars-PR-8620LP,4,224,https://mahamprint.com/products/--pars-pr-8620lp,ماشین حساب Pars PR-8620LP,1.0,high,model+title
https://mahamprint.com/product/2694/%D9%BE%D8%B1%DB%8C%D9%86%D8%AA%D8%B1-%DA%86%D9%87%D8%A7%D8%B1-%DA%A9%D8%A7%D8%B1%D9%87-%D8%B1%D9%86%DA%AF%DB%8C-hp-1415fn,16,224,https://mahamprint.com/products/----hp-1415fn,پرینتر چهار کاره رنگی hp 1415fn,1.0,high,model+title
https://mahamprint.com/product/141/%D9%BE%D8%B1%DB%8C%D9%86%D8%AA%D8%B1-%D9%84%DB%8C%D8%B2%D8%B1%DB%8C-%DA%86%D9%86%D8%AF%DA%A9%D8%A7%D8%B1%D9%87-%D8%A8%D8%B1%D9%86%D8%AF-Brother-MFC-1810,17,227,https://mahamprint.com/products/----brother-mfc-1810,پرینتر لیزری چندکاره برند Brother MFC-1810,1.0,high,model+title
https://mahamprint.com/product/497/%D8%A7%D8%B3%DA%A9%D9%86%D8%B1-Avision-AD260,14,223,https://mahamprint.com/products/-avision-ad260,اسکنر Avision AD260,1.0,high,model+title
https://mahamprint.com/product/1002/%D9%85%D8%A7%D8%B4%DB%8C%D9%86-%D8%AD%D8%B3%D8%A7%D8%A8-CASIO-FX-991MS,14,222,https://mahamprint.com/products/--casio-fx-991ms,ماشین حساب CASIO FX-991MS,1.0,high,model+title
https://mahamprint.com/product/2512/%D9%BE%D8%B1%DB%8C%D9%86%D8%AA%D8%B1-Canon-3420,44,219,https://mahamprint.com/products/-canon-3420,پرینتر Canon 3420,1.0,high,model+title
https://mahamprint.com/product/389/%D8%A7%D8%B3%DA%A9%D9%86%D8%B1-Hp-2500-F1,7,221,https://mahamprint.com/products/-hp-2500-f1,اسکنر Hp 2500 F1,1.0,high,model+title
https://mahamprint.com/product/594/%D8%B5%D9%86%D8%AF%D9%88%D9%82-%D9%81%D8%B1%D9%88%D8%B4%DA%AF%D8%A7%D9%87%DB%8C-OKPOS-K-900,16,219,https://mahamprint.com/products/--okpos-k-900,صندوق فروشگاهی OKPOS K-900,1.0,high,model+title
https://mahamprint.com/product/2463/%D9%BE%D8%B1%DB%8C%D9%86%D8%AA%D8%B1-%D8%AC%D9%88%D9%87%D8%B1-%D8%A7%D9%81%D8%B4%D8%A7%D9%86-CANON-PIXMA-G540,12,218,https://mahamprint.com/products/---canon-pixma-g540,پرینتر جوهر افشان CANON PIXMA G540,1.0,high,model+title
https://mahamprint.com/product/1306/%D8%AF%DB%8C%D8%AA%D8%A7-%D9%88%DB%8C%D8%AF%D8%A6%D9%88-%D9%BE%D8%B1%D9%88%DA%98%DA%A9%D8%AA%D9%88%D8%B1-PANASONIC-PT-VX420,12,218,https://mahamprint.com/products/---panasonic-pt-vx420,دیتا ویدئو پروژکتور PANASONIC PT-VX420,1.0,high,model+title
https://mahamprint.com/product/3097/%D9%BE%D8%B1%DB%8C%D9%86%D8%AA%D8%B1%20-%D8%B3%D9%87%20-%DA%A9%D8%A7%D8%B1%D9%87%20-%D8%AC%D9%88%D9%87%D8%B1%D8%A7%D9%81%D8%B4%D8%A7%D9%86%20-Canon-%20pixma-%20mg2541s,6,218,https://mahamprint.com/products/--------canon--pixma--mg2541s,پرینتر سه کاره جوهرافشان Canon pixma mg2541s,1.0,high,model+title
https://mahamprint.com/product/768/%D8%AF%D8%B3%D8%AA%DA%AF%D8%A7%D9%87-%D8%A8%D8%B1%D8%B4-%DA%A9%D8%A7%D8%BA%D8%B0-%DB%B4%DB%B5%DB%B0-VGS,5,218,https://mahamprint.com/products/----vgs,دستگاه برش کاغذ ۴۵۰ VGS ,0.35,medium,title-only
https://mahamprint.com/product/1921/%D9%84%DB%8C%D8%A8%D9%84-%D8%AC%D9%88%D8%A7%D9%87%D8%B1-%D8%AF%D9%85-%D8%B4%DB%8C%D8%B4%D9%87-ENZO,9,214,https://mahamprint.com/products/----enzo,لیبل جواهر دم شیشه  ENZO,1.0,high,model+title
https://mahamprint.com/product/3082/%D9%BE%D8%B1%DB%8C%D9%86%D8%AA%D8%B1%D9%84%DB%8C%D8%B2%D8%B1%DB%8C%20-Brother-%20HL-2370DW,14,209,https://mahamprint.com/products/--brother--hl-2370dw,پرینترلیزری Brother HL-2370DW,1.0,high,model+title
https://mahamprint.com/product/2031/%D8%A8%D8%B1%D8%AF-%D9%81%D8%B1%D9%85%D8%AA%D8%B1-Canon-LBP2900,24,206,https://mahamprint.com/products/--canon-lbp2900,برد فرمتر Canon LBP2900,1.0,high,model+title
https://mahamprint.com/product/447/%D8%A7%D8%B3%DA%A9%D9%86%D8%B1-PLUSTEK-OpticSlim-1180,12,206,https://mahamprint.com/products/-plustek-opticslim-1180,اسکنر PLUSTEK OpticSlim 1180,1.0,high,model+title
https://mahamprint.com/product/1205/%D9%BE%D8%A7%DB%8C%D9%87-%D8%B3%D9%82%D9%81%DB%8C-%D9%BE%D8%B1%D9%88%DA%98%DA%A9%D8%AA%D9%88%D8%B1-%D8%A7%D8%B3%DA%A9%D9%88%D9%BE-%DB%B4%DB%B3-%D8%AA%D8%A7-%DB%B6%DB%B5-cm,9,209,https://mahamprint.com/products/-------cm,پایه سقفی پروژکتور اسکوپ ۴۳ تا ۶۵ cm,0.35,medium,title-only
https://mahamprint.com/product/1569/%DA%A9%D8%A7%D8%B1%D8%AA%D8%B1%DB%8C%D8%AC-%D8%AA%D9%88%D9%86%D8%B1-HP-116A,18,204,https://mahamprint.com/products/--hp-116a,کارتریج تونر HP 116A,1.0,high,model+title
https://mahamprint.com/product/3026/%D9%BE%D8%B1%DB%8C%D9%86%D8%AA%D8%B1%20%D9%84%DB%8C%D8%B2%D8%B1%DB%8C-%C2%A0brother-%202375%20dw,6,203,https://mahamprint.com/products/---brother--2375-dw,پرینتر لیزری brother 2375 dw,1.0,high,model+title
https://mahamprint.com/product/1101/%D8%AF%D8%B1%D8%A7%D9%85-%DA%A9%D8%A7%D8%B1%D8%AA%D8%B1%DB%8C%D8%AC-Panasonic-KX-FA412,10,206,https://mahamprint.com/products/--panasonic-kx-fa412,درام کارتریج Panasonic KX-FA412,1.0,high,model+title
https://mahamprint.com/product/1908/%D9%84%DB%8C%D8%A8%D9%84-%D8%A8%D8%B1%DA%86%D8%B3%D8%A8-%DA%A9%D8%A7%D8%BA%D8%B0%DB%8C-%D8%AF%D8%A7%DB%8C%D8%B1%D9%87-10-%D9%85%DB%8C%D9%84%DB%8C-%D9%85%D8%AA%D8%B1,7,205,https://mahamprint.com/products/----10--,لیبل (برچسب) کاغذی دایره 10 میلی متر,0.35,medium,title-only
https://mahamprint.com/product/2039/%D8%A8%D8%B1%D8%AF-%D9%81%D8%B1%D9%85%D8%AA%D8%B1-Samsung-SCX-4623,19,203,https://mahamprint.com/products/--samsung-scx-4623,برد فرمتر Samsung SCX-4623,1.0,high,model+title
https://mahamprint.com/product/586/%D9%81%DB%8C%D8%B4-%D9%BE%D8%B1%DB%8C%D9%86%D8%AA%D8%B1-%D8%AD%D8%B1%D8%A7%D8%B1%D8%AA%DB%8C-%D8%A8%D8%B1%D9%86%D8%AF-AX-8350,20,200,https://mahamprint.com/products/----ax-8350,فیش پرینتر حرارتی برند AX 8350,1.0,high,model+title
https://mahamprint.com/product/509/%D8%AA%D8%B3%D8%AA-%D8%A7%D8%B3%DA%A9%D9%86%D8%A7%D8%B3-Remo-328NL,18,199,https://mahamprint.com/products/--remo-328nl,تست اسکناس Remo 328NL,1.0,high,model+title
https://mahamprint.com/product/1904/%D8%A7%D8%B3%DA%A9%D9%86%D8%B1-MUSTEK-600F-A3,25,199,https://mahamprint.com/products/-mustek-600f-a3,اسکنر MUSTEK 600F A3,1.0,high,model+title
https://mahamprint.com/product/207/%D9%BE%D8%B1%DB%8C%D9%86%D8%AA%D8%B1%D9%84%DB%8C%D8%B2%D8%B1%DB%8C-%DA%86%D9%86%D8%AF-%DA%A9%D8%A7%D8%B1%D9%87-HP-M577DN,7,199,https://mahamprint.com/products/---hp-m577dn,پرینترلیزری چند کاره  HP M577DN        ,1.0,high,model+title
https://mahamprint.com/product/1729/%D8%B1%DB%8C%D8%A8%D9%88%D9%86-%D8%B1%D9%86%DA%AF%DB%8C-200-%D8%B9%DA%A9%D8%B3-%D8%B2%D8%A8%D8%B1%D8%A7-Zebra-ZXP3-YMCKO-Ribbon-%D8%A7%D9%88%D8%B1%D8%AC%DB%8C%D9%86%D8%A7%D9%84,5,199,https://mahamprint.com/products/--200---zebra-zxp3-ymcko-ribbon-,ریبون رنگی 200 عکس زبرا Zebra ZXP3 YMCKO Ribbon اورجینال,1.0,high,model+title
https://mahamprint.com/product/2455/%D9%BE%D8%B1%DB%8C%D9%86%D8%AA%D8%B1-%D8%B3%D9%87-%DA%A9%D8%A7%D8%B1%D9%87-RICOH-204sn,10,198,https://mahamprint.com/products/---ricoh-204sn,پرینتر سه کاره RICOH  204sn,1.0,high,model+title
https://mahamprint.com/product/1238/%D9%88%DB%8C%D8%AF%D8%A6%D9%88-%D9%BE%D8%B1%D9%88%DA%98%DA%A9%D8%AA%D9%88%D8%B1-%D9%82%D8%A7%D8%A8%D9%84-%D8%AD%D9%85%D9%84-T1-PLUS,7,198,https://mahamprint.com/products/----t1-plus,ویدئو پروژکتور قابل حمل T1 PLUS,1.0,high,model+title
https://mahamprint.com/product/1567/%D8%AA%D9%88%D9%86%D8%B1-%DA%A9%D8%A7%D8%B1%D8%AA%D8%B1%DB%8C%D8%AC-HP-416A,6,197,https://mahamprint.com/products/--hp-416a,تونر کارتریج HP 416A,1.0,high,model+title
https://mahamprint.com/product/2879/%D9%BE%D8%B1%DB%8C%D9%86%D8%AA%D8%B1-%D8%B3%D9%87-%DA%A9%D8%A7%D8%B1%D9%87-%D8%AC%D9%88%D9%87%D8%B1%D8%A7%D9%81%D8%B4%D8%A7%D9%86-Epson-L3211,0,199,https://mahamprint.com/products/----epson-l3211,پرینتر سه کاره جوهرافشان Epson L3211,1.0,high,model+title
https://mahamprint.com/product/1628/%D9%81%DA%A9%D8%B3-panasonic-612,2,197,https://mahamprint.com/products/-panasonic-612,فکس panasonic 612,1.0,high,model+title
https://mahamprint.com/product/876/%D8%A7%D8%B3%DA%A9%D9%86%D8%A7%D8%B3-%D8%B4%D9%85%D8%A7%D8%B1-Mega-3-DM-500,15,196,https://mahamprint.com/products/--mega-3-dm-500,اسکناس شمار Mega 3 DM-500,1.0,high,model+title
https://mahamprint.com/product/2099/%D8%AF%D8%B1%D8%A7%D9%85-%DA%A9%D8%A7%D8%B1%D8%AA%D8%B1%DB%8C%D8%AC-Lexmark-%D9%85%D8%AF%D9%84-e260-Drum,8,196,https://mahamprint.com/products/--lexmark--e260-drum,درام کارتریج Lexmark مدل e260 Drum,1.0,high,model+title
https://mahamprint.com/product/2522/%D9%BE%D8%B1%DB%8C%D9%86%D8%AA%D8%B1-%DA%86%D9%86%D8%AF%DA%A9%D8%A7%D8%B1%D9%87-%D8%AC%D9%88%D9%87%D8%B1%D8%A7%D9%81%D8%B4%D8%A7%D9%86-brother-T420W,22,194,https://mahamprint.com/products/---brother-t420w,پرینتر چندکاره جوهرافشان brother T420W,1.0,high,model+title
https://mahamprint.com/product/2520/%D9%BE%D8%B1%DB%8C%D9%86%D8%AA%D8%B1-epson-3250w,4,193,https://mahamprint.com/products/-epson-3250w,پرینتر epson 3250w,1.0,high,model+title
https://mahamprint.com/product/519/%D8%AA%D8%B3%D8%AA-%D8%A7%D8%B3%DA%A9%D9%86%D8%A7%D8%B3-%D8%A8%D8%B1%D9%86%D8%AF-BMDC-%D9%85%D8%AF%D9%84-DL-860,16,192,https://mahamprint.com/products/---bmdc--dl-860,تست اسکناس برند BMDC مدل DL-860,1.0,high,model+title
https://mahamprint.com/product/1674/%D9%81%DA%A9%D8%B3-BROTHER-Fax-2840,17,193,https://mahamprint.com/products/----brother-fax-2840,دستگاه فکس لیزری مدل BROTHER Fax-2840,0.93,high,model+title
https://mahamprint.com/product/364/%D9%BE%D8%B1%DB%8C%D9%86%D8%AA%D8%B1-%DA%86%D9%86%D8%AF-%DA%A9%D8%A7%D8%B1%D9%87-%D8%A8%D8%B1%D9%86%D8%AF-PANASONIC-%D9%85%D8%AF%D9%84-2085,15,191,https://mahamprint.com/products/----panasonic--2085,پرینتر چند کاره برند PANASONIC مدل 2085,1.0,high,model+title
https://mahamprint.com/product/1762/%D9%81%DB%8C%D9%84%D9%85-%D8%A7%D9%86%D8%AA%D9%82%D8%A7%D9%84-1500-%D8%B9%DA%A9%D8%B3-%D8%A7%D9%88%D8%B1%D8%AC%DB%8C%D9%86%D8%A7%D9%84-%D9%85%D8%AF%D9%84-Fargo,0,194,https://mahamprint.com/products/--1500----fargo,فیلم انتقال 1500 عکس اورجینال مدل  Fargo,1.0,high,model+title
https://mahamprint.com/product/1161/%DA%A9%D8%A7%D8%BA%D8%B0-HP-Zink-Photo-Paper,11,190,https://mahamprint.com/products/-hp-zink-photo-paper,کاغذ HP Zink Photo Paper,1.0,high,model+title
https://mahamprint.com/product/435/%D8%A7%D8%B3%DA%A9%D9%86%D8%B1-%D9%85%D8%AF%D9%84-FUJITSO-FI-6230,7,189,https://mahamprint.com/products/--fujitso-fi-6230,اسکنر مدل FUJITSO FI-6230,1.0,high,model+title
https://mahamprint.com/product/2659/%D8%A7%D8%B3%DA%A9%D9%86%D8%B1-kodak-i940,1,189,https://mahamprint.com/products/-kodak-i940,اسکنر kodak i940,1.0,high,model+title
https://mahamprint.com/product/254/%D9%BE%D8%B1%DB%8C%D9%86%D8%AA%D8%B1-Canon-pixma-MF4410-inkjet,10,186,https://mahamprint.com/products/-canon-pixma-mf4410-inkjet,پرینتر Canon pixma MF4410 inkjet,1.0,high,model+title
https://mahamprint.com/product/140/%D9%BE%D8%B1%DB%8C%D9%86%D8%AA%D8%B1-%DA%86%D9%86%D8%AF%DA%A9%D8%A7%D8%B1%D9%87-%D8%A8%D8%B1%D9%86%D8%AF-Brother-MFC-7470D,9,187,https://mahamprint.com/products/---brother-mfc-7470d,پرینتر چندکاره برند Brother MFC-7470D,1.0,high,model+title
https://mahamprint.com/product/425/%D8%A7%D8%B3%DA%A9%D9%86%D8%B1-KODAK-I2900,14,188,https://mahamprint.com/products/-kodak-i2900,اسکنر KODAK I2900,1.0,high,model+title
https://mahamprint.com/product/1145/%D8%AC%D9%88%D9%87%D8%B1-%D9%85%D8%AF%D9%84-Canon-%D8%A8%D8%B1%D9%86%D8%AF-GI-40-CMYK,44,187,https://mahamprint.com/products/--canon--gi-40-cmyk,جوهر مدل Canon برند GI-40 CMYK,1.0,high,model+title
https://mahamprint.com/product/1014/%D9%85%D8%A7%D8%B4%DB%8C%D9%86-%D8%AD%D8%B3%D8%A7%D8%A8-CASIO-MS-10VC,8,186,https://mahamprint.com/products/--casio-ms-10vc,ماشین حساب CASIO MS-10VC,1.0,high,model+title
https://mahamprint.com/product/2038/%D8%A8%D8%B1%D8%AF-%D9%81%D8%B1%D9%85%D8%AA%D8%B1-Canon-LBP6000,19,180,https://mahamprint.com/products/--canon-lbp6000,برد فرمتر Canon LBP6000,1.0,high,model+title
https://mahamprint.com/product/2052/%D8%A8%D8%B1%D8%AF-%D9%81%D8%B1%D9%85%D8%AA%D8%B1-hp-1020,13,181,https://mahamprint.com/products/--hp-1020,برد فرمتر hp 1020,1.0,high,model+title
https://mahamprint.com/product/1589/%DA%A9%D8%A7%D8%B1%D8%AA%D8%B1%DB%8C%D8%AC-CANON-731,0,183,https://mahamprint.com/products/-canon-731,کارتریج CANON 731,1.0,high,model+title
https://mahamprint.com/product/1648/%D9%BE%D8%B1%DB%8C%D9%86%D8%AA%D8%B1-%D8%AA%DA%A9-%DA%A9%D8%A7%D8%B1%D9%87-%D9%84%DB%8C%D8%B2%D8%B1%DB%8C-HP-601N,17,185,https://mahamprint.com/products/----hp-601n,پرینتر تک کاره لیزری HP 601N,1.0,high,model+title
https://mahamprint.com/product/899/%D8%A7%D8%B3%DA%A9%D9%86%D8%A7%D8%B3-%D8%B4%D9%85%D8%A7%D8%B1-%D8%B1%D9%88%D9%85%DB%8C%D8%B2%DB%8C-AX-5200,5,184,https://mahamprint.com/products/---ax-5200,اسکناس شمار رومیزی AX-5200,1.0,high,model+title
https://mahamprint.com/product/136/%D9%BE%D8%B1%DB%8C%D9%86%D8%AA%D8%B1-%DA%86%D9%86%D8%AF%DA%A9%D8%A7%D8%B1%D9%87-%D8%A8%D8%B1%D9%86%D8%AF-BROTHER-%D9%85%D8%AF%D9%84-DCP-8110DN,21,179,https://mahamprint.com/products/---brother--dcp-8110dn,پرینتر چندکاره برند BROTHER مدل DCP-8110DN,1.0,high,model+title
https://mahamprint.com/product/143/%D9%BE%D8%B1%DB%8C%D9%86%D8%AA%D8%B1-%D8%AC%D9%88%D9%87%D8%B1%D8%A7%D9%81%D8%B4%D8%A7%D9%86-%D8%B3%D9%87-%DA%A9%D8%A7%D8%B1%D9%87-BROTHER-J100,18,179,https://mahamprint.com/products/----brother-j100,پرینتر جوهرافشان سه کاره BROTHER J100,1.0,high,model+title
https://mahamprint.com/product/1655/%D9%81%DB%8C%D8%B4-%D9%BE%D8%B1%DB%8C%D9%86%D8%AA%D8%B1-meva-tp1000w,8,178,https://mahamprint.com/products/--meva-tp1000w,فیش پرینتر meva tp1000w,1.0,high,model+title
https://mahamprint.com/product/2692/%D8%A7%D8%B3%DA%A9%D9%86%D8%B1-%D8%A7%D8%AB%D8%B1-%D8%A7%D9%86%DA%AF%D8%B4%D8%AA-combo-plus-300-%D8%A8%D8%A7-%DA%A9%D8%A7%D8%B1%D8%AA%D8%AE%D9%88%D8%A7%D9%86,5,179,https://mahamprint.com/products/---combo-plus-300--,اسکنر اثر انگشت combo plus 300 با کارتخوان,1.0,high,model+title
https://mahamprint.com/product/424/%D8%A7%D8%B3%DA%A9%D9%86%D8%B1-Kodak-i3450,8,179,https://mahamprint.com/products/-kodak-i3450,اسکنر Kodak i3450,1.0,high,model+title
https://mahamprint.com/product/2076/%D8%A8%D8%B1%D8%AF-%D8%AA%D8%BA%D8%B0%DB%8C%D9%87-%D9%BE%D8%A7%D9%88%D8%B1-%D9%BE%D8%B1%DB%8C%D9%86%D8%AA%D8%B1-EPSON-LQ-2170,7,176,https://mahamprint.com/products/----epson-lq-2170,برد تغذیه (پاور) پرینتر EPSON LQ 2170,1.0,high,model+title
https://mahamprint.com/product/1751/%D8%B1%DB%8C%D8%A8%D9%88%D9%86-%D8%AF%D8%B1%D8%A7%DB%8C%D9%88-Olivetti-PR2E,16,176,https://mahamprint.com/products/--olivetti-pr2e,ریبون درایو Olivetti PR2E,1.0,high,model+title
https://mahamprint.com/product/1217/%D9%BE%D8%B1%D8%AF%D9%87-%D9%86%D9%85%D8%A7%DB%8C%D8%B4-%D8%B3%D9%82%D9%81%DB%8C-%D8%AF%DB%8C%D9%88%D8%A7%D8%B1%DB%8C-%D9%85%D8%AF%D9%84-scope-150x150-cm,0,176,https://mahamprint.com/products/-----scope-150x150-cm,پرده نمایش پایه دار پروژکتور SCOPE 150x150 CM,0.825,high,model+title
https://mahamprint.com/product/631/%D8%AF%D8%B3%D8%AA%DA%AF%D8%A7%D9%87-%D8%AD%D8%B6%D9%88%D8%B1-%D9%88-%D8%BA%DB%8C%D8%A7%D8%A8-ZKTeco-VF380,0,175,https://mahamprint.com/products/----zkteco-vf380,دستگاه حضور و غیاب ZKTeco VF380,1.0,high,model+title
https://mahamprint.com/product/1605/%D9%BE%D8%B1%DB%8C%D9%86%D8%AA%D8%B1-%D8%AA%DA%A9-%DA%A9%D8%A7%D8%B1%D9%87-%D9%84%DB%8C%D8%B2%D8%B1%DB%8C-hp-p1505,13,174,https://mahamprint.com/products/----hp-p1505,پرینتر تک کاره لیزری  hp p1505,1.0,high,model+title
https://mahamprint.com/product/1643/%D8%A8%D8%A7%D8%B1%DA%A9%D8%AF-%D8%A7%D8%B3%DA%A9%D9%86%D8%B1-MEVA-%D9%85%D8%AF%D9%84-MBS-6800,13,175,https://mahamprint.com/products/--meva--mbs-6800,بارکد اسکنر MEVA مدل MBS-6800,1.0,high,model+title
https://mahamprint.com/product/476/%D8%A7%D8%B3%DA%A9%D9%86%D8%B1-Canon-LiDE-210,10,172,https://mahamprint.com/products/-canon--lide-220,اسکنر CANON مدل LIDE 220,0.535,medium,model+title
https://mahamprint.com/product/3000/%D9%BE%D8%B1%DB%8C%D9%86%D8%AA%D8%B1%20-%D8%B3%D9%87%20%DA%A9%D8%A7%D8%B1%D9%87%20-%D8%AC%D9%88%D9%87%D8%B1%D8%A7%D9%81%D8%B4%D8%A7%D9%86%20-CANON-%205040%20dw,8,171,https://mahamprint.com/products/-------canon--5040-dw,پرینتر سه کاره جوهرافشان CANON 5040 dw,1.0,high,model+title
https://mahamprint.com/product/1682/%D8%AF%D8%B3%D8%AA%DA%AF%D8%A7%D9%87-%DA%A9%D9%BE%DB%8C-%DA%86%D9%86%D8%AF%DA%A9%D8%A7%D8%B1%D9%87-%D9%84%DB%8C%D8%B2%D8%B1%DB%8C-CANON-2425-ADF,4,171,https://mahamprint.com/products/----canon-2425-adf,دستگاه کپی چندکاره لیزری CANON 2425 ADF,1.0,high,model+title
https://mahamprint.com/product/887/%D8%A7%D8%B3%DA%A9%D9%86%D8%A7%D8%B3-%D8%B4%D9%85%D8%A7%D8%B1-PARA-NC-407,3,170,https://mahamprint.com/products/--para-nc-407,اسکناس شمار PARA NC-407,1.0,high,model+title
https://mahamprint.com/product/2109/%D8%AF%D8%B1%D8%A7%D9%85-%DA%A9%D8%A7%D9%86%D9%86-Canon-2520-Drum,15,170,https://mahamprint.com/products/--canon-2520-drum,درام کانن Canon 2520 Drum,1.0,high,model+title
https://mahamprint.com/product/846/%D8%A8%D8%A7%D8%B1%DA%A9%D8%AF-%D8%A7%D8%B3%DA%A9%D9%86%D8%B1-MEVA-MBS-1750,10,169,https://mahamprint.com/products/--meva-mbs-1750,بارکد اسکنر MEVA MBS 1750,1.0,high,model+title
https://mahamprint.com/product/2043/%D8%A8%D8%B1%D8%AF-%D9%81%D8%B1%D9%85%D8%AA%D8%B1-Samsung-SCX-4521F,8,169,https://mahamprint.com/products/--samsung-scx-4521f,برد فرمتر Samsung SCX-4521F,1.0,high,model+title
https://mahamprint.com/product/278/%D8%AF%D8%B3%D8%AA%DA%AF%D8%A7%D9%87-%DA%A9%D9%BE%DB%8C-SAMSUNG-SL-K2200ND,11,169,https://mahamprint.com/products/--samsung-sl-k2200nd,دستگاه کپی SAMSUNG SL-K2200ND,1.0,high,model+title
https://mahamprint.com/product/1790/%D9%85%D8%B1%DA%A9%D8%A8-Risograph-JP12,7,169,https://mahamprint.com/products/-risograph-jp12,مرکب Risograph JP12,1.0,high,model+title
https://mahamprint.com/product/1531/%D8%AA%D9%88%D9%86%D8%B1-RICOH-SP-230-H,20,167,https://mahamprint.com/products/-ricoh-sp-230-h,تونر RICOH SP 230 H,1.0,high,model+title
https://mahamprint.com/product/2082/%D9%BE%D8%A7%D9%88%D8%B1-%D8%A8%D8%B1%D8%AF-%D9%BE%D8%B1%DB%8C%D9%86%D8%AA%D8%B1-hp-1118-1120,11,168,https://mahamprint.com/products/---hp-1118-1120,پاور برد پرینتر hp 1118 1120,1.0,high,model+title
https://mahamprint.com/product/938/%D9%85%D8%A7%D8%B4%DB%8C%D9%86-%D8%AD%D8%B3%D8%A7%D8%A8-Casio-FX-85ES-PLUS,5,167,https://mahamprint.com/products/--casio-fx-85es-plus,ماشین حساب Casio FX-85ES-PLUS,1.0,high,model+title
https://mahamprint.com/product/2287/%D9%87%D8%AF-%D9%BE%D8%B1%DB%8C%D9%86%D8%AA%D8%B1-Epson-%D9%85%D8%AF%D9%84-L1300,7,167,https://mahamprint.com/products/--epson--l1300,هد پرینتر Epson مدل L1300,1.0,high,model+title
https://mahamprint.com/product/50/%D9%BE%D8%B1%DB%8C%D9%86%D8%AA%D8%B1-%D9%84%DB%8C%D8%B2%D8%B1%DB%8C-HP-M1214NFH,10,166,https://mahamprint.com/products/--hp-m1214nfh,پرینتر لیزری HP M1214NFH,1.0,high,model+title
https://mahamprint.com/product/1166/%DA%A9%D8%A7%D8%BA%D8%B0-Copilux-A5,0,167,https://mahamprint.com/products/-copilux-a5,کاغذ  Copilux A5,1.0,high,model+title
https://mahamprint.com/product/2066/%D8%A8%D8%B1%D8%AF-%D9%BE%D8%A7%D9%88%D8%B1-canon-236,17,166,https://mahamprint.com/products/--canon-236,برد پاور canon 236,1.0,high,model+title
https://mahamprint.com/product/946/%D9%85%D8%A7%D8%B4%DB%8C%D9%86-%D8%AD%D8%B3%D8%A7%D8%A8-Sharp-EL-2902c,17,166,https://mahamprint.com/products/--sharp-el-2902c,ماشین حساب Sharp EL-2902c,1.0,high,model+title
https://mahamprint.com/product/3101/%D8%AF%D8%B3%D8%AA%DA%AF%D8%A7%D9%87%20%DA%A9%D9%BE%DB%8C-%20canon%20-%D9%85%D8%AF%D9%84-%20imageRUNNER%20-2224,3,166,https://mahamprint.com/products/---canon----imagerunner--2224,دستگاه کپی canon مدل imageRUNNER 2224,1.0,high,model+title
https://mahamprint.com/product/1680/%D8%AA%D9%88%D9%86%D8%B1-%DA%A9%D8%A7%D8%B1%D8%AA%D8%B1%DB%8C%D8%AC-HP-107A,8,164,https://mahamprint.com/products/--hp-107a,تونر کارتریج HP 107A,1.0,high,model+title
https://mahamprint.com/product/3093/%D9%BE%D8%B1%DB%8C%D9%86%D8%AA%D8%B1%20-%D8%AC%D9%88%D9%87%D8%B1%D8%A7%D9%81%D8%B4%D8%A7%D9%86-%20CANON-%20PIXMA%20-TS%20-3340,1,164,https://mahamprint.com/products/----canon--pixma--ts--3340,پرینتر جوهرافشان CANON PIXMA TS 3340,1.0,high,model+title
https://mahamprint.com/product/449/%D8%A7%D8%B3%DA%A9%D9%86%D8%B1-PLUSTEK-2610,7,165,https://mahamprint.com/products/-plustek-2610,اسکنر PLUSTEK 2610,1.0,high,model+title
https://mahamprint.com/product/589/%D8%B5%D9%86%D8%AF%D9%88%D9%82-%D9%81%D8%B1%D9%88%D8%B4%DA%AF%D8%A7%D9%87%DB%8C-Any-Shop-E2,8,163,https://mahamprint.com/products/--any-shop-e2,صندوق فروشگاهی Any Shop E2,1.0,high,model+title
https://mahamprint.com/product/972/%D9%85%D8%A7%D8%B4%DB%8C%D9%86-%D8%AD%D8%B3%D8%A7%D8%A8-Casio-FX-350-ES-Plus,1,164,https://mahamprint.com/products/--casio-fx-350-es-plus,ماشین حساب Casio FX-350 ES Plus,1.0,high,model+title
https://mahamprint.com/product/579/%D9%81%DB%8C%D8%B4-%D9%BE%D8%B1%DB%8C%D9%86%D8%AA%D8%B1-EPSON-TM-T20,13,162,https://mahamprint.com/products/--epson-tm-t20,فیش پرینتر EPSON TM-T20,1.0,high,model+title
https://mahamprint.com/product/220/%D9%BE%D8%B1%DB%8C%D9%86%D8%AA%D8%B1-%D8%B3%D9%87-%DA%A9%D8%A7%D8%B1%D9%87-%D8%AC%D9%88%D9%87%D8%B1%D8%A7%D9%81%D8%B4%D8%A7%D9%86-HP-2130,10,163,https://mahamprint.com/products/----hp-2130,پرینتر سه کاره جوهرافشان HP 2130,1.0,high,model+title
https://mahamprint.com/product/3144/%D9%81%DB%8C%D8%B4-%20%D9%BE%D8%B1%DB%8C%D9%86%D8%AA%D8%B1%20-Mitsushida-%D9%85%D8%AF%D9%84%20-KC-812,5,162,https://mahamprint.com/products/----mitsushida---kc-812,فیش پرینتر Mitsushida مدل KC-812,1.0,high,model+title
https://mahamprint.com/product/1389/%DA%A9%D8%A7%D8%B1%D8%AA%D8%B1%DB%8C%D8%AC-EPSON-73N-Black,12,161,https://mahamprint.com/products/-epson-73n-black,کارتریج EPSON 73N Black,1.0,high,model+title
https://mahamprint.com/product/545/%D9%84%DB%8C%D8%A8%D9%84-%D9%BE%D8%B1%DB%8C%D9%86%D8%AA%D8%B1-%D9%85%D8%AF%D9%84-MEVA-MBP-4200,0,162,https://mahamprint.com/products/---meva-mbp-4200,لیبل پرینتر مدل MEVA MBP 4200,1.0,high,model+title
https://mahamprint.com/product/2687/%D8%A7%D8%B3%DA%A9%D9%86%D8%B1-%D8%A7%D8%AB%D8%B1-%D8%A7%D9%86%DA%AF%D8%B4%D8%AA-Suprema-Biomini-Combo,8,161,https://mahamprint.com/products/---suprema-biomini-combo,اسکنر اثر انگشت Suprema Biomini Combo,1.0,high,model+title
https://mahamprint.com/product/2022/%D9%BE%D8%B1%DB%8C%D9%86%D8%AA%D8%B1-Canon-PIXMA-TS3440W,4,161,https://mahamprint.com/products/-canon-pixma-ts3440w,پرینتر Canon PIXMA TS3440W,1.0,high,model+title
https://mahamprint.com/product/93/%D9%BE%D8%B1%DB%8C%D9%86%D8%AA%D8%B1-HP-officejet-7612,17,158,https://mahamprint.com/products/-hp-officejet-7612, پرینتر HP officejet 7612,1.0,high,model+title
https://mahamprint.com/product/2495/%D9%BE%D8%B1%DB%8C%D9%86%D8%AA%D8%B1-%D8%AA%DA%A9-%DA%A9%D8%A7%D8%B1%D9%87-HP-P1006,2,158,https://mahamprint.com/products/---hp-p1006,پرینتر تک کاره HP P1006,1.0,high,model+title
https://mahamprint.com/product/1045/%D8%AF%D8%B3%D8%AA%DA%AF%D8%A7%D9%87-%DA%A9%D9%BE%DB%8C-XEROX-7845,4,158,https://mahamprint.com/products/--xerox-7845,دستگاه کپی XEROX 7845,1.0,high,model+title
https://mahamprint.com/product/1537/%D8%AA%D9%88%D9%86%D8%B1-HP-48A,0,158,https://mahamprint.com/products/--hp-48a,تونر کارتریج HP 48A,0.912,high,model+title
https://mahamprint.com/product/626/%D8%AF%D8%B3%D8%AA%DA%AF%D8%A7%D9%87-%D8%AD%D8%B6%D9%88%D8%B1-%D9%88-%D8%BA%DB%8C%D8%A7%D8%A8-ZKTeco-UF-100,0,158,https://mahamprint.com/products/----zkteco-uf-100,دستگاه حضور و غیاب ZKTeco UF-100,1.0,high,model+title
https://mahamprint.com/product/1263/%D9%88%DB%8C%D8%AF%D8%A6%D9%88-%D9%BE%D8%B1%D9%88%DA%98%DA%A9%D8%AA%D9%88%D8%B1-VIEWSONIC-M2,15,157,https://mahamprint.com/products/--viewsonic-m2,ویدئو پروژکتور VIEWSONIC M2,1.0,high,model+title
https://mahamprint.com/product/1359/%D8%AA%D9%88%D9%86%D8%B1-HP-727-CMYK,4,158,https://mahamprint.com/products/-hp-727-cmyk,تونر HP 727 CMYK,1.0,high,model+title
https://mahamprint.com/product/1734/%D8%B1%DB%8C%D8%A8%D9%88%D9%86-%D8%B1%D9%86%DA%AF%DB%8C-300-%D8%B9%DA%A9%D8%B3-Magicard,2,161,https://mahamprint.com/products/--300--magicard,ریبون رنگی 300 عکس Magicard,1.0,high,model+title
https://mahamprint.com/product/531/%D8%AA%D8%B3%D8%AA-%D8%A7%D8%B3%DA%A9%D9%86%D8%A7%D8%B3-Nikita-PBD-10s,15,158,https://mahamprint.com/products/--nikita-pbd-10s,تست اسکناس Nikita PBD-10s,1.0,high,model+title
https://mahamprint.com/product/2477/%D8%AF%DB%8C%D8%AA%D8%A7-%D9%88%DB%8C%D8%AF%D8%A6%D9%88-%D9%BE%D8%B1%D9%88%DA%98%DA%A9%D8%AA%D9%88%D8%B1-%D9%85%D8%AF%D9%84-OPTOMA-M870X,6,157,https://mahamprint.com/products/----optoma-m870x,دیتا ویدئو پروژکتور مدل OPTOMA  M870X,1.0,high,model+title
https://mahamprint.com/product/2482/%D9%81%DB%8C%D8%B4-%D9%BE%D8%B1%DB%8C%D9%86%D8%AA%D8%B1-SNBC-BTP-N80,6,156,https://mahamprint.com/products/--snbc-btp-n80,فیش پرینتر SNBC BTP-N80,1.0,high,model+title
https://mahamprint.com/product/491/%D8%A7%D8%B3%DA%A9%D9%86%D8%B1-Canon-DR-6030C,0,157,https://mahamprint.com/products/-canon-dr-6030c,اسکنر Canon DR-6030C,1.0,high,model+title
https://mahamprint.com/product/2288/%D9%87%D8%AF-%D9%BE%D8%B1%DB%8C%D9%86%D8%AA%D8%B1-%D8%A8%D8%B1%D9%86%D8%AF-HP-OfficeJet-7000,15,155,https://mahamprint.com/products/---hp-officejet-7000,هد پرینتر برند HP OfficeJet 7000,1.0,high,model+title
https://mahamprint.com/product/1492/%DA%A9%D8%A7%D8%B1%D8%AA%D8%B1%DB%8C%D8%AC-%D8%AA%D9%88%D9%86%D8%B1-TOSHIBA-T3008U,19,155,https://mahamprint.com/products/--toshiba-t3008u,کارتریج تونر TOSHIBA T3008U,1.0,high,model+title
https://mahamprint.com/product/1803/%D8%B1%D9%88%D9%84-%DA%A9%D8%A7%D8%BA%D8%B0-%D8%AD%D8%B1%D8%A7%D8%B1%D8%AA%DB%8C-%D8%A7%D8%B3%DA%A9%D8%A7%DA%86-Scatch-8cm,7,157,https://mahamprint.com/products/----scatch-8cm,رول کاغذ حرارتی اسکاچ Scatch 8cm,1.0,high,model+title
https://mahamprint.com/product/574/%D9%81%DB%8C%D8%B4-%D9%BE%D8%B1%DB%8C%D9%86%D8%AA%D8%B1-%D8%AD%D8%B1%D8%A7%D8%B1%D8%AA%DB%8C-BIXOLON-%D9%85%D8%AF%D9%84-SRP-330II,0,155,https://mahamprint.com/products/----bixolon--srp-330n,فیش پرینتر حرارتی برند Bixolon مدل SRP-330N,0.45,medium,model+title
https://mahamprint.com/product/877/%D8%A7%D8%B3%DA%A9%D9%86%D8%A7%D8%B3-%D8%B4%D9%85%D8%A7%D8%B1-Catiga-DB-150,17,154,https://mahamprint.com/products/--catiga-db-150,اسکناس شمار Catiga DB-150,1.0,high,model+title
https://mahamprint.com/product/420/%D8%A7%D8%B3%DA%A9%D9%86%D8%B1-KODAK-I3200,0,154,https://mahamprint.com/products/-kodak-i3200,اسکنر KODAK I3200,1.0,high,model+title
https://mahamprint.com/product/125/%D9%BE%D8%B1%DB%8C%D9%86%D8%AA%D8%B1-%D8%AA%DA%A9-%DA%A9%D8%A7%D8%B1%D9%87-%D9%84%DB%8C%D8%B2%D8%B1%DB%8C-BROTHER-HL-1110,11,153,https://mahamprint.com/products/----brother-hl-1110,پرینتر تک کاره لیزری BROTHER HL-1110,1.0,high,model+title
https://mahamprint.com/product/2278/%D9%87%D8%A7%D8%AA%D8%B1%D9%88%D9%84%D8%B1-%D8%AA%D9%88%D8%B4%DB%8C%D8%A8%D8%A7-3508-4508-3008,12,154,https://mahamprint.com/products/--3508-4508-3008,هاترولر توشیبا 3508 4508 3008,1.0,high,model+title
https://mahamprint.com/product/2041/%D8%A8%D8%B1%D8%AF-%D9%81%D8%B1%D9%85%D8%AA%D8%B1-Samsung-M2020,25,153,https://mahamprint.com/products/--samsung-m2020,برد فرمتر Samsung M2020,1.0,high,model+title
https://mahamprint.com/product/504/%D8%A7%D8%B3%DA%A9%D9%86%D8%B1-%D8%A7%D8%B3%D9%86%D8%A7%D8%AF-%DA%A9%D8%AF%D8%A7%DA%A9-I1405,10,151,https://mahamprint.com/products/---i1405,اسکنر اسناد کداک I1405,1.0,high,model+title
https://mahamprint.com/product/1568/%D8%AA%D9%88%D9%86%D8%B1-HP-414A,13,152,https://mahamprint.com/products/-hp-414a,تونر HP 414A,1.0,high,model+title
https://mahamprint.com/product/775/%D8%AF%D8%B3%D8%AA%DA%AF%D8%A7%D9%87-%D8%A8%D8%B1%D8%B4-%DA%A9%D8%A7%D8%BA%D8%B0-VS-Plus450,8,153,https://mahamprint.com/products/---vs-plus450,دستگاه برش کاغذ VS Plus450,1.0,high,model+title
https://mahamprint.com/product/540/%D9%84%DB%8C%D8%A8%D9%84-%D9%BE%D8%B1%DB%8C%D9%86%D8%AA%D8%B1-%D9%85%D8%AF%D9%84-Bixolon-SLP-DX220,0,150,https://mahamprint.com/products/---bixolon-slp-dx220,لیبل پرینتر مدل Bixolon SLP DX220,1.0,high,model+title
https://mahamprint.com/product/2074/%D9%82%D8%B7%D8%B9%D9%87-%D8%A8%D8%B1%D8%AF-%D9%BE%D8%A7%D9%88%D8%B1-hp-m15a,10,149,https://mahamprint.com/products/---hp-m15a,قطعه برد پاور hp m15a,1.0,high,model+title
https://mahamprint.com/product/1650/%D9%BE%D8%B1%DB%8C%D9%86%D8%AA%D8%B1-%D8%AC%D9%88%D9%87%D8%B1%D8%A7%D9%81%D8%B4%D8%A7%D9%86-hp-Smart-Tank-500,17,148,https://mahamprint.com/products/--hp-smart-tank-500,پرینتر جوهرافشان hp Smart Tank 500,1.0,high,model+title
https://mahamprint.com/product/3030/%D8%A7%D8%B3%DA%A9%D9%86%D8%B1-%20Avision%20-360G,3,149,https://mahamprint.com/products/--avision--360g,اسکنر Avision 360G,1.0,high,model+title
https://mahamprint.com/product/2285/%D9%87%D8%AF-%D8%B1%DB%8C%D9%81%DB%8C%D9%84-%D8%B4%D8%B4-%D8%B1%D9%86%DA%AF-%D8%A8%D8%B1%D9%86%D8%AF-HP-%D9%85%D8%AF%D9%84-72,1,151,,,0.087,none,
https://mahamprint.com/product/2440/%D9%BE%D8%B1%DB%8C%D9%86%D8%AA%D8%B1-%DA%86%D9%87%D8%A7%D8%B1-%DA%A9%D8%A7%D8%B1%D9%87-epson-15150,8,148,https://mahamprint.com/products/---epson-15150,پرینتر چهار کاره epson 15150,1.0,high,model+title
https://mahamprint.com/product/2883/%D9%BE%D8%B1%DB%8C%D9%86%D8%AA%D8%B1-%D8%B3%D9%87-%DA%A9%D8%A7%D8%B1%D9%87-%D8%A7%D8%B3%D8%AA%D9%88%DA%A9-%D8%A8%D8%B1%D9%86%D8%AF-hp-M1132,3,148,https://mahamprint.com/products/-----hp-m1132,پرینتر لیزری سه کاره برند HP  M1132,0.883,high,model+title
https://mahamprint.com/product/1738/%D8%B1%DB%8C%D8%A8%D9%88%D9%86-%D8%B1%D9%86%DA%AF%DB%8C-250-%D8%B9%DA%A9%D8%B3-Fargo-C50-YMCKO-Ribbon-%D8%A7%D9%88%D8%B1%D8%AC%DB%8C%D9%86%D8%A7%D9%84,1,151,https://mahamprint.com/products/--250--fargo-c50-ymcko-ribbon-,ریبون رنگی 250 عکس Fargo C50 YMCKO Ribbon اورجینال,1.0,high,model+title
https://mahamprint.com/product/2484/%D8%A8%D8%A7%D8%B1%DA%A9%D8%AF-%D8%A7%D8%B3%DA%A9%D9%86%D8%B1-HEROJE-NB271-2D,15,147,https://mahamprint.com/products/--heroje-nb271-2d,بارکد اسکنر HEROJE NB271-2D,1.0,high,model+title
https://mahamprint.com/product/474/%D8%A7%D8%B3%DA%A9%D9%86%D8%B1-Fujitsu-Fi-6110,21,147,https://mahamprint.com/products/-fujitsu-fi-6110,اسکنر Fujitsu Fi-6110,1.0,high,model+title
https://mahamprint.com/product/2977/%D9%BE%D8%B1%DB%8C%D9%86%D8%AA%D8%B1-%20%D8%B3%D9%87%20%DA%A9%D8%A7%D8%B1%D9%87-%20%D8%AC%D9%88%D9%87%D8%B1%D8%A7%D9%81%D8%B4%D8%A7%D9%86-%20%20Brother-%20DCP-T220,15,147,https://mahamprint.com/products/-------brother--dcp-t220,پرینتر سه کاره جوهرافشان  Brother DCP-T220,1.0,high,model+title
https://mahamprint.com/product/762/%DA%A9%D8%A7%D8%BA%D8%B0-%D8%AE%D8%B1%D8%AF%DA%A9%D9%86-Aurora-HS150S,12,147,https://mahamprint.com/products/--aurora-hs150s,کاغذ خردکن Aurora HS150S,1.0,high,model+title
https://mahamprint.com/product/1509/%D8%AA%D9%88%D9%86%D8%B1-%DA%A9%D8%A7%D8%B1%D8%AA%D8%B1%DB%8C%D8%AC-HP-25X,11,146,https://mahamprint.com/products/--hp-25x,تونر کارتریج HP 25X,1.0,high,model+title
https://mahamprint.com/product/129/%D9%BE%D8%B1%DB%8C%D9%86%D8%AA%D8%B1-%D8%AA%DA%A9-%DA%A9%D8%A7%D8%B1%D9%87-%D9%84%DB%8C%D8%B2%D8%B1%DB%8C-BROTHER-%D9%85%D8%AF%D9%84-HL-L5200dw,8,146,https://mahamprint.com/products/----brother--hl-l5200dw,پرینتر تک کاره لیزری BROTHER مدل HL-L5200dw,1.0,high,model+title
https://mahamprint.com/product/388/%D8%A7%D8%B3%DA%A9%D9%86%D8%B1-HP-Scanjet-G3110,4,147,https://mahamprint.com/products/-hp-scanjet-g3110,اسکنر HP Scanjet G3110,1.0,high,model+title
https://mahamprint.com/product/1314/%D9%85%D8%A7%D9%86%DB%8C%D8%AA%D9%88%D8%B1-BENQ-BL2420PT-24-Inch,22,146,https://mahamprint.com/products/-benq-bl2420pt-24-inch,مانیتور BENQ BL2420PT 24 Inch,1.0,high,model+title
https://mahamprint.com/product/2955/%D8%AF%D8%B3%D8%AA%DA%AF%D8%A7%D9%87-%20%DA%A9%D9%BE%DB%8C-%20canon-%20%D9%85%D8%AF%D9%84-%20imageRUNNER-%202224N,7,145,https://mahamprint.com/products/----canon----imagerunner--2224n,دستگاه کپی canon مدل imageRUNNER 2224N,1.0,high,model+title
https://mahamprint.com/product/2513/%D9%BE%D8%B1%DB%8C%D9%86%D8%AA%D8%B1-%DA%86%D9%86%D8%AF%DA%A9%D8%A7%D8%B1%D9%87-%D9%84%DB%8C%D8%B2%D8%B1%DB%8C-HP-M443NDA,4,146,https://mahamprint.com/products/---hp-m443nda,پرینتر چندکاره لیزری HP M443NDA,1.0,high,model+title
https://mahamprint.com/product/2579/%DA%AF%D9%88%D8%B4%DB%8C-%D9%85%D9%88%D8%A8%D8%A7%DB%8C%D9%84-%D8%A7%D9%BE%D9%84-iphone-14,2,146,https://mahamprint.com/products/---iphone-14,گوشی موبایل اپل iphone 14,1.0,high,model+title
https://mahamprint.com/product/1155/%D8%AC%D9%88%D9%87%D8%B1-%D8%A8%D8%B1%D9%86%D8%AF-EPSON-%D9%85%D8%AF%D9%84-673,9,145,https://mahamprint.com/products/--epson--673,جوهر برند EPSON مدل 673,1.0,high,model+title
https://mahamprint.com/product/222/%D9%BE%D8%B1%DB%8C%D9%86%D8%AA%D8%B1-%D8%AC%D9%88%D9%87%D8%B1%D8%A7%D9%81%D8%B4%D8%A7%D9%86-%D8%B3%D9%87-%DA%A9%D8%A7%D8%B1%D9%87-HP-GT-5820,12,141,https://mahamprint.com/products/----hp-gt-5820,پرینتر جوهرافشان سه کاره HP GT-5820,1.0,high,model+title
https://mahamprint.com/product/448/%D8%A7%D8%B3%DA%A9%D9%86%D8%B1-PLUSTEK-OPTICSLIM-1680H,10,143,https://mahamprint.com/products/-plustek-opticslim-1680h,اسکنر PLUSTEK OPTICSLIM 1680H,1.0,high,model+title
https://mahamprint.com/product/1012/%D9%85%D8%A7%D8%B4%DB%8C%D9%86-%D8%AD%D8%B3%D8%A7%D8%A8-Citizen-SR-270-XPU,5,144,https://mahamprint.com/products/--citizen-sr-270-xpu,ماشین حساب Citizen SR-270 XPU,1.0,high,model+title
https://mahamprint.com/product/520/%D8%AF%D8%B3%D8%AA%DA%AF%D8%A7%D9%87-%D8%AA%D8%B3%D8%AA-%D8%A7%D8%B3%DA%A9%D9%86%D8%A7%D8%B3-%D9%85%D8%AF%D9%84-Magner,7,139,https://mahamprint.com/products/----magner,دستگاه تست اسکناس مدل Magner,1.0,high,model+title
https://mahamprint.com/product/1047/%D8%AF%D8%B3%D8%AA%DA%AF%D8%A7%D9%87-%DA%A9%D9%BE%DB%8C-XEROX-5875,5,139,https://mahamprint.com/products/--xerox-5875,دستگاه کپی XEROX 5875,1.0,high,model+title
https://mahamprint.com/product/105/%D9%BE%D8%B1%DB%8C%D9%86%D8%AA%D8%B1-%D9%84%DB%8C%D8%B2%D8%B1%DB%8C-%D8%AA%DA%A9-%DA%A9%D8%A7%D8%B1%D9%87-canon-%D9%85%D8%AF%D9%84-lbp611cn,4,139,https://mahamprint.com/products/----canon--lbp611cn,پرینتر لیزری تک کاره  canon مدل lbp611cn,1.0,high,model+title
https://mahamprint.com/product/1764/%D8%B1%DB%8C%D8%A8%D9%88%D9%86-%D8%AA%DA%A9-%D8%B1%D9%86%DA%AF-%D8%B3%D9%81%DB%8C%D8%AF-1000-%D8%B9%DA%A9%D8%B3-%D9%85%D8%AC%DB%8C%DA%A9%D8%A7%D8%B1%D8%AF-Magicard-Ribbon-White,0,139,https://mahamprint.com/products/----1000---magicard-ribbon-white,ریبون تک رنگ سفید 1000 عکس مجیکارد Magicard Ribbon White,1.0,high,model+title
https://mahamprint.com/product/2686/%D8%A7%D8%B3%DA%A9%D9%86%D8%B1-%D8%A7%D8%AB%D8%B1-%D8%A7%D9%86%DA%AF%D8%B4%D8%AA-suprema-%D9%85%D8%AF%D9%84-BioMini-Plus-2,12,136,https://mahamprint.com/products/---suprema--biomini-plus-2,اسکنر اثر انگشت suprema مدل BioMini Plus 2,1.0,high,model+title
https://mahamprint.com/product/665/%DA%A9%D8%A7%D8%BA%D8%B0-%D8%AE%D8%B1%D8%AF%DA%A9%D9%86-Remo-C-1100,3,136,https://mahamprint.com/products/--remo-c-1100,کاغذ خردکن Remo C-1100,1.0,high,model+title
https://mahamprint.com/product/2717/%DA%A9%D8%A7%D8%B1%D8%AA-%DA%AF%D8%B1%D8%A7%D9%81%DB%8C%DA%A9-MSI-RX-6800-GAMING-X-TRIO-16G,11,135,https://mahamprint.com/products/--msi-rx-6800-gaming-x-trio-16g,کارت گرافیک  MSI RX 6800 GAMING X TRIO 16G,1.0,high,model+title
https://mahamprint.com/product/1338/%D9%85%D8%A7%D8%B4%DB%8C%D9%86-%D8%AD%D8%B3%D8%A7%D8%A8-PARS-DS-206L,1,138,https://mahamprint.com/products/--pars-ds-206l,ماشین حساب PARS DS-206L,1.0,high,model+title
https://mahamprint.com/product/464/%D8%A7%D8%B3%DA%A9%D9%86%D8%B1-CANON-DR-C230,2,134,https://mahamprint.com/products/-canon-dr-c230,اسکنر CANON DR-C230,1.0,high,model+title
https://mahamprint.com/product/1547/%D8%AA%D9%88%D9%86%D8%B1-RICOH-SP-201LA,20,133,https://mahamprint.com/products/-ricoh-sp-201la,تونر RICOH SP 201LA,1.0,high,model+title
https://mahamprint.com/product/1160/%D8%B3%D8%AA-%DA%A9%D8%A7%D8%BA%D8%B0-%D8%B9%DA%A9%D8%B3-%D9%88-%D8%AC%D9%88%D9%87%D8%B1-Canon-KP-108IN,5,133,https://mahamprint.com/products/-----canon-kp-108in,ست کاغذ عکس و جوهر Canon KP-108IN,1.0,high,model+title
https://mahamprint.com/product/484/%D8%A7%D8%B3%DA%A9%D9%86%D8%B1-HP-Scanjet-8300,20,137,https://mahamprint.com/products/-hp-scanjet-8300,اسکنر HP Scanjet 8300,1.0,high,model+title
https://mahamprint.com/product/2616/%D8%B3%D8%A7%D8%B9%D8%AA-%D9%87%D9%88%D8%B4%D9%85%D9%86%D8%AF-SAMSUNG-galaxy-watch-4,0,133,https://mahamprint.com/products/--samsung-galaxy-watch-4,ساعت هوشمند SAMSUNG galaxy watch 4,1.0,high,model+title
https://mahamprint.com/product/2544/%D9%BE%D9%84%D8%A7%D8%AA%D8%B1-EPSON-%D9%85%D8%AF%D9%84-SureColor-SC-F500,15,132,https://mahamprint.com/products/-epson--surecolor-sc-f500,پلاتر  EPSON مدل SureColor SC-F500,1.0,high,model+title
https://mahamprint.com/product/611/%D8%B5%D9%86%D8%AF%D9%88%D9%82-%D9%81%D8%B1%D9%88%D8%B4%DA%AF%D8%A7%D9%87%DB%8C-NIKITA-iCash-A715,22,132,https://mahamprint.com/products/--nikita-icash-a715,صندوق فروشگاهی NIKITA iCash A715,1.0,high,model+title
https://mahamprint.com/product/2919/%D9%BE%D8%B1%DB%8C%D9%86%D8%AA%D8%B1-%DA%86%D9%87%D8%A7%D8%B1%DA%A9%D8%A7%D8%B1%D9%87-CANON-i-SENSYS-MF4750,6,132,https://mahamprint.com/products/--canon-i-sensys-mf4750,پرینتر چهارکاره CANON i-SENSYS MF4750,1.0,high,model+title
https://mahamprint.com/product/2029/%D8%A8%D8%B1%D8%AF-%D9%81%D8%B1%D9%85%D8%AA%D8%B1-HP-P2055d,4,132,https://mahamprint.com/products/--hp-p2055d,برد فرمتر HP P2055d,1.0,high,model+title
https://mahamprint.com/product/394/%D8%A7%D8%B3%DA%A9%D9%86%D8%B1-HP-6310,14,132,https://mahamprint.com/products/-hp-6310,اسکنر HP 6310,1.0,high,model+title
https://mahamprint.com/product/2537/%D9%BE%D8%B1%DB%8C%D9%86%D8%AA%D8%B1-%D8%AA%DA%A9-%DA%A9%D8%A7%D8%B1%D9%87-hp-652dn,22,131,https://mahamprint.com/products/---hp-652dn,پرینتر تک کاره hp 652dn,1.0,high,model+title
https://mahamprint.com/product/1563/%DA%A9%D8%A7%D8%B1%D8%AA%D8%B1%DB%8C%D8%AC-%D8%AA%D9%88%D9%86%D8%B1-HP-410X,14,131,https://mahamprint.com/products/--hp-410x,کارتریج تونر HP 410X,1.0,high,model+title
https://mahamprint.com/product/556/%D9%84%DB%8C%D8%A8%D9%84-%D9%BE%D8%B1%DB%8C%D9%86%D8%AA%D8%B1-TSC-TE200,6,131,https://mahamprint.com/products/--tsc-te200,لیبل پرینتر TSC TE200,1.0,high,model+title
https://mahamprint.com/product/987/%D9%85%D8%A7%D8%B4%DB%8C%D9%86-%D8%AD%D8%B3%D8%A7%D8%A8-CASIO-DR-1212LA,4,130,https://mahamprint.com/products/--casio-dr-1212la,ماشین حساب CASIO DR_1212LA,1.0,high,model+title
https://mahamprint.com/product/1570/%D8%AA%D9%88%D9%86%D8%B1-%DA%A9%D8%A7%D8%B1%D8%AA%D8%B1%DB%8C%D8%AC-SHARP-MX61GT,26,129,https://mahamprint.com/products/--sharp-mx61gt,تونر کارتریج SHARP MX61GT,1.0,high,model+title
https://mahamprint.com/product/2271/%D9%87%D8%A7%D8%AA-%D8%B1%D9%88%D9%84-%DA%A9%DB%8C%D9%88%D8%B3%D8%B1%D8%A7-1620-%D9%88-1635,4,130,https://mahamprint.com/products/---1620--1635,هات رول کیوسرا 1620 و 1635,1.0,high,model+title
https://mahamprint.com/product/3102/%D9%BE%D8%B1%DB%8C%D9%86%D8%AA%D8%B1-%20%D9%84%DB%8C%D8%A8%D9%84%20-%D8%B2%D9%86%20-%D8%A7%D9%BE%D8%B3%D9%88%D9%86%20-%D9%85%D8%AF%D9%84%20-TM-C3500,12,129,https://mahamprint.com/products/----------tm-c3500,پرینتر لیبل زن اپسون مدل TM-C3500,1.0,high,model+title
https://mahamprint.com/product/1636/%D9%BE%D8%B1%DB%8C%D9%86%D8%AA%D8%B1-%D8%AC%D9%88%D9%87%D8%B1%D8%A7%D9%81%D8%B4%D8%A7%D9%86-%DA%86%D9%87%D8%A7%D8%B1-%DA%A9%D8%A7%D8%B1%D9%87-EPSON-3720-DW,4,128,https://mahamprint.com/products/----epson-l1455,پرینتر جوهرافشان چهار کاره EPSON L1455,0.417,medium,model+title
https://mahamprint.com/product/272/%D9%BE%D8%B1%DB%8C%D9%86%D8%AA%D8%B1-%D8%B3%D9%88%D8%B2%D9%86%DB%8C-EPSON-LQ-2190,11,128,https://mahamprint.com/products/--epson-lq-2190,پرینتر سوزنی EPSON LQ 2190,1.0,high,model+title
https://mahamprint.com/product/2032/%D8%A8%D8%B1%D8%AF-%D9%81%D8%B1%D9%85%D8%AA%D8%B1-Canon-MF4410,11,128,https://mahamprint.com/products/--canon-mf4410,برد فرمتر Canon MF4410,1.0,high,model+title
https://mahamprint.com/product/360/%D9%BE%D8%B1%DB%8C%D9%86%D8%AA%D8%B1-%D8%B3%D9%87-%DA%A9%D8%A7%D8%B1%D9%87-%D8%AC%D9%88%D9%87%D8%B1%D8%A7%D9%81%D8%B4%D8%A7%D9%86-HP-Ink-Tank-515,9,127,https://mahamprint.com/products/----hp-ink-tank-515,پرینتر سه کاره جوهرافشان HP Ink Tank 515,1.0,high,model+title
https://mahamprint.com/product/2691/%D8%A7%D8%B3%DA%A9%D9%86%D8%B1-%D8%AF%D9%87-%D8%A7%D9%86%DA%AF%D8%B4%D8%AA-suprema-realscan-G10,2,127,https://mahamprint.com/products/---suprema-realscan-g10,اسکنر ده انگشت suprema realscan-G10,1.0,high,model+title
https://mahamprint.com/product/827/%D8%A8%D8%A7%D8%B1%DA%A9%D8%AF-%D8%A7%D8%B3%DA%A9%D9%86%D8%B1-DataScan-%D9%85%D8%AF%D9%84-IP-2050,12,126,https://mahamprint.com/products/--datascan--ip-2050,بارکد اسکنر DataScan مدل IP-2050,1.0,high,model+title
https://mahamprint.com/product/119/%D9%BE%D8%B1%DB%8C%D9%86%D8%AA%D8%B1-%DA%86%D9%86%D8%AF%DA%A9%D8%A7%D8%B1%D9%87-%D9%84%DB%8C%D8%B2%D8%B1%DB%8C-SAMSUNG-2070FH,10,126,https://mahamprint.com/products/---samsung-2070fh,پرینتر چندکاره لیزری SAMSUNG 2070FH,1.0,high,model+title
https://mahamprint.com/product/1065/%D9%81%D8%AA%D9%88%DA%A9%D9%BE%DB%8C-RICOH-MP2014D,4,126,https://mahamprint.com/products/-ricoh-mp2014d,فتوکپی RICOH MP2014D,1.0,high,model+title
https://mahamprint.com/product/537/%D9%81%DB%8C%D8%B4-%D9%BE%D8%B1%DB%8C%D9%86%D8%AA%D8%B1-Bixolon-%D9%85%D8%AF%D9%84-R410,3,126,https://mahamprint.com/products/--bixolon--r410,فیش پرینتر Bixolon مدل R410,1.0,high,model+title
https://mahamprint.com/product/2468/%D8%A7%D8%B3%DA%A9%D9%86%D8%B1-Mustek-P3600-A3-Pro,1,126,https://mahamprint.com/products/-mustek-p3600-a3-pro,اسکنر Mustek P3600 A3 Pro,1.0,high,model+title
https://mahamprint.com/product/3080/%D8%A7%D8%B3%DA%A9%D9%86%D8%B1-%20%D8%A7%DB%8C-%20%D9%88%DB%8C%DA%98%D9%86%20-%D9%85%D8%AF%D9%84AD360GF,0,126,https://mahamprint.com/products/------ad360gf,اسکنر ای ویژن مدلAD360GF,1.0,high,model+title
https://mahamprint.com/product/259/%D9%BE%D8%B1%DB%8C%D9%86%D8%AA%D8%B1-EPSON-L810,4,125,https://mahamprint.com/products/-epson-l810,پرینتر EPSON L810,1.0,high,model+title
https://mahamprint.com/product/1555/%D8%AA%D9%88%D9%86%D8%B1-HP-81A,9,125,https://mahamprint.com/products/-hp-81a,تونر HP 81A,1.0,high,model+title
https://mahamprint.com/product/1046/%D8%AF%D8%B3%D8%AA%DA%AF%D8%A7%D9%87-%DA%A9%D9%BE%DB%8C-XEROX-workcentre-5865-i,9,124,https://mahamprint.com/products/--xerox-workcentre-5865-i,دستگاه کپی XEROX workcentre 5865 i,1.0,high,model+title
https://mahamprint.com/product/930/%D9%85%D8%A7%D8%B4%DB%8C%D9%86-%D8%AD%D8%B3%D8%A7%D8%A8-SHARP-EL-377W,5,123,https://mahamprint.com/products/--sharp-el-377w,ماشین حساب SHARP EL-377W,1.0,high,model+title
https://mahamprint.com/product/53/%D9%BE%D8%B1%DB%8C%D9%86%D8%AA%D8%B1-%D8%AC%D9%88%D9%87%D8%B1%D8%A7%D9%81%D8%B4%D8%A7%D9%86-%DA%86%D9%87%D8%A7%D8%B1-%DA%A9%D8%A7%D8%B1%D9%87-EPSON-WF-2850,11,124,https://mahamprint.com/products/----epson-wf-2850,پرینتر جوهرافشان چهار کاره EPSON WF-2850,1.0,high,model+title
https://mahamprint.com/product/395/%D8%A7%D8%B3%DA%A9%D9%86%D8%B1-HP-8270,9,122,https://mahamprint.com/products/-hp-8270,اسکنر HP 8270,1.0,high,model+title
https://mahamprint.com/product/1638/%D9%BE%D8%B1%DB%8C%D9%86%D8%AA%D8%B1-L3156-EPSON,4,122,https://mahamprint.com/products/-l3156-epson,پرینتر L3156 EPSON,1.0,high,model+title
https://mahamprint.com/product/1962/%D9%86%D9%88%D8%A7%D8%B1-%D9%84%DB%8C%D8%A8%D9%84-%D9%BE%D8%B1%DB%8C%D9%86%D8%AA%D8%B1-%D8%A8%D8%B1%D8%A7%D8%AF%D8%B1-TZE-531,8,122,https://mahamprint.com/products/----tze-531,نوار لیبل پرینتر برادر TZE-531,1.0,high,model+title
https://mahamprint.com/product/1332/%D9%85%D8%A7%D9%86%DB%8C%D8%AA%D9%88%D8%B1-XVISION-XL2020AI-195-Inch,0,123,https://mahamprint.com/products/-xvision-xl2020ai-19-5-inch,مانیتور XVISION XL2020AI 19.5 Inch,0.688,high,model+title
https://mahamprint.com/product/1931/%D9%86%D9%88%D8%A7%D8%B1-%D8%A8%D8%B1%DA%86%D8%B3%D8%A8-%D9%84%DB%8C%D8%A8%D9%84-%D8%B2%D9%86-%D8%AF%D8%B3%D8%AA%DB%8C-%D9%85%D8%AF%D9%84-DYMO-%D8%B1%D9%86%DA%AF-%D9%86%D9%82%D8%B1%D9%87-%D8%A7%DB%8C,4,122,https://mahamprint.com/products/------dymo--,نوار یدک لیبل زن دستی برند DYMO رنگ قرمز,0.841,high,model+title
https://mahamprint.com/product/2516/%D8%AF%D8%B3%D8%AA%DA%AF%D8%A7%D9%87-%DA%A9%D9%BE%DB%8C-sharp-7024dn,1,123,https://mahamprint.com/products/--sharp-7024dn,دستگاه کپی sharp 7024dn ,1.0,high,model+title
https://mahamprint.com/product/3090/%D9%BE%D8%B1%DB%8C%D9%86%D8%AA%D8%B1-%20%D8%B3%D9%87%20-%DA%A9%D8%A7%D8%B1%D9%87%20-%DA%A9%D8%A7%D9%86%D9%86-%20%D9%85%D8%AF%D9%84-%20MF232-%20nw,4,120,https://mahamprint.com/products/----------mf232--nw,پرینتر سه کاره کانن مدل MF232 nw,1.0,high,model+title
https://mahamprint.com/product/2251/%D9%81%DB%8C%D9%88%D8%B2%DB%8C%D9%86%DA%AF-%D8%A7%DA%86-%D9%BE%DB%8C-HP-1300,11,119,https://mahamprint.com/products/---hp-1300,فیوزینگ اچ پی HP 1300,1.0,high,model+title
https://mahamprint.com/product/1565/%D8%AA%D9%88%D9%86%D8%B1-%DA%A9%D8%A7%D8%B1%D8%AA%D8%B1%DB%8C%D8%AC-HP-206A,3,119,https://mahamprint.com/products/--hp-206a,تونر کارتریج HP 206A,1.0,high,model+title
https://mahamprint.com/product/1621/%D9%BE%D8%B1%DB%8C%D9%86%D8%AA%D8%B1-%D8%AA%DA%A9-%DA%A9%D8%A7%D8%B1%D9%87-%D9%84%DB%8C%D8%B2%D8%B1%DB%8C-canon-6018w,3,119,https://mahamprint.com/products/----canon-6018w,پرینتر تک کاره لیزری  canon 6018w,1.0,high,model+title
https://mahamprint.com/product/813/%D8%A8%D8%A7%D8%B1%DA%A9%D8%AF-%D8%A7%D8%B3%DA%A9%D9%86%D8%B1-NewLand-HR-11,17,118,https://mahamprint.com/products/--newland-hr-11,بارکد اسکنر NewLand HR-11,1.0,high,model+title
https://mahamprint.com/product/591/%D8%B5%D9%86%D8%AF%D9%88%D9%82-%D9%81%D8%B1%D9%88%D8%B4%DA%AF%D8%A7%D9%87%DB%8C-%D8%A8%D8%B1%D9%86%D8%AF-Casio-SE-C6000,7,118,https://mahamprint.com/products/---casio-se-c6000,صندوق فروشگاهی برند Casio SE-C6000,1.0,high,model+title
https://mahamprint.com/product/1818/%D8%AA%D8%A7%D9%86%DA%A9-%D8%AC%D9%88%D9%87%D8%B1-%DA%A9%D8%A7%D9%86%D9%86-Canon-4840,6,118,https://mahamprint.com/products/---canon-4840,تانک جوهر کانن Canon 4840,1.0,high,model+title
https://mahamprint.com/product/460/%D8%A7%D8%B3%DA%A9%D9%86%D8%B1-Mustek-2400-N,4,118,https://mahamprint.com/products/-mustek-2400-n,اسکنر Mustek 2400 N,1.0,high,model+title
https://mahamprint.com/product/666/%DA%A9%D8%A7%D8%BA%D8%B0-%D8%AE%D8%B1%D8%AF%DA%A9%D9%86-Remo-C-3100,1,118,https://mahamprint.com/products/--remo-c-3100,کاغذ خردکن Remo C-3100,1.0,high,model+title
https://mahamprint.com/product/832/%D8%A8%D8%A7%D8%B1%DA%A9%D8%AF-%D8%A7%D8%B3%DA%A9%D9%86%D8%B1-%D8%A8%D8%B1%D9%86%D8%AF-DATALOGIC-MAGELLAN-1D3200VSI,0,118,https://mahamprint.com/products/---datalogic-magellan-1d3200vsi,بارکد اسکنر برند DATALOGIC MAGELLAN 1D3200VSI,1.0,high,model+title
https://mahamprint.com/product/766/%D8%AF%D8%B3%D8%AA%DA%AF%D8%A7%D9%87-%D8%A8%D8%B1%D8%B4-%DA%A9%D8%A7%D8%BA%D8%B0-AX4605,6,118,https://mahamprint.com/products/---ax4605,دستگاه برش کاغذ AX4605,1.0,high,model+title
https://mahamprint.com/product/386/%D8%A7%D8%B3%DA%A9%D9%86%D8%B1-HP-200,6,117,https://mahamprint.com/products/-hp-200,اسکنر HP 200,1.0,high,model+title
https://mahamprint.com/product/645/%DA%A9%D8%A7%D8%BA%D8%B0-%D8%AE%D8%B1%D8%AF%DA%A9%D9%86-nikita-%D9%85%D8%AF%D9%84-Silver-Plus,1,117,https://mahamprint.com/products/----nikita--silver--plus,کاغذ خردکن Nikita Silver plus,1.0,high,model+title
https://mahamprint.com/product/3091/%D9%BE%D8%B1%DB%8C%D9%86%D8%AA%D8%B1%20-%DA%86%D9%87%D8%A7%D8%B1%DA%A9%D8%A7%D8%B1%D9%87-%20%D9%84%DB%8C%D8%B2%D8%B1%DB%8C%20-HP%20-425DN,2,117,https://mahamprint.com/products/------hp--425dn,پرینتر چهارکاره لیزری HP 425DN,1.0,high,model+title
https://mahamprint.com/product/3119/%D9%BE%D8%B1%DB%8C%D9%86%D8%AA%D8%B1%20-%DA%86%D9%87%D8%A7%D8%B1%DA%A9%D8%A7%D8%B1%D9%87-%20%D9%84%DB%8C%D8%B2%D8%B1%DB%8C%20-HP%20-MFP-%20M128-%20FN,6,125,https://mahamprint.com/products/------hp--mfp--m128--fn,پرینتر چهارکاره لیزری HP MFP M128 FN,1.0,high,model+title
https://mahamprint.com/product/1333/%D9%85%D8%A7%D9%86%DB%8C%D8%AA%D9%88%D8%B1-%D8%A7%D9%84-%D8%AC%DB%8C-%DB%B2%DB%B4-MK430H-B-%D8%B3%D8%A7%DB%8C%D8%B2-%DB%B2%DB%B3-%DB%B5-%D8%A7%DB%8C%D9%86%DA%86,5,116,https://mahamprint.com/products/----mk430h-b----,مانیتور ال جی ۲۴ MK430H-B سایز ۲۳.۵ اینچ,1.0,high,model+title
https://mahamprint.com/product/3075/Fujitsu-FI-8170,5,116,https://mahamprint.com/products/fujitsu-fi-8170,اسکنر برند Fujitsu FI-8170,0.912,high,model+title
https://mahamprint.com/product/2984/%DA%A9%D8%A7%D8%BA%D8%B0-%20%D8%AE%D8%B1%D8%AF%DA%A9%D9%86-%20Nikita-%209108,1,116,https://mahamprint.com/products/----nikita--9108,کاغذ خردکن Nikita 9108,1.0,high,model+title
https://mahamprint.com/product/1632/%D9%BE%D8%B1%DB%8C%D9%86%D8%AA%D8%B1-J2330CDW-BROTHER,10,115,https://mahamprint.com/products/-j2330cdw-brother,پرینتر J2330CDW BROTHER,1.0,high,model+title
https://mahamprint.com/product/264/%D9%BE%D8%B1%DB%8C%D9%86%D8%AA%D8%B1-%D8%AC%D9%88%D9%87%D8%B1%D8%A7%D9%81%D8%B4%D8%A7%D9%86-EPSON-L382,7,115,https://mahamprint.com/products/--epson-l382,پرینتر جوهرافشان EPSON L382,1.0,high,model+title
https://mahamprint.com/product/3132/%D8%A7%D8%B3%DA%A9%D9%86%D8%B1%20-Avision%20-ad8120u,5,114,https://mahamprint.com/products/--avision--ad8120u,اسکنر Avision ad8120u,1.0,high,model+title
https://mahamprint.com/product/862/%D8%A7%D8%B3%DA%A9%D9%86%D8%A7%D8%B3-%D8%B4%D9%85%D8%A7%D8%B1-%D8%B3%DB%8C-%D8%AA%DA%A9-%D9%85%D8%AF%D9%84-ST-350,12,115,https://mahamprint.com/products/-----st-350,اسکناس شمار سی تک مدل ST-350,1.0,high,model+title
https://mahamprint.com/product/367/%D9%BE%D8%B1%DB%8C%D9%86%D8%AA%D8%B1-%D9%84%DB%8C%D8%B2%D8%B1%DB%8C-%DA%86%D9%86%D8%AF%DA%A9%D8%A7%D8%B1%D9%87-RICOH-%D9%85%D8%AF%D9%84-230-sfnw,5,113,https://mahamprint.com/products/---ricoh--230-sfnw,پرینتر لیزری چندکاره RICOH مدل 230 sfnw,1.0,high,model+title
https://mahamprint.com/product/2954/%D9%BE%D8%B1%DB%8C%D9%86%D8%AA%D8%B1-%20%DA%86%D9%86%D8%AF%20%DA%A9%D8%A7%D8%B1%D9%87%20-%D9%84%DB%8C%D8%B2%D8%B1%DB%8C-%20HP%20-%D9%85%D8%AF%D9%84-%20LaserJet-%20Pro-%20MFP-%20M528dn,10,113,https://mahamprint.com/products/-------hp----laserjet--pro--mfp--m528dn,پرینتر چند کاره لیزری HP مدل LaserJet Pro MFP M528dn,1.0,high,model+title
https://mahamprint.com/product/2444/%D9%84%DB%8C%D8%A8%D9%84-%D9%BE%D8%B1%DB%8C%D9%86%D8%AA%D8%B1-brother-Ql800,4,113,https://mahamprint.com/products/--brother-ql800,لیبل پرینتر brother Ql800,1.0,high,model+title
https://mahamprint.com/product/463/%D8%A7%D8%B3%DA%A9%D9%86%D8%B1-CANON-DR-C130,5,113,https://mahamprint.com/products/-canon-dr-c130,اسکنر CANON DR-C130,1.0,high,model+title
https://mahamprint.com/product/2092/%D8%AF%D8%B1%D8%A7%D9%85-%DA%A9%D8%A7%D8%B1%D8%AA%D8%B1%DB%8C%D8%AC-%D9%85%D8%AF%D9%84-Canon-2202-Drum,5,112,https://mahamprint.com/products/---canon-2202-drum,درام کارتریج مدل Canon 2202 Drum,1.0,high,model+title
https://mahamprint.com/product/1787/%D8%AF%D9%88%D9%84%D9%88%D9%BE%D8%B1-Ricoh-%D8%A7%D9%88%D8%B1%D8%AC%DB%8C%D9%86%D8%A7%D9%84-Type-28,3,112,https://mahamprint.com/products/-ricoh--type-28,دولوپر Ricoh اورجینال Type 28,1.0,high,model+title
https://mahamprint.com/product/928/%D9%85%D8%A7%D8%B4%DB%8C%D9%86-%D8%AD%D8%B3%D8%A7%D8%A8-Casio-fx-570EX,4,112,https://mahamprint.com/products/--casio-fx-570ex,ماشین حساب Casio fx-570EX,1.0,high,model+title
https://mahamprint.com/product/2911/%D9%BE%D8%B1%DB%8C%D9%86%D8%AA%D8%B1-%D8%AC%D9%88%D9%87%D8%B1%D8%A7%D9%81%D8%B4%D8%A7%D9%86-%D8%B1%D9%86%DA%AF%DB%8C-%D8%A8%D8%B1%D9%86%D8%AF-EPSON-%D9%85%D8%AF%D9%84-L8050,4,112,https://mahamprint.com/products/----epson--l8050,پرینتر جوهرافشان رنگی برند EPSON مدل  L8050,1.0,high,model+title
https://mahamprint.com/product/1078/%D8%A8%D9%84%DB%8C%D8%AF-%DA%A9%D8%A7%D8%B1%D8%AA%D8%B1%DB%8C%D8%AC-HP-1320,3,112,https://mahamprint.com/products/--hp-1320,بلید کارتریج HP 1320,1.0,high,model+title
https://mahamprint.com/product/1894/%D8%A7%D8%B3%DA%A9%D9%86%D8%B1-PANASONIC-KV-SL1066,15,112,https://mahamprint.com/products/-panasonic-kv-sl1066,اسکنر PANASONIC KV-SL1066,1.0,high,model+title
https://mahamprint.com/product/203/%D9%BE%D8%B1%DB%8C%D9%86%D8%AA%D8%B1-%DA%86%D9%86%D8%AF%DA%A9%D8%A7%D8%B1%D9%87-%D9%84%DB%8C%D8%B2%D8%B1%DB%8C-%D8%A8%D8%B1%D9%86%D8%AF-HP-%D9%85%D8%AF%D9%84-M775F,12,111,https://mahamprint.com/products/----hp--m775f,پرینتر چندکاره لیزری برند HP مدل M775F,1.0,high,model+title
https://mahamprint.com/product/1479/%DA%A9%D8%A7%D8%B1%D8%AA%D8%B1%DB%8C%D8%AC-%D8%AA%D9%88%D9%86%D8%B1-HP-105A,3,111,https://mahamprint.com/products/--hp-105a,کارتریج تونر HP 105A,1.0,high,model+title
https://mahamprint.com/product/2982/%D8%A7%D8%B3%DA%A9%D9%86%D8%B1-%20%D8%B1%D9%88%D9%85%DB%8C%D8%B2%DB%8C-%20Fujitsu-%20FI-8270,1,112,https://mahamprint.com/products/----fujitsu--fi-8270,اسکنر رومیزی Fujitsu FI-8270,1.0,high,model+title
https://mahamprint.com/product/2240/%D9%81%DB%8C%D9%88%D8%B2%DB%8C%D9%86%DA%AF-%DA%A9%D8%A7%D9%85%D9%84-%D8%B3%D8%A7%D9%85%D8%B3%D9%88%D9%86%DA%AF-Samsung-2570,7,111,https://mahamprint.com/products/---samsung-2570,فیوزینگ کامل سامسونگ Samsung 2570,1.0,high,model+title
https://mahamprint.com/product/3074/%D8%A7%D8%B3%DA%A9%D9%86%D8%B1-%D8%A7%D8%B3%D9%86%D8%A7%D8%AF-%DA%A9%D8%AF%D8%A7%DA%A9-Alaris-E1025,2,111,https://mahamprint.com/products/---alaris-e1025,اسکنر اسناد کداک Alaris E1025,1.0,high,model+title
https://mahamprint.com/product/959/%D9%85%D8%A7%D8%B4%DB%8C%D9%86-%D8%AD%D8%B3%D8%A7%D8%A8-CASIO-DS-1B,6,110,https://mahamprint.com/products/--casio-ds-1b,ماشین حساب CASIO DS-1B,1.0,high,model+title
https://mahamprint.com/product/1021/%D9%85%D8%A7%D8%B4%DB%8C%D9%86-%D8%AD%D8%B3%D8%A7%D8%A8-Sharp-EL-421,12,109,https://mahamprint.com/products/--sharp-el-421,ماشین حساب Sharp EL-421,1.0,high,model+title
https://mahamprint.com/product/919/%D9%85%D8%A7%D8%B4%DB%8C%D9%86-%D8%AD%D8%B3%D8%A7%D8%A8-CAS1C-DR-2130TW,4,110,https://mahamprint.com/products/--cas1c-dr-2130tw,ماشین حساب CAS1C DR-2130TW,1.0,high,model+title
https://mahamprint.com/product/365/%D9%BE%D8%B1%DB%8C%D9%86%D8%AA%D8%B1-%D8%AA%DA%A9-%DA%A9%D8%A7%D8%B1%D9%87-CANON-LBP253DW,7,109,https://mahamprint.com/products/---canon-lbp253dw,پرینتر تک کاره CANON LBP253DW,1.0,high,model+title
https://mahamprint.com/product/2910/%D9%BE%D8%B1%DB%8C%D9%86%D8%AA%D8%B1-%DA%86%D9%86%D8%AF%DA%A9%D8%A7%D8%B1%D9%87-%D9%84%DB%8C%D8%B2%D8%B1%DB%8C-%D8%B1%D9%86%DA%AF%DB%8C-%D8%A8%D8%B1%D9%86%D8%AF-CANON-%D9%85%D8%AF%D9%84-MF655Cdw,4,110,https://mahamprint.com/products/-----canon--mf655cdw,پرینتر چندکاره لیزری رنگی  برند CANON مدل MF655Cdw,1.0,high,model+title
https://mahamprint.com/product/252/%D9%BE%D8%B1%DB%8C%D9%86%D8%AA%D8%B1-%D8%B3%D9%87-%DA%A9%D8%A7%D8%B1%D9%87-%D8%AC%D9%88%D9%87%D8%B1%D8%A7%D9%81%D8%B4%D8%A7%D9%86-CANON-G3411,6,109,https://mahamprint.com/products/----canon-g3411,پرینتر سه کاره جوهرافشان CANON G3411,1.0,high,model+title
https://mahamprint.com/product/2342/%DA%86%D8%B1%D8%AE-%D8%AF%D9%86%D8%AF%D9%87-%D8%AF%D8%B1%D8%A7%DB%8C%D9%88-%D8%AA%D9%88%D9%86%D8%B1-%D8%B9%D9%86%DA%A9%D8%A8%D9%88%D8%AA%DB%8C-%D9%BE%D8%B1%DB%8C%D9%86%D8%AA%D8%B1-%D8%A8%D8%B1%D9%86%D8%AF-HP-%D9%85%D8%AF%D9%84-PRO-401,5,109,https://mahamprint.com/products/-------hp--pro-401,چرخ دنده درایو تونر (عنکبوتی) پرینتر برند HP مدل PRO 401,1.0,high,model+title
https://mahamprint.com/product/204/%D9%BE%D8%B1%DB%8C%D9%86%D8%AA%D8%B1-%D9%84%DB%8C%D8%B2%D8%B1%DB%8C-%DA%86%D9%87%D8%A7%D8%B1-%DA%A9%D8%A7%D8%B1%D9%87-HP-M880Z,5,109,https://mahamprint.com/products/----hp-m880z,پرینتر لیزری چهار کاره HP M880Z,1.0,high,model+title
https://mahamprint.com/product/406/%D8%A7%D8%B3%DA%A9%D9%86%D8%B1-EPSON-DS-870,3,109,https://mahamprint.com/products/-epson-ds-870,اسکنر EPSON DS-870,1.0,high,model+title
https://mahamprint.com/product/263/%D9%BE%D8%B1%DB%8C%D9%86%D8%AA%D8%B1-EPSON-L3110,6,108,https://mahamprint.com/products/-epson-l3110,پرینتر EPSON L3110,1.0,high,model+title
https://mahamprint.com/product/2264/%D9%87%D8%A7%D8%AA-%D8%B1%D9%88%D9%84%D8%B1-%DA%A9%D9%BE%DB%8C-%D8%B4%D8%A7%D8%B1%D9%BE-5516-Sharp,2,109,https://mahamprint.com/products/----5516-sharp,هات رولر کپی شارپ 5516 Sharp,1.0,high,model+title
https://mahamprint.com/product/513/%D8%AA%D8%B3%D8%AA-%D8%A7%D8%B3%DA%A9%D9%86%D8%A7%D8%B3-%D9%85%D8%AF%D9%84-Masterwork-PD-100,3,109,https://mahamprint.com/products/---masterwork-pd-100,تست اسکناس مدل Masterwork PD-100,1.0,high,model+title
https://mahamprint.com/product/2068/%D8%A8%D8%B1%D8%AF-%D9%BE%D8%A7%D9%88%D8%B1-M401-hp,9,107,https://mahamprint.com/products/--m401-hp,برد پاور M401 hp,1.0,high,model+title
https://mahamprint.com/product/1537/%D8%AA%D9%88%D9%86%D8%B1-%DA%A9%D8%A7%D8%B1%D8%AA%D8%B1%DB%8C%D8%AC-HP-48A,4,108,https://mahamprint.com/products/--hp-48a,تونر کارتریج HP 48A,1.0,high,model+title
https://mahamprint.com/product/1765/%D8%B1%DB%8C%D8%A8%D9%88%D9%86-%D8%AA%DA%A9-%D8%B1%D9%86%DA%AF-%D9%82%D8%B1%D9%85%D8%B2-1000-%D8%B9%DA%A9%D8%B3-%D9%85%D8%AF%D9%84-Magicard-Ribbon-red,0,108,https://mahamprint.com/products/----1000---magicard-ribbon-red,ریبون تک رنگ قرمز 1000 عکس مدل  Magicard Ribbon red,1.0,high,model+title
https://mahamprint.com/product/181/%D9%BE%D8%B1%DB%8C%D9%86%D8%AA%D8%B1-%DA%86%D9%87%D8%A7%D8%B1-%DA%A9%D8%A7%D8%B1%D9%87-%D8%A8%D8%B1%D9%86%D8%AF-HP-M428FDN,1,107,https://mahamprint.com/products/----hp-m428fdn,پرینتر چهار کاره برند HP M428FDN,1.0,high,model+title
https://mahamprint.com/product/2393/%D9%BE%DB%8C%DA%A9%D8%A7%D9%BE-%D8%A7%DA%86-%D9%BE%DB%8C-%D8%AF%D8%B3%DA%A9-%D8%AC%D8%AA-1280,5,107,https://mahamprint.com/products/-----1280,پیکاپ اچ پی دسک جت 1280,1.0,high,model+title
https://mahamprint.com/product/931/%D9%85%D8%A7%D8%B4%DB%8C%D9%86-%D8%AD%D8%B3%D8%A7%D8%A8-Pars-Hesab-PD-30-L,5,106,https://mahamprint.com/products/--pars-hesab-pd-30-l,ماشین حساب Pars Hesab PD-30 L,1.0,high,model+title
https://mahamprint.com/product/1598/%DA%86%D8%A7%D9%BE%DA%AF%D8%B1-%D8%B3%D9%88%D8%B2%D9%86%DB%8C-PR2-PLUS,2,107,https://mahamprint.com/products/--pr2-plus,چاپگر سوزنی اولیوتی PR2 PLUS,0.912,high,model+title
https://mahamprint.com/product/738/%DA%A9%D8%A7%D8%BA%D8%B0-%D8%AE%D8%B1%D8%AF%DA%A9%D9%86-Nikita-SD-9670,8,105,https://mahamprint.com/products/--nikita-sd-9670,کاغذ خردکن Nikita SD 9670,1.0,high,model+title
https://mahamprint.com/product/652/%DA%A9%D8%A7%D8%BA%D8%B0-%D8%AE%D8%B1%D8%AF%DA%A9%D9%86-Nikita-SD-9511,1,105,https://mahamprint.com/products/--nikita-sd-9511,کاغذ خردکن Nikita SD-9511,1.0,high,model+title
https://mahamprint.com/product/3057/%D9%84%DB%8C%D8%A8%D9%84-%20%D9%BE%D8%B1%DB%8C%D9%86%D8%AA%D8%B1-%20%D8%B5%D9%86%D8%B9%D8%AA%DB%8C-%20%D8%A8%D8%B1%D9%86%D8%AF-%20TSC%20-%D9%85%D8%AF%D9%84-%20MB240T,0,105,https://mahamprint.com/products/--------tsc----mb240t,لیبل پرینتر صنعتی برند TSC مدل MB240T,1.0,high,model+title
https://mahamprint.com/product/1257/%D9%88%DB%8C%D8%AF%D8%A6%D9%88-%D9%BE%D8%B1%D9%88%DA%98%DA%A9%D8%AA%D9%88%D8%B1-%D8%AC%DB%8C%D8%A8%DB%8C-ASUS-ZenBeam-Go-E1,5,105,https://mahamprint.com/products/---asus-zenbeam-go-e1,ویدئو پروژکتور جیبی ASUS ZenBeam Go E1,1.0,high,model+title
https://mahamprint.com/product/698/%DA%A9%D8%A7%D8%BA%D8%B0-%D8%AE%D8%B1%D8%AF%DA%A9%D9%86-%D9%85%D8%AF%D9%84-Fellowes-53C,6,103,https://mahamprint.com/products/---fellowes-53c,کاغذ خردکن مدل Fellowes 53C,1.0,high,model+title
https://mahamprint.com/product/878/%D8%A7%D8%B3%DA%A9%D9%86%D8%A7%D8%B3-%D8%B4%D9%85%D8%A7%D8%B1-Magner-95,8,102,https://mahamprint.com/products/--magner-95,اسکناس شمار Magner 95,1.0,high,model+title
https://mahamprint.com/product/111/%D9%BE%D8%B1%DB%8C%D9%86%D8%AA%D8%B1-%D8%AC%D9%88%D9%87%D8%B1%D8%A7%D9%81%D8%B4%D8%A7%D9%86-%DA%86%D9%87%D8%A7%D8%B1-%DA%A9%D8%A7%D8%B1%D9%87-EPSON-L1455,16,102,https://mahamprint.com/products/----epson-l1455,پرینتر جوهرافشان چهار کاره EPSON L1455,1.0,high,model+title
https://mahamprint.com/product/568/%D9%81%DB%8C%D8%B4-%D9%BE%D8%B1%DB%8C%D9%86%D8%AA%D8%B1-Bixolon-SRP-R400,0,104,https://mahamprint.com/products/--bixolon-srp-r400,فیش پرینتر Bixolon SRP-R400,1.0,high,model+title
https://mahamprint.com/product/1242/%D9%88%DB%8C%D8%AF%D8%A6%D9%88-%D9%BE%D8%B1%D9%88%DA%98%DA%A9%D8%AA%D9%88%D8%B1-%D8%AC%DB%8C%D8%A8%DB%8C-AIPTEK-%D8%A8%D8%B1%D9%86%D8%AF-i60,10,101,https://mahamprint.com/products/---aiptek--i60,ویدئو پروژکتور جیبی AIPTEK برند i60,1.0,high,model+title
https://mahamprint.com/product/2862/%D9%BE%D8%B1%D8%AF%D9%87-%D9%86%D9%85%D8%A7%DB%8C%D8%B4-%D8%A8%D8%B1%D9%82%DB%8C-%DA%A9%D8%B1%D9%88%D9%85%D8%A7%DA%A9%DB%8C-%D9%85%D8%AF%D9%84-CSG300A,10,101,,,0.15,none,
https://mahamprint.com/product/863/%D8%A7%D8%B3%DA%A9%D9%86%D8%A7%D8%B3-%D8%B4%D9%85%D8%A7%D8%B1-Hsoon-bj-2100-UV,8,101,https://mahamprint.com/products/--hsoon-bj-2100-uv,اسکناس شمار Hsoon bj-2100 UV,1.0,high,model+title
https://mahamprint.com/product/120/%D9%BE%D8%B1%DB%8C%D9%86%D8%AA%D8%B1-%D8%AA%DA%A9-%DA%A9%D8%A7%D8%B1%D9%87-%D9%84%DB%8C%D8%B2%D8%B1%DB%8C-Lexmark-MS317dn,10,101,https://mahamprint.com/products/----lexmark-ms317dn,پرینتر تک کاره لیزری Lexmark MS317dn,1.0,high,model+title
https://mahamprint.com/product/2539/%D9%BE%D8%B1%DB%8C%D9%86%D8%AA%D8%B1-%D8%AA%DA%A9-%DA%A9%D8%A7%D8%B1%D9%87-%D9%84%DB%8C%D8%B2%D8%B1%DB%8C-CANON-%D9%85%D8%AF%D9%84-i-SENSYS-LBP621Cw,0,101,https://mahamprint.com/products/----canon--i-sensys-lbp621cw,پرینتر تک کاره لیزری  CANON مدل i-SENSYS LBP621Cw,1.0,high,model+title
https://mahamprint.com/product/512/%D8%AA%D8%B3%D8%AA-%D8%A7%D8%B3%DA%A9%D9%86%D8%A7%D8%B3-Masterwork-NC-7100,14,100,https://mahamprint.com/products/--masterwork-nc-7100,تست اسکناس Masterwork NC-7100,1.0,high,model+title
https://mahamprint.com/product/2737/%DA%A9%D8%A7%D8%B1%D8%AA-%DA%AF%D8%B1%D8%A7%D9%81%DB%8C%DA%A9-%D8%A8%D8%B1%D9%86%D8%AF-MSI-RTX-3070-TI-SUPRIM-8G,4,100,https://mahamprint.com/products/---msi-rtx-3070-ti-suprim-8g,کارت گرافیک برند MSI RTX 3070 TI SUPRIM 8G,1.0,high,model+title
https://mahamprint.com/product/868/%D8%A7%D8%B3%DA%A9%D9%86%D8%A7%D8%B3-%D8%B4%D9%85%D8%A7%D8%B1-Dtech-600,9,106,https://mahamprint.com/products/--dtech-600,اسکناس شمار Dtech 600,1.0,high,model+title
https://mahamprint.com/product/1017/%D9%85%D8%A7%D8%B4%DB%8C%D9%86-%D8%AD%D8%B3%D8%A7%D8%A8-CASIO-DR-120TM,1,100,https://mahamprint.com/products/--casio-dr-120tm,ماشین حساب CASIO DR-120TM,1.0,high,model+title
https://mahamprint.com/product/121/%D9%BE%D8%B1%DB%8C%D9%86%D8%AA%D8%B1-%D8%AA%DA%A9-%DA%A9%D8%A7%D8%B1%D9%87-%D9%84%DB%8C%D8%B2%D8%B1%DB%8C-Lexmark-MS-417dn,3,99,https://mahamprint.com/products/----lexmark-ms-417dn,پرینتر تک کاره لیزری Lexmark MS 417dn,1.0,high,model+title
https://mahamprint.com/product/233/%D9%BE%D8%B1%DB%8C%D9%86%D8%AA%D8%B1-%D9%84%DB%8C%D8%B2%D8%B1%DB%8C-%D8%A8%D8%B1%D9%86%D8%AF-Canon-%D9%85%D8%AF%D9%84-351X,12,98,https://mahamprint.com/products/---canon--351x,پرینتر لیزری برند Canon مدل 351X,1.0,high,model+title
https://mahamprint.com/product/2946/%D9%BE%D8%B1%DB%8C%D9%86%D8%AA%D8%B1-canon-pixima-G3430,8,98,https://mahamprint.com/products/-canon-pixima-g3430,پرینتر canon pixim G3430,0.663,high,model+title
https://mahamprint.com/product/2416/%D8%BA%D9%84%D8%AA%DA%A9-%D8%B3%D9%BE%D8%B1%DB%8C%D8%B4%D9%86-ADF-AF-1060-Ricoh,0,98,https://mahamprint.com/products/--adf-af-1060-ricoh,غلتک سپریشن ADF AF-1060 Ricoh,1.0,high,model+title
https://mahamprint.com/product/118/%D9%BE%D8%B1%DB%8C%D9%86%D8%AA%D8%B1-%DA%86%D9%86%D8%AF%DA%A9%D8%A7%D8%B1%D9%87-%D9%84%DB%8C%D8%B2%D8%B1%DB%8C-SAMSUNG-2070FW,8,97,https://mahamprint.com/products/---samsung-2070fw,پرینتر چندکاره لیزری SAMSUNG 2070FW,1.0,high,model+title
https://mahamprint.com/product/1004/%D9%85%D8%A7%D8%B4%DB%8C%D9%86-%D8%AD%D8%B3%D8%A7%D8%A8-CASIO-FX-82MS,7,97,https://mahamprint.com/products/--casio-fx-82ms,ماشین حساب CASIO FX-82MS,1.0,high,model+title
https://mahamprint.com/product/890/%D8%A7%D8%B3%DA%A9%D9%86%D8%A7%D8%B3-%D8%B4%D9%85%D8%A7%D8%B1-MAX-BS-510,12,96,https://mahamprint.com/products/--max-bs-510,اسکناس شمار MAX BS-510,1.0,high,model+title
https://mahamprint.com/product/2740/%DA%A9%D8%A7%D8%B1%D8%AA-%DA%AF%D8%B1%D8%A7%D9%81%DB%8C%DA%A9-MSI-%D9%85%D8%AF%D9%84-RTX-3080-TI-GAMING-X-TRIO-12G,7,96,https://mahamprint.com/products/--msi--rtx-3080-ti-gaming-x-trio-12g,کارت گرافیک MSI مدل RTX 3080 TI GAMING X TRIO 12G,1.0,high,model+title
https://mahamprint.com/product/527/%D8%AA%D8%B3%D8%AA-%D8%A7%D8%B3%DA%A9%D9%86%D8%A7%D8%B3-%D8%A8%D8%B1%D9%86%D8%AF-Masterwork-NC-1200,13,96,https://mahamprint.com/products/---masterwork-nc-1200,تست اسکناس برند Masterwork NC-1200,1.0,high,model+title
https://mahamprint.com/product/2097/%D8%AF%D8%B1%D8%A7%D9%85-%D8%B1%D9%86%DA%AF%DB%8C-HP-1025,3,96,https://mahamprint.com/products/--hp-1025,درام رنگی HP 1025,1.0,high,model+title
https://mahamprint.com/product/2733/%DA%A9%D8%A7%D8%B1%D8%AA-%DA%AF%D8%B1%D8%A7%D9%81%DB%8C%DA%A9-MSI-GeForce-RTX-3070-VENTUS-2X-OC-8GB,3,96,https://mahamprint.com/products/--msi-geforce-rtx-3070-ventus-2x-oc-8gb,کارت گرافیک MSI GeForce RTX 3070 VENTUS 2X OC 8GB,1.0,high,model+title
https://mahamprint.com/product/660/%DA%A9%D8%A7%D8%BA%D8%B0-%D8%AE%D8%B1%D8%AF%DA%A9%D9%86-Mehr-MM-800,0,97,https://mahamprint.com/products/--mehr-mm-800,کاغذ خردکن Mehr MM-800,1.0,high,model+title
https://mahamprint.com/product/2064/%D8%A8%D8%B1%D8%AF-%D9%BE%D8%A7%D9%88%D8%B1-printer-hp-P1005-P1006-P1008,6,96,https://mahamprint.com/products/--printer-hp-p1005-p1006-p1008,برد پاور printer hp P1005 P1006 P1008,1.0,high,model+title
https://mahamprint.com/product/571/%D9%81%DB%8C%D8%B4-%D9%BE%D8%B1%DB%8C%D9%86%D8%AA%D8%B1-%D9%85%D8%AF%D9%84-Bixolon-SRP-F312,1,96,https://mahamprint.com/products/---bixolon-srp-f312,فیش پرینتر مدل Bixolon  SRP-F312,1.0,high,model+title
https://mahamprint.com/product/2275/%D9%87%D8%A7%D8%AA-%D8%B1%D9%88%D9%84%D8%B1-%D9%BE%D8%B1%DB%8C%D9%86%D8%AA%D8%B1-%D8%A7%DA%86-%D9%BE%DB%8C-9000-9040-9050,6,95,https://mahamprint.com/products/-----9000-9040-9050,"هات رولر پرینتر اچ پی 9000 ,9040 ,9050",1.0,high,model+title
https://mahamprint.com/product/338/%D9%BE%D8%B1%DB%8C%D9%86%D8%AA%D8%B1-EPSON-ET-M1100,1,96,https://mahamprint.com/products/-epson-et-m1100,پرینتر EPSON ET-M1100,1.0,high,model+title
https://mahamprint.com/product/234/%D9%BE%D8%B1%DB%8C%D9%86%D8%AA%D8%B1-%D9%84%DB%8C%D8%B2%D8%B1%DB%8C-CANON-MF232W,2,95,https://mahamprint.com/products/--canon-mf232w,پرینتر لیزری CANON  MF232W,1.0,high,model+title
https://mahamprint.com/product/3088/%D9%BE%D8%B1%DB%8C%D9%86%D8%AA%D8%B1%20-%D8%B3%D9%87-%20%DA%A9%D8%A7%D8%B1%D9%87%20-%D9%84%DB%8C%D8%B2%D8%B1%DB%8C-%20HP-%20MFP775DN,1,95,https://mahamprint.com/products/--------hp--mfp775dn,پرینتر سه کاره لیزری HP MFP775DN,1.0,high,model+title
https://mahamprint.com/product/1830/%D9%BE%D8%B1%DB%8C%D9%86%D8%AA%D8%B1-%D9%84%DB%8C%D8%B2%D8%B1%DB%8C-%D8%B3%D9%87-%DA%A9%D8%A7%D8%B1%D9%87-canon-imageclass-MF3010,5,95,https://mahamprint.com/products/----canon-imageclass-mf3010,پرینتر لیزری سه کاره canon imageclass MF3010,1.0,high,model+title
https://mahamprint.com/product/1626/%D8%AF%D8%B3%D8%AA%DA%AF%D8%A7%D9%87-%D9%81%DA%A9%D8%B3-panasonic-712-CX,11,94,https://mahamprint.com/products/--panasonic-712-cx,دستگاه فکس panasonic 712 CX,1.0,high,model+title
https://mahamprint.com/product/2062/%D8%A8%D8%B1%D8%AF-%D9%BE%D8%A7%D9%88%D8%B1-%D9%BE%D8%B1%DB%8C%D9%86%D8%AA%D8%B1-HP-P2035,3,94,https://mahamprint.com/products/---hp-p2035,برد پاور پرینتر HP P2035,1.0,high,model+title
https://mahamprint.com/product/719/%DA%A9%D8%A7%D8%BA%D8%B0-%D8%AE%D8%B1%D8%AF%DA%A9%D9%86-Protech-SD-9520,3,94,https://mahamprint.com/products/--protech-sd-9520,کاغذ خردکن Protech SD 9520,1.0,high,model+title
https://mahamprint.com/product/2021/%D8%A8%D8%A7%D8%AA%D8%B1%DB%8C-%DA%A9%D8%AA%D8%A7%D8%A8%DB%8C-Toshiba-High-Power,0,94,https://mahamprint.com/products/--toshiba-high-power,باتری کتابی Toshiba High Power,1.0,high,model+title
https://mahamprint.com/product/152/%D9%BE%D8%B1%DB%8C%D9%86%D8%AA%D8%B1-%D9%84%DB%8C%D8%B2%D8%B1%DB%8C-%DA%86%D9%87%D8%A7%D8%B1%DA%A9%D8%A7%D8%B1%D9%87-%D8%A8%D8%B1%D9%86%D8%AF-HP-%D9%85%D8%AF%D9%84-138fnw,6,93,https://mahamprint.com/products/----hp--138fnw,پرینتر لیزری چهارکاره برند HP مدل 138fnw,1.0,high,model+title
https://mahamprint.com/product/3086/%D9%BE%D8%B1%DB%8C%D9%86%D8%AA%D8%B1%D9%84%DB%8C%D8%B2%D8%B1%DB%8C%20-%D8%AA%DA%A9-%20%DA%A9%D8%A7%D8%B1%D9%87-%20Canon-%20LBP122dw,0,92,https://mahamprint.com/products/------canon--lbp122dw,پرینترلیزری تک کاره Canon LBP122dw,1.0,high,model+title
https://mahamprint.com/product/2320/%DA%86%D8%B1%D8%AE-%D8%AF%D9%86%D8%AF%D9%87-32T-%DA%A9%D9%84%D8%A7%DA%86-PS-%D8%A8%D8%B1%D9%86%D8%AF-sharp-AR-163,1,92,https://mahamprint.com/products/--32t--ps--sharp-ar-163-2,چرخ دنده 32T کلاچ PS برند sharp AR-163,1.0,high,model+title
https://mahamprint.com/product/819/%D8%A8%D8%A7%D8%B1%DA%A9%D8%AF-%D8%A7%D8%B3%DA%A9%D9%86%D8%B1-DATALOGIC-QW2420,0,96,https://mahamprint.com/products/--datalogic-qw2420,بارکد اسکنر DATALOGIC QW2420,1.0,high,model+title
https://mahamprint.com/product/2461/%D8%AF%D8%B3%D8%AA%DA%AF%D8%A7%D9%87-%DA%A9%D9%BE%DB%8C-RICOH-IM-C3000,6,90,https://mahamprint.com/products/--ricoh-im-c3000,دستگاه کپی RICOH IM C3000,1.0,high,model+title
https://mahamprint.com/product/603/%D8%B5%D9%86%D8%AF%D9%88%D9%82-%D9%81%D8%B1%D9%88%D8%B4%DA%AF%D8%A7%D9%87%DB%8C-MEVA-PT-3060,8,90,https://mahamprint.com/products/--meva-pt-3060,صندوق فروشگاهی MEVA PT-3060,1.0,high,model+title
https://mahamprint.com/product/470/%D8%A7%D8%B3%DA%A9%D9%86%D8%B1-HP-9120N,4,90,https://mahamprint.com/products/-hp-9120n,اسکنر HP 9120N,1.0,high,model+title
https://mahamprint.com/product/598/%D8%B5%D9%86%D8%AF%D9%88%D9%82-%D9%81%D8%B1%D9%88%D8%B4%DA%AF%D8%A7%D9%87%DB%8C-POSBANK-Apexa-G,0,90,https://mahamprint.com/products/--posbank-apexa-g,صندوق فروشگاهی POSBANK Apexa G,1.0,high,model+title
https://mahamprint.com/product/812/%D8%A8%D8%A7%D8%B1%DA%A9%D8%AF-%D8%A7%D8%B3%DA%A9%D9%86%D8%B1-Remo-%D9%85%D8%AF%D9%84-3300,11,89,https://mahamprint.com/products/--remo--3300,بارکد اسکنر Remo مدل 3300,1.0,high,model+title
https://mahamprint.com/product/992/%D9%85%D8%A7%D8%B4%DB%8C%D9%86-%D8%AD%D8%B3%D8%A7%D8%A8-Citizen-LC-110N,6,90,https://mahamprint.com/products/--citizen-lc-110n,ماشین حساب Citizen LC-110N,1.0,high,model+title
https://mahamprint.com/product/511/%D8%AA%D8%B3%D8%AA-%D8%A7%D8%B3%DA%A9%D9%86%D8%A7%D8%B3-Remo-%D9%85%D8%AF%D9%84-18M,8,89,https://mahamprint.com/products/--remo--18m,تست اسکناس Remo مدل 18M,1.0,high,model+title
https://mahamprint.com/product/920/%D9%85%D8%A7%D8%B4%DB%8C%D9%86-%D8%AD%D8%B3%D8%A7%D8%A8-%D8%B3%DB%8C%D8%AA%DB%8C%D8%B2%D9%86-CT-914C-II,1,89,https://mahamprint.com/products/---ct-914c-ii,ماشین حساب سیتیزن CT-914C-II,1.0,high,model+title
https://mahamprint.com/product/583/%D9%81%DB%8C%D8%B4-%D9%BE%D8%B1%DB%8C%D9%86%D8%AA%D8%B1-%D8%A8%D8%B1%D9%86%D8%AF-Postek-C168,3,89,https://mahamprint.com/products/---postek-c168,فیش پرینتر برند Postek C168,1.0,high,model+title
https://mahamprint.com/product/2042/%D8%A8%D8%B1%D8%AF-%D9%81%D8%B1%D9%85%D8%AA%D8%B1-Samsung-ML-2160,9,88,https://mahamprint.com/products/--samsung-ml-2160,برد فرمتر Samsung ML-2160,1.0,high,model+title
https://mahamprint.com/product/3158/%D9%BE%D8%B1%DB%8C%D9%86%D8%AA%D8%B1%20-%D8%AC%D9%88%D9%87%D8%B1%D8%A7%D9%81%D8%B4%D8%A7%D9%86-%20EPSON-%20L3556,10,88,https://mahamprint.com/products/----epson--l3556,پرینتر جوهرافشان EPSON L3556,1.0,high,model+title
https://mahamprint.com/product/485/%D8%A7%D8%B3%DA%A9%D9%86%D8%B1-Epson-Perfection-V550,9,88,https://mahamprint.com/products/-epson-perfection-v550,اسکنر Epson Perfection V550,1.0,high,model+title
https://mahamprint.com/product/2147/%D8%B3%D9%BE%D8%B1%DB%8C%D8%B4%D9%86-%D9%BE%D8%AF-HP-Tray2-402-%D8%A7%D9%88%D8%B1%D8%AC%DB%8C%D9%86%D8%A7%D9%84,2,88,https://mahamprint.com/products/--hp-tray2-402-,سپریشن پد HP Tray2 402 اورجینال,1.0,high,model+title
https://mahamprint.com/product/1512/%D8%AA%D9%88%D9%86%D8%B1-HP-58A,1,88,https://mahamprint.com/products/-hp-58a,تونر HP 58A,1.0,high,model+title
https://mahamprint.com/product/132/%D9%BE%D8%B1%DB%8C%D9%86%D8%AA%D8%B1-%D8%AA%DA%A9-%DA%A9%D8%A7%D8%B1%D9%87-%D8%A8%D8%B1%D9%86%D8%AF-BROTHER-%D9%85%D8%AF%D9%84-HL-5440D,7,87,https://mahamprint.com/products/----brother--hl-5440d,پرینتر تک کاره برند BROTHER مدل HL-5440D,1.0,high,model+title
https://mahamprint.com/product/2280/%D9%87%D8%A7%D8%AA-%D8%B1%D9%88%D9%84%D8%B1-%DA%A9%D9%BE%DB%8C-%D9%85%DB%8C%D9%86%D9%88%D9%84%D8%AA%D8%A7-1054-1052,4,87,https://mahamprint.com/products/----1054-1052,هات رولر کپی مینولتا  1054-1052,1.0,high,model+title
https://mahamprint.com/product/1874/%D9%84%DB%8C%D8%A8%D9%84-%D8%A8%D8%B1%DA%86%D8%B3%D8%A8-%DA%A9%D8%A7%D8%BA%D8%B0%DB%8C-%D8%B2%D8%B1%D8%AF-%D8%AA%DA%A9-%D8%B1%D8%AF%DB%8C%D9%81%D9%87-100-80,1,87,https://mahamprint.com/products/------100-80,لیبل برچسب کاغذی زرد تک ردیفه 100×80,1.0,high,model+title
https://mahamprint.com/product/133/%D9%BE%D8%B1%DB%8C%D9%86%D8%AA%D8%B1-%D9%84%DB%8C%D8%B2%D8%B1%DB%8C-%D8%AA%DA%A9-%DA%A9%D8%A7%D8%B1%D9%87-BROTHER-HL-L8360CDW,4,88,https://mahamprint.com/products/----brother-hl-l8360cdw,پرینتر  لیزری تک کاره BROTHER  HL-L8360CDW,1.0,high,model+title
https://mahamprint.com/product/3083/%D9%BE%D8%B1%DB%8C%D9%86%D8%AA%D8%B1%20-%DA%86%D9%87%D8%A7%D8%B1%DA%A9%D8%A7%D8%B1%D9%87%20-%D9%84%DB%8C%D8%B2%D8%B1%DB%8C-%20Brother-%20L5710DW,0,87,https://mahamprint.com/products/------brother--l5710dw,پرینتر چهارکاره لیزری Brother L5710DW,1.0,high,model+title
https://mahamprint.com/product/123/%D9%BE%D8%B1%DB%8C%D9%86%D8%AA%D8%B1-%D9%84%DB%8C%D8%B2%D8%B1%DB%8C-LEXMARK-%D9%85%D8%AF%D9%84-CS317DN,5,86,https://mahamprint.com/products/--lexmark--cs317dn,پرینتر لیزری  LEXMARK مدل CS317DN,1.0,high,model+title
https://mahamprint.com/product/1535/%DA%A9%D8%A7%D8%B1%D8%AA%D8%B1%DB%8C%D8%AC-%D8%AA%D9%88%D9%86%D8%B1-HP-103A,3,86,https://mahamprint.com/products/--hp-103a,کارتریج تونر HP 103A,1.0,high,model+title
https://mahamprint.com/product/824/%D8%A8%D8%A7%D8%B1%DA%A9%D8%AF-%D8%A7%D8%B3%DA%A9%D9%86%D8%B1-%D8%A8%D8%B1%D9%86%D8%AF-DATALOGIC-%D9%85%D8%AF%D9%84-Magellan-3450,4,86,https://mahamprint.com/products/---datalogic--magellan-3450,بارکد اسکنر برند DATALOGIC مدل Magellan 3450,1.0,high,model+title
https://mahamprint.com/product/2554/%D8%A8%D8%A7%D8%B1%DA%A9%D8%AF%D8%AE%D9%88%D8%A7%D9%86-%D8%B3%DB%8C%D9%85-%D8%AF%D8%A7%D8%B1-WINSON-%D9%85%D8%AF%D9%84-WNI-6610g,4,86,https://mahamprint.com/products/---winson--wni-6610g,بارکدخوان سیم دار WINSON مدل WNI-6610g,1.0,high,model+title
https://mahamprint.com/product/2992/%D9%BE%D8%B1%DB%8C%D9%86%D8%AA%D8%B1-%20%D9%84%DB%8C%D8%B2%D8%B1%DB%8C-%20%DA%86%D9%87%D8%A7%D8%B1%20%DA%A9%D8%A7%D8%B1%D9%87-%20%D8%A8%D8%B1%D9%86%D8%AF%20-BROTHER%20-%D9%85%D8%AF%D9%84%20-2700D,4,87,https://mahamprint.com/products/---------brother----2700d,پرینتر لیزری چهار کاره برند BROTHER مدل 2700D,1.0,high,model+title
https://mahamprint.com/product/1042/%D9%85%D8%A7%D8%B4%DB%8C%D9%86-%D8%AD%D8%B3%D8%A7%D8%A8-Texas-Instruments-BA-II-PLUS,10,85,https://mahamprint.com/products/--texas-instruments-ba-ii-plus,ماشین حساب Texas Instruments BA II PLUS,1.0,high,model+title
https://mahamprint.com/product/2324/%DA%86%D8%B1%D8%AE-%D8%AF%D9%86%D8%AF%D9%87-%D8%AF%D9%88-%D9%85%D8%B1%D8%AD%D9%84%D9%87-%D8%A7%DB%8C-Epson-LQ300,10,85,https://mahamprint.com/products/-----epson-lq300,چرخ دنده دو مرحله ای Epson  LQ300,1.0,high,model+title
https://mahamprint.com/product/948/%D9%85%D8%A7%D8%B4%DB%8C%D9%86-%D8%AD%D8%B3%D8%A7%D8%A8-Canon-AS-2400,0,86,https://mahamprint.com/products/--canon-as-2400,ماشین حساب Canon AS-2400,1.0,high,model+title
https://mahamprint.com/product/475/%D8%A7%D8%B3%DA%A9%D9%86%D8%B1-Fujitsu-Fi-6130Z,8,85,https://mahamprint.com/products/-fujitsu-fi-6130z,اسکنر  Fujitsu Fi-6130Z,1.0,high,model+title
https://mahamprint.com/product/502/%D8%A7%D8%B3%DA%A9%D9%86%D8%B1-%D8%A7%D8%B3%D9%86%D8%A7%D8%AF-%DA%A9%D8%AF%D8%A7%DA%A9-Alaris-E1025,3,85,https://mahamprint.com/products/---alaris-e1025,اسکنر اسناد کداک Alaris E1025,1.0,high,model+title
https://mahamprint.com/product/929/%D9%85%D8%A7%D8%B4%DB%8C%D9%86-%D8%AD%D8%B3%D8%A7%D8%A8-%DA%A9%D8%A7%D8%B3%DB%8C%D9%88-DR-140R,5,84,https://mahamprint.com/products/---dr-140r,ماشین حساب کاسیو DR-140R,1.0,high,model+title
https://mahamprint.com/product/2475/%D8%A8%D8%A7%D8%B1%DA%A9%D8%AF%D8%AE%D9%88%D8%A7%D9%86-%D8%AF%D9%88-%D8%A8%D8%B9%D8%AF%DB%8C-%D8%A8%D8%A7%D8%B3%DB%8C%D9%85-Oscar-unibar2,0,85,https://mahamprint.com/products/----oscar-unibar2,بارکدخوان دو بعدی باسیم Oscar unibar2,1.0,high,model+title
https://mahamprint.com/product/2552/%D9%BE%D8%B1%DB%8C%D9%86%D8%AA%D8%B1-%D8%B5%D8%AF%D9%88%D8%B1-%DA%A9%D8%A7%D8%B1%D8%AA-%D9%85%D8%AF%D9%84-SMART-31,2,85,https://mahamprint.com/products/----smart-31,پرینتر صدور کارت مدل SMART 31,1.0,high,model+title
https://mahamprint.com/product/1337/%D9%85%D8%A7%D9%86%DB%8C%D8%AA%D9%88%D8%B1-%D8%A7%D9%84-%D8%AC%DB%8C-%D9%85%D8%AF%D9%84-%DB%B2%DB%B0MK400AB-%D8%B3%D8%A7%DB%8C%D8%B2-%DB%B1%DB%B9-%DB%B5-%D8%A7%DB%8C%D9%86%DA%86,3,84,https://mahamprint.com/products/----mk400ab----,مانیتور ال جی مدل ۲۰MK400AB سایز ۱۹.۵ اینچ,1.0,high,model+title
https://mahamprint.com/product/2304/%D8%B1%D9%88%D9%84-%D9%BE%D8%B1%D8%B3-%D8%A8%D8%B1%D9%86%D8%AF-Sharp-%D9%85%D8%AF%D9%84-AR-5127,3,84,https://mahamprint.com/products/---sharp--ar-5127,رول پرس برند Sharp مدل AR 5127,1.0,high,model+title
https://mahamprint.com/product/1122/%D8%AA%D9%88%D9%86%D8%B1-%D8%B4%D8%A7%D8%B1%DA%98-%D8%A8%D8%B1%D9%86%D8%AF-ricoh-1kg,7,83,https://mahamprint.com/products/---ricoh-1kg,تونر شارژ برند ricoh  1kg,1.0,high,model+title
https://mahamprint.com/product/1895/%D8%A7%D8%B3%DA%A9%D9%86%D8%B1-Plustek-t300-a3,3,83,https://mahamprint.com/products/-plustek-t300-a3,اسکنر Plustek t300 a3,1.0,high,model+title
https://mahamprint.com/product/3015/%D9%BE%D8%B1%DB%8C%D9%86%D8%AA%D8%B1%20-%DA%86%D9%87%D8%A7%D8%B1%DA%A9%D8%A7%D8%B1%D9%87%20-%D9%84%DB%8C%D8%B2%D8%B1%DB%8C%20-canon-%204870dn,15,82,https://mahamprint.com/products/------canon--4870dn,پرینتر چهارکاره لیزری canon 4870dn,1.0,high,model+title
https://mahamprint.com/product/1812/%D8%AA%D8%A7%D9%86%DA%A9-%D8%AC%D9%88%D9%87%D8%B1-Epson-TX117,9,82,https://mahamprint.com/products/--epson-tx117,تانک جوهر Epson TX117,1.0,high,model+title
https://mahamprint.com/product/2057/%D8%A8%D8%B1%D8%AF-%D9%81%D8%B1%D9%85%D8%AA%D8%B1-HP-P3005,7,82,https://mahamprint.com/products/--hp-p3005,برد فرمتر HP P3005,1.0,high,model+title
https://mahamprint.com/product/847/%D8%A8%D8%A7%D8%B1%DA%A9%D8%AF-%D8%A7%D8%B3%DA%A9%D9%86%D8%B1-%D8%A8%D8%B1%D9%86%D8%AF-Scope-SP-5013,7,82,https://mahamprint.com/products/---scope-sp-5013,بارکد اسکنر برند Scope SP-5013,1.0,high,model+title
https://mahamprint.com/product/1513/%D8%AA%D9%88%D9%86%D8%B1-%DA%A9%D8%A7%D8%B1%D8%AA%D8%B1%DB%8C%D8%AC-HP-44A,5,82,https://mahamprint.com/products/--hp-44a,تونر کارتریج HP 44A,1.0,high,model+title
https://mahamprint.com/product/566/%D9%84%DB%8C%D8%A8%D9%84-%D9%BE%D8%B1%DB%8C%D9%86%D8%AA%D8%B1-Bixolon-SLP-T403,5,82,https://mahamprint.com/products/--bixolon-slp-t403,لیبل پرینتر Bixolon SLP-T403,1.0,high,model+title
https://mahamprint.com/product/2221/%DA%A9%D8%A7%D8%B3%D8%AA-%DA%A9%D8%A7%D8%BA%D8%B0-%D9%BE%D8%B1%DB%8C%D9%86%D8%AA%D8%B1-HP-1320,3,86,https://mahamprint.com/products/---hp-1320,کاست کاغذ پرینتر HP 1320,1.0,high,model+title
https://mahamprint.com/product/1846/%D9%84%DB%8C%D8%A8%D9%84-Tyvek-%D8%B9%D8%B1%D8%B6-3-%D8%B3%D8%A7%D9%86%D8%AA,2,82,https://mahamprint.com/products/-tyvek--3-,لیبل Tyvek عرض 3 سانت,1.0,high,model+title
https://mahamprint.com/product/418/%D8%A7%D8%B3%DA%A9%D9%86%D8%B1KODAK-i2620,1,82,https://mahamprint.com/products/kodak-i2620,اسکنرKODAK i2620,1.0,high,model+title
https://mahamprint.com/product/1010/%D9%85%D8%A7%D8%B4%DB%8C%D9%86-%D8%AD%D8%B3%D8%A7%D8%A8-Casio-DR-140TM,3,82,https://mahamprint.com/products/--casio-dr-140tm,ماشین حساب Casio DR-140TM,1.0,high,model+title
https://mahamprint.com/product/73/%D9%BE%D8%B1%DB%8C%D9%86%D8%AA%D8%B1-%D9%84%DB%8C%D8%B2%D8%B1%DB%8C-HP-M606X,8,81,https://mahamprint.com/products/--hp-m606x,پرینتر لیزری HP M606X,1.0,high,model+title
https://mahamprint.com/product/1576/%D8%AA%D9%88%D9%86%D8%B1-HP-651A,7,81,https://mahamprint.com/products/-hp-651a,تونر HP 651A,1.0,high,model+title
https://mahamprint.com/product/382/%D8%A7%D8%B3%DA%A9%D9%86%D8%B1-Plustek-4800,5,81,https://mahamprint.com/products/-plustek-4800,اسکنر Plustek 4800,1.0,high,model+title
https://mahamprint.com/product/650/%DA%A9%D8%A7%D8%BA%D8%B0-%D8%AE%D8%B1%D8%AF%DA%A9%D9%86-Sunwood-SD9520,5,81,https://mahamprint.com/products/--sunwood-sd9520,کاغذ خردکن Sunwood SD9520,1.0,high,model+title
https://mahamprint.com/product/1321/%D9%85%D8%A7%D9%86%DB%8C%D8%AA%D9%88%D8%B1-Dell-P2719H-27-Inch,2,81,https://mahamprint.com/products/-dell-p2719h-27-inch,مانیتور Dell P2719H 27 Inch,1.0,high,model+title
https://mahamprint.com/product/2359/%DA%86%D8%B1%D8%AE-%D8%AF%D9%86%D8%AF%D9%87-%D9%85%D8%AD%D8%B1%DA%A9-%D9%81%DB%8C%D8%AF-%DA%A9%D8%A7%D8%BA%D8%B0-%DA%A9%D8%B4-%D8%AF%D8%B3%D8%AA%DB%8C-SHARP-%D9%85%D8%AF%D9%84-AR-5631,1,81,https://mahamprint.com/products/-------sharp--ar-5631,چرخ دنده محرک فید کاغذ کش دستی SHARP مدل AR-5631,1.0,high,model+title
https://mahamprint.com/product/495/%D8%A7%D8%B3%DA%A9%D9%86%D8%B1-Plustek-OpticFilm-8200i-SE,9,80,https://mahamprint.com/products/-plustek-opticfilm-8200i-se,اسکنر Plustek OpticFilm 8200i SE,1.0,high,model+title
https://mahamprint.com/product/612/%D8%B5%D9%86%D8%AF%D9%88%D9%82-%D9%81%D8%B1%D9%88%D8%B4%DA%AF%D8%A7%D9%87%DB%8C-Posiflex-JIVA-8315,9,80,https://mahamprint.com/products/--posiflex-jiva-8315,صندوق فروشگاهی Posiflex JIVA-8315,1.0,high,model+title
https://mahamprint.com/product/273/%D9%BE%D8%B1%DB%8C%D9%86%D8%AA%D8%B1-%D8%B3%D9%88%D8%B2%D9%86%DB%8C-%D8%A8%D8%B1%D9%86%D8%AF-EPSON-%D9%85%D8%AF%D9%84-PLQ-22,8,80,https://mahamprint.com/products/---epson--plq-22,پرینتر سوزنی برند EPSON مدل PLQ-22,1.0,high,model+title
https://mahamprint.com/product/988/%D9%85%D8%A7%D8%B4%DB%8C%D9%86-%D8%AD%D8%B3%D8%A7%D8%A8-CASIO-SL-760L,7,80,https://mahamprint.com/products/--casio-sl-760l,ماشین حساب CASIO SL-760L,1.0,high,model+title
https://mahamprint.com/product/1893/%D8%A7%D8%B3%DA%A9%D9%86%D8%B1-Brother-ADS-2800W,6,80,https://mahamprint.com/products/-brother-ads-2800w,اسکنر Brother ADS-2800W,1.0,high,model+title
https://mahamprint.com/product/1926/%D9%86%D9%88%D8%A7%D8%B1-%DB%8C%D8%AF%DA%A9-%D9%84%DB%8C%D8%A8%D9%84-%D8%B2%D9%86-%D8%AF%D8%B3%D8%AA%DB%8C-%D8%A8%D8%B1%D9%86%D8%AF-DYMO-%D8%B1%D9%86%DA%AF-%D8%B3%D8%A8%D8%B2,5,80,https://mahamprint.com/products/------dymo---,نوار یدک لیبل زن دستی برند DYMO رنگ سبز زیتونی,0.961,high,model+title
https://mahamprint.com/product/2607/%DA%AF%D9%88%D8%B4%DB%8C-%D8%B3%D8%A7%D9%85%D8%B3%D9%88%D9%86%DA%AF-GALAXY-S22-5G,2,80,https://mahamprint.com/products/--galaxy-s22-5g,گوشی سامسونگ GALAXY S22 5G,1.0,high,model+title
https://mahamprint.com/product/2673/%D8%A7%D8%B3%DA%A9%D9%86%D8%B1-kodak-2040,11,79,https://mahamprint.com/products/-kodak-2040,اسکنر kodak 2040,1.0,high,model+title
https://mahamprint.com/product/1454/%DA%A9%D8%A7%D8%B1%D8%AA%D8%B1%DB%8C%D8%AC-CANON-245-Black,8,79,https://mahamprint.com/products/-canon-245-black,کارتریج CANON 245 Black,1.0,high,model+title
https://mahamprint.com/product/2230/%D9%81%DB%8C%D9%84%D9%85-%D9%81%DB%8C%D9%88%D8%B2%DB%8C%D9%86%DA%AF-%D8%BA%DB%8C%D8%B1%D8%A7%D9%88%D8%B1%D8%AC%DB%8C%D9%86%D8%A7%D9%84-lexmark-E260,5,79,https://mahamprint.com/products/---lexmark-e260,فیلم فیوزینگ غیراورجینال lexmark E260,1.0,high,model+title
https://mahamprint.com/product/1541/%D8%AA%D9%88%D9%86%D8%B1-Lexmark-MX-MS-317,4,79,https://mahamprint.com/products/-lexmark-mx-ms-317,تونر Lexmark MX\/MS 317,1.0,high,model+title
https://mahamprint.com/product/1516/%DA%A9%D8%A7%D8%B1%D8%AA%D8%B1%DB%8C%D8%AC-HP-30A,6,79,https://mahamprint.com/products/-hp-30a,کارتریج HP 30A,1.0,high,model+title
https://mahamprint.com/product/2380/%D9%BE%DB%8C%DA%A9%D8%A7%D9%BE-%D9%BE%D8%B1%DB%8C%D9%86%D8%AA%D8%B1-%D8%A7%DA%86-%D9%BE%DB%8C-HP-1100,4,79,https://mahamprint.com/products/----hp-1100,پیکاپ پرینتر اچ پی HP 1100,1.0,high,model+title
https://mahamprint.com/product/939/%D9%85%D8%A7%D8%B4%DB%8C%D9%86-%D8%AD%D8%B3%D8%A7%D8%A8-casio-%DB%B1%DB%B2%DB%B0D-Plus,4,79,https://mahamprint.com/products/--casio-d-plus,ماشین حساب casio ۱۲۰D Plus,1.0,high,model+title
https://mahamprint.com/product/2352/%DA%86%D8%B1%D8%AE-%D8%AF%D9%86%D8%AF%D9%87-%DB%8C%D9%88%D9%86%DB%8C%D8%AA-%D9%85%D8%AF%D9%84-%D8%AF%D8%B1%D8%A7%DB%8C%D9%88%D8%B1-AR-m160-%D9%81%D8%A7%D8%A8%D8%B1%DB%8C%DA%A9,3,79,https://mahamprint.com/products/-----ar-m160-,چرخ دنده یونیت مدل درایور  AR-m160 فابریک,1.0,high,model+title
https://mahamprint.com/product/906/%D9%85%D8%A7%D8%B4%DB%8C%D9%86-%D8%AD%D8%B3%D8%A7%D8%A8-Citizen-CT-333-II,12,78,https://mahamprint.com/products/--citizen-ct-333-ii,ماشین حساب Citizen CT-333 II,1.0,high,model+title
https://mahamprint.com/product/2677/%D9%81%DB%8C%D8%B4-%D9%BE%D8%B1%DB%8C%D9%86%D8%AA%D8%B1-sky-E200,9,78,https://mahamprint.com/products/--sky-e200,فیش پرینتر sky E200,1.0,high,model+title
https://mahamprint.com/product/1355/%D8%AA%D9%88%D9%86%D8%B1-HP-730-CMYK,7,78,https://mahamprint.com/products/-hp-730-cmyk,تونر HP 730 CMYK,1.0,high,model+title
https://mahamprint.com/product/3136/%D9%BE%D8%B1%DB%8C%D9%86%D8%AA%D8%B1%20-%D8%AD%D8%B1%D8%A7%D8%B1%D8%AA%DB%8C-%20MEVA-%20TP-UN,5,78,https://mahamprint.com/products/----meva--tp-un,پرینتر حرارتی MEVA TP-UN,1.0,high,model+title
https://mahamprint.com/product/1939/%D9%86%D9%88%D8%A7%D8%B1-%D9%84%DB%8C%D8%A8%D9%84-%D9%BE%D8%B1%DB%8C%D9%86%D8%AA%D8%B1-%D9%85%D8%AF%D9%84-%D8%A8%D8%B1%D8%A7%D8%AF%D8%B1-TZE-621,4,78,https://mahamprint.com/products/-----tze-621,نوار لیبل پرینتر مدل برادر TZE-621,1.0,high,model+title
https://mahamprint.com/product/1721/%D9%86%D9%88%D8%A7%D8%B1-%D9%85%D8%B4%DA%A9%DB%8C-%E2%80%93-%D9%82%D8%B1%D9%85%D8%B2-%D9%85%D8%A7%D8%B4%DB%8C%D9%86-%D8%AD%D8%B3%D8%A7%D8%A8,3,78,,,0.1,none,
https://mahamprint.com/product/452/%D8%A7%D8%B3%DA%A9%D9%86%D8%B1-PLUSTEK-3060U,2,78,https://mahamprint.com/products/-plustek-3060u,اسکنر PLUSTEK 3060U,1.0,high,model+title
https://mahamprint.com/product/269/%D9%BE%D8%B1%DB%8C%D9%86%D8%AA%D8%B1-%D8%AC%D9%88%D9%87%D8%B1-%D8%A7%D9%81%D8%B4%D8%A7%D9%86-%DA%86%D9%87%D8%A7%D8%B1-%DA%A9%D8%A7%D8%B1%D9%87-EPSON-WF-7710,7,77,https://mahamprint.com/products/-----epson-wf-7710,پرینتر جوهر افشان چهار کاره EPSON WF-7710,1.0,high,model+title
https://mahamprint.com/product/1804/%D8%AA%D8%A7%D9%86%DA%A9-%D8%AC%D9%88%D9%87%D8%B1-%D9%85%D8%AF%D9%84-Epson-7610,11,77,https://mahamprint.com/products/---epson-7610,تانک جوهر مدل Epson 7610,1.0,high,model+title
https://mahamprint.com/product/438/%D8%A7%D8%B3%DA%A9%D9%86%D8%B1-FUJITSU-FI-7480,5,77,https://mahamprint.com/products/-fujitsu-fi-7480,اسکنر FUJITSU FI-7480,1.0,high,model+title
https://mahamprint.com/product/462/%D8%A7%D8%B3%DA%A9%D9%86%D8%B1-CANON-DR-M140,4,77,https://mahamprint.com/products/-canon-dr-m140,اسکنر CANON DR-M140,1.0,high,model+title
https://mahamprint.com/product/302/%D9%BE%D8%B1%DB%8C%D9%86%D8%AA%D8%B1-%D9%84%DB%8C%D8%B2%D8%B1%DB%8C-%D8%AA%DA%A9-%DA%A9%D8%A7%D8%B1%D9%87-HP-150A,3,77,https://mahamprint.com/products/----hp-150a,پرینتر لیزری تک کاره HP 150A,1.0,high,model+title
https://mahamprint.com/product/80/%D9%BE%D8%B1%DB%8C%D9%86%D8%AA%D8%B1-%D9%84%DB%8C%D8%B2%D8%B1%DB%8C-%D8%B3%D9%87-%DA%A9%D8%A7%D8%B1%D9%87-%D8%A8%D8%B1%D9%86%D8%AF-HP-%D9%85%D8%AF%D9%84-MFP-M26NW,3,77,https://mahamprint.com/products/-----hp--mfp-m26nw,پرینتر لیزری سه کاره برند HP مدل MFP M26NW,1.0,high,model+title
https://mahamprint.com/product/153/%D9%BE%D8%B1%DB%8C%D9%86%D8%AA%D8%B1-%D8%AC%D9%88%D9%87%D8%B1-%D8%A7%D9%81%D8%B4%D8%A7%D9%86-%D8%A8%D8%B1%D9%86%D8%AF-EPSON-WF-7110,2,77,https://mahamprint.com/products/----epson-wf-7110,پرینتر جوهر افشان برند  EPSON WF 7110,1.0,high,model+title
https://mahamprint.com/product/828/%D8%A8%D8%A7%D8%B1%DA%A9%D8%AF-%D8%AE%D9%88%D8%A7%D9%86-Oscar-OS-60-LBW,1,76,https://mahamprint.com/products/--oscar-os-60-lbw,بارکد خوان Oscar OS-60 LBW,1.0,high,model+title
https://mahamprint.com/product/1919/%D9%84%DB%8C%D8%A8%D9%84-%D8%A8%D8%B1%DA%86%D8%B3%D8%A8-%D9%BE%DB%8C-%D9%88%DB%8C-%D8%B3%DB%8C-%D8%AA%DA%A9-%D8%B1%D8%AF%DB%8C%D9%81%D9%87-51%C3%9734,0,76,https://mahamprint.com/products/-------51-34,لیبل (برچسب) پی وی سی تک ردیفه 51×34,0.35,medium,title-only
https://mahamprint.com/product/3076/leaser-printer-hP-MFP-4103fdn,4,76,https://mahamprint.com/products/leaser-printer-hp-mfp-4103fdn,پرینتر چهارکاره لیزری HP MFP 4103fdn,0.8,high,model+title
https://mahamprint.com/product/773/%D8%AF%D8%B3%D8%AA%DA%AF%D8%A7%D9%87-%D8%A8%D8%B1%D8%B4-%DA%A9%D8%A7%D8%BA%D8%B0-AX-320V,9,75,https://mahamprint.com/products/---ax-320v,دستگاه برش کاغذ AX-320V ,1.0,high,model+title
https://mahamprint.com/product/1153/%D8%AC%D9%88%D9%87%D8%B1-epson-%D9%85%D8%AF%D9%84-4-%D8%B1%D9%86%DA%AF-101,3,75,https://mahamprint.com/products/-epson--4--101,جوهر epson مدل 4 رنگ 101,1.0,high,model+title
https://mahamprint.com/product/1592/%DA%A9%D8%A7%D8%B1%D8%AA%D8%B1%DB%8C%D8%AC-%D8%AA%D9%88%D9%86%D8%B1-HP-508A,3,75,https://mahamprint.com/products/--hp-508a,کارتریج تونر HP 508A,1.0,high,model+title
https://mahamprint.com/product/3085/%D8%A7%D8%B3%DA%A9%D9%86%D8%B1%20-EPSON-%20V39,0,75,https://mahamprint.com/products/--epson--v39,اسکنر EPSON V39,1.0,high,model+title
https://mahamprint.com/product/402/%D8%A7%D8%B3%DA%A9%D9%86%D8%B1-EPSON-V600,3,74,https://mahamprint.com/products/-epson-v600,اسکنر EPSON V600,1.0,high,model+title
https://mahamprint.com/product/112/%D9%BE%D8%B1%DB%8C%D9%86%D8%AA%D8%B1-EPSON-DFX9000,2,74,https://mahamprint.com/products/-epson-dfx9000,پرینتر EPSON DFX9000,1.0,high,model+title
https://mahamprint.com/product/1767/%D8%B1%DB%8C%D8%A8%D9%88%D9%86-%D8%AA%DA%A9-%D8%B1%D9%86%DA%AF-%D9%86%D9%82%D8%B1%D9%87-%D8%A7%DB%8C-1000-%D8%B9%DA%A9%D8%B3-%D9%85%D8%AF%D9%84-Magicard,0,74,https://mahamprint.com/products/-----1000---magicard,ریبون تک رنگ نقره ای 1000 عکس مدل Magicard,1.0,high,model+title
https://mahamprint.com/product/572/%D9%81%DB%8C%D8%B4-%D9%BE%D8%B1%DB%8C%D9%86%D8%AA%D8%B1-BIXOLON-SRP-380,0,74,https://mahamprint.com/products/--bixolon-srp-380,فیش پرینتر BIXOLON SRP-380,1.0,high,model+title
https://mahamprint.com/product/2279/%D9%87%D8%A7%D8%AA-%D8%B1%D9%88%D9%84-%D8%B4%D8%A7%D8%B1%D9%BE-%D8%B1%D9%86%DA%AF%DB%8C-4101-5001-sharp,14,73,https://mahamprint.com/products/----4101-5001-sharp,هات رول شارپ رنگی 4101 5001 sharp,1.0,high,model+title
https://mahamprint.com/product/2479/%D9%84%DB%8C%D8%A8%D9%84-%D9%BE%D8%B1%DB%8C%D9%86%D8%AA%D8%B1-%D8%A8%D8%B1%D9%86%D8%AFBrother-PT-E550WVP,7,73,https://mahamprint.com/products/--brother-pt-e550wvp,لیبل پرینتر برندBrother PT-E550WVP,1.0,high,model+title
https://mahamprint.com/product/1301/%D8%AF%DB%8C%D8%AA%D8%A7-%D9%88%DB%8C%D8%AF%D8%A6%D9%88-%D9%BE%D8%B1%D9%88%DA%98%DA%A9%D8%AA%D9%88%D8%B1-Acer-p1283,1,74,https://mahamprint.com/products/---acer-p1283,دیتا ویدئو پروژکتور Acer p1283,1.0,high,model+title
https://mahamprint.com/product/1726/%D8%B1%DB%8C%D8%A8%D9%88%D9%86-%D8%B1%D9%86%DA%AF%DB%8C-250-%D8%B9%DA%A9%D8%B3-%D8%A7%D8%B3%D9%85%D8%A7%D8%B1%D8%AA-Smart-31-YMCKO-Ribbon-%D8%A7%D9%88%D8%B1%D8%AC%DB%8C%D9%86%D8%A7%D9%84,1,73,https://mahamprint.com/products/--250---smart-31-ymcko-ribbon-,ریبون رنگی 250 عکس اسمارت Smart 31 YMCKO Ribbon اورجینال,1.0,high,model+title
https://mahamprint.com/product/266/%D9%BE%D8%B1%DB%8C%D9%86%D8%AA%D8%B1-%D8%B3%D9%87-%DA%A9%D8%A7%D8%B1%D9%87-EPSON-L3060,6,72,https://mahamprint.com/products/---epson-l3060,پرینتر سه کاره EPSON L3060,1.0,high,model+title
https://mahamprint.com/product/1139/%D8%AC%D9%88%D9%87%D8%B1-%D8%A8%D8%B1%D9%86%D8%AF-brother-%D9%85%D8%AF%D9%84-bt6000,3,73,https://mahamprint.com/products/--brother--bt6000,جوهر برند brother مدل bt6000,1.0,high,model+title
https://mahamprint.com/product/2045/%D8%A8%D8%B1%D8%AF-%D9%81%D8%B1%D9%85%D8%AA%D8%B1-%D8%A7%DA%86-%D9%BE%DB%8C-M1132,7,72,https://mahamprint.com/products/----m1132,برد فرمتر اچ پی M1132,1.0,high,model+title
https://mahamprint.com/product/1510/%D8%AA%D9%88%D9%86%D8%B1-%DA%A9%D8%A7%D8%B1%D8%AA%D8%B1%DB%8C%D8%AC-HP-14A,7,71,https://mahamprint.com/products/--hp-14a,تونر کارتریج HP 14A,1.0,high,model+title
https://mahamprint.com/product/569/%D9%81%DB%8C%D8%B4-%D9%BE%D8%B1%DB%8C%D9%86%D8%AA%D8%B1-Bixolon-SPP-R310,0,72,https://mahamprint.com/products/--bixolon-spp-r310,فیش پرینتر Bixolon SPP-R310,1.0,high,model+title
https://mahamprint.com/product/1077/%D8%A8%D9%84%DB%8C%D8%AF-%DA%A9%D8%A7%D8%B1%D8%AA%D8%B1%DB%8C%D8%AC-HP-1215,6,71,https://mahamprint.com/products/--hp-1215,بلید کارتریج HP 1215,1.0,high,model+title
https://mahamprint.com/product/596/%D8%B5%D9%86%D8%AF%D9%88%D9%82-%D9%81%D8%B1%D9%88%D8%B4%DA%AF%D8%A7%D9%87%DB%8C-%D8%A8%D8%B1%D9%86%D8%AF-SAM4S-SPT-7500,6,71,https://mahamprint.com/products/---sam4s-spt-7500,صندوق فروشگاهی برند SAM4S SPT 7500,1.0,high,model+title
https://mahamprint.com/product/2060/%D8%A8%D8%B1%D8%AF-%D9%81%D8%B1%D9%85%D8%AA%D8%B1-Canon-1120,4,71,https://mahamprint.com/products/--canon-1120,برد فرمتر Canon 1120,1.0,high,model+title
https://mahamprint.com/product/1993/%DA%A9%D8%A7%D8%B1%D8%AA-%D9%BE%DB%8C-%D9%88%DB%8C-%D8%B3%DB%8C-200-%D8%B9%D8%AF%D8%AF%DB%8C-%D9%85%D8%AE%D8%B5%D9%88%D8%B5-%D8%AC%D9%88%D9%87%D8%B1%D8%A7%D9%81%D8%B4%D8%A7%D9%86,6,71,https://mahamprint.com/products/----200---,کارت پی وی سی 200 عددی مخصوص جوهرافشان,1.0,high,model+title
https://mahamprint.com/product/869/%D8%A7%D8%B3%DA%A9%D9%86%D8%A7%D8%B3-%D8%B4%D9%85%D8%A7%D8%B1-e-Banking-Tech-EB-300-UV,7,70,https://mahamprint.com/products/--e-banking-tech-eb-300-uv,اسکناس شمار e-Banking Tech EB-300 UV,1.0,high,model+title
https://mahamprint.com/product/3006/%D8%AF%D8%B3%D8%AA%DA%AF%D8%A7%D9%87%20%D9%84%DB%8C%D8%B2%D8%B1%DB%8C%20-%D9%81%DA%A9%D8%B3%20-%D8%A8%D8%B1%D9%86%D8%AF-%20canon%20-%D9%85%D8%AF%D9%84%20FAX-L150,6,70,https://mahamprint.com/products/-------canon---fax-l150,دستگاه لیزری فکس برند canon مدل FAX-L150,1.0,high,model+title
https://mahamprint.com/product/525/%D8%AA%D8%B3%D8%AA-%D8%A7%D8%B3%DA%A9%D9%86%D8%A7%D8%B3-Catiga-%D9%85%D8%AF%D9%84-CL-254,4,70,https://mahamprint.com/products/--catiga--cl-254,تست اسکناس Catiga مدل CL-254,1.0,high,model+title
https://mahamprint.com/product/842/%D8%A8%D8%A7%D8%B1%DA%A9%D8%AF-%D8%A7%D8%B3%DA%A9%D9%86%D8%B1-Symbol-LS-2208,4,70,https://mahamprint.com/products/--symbol-ls-2208,بارکد اسکنر Symbol LS 2208,1.0,high,model+title
https://mahamprint.com/product/918/%D9%85%D8%A7%D8%B4%DB%8C%D9%86-%D8%AD%D8%B3%D8%A7%D8%A8-%DA%A9%D8%A7%D8%B3%DB%8C%D9%88-DS-1JT,2,70,https://mahamprint.com/products/---ds-1jt,ماشین حساب کاسیو DS-1JT,1.0,high,model+title
https://mahamprint.com/product/1815/%D8%AA%D8%A7%D9%86%DA%A9-%D8%AC%D9%88%D9%87%D8%B1-%D8%A7%D9%BE%D8%B3%D9%88%D9%86-Epson-R240,7,69,https://mahamprint.com/products/---epson-r240,تانک جوهر اپسون Epson R240,1.0,high,model+title
https://mahamprint.com/product/2035/%D8%A8%D8%B1%D8%AF-%D9%81%D8%B1%D9%85%D8%AA%D8%B1-Canon-MF236,7,69,https://mahamprint.com/products/--canon-mf236,برد فرمتر Canon MF236,1.0,high,model+title
https://mahamprint.com/product/2075/%D8%A8%D8%B1%D8%AF-%D9%BE%D8%A7%D9%88%D8%B1-printer-hp-1132,0,70,https://mahamprint.com/products/--printer-hp-1132,برد پاور printer hp 1132,1.0,high,model+title
https://mahamprint.com/product/834/%D8%A8%D8%A7%D8%B1%DA%A9%D8%AF-%D8%AE%D9%88%D8%A7%D9%86-AXIOM-%D9%85%D8%AF%D9%84-PDT8223,1,70,https://mahamprint.com/products/--axiom--pdt8223,بارکد خوان AXIOM مدل PDT8223,1.0,high,model+title
https://mahamprint.com/product/2378/%D9%BE%DB%8C%DA%A9%D8%A7%D9%BE-%D9%BE%D8%B1%DB%8C%D9%86%D8%AA%D8%B1-%D8%A7%DA%86-%D9%BE%DB%8C-1005-%D8%B7%D8%B1%D8%AD,4,69,https://mahamprint.com/products/----1005-,پیکاپ پرینتر اچ پی 1005 طرح,1.0,high,model+title
https://mahamprint.com/product/1507/%DA%A9%D8%A7%D8%B1%D8%AA%D8%B1%DB%8C%D8%AC-%D8%AA%D9%88%D9%86%D8%B1-HP-56A,4,69,https://mahamprint.com/products/--hp-56a,کارتریج تونر HP 56A,1.0,high,model+title
https://mahamprint.com/product/1491/%DA%A9%D8%A7%D8%B1%D8%AA%D8%B1%DB%8C%D8%AC-%D8%AA%D9%88%D8%B4%DB%8C%D8%A8%D8%A7-TOSHIBA-T-5508U,7,68,https://mahamprint.com/products/--toshiba-t-5508u,کارتریج توشیبا TOSHIBA T-5508U,1.0,high,model+title
https://mahamprint.com/product/896/%D8%A7%D8%B3%DA%A9%D9%86%D8%A7%D8%B3-%D8%B4%D9%85%D8%A7%D8%B1-AX-2800,2,69,https://mahamprint.com/products/--ax-2800,اسکناس شمار AX 2800,1.0,high,model+title
https://mahamprint.com/product/380/%D8%A7%D8%B3%DA%A9%D9%86%D8%B1-EPSON-DS-860,3,69,https://mahamprint.com/products/-epson-ds-860,اسکنر EPSON DS-860,1.0,high,model+title
https://mahamprint.com/product/1755/%D8%B1%DB%8C%D8%A8%D9%88%D9%86-%D8%B1%D9%86%DA%AF%DB%8C-200-%D8%B9%DA%A9%D8%B3-%D8%B2%D8%A8%D8%B1%D8%A7-Zebra-P330-YMCKO-Ribbon-%D8%BA%DB%8C%D8%B1-%D8%A7%D9%88%D8%B1%D8%AC%DB%8C%D9%86%D8%A7%D9%84,1,71,https://mahamprint.com/products/--200---zebra-p330-ymcko-ribbon--,ریبون رنگی 200 عکس زبرا Zebra P330 YMCKO Ribbon غیر اورجینال,1.0,high,model+title
https://mahamprint.com/product/2190/%D8%AA%D8%B1%D9%85%DB%8C%D8%B3%D8%AA%D9%88%D8%B1-SHARP-%D9%85%D8%AF%D9%84-AR-M420U,6,68,https://mahamprint.com/products/-sharp--ar-m420u,ترمیستور SHARP مدل AR-M420U,1.0,high,model+title
https://mahamprint.com/product/830/%D8%A8%D8%A7%D8%B1%DA%A9%D8%AF-%D8%A7%D8%B3%DA%A9%D9%86%D8%B1-Mindeo-MP8300,5,68,https://mahamprint.com/products/--mindeo-mp8300,بارکد اسکنر Mindeo MP8300,1.0,high,model+title
https://mahamprint.com/product/74/%D9%BE%D8%B1%DB%8C%D9%86%D8%AA%D8%B1-%D9%84%DB%8C%D8%B2%D8%B1%DB%8C-HP-3015DN,4,68,https://mahamprint.com/products/--hp-3015dn,پرینتر لیزری HP 3015DN,1.0,high,model+title
https://mahamprint.com/product/2998/%D9%BE%D8%B1%DB%8C%D9%86%D8%AA%D8%B1%20-%DA%86%D9%87%D8%A7%D8%B1%DA%A9%D8%A7%D8%B1%D9%87%20-%D8%AC%D9%88%D9%87%D8%B1%D8%A7%D9%81%D8%B4%D8%A7%D9%86%20-Epson-%2015160-,3,68,https://mahamprint.com/products/------epson--15160-,پرینتر چهارکاره جوهرافشان Epson 15160,1.0,high,model+title
https://mahamprint.com/product/607/%D8%B5%D9%86%D8%AF%D9%88%D9%82-%D9%81%D8%B1%D9%88%D8%B4%DA%AF%D8%A7%D9%87%DB%8C-POSBANK-Apexa-GW,2,68,https://mahamprint.com/products/--posbank-apexa-gw,صندوق فروشگاهی POSBANK Apexa GW,1.0,high,model+title
https://mahamprint.com/product/340/%D9%BE%D8%B1%DB%8C%D9%86%D8%AA%D8%B1-%D8%A7%D9%BE%D8%B3%D9%88%D9%86-%D9%85%D8%AF%D9%84-EcoTank-ET-M2140,3,68,https://mahamprint.com/products/---ecotank-et-m2140,پرینتر اپسون مدل EcoTank ET-M2140,1.0,high,model+title
https://mahamprint.com/product/3084/%D9%BE%D8%B1%DB%8C%D9%86%D8%AA%D8%B1%20-%D8%AC%D9%88%D9%87%D8%B1%D8%A7%D9%81%D8%B4%D8%A7%D9%86-%20EPSON%20-L8100,1,68,https://mahamprint.com/products/----epson--l8100,پرینتر جوهرافشان EPSON L8100,1.0,high,model+title
https://mahamprint.com/product/1841/%D9%84%DB%8C%D8%A8%D9%84-%D8%A8%D8%B1%DA%86%D8%B3%D8%A8-%DA%A9%D8%A7%D8%BA%D8%B0%DB%8C-%D8%AA%DA%A9-%D8%B1%D8%AF%DB%8C%D9%81%D9%87-100%C3%97200,0,68,https://mahamprint.com/products/-----100-200,لیبل برچسب کاغذی تک ردیفه 100×200,1.0,high,model+title
https://mahamprint.com/product/1778/%D8%AF%D9%88%D9%84%D9%88%D9%BE%D8%B1-%D8%A7%D9%88%D8%B1%D8%AC%DB%8C%D9%86%D8%A7%D9%84-%D9%85%D8%AF%D9%84-Samsung-707-s,8,67,https://mahamprint.com/products/-samsung-707s,دولوپر Samsung 707s,0.333,low,model+title
https://mahamprint.com/product/618/%D8%AF%D8%B3%D8%AA%DA%AF%D8%A7%D9%87-%D8%AD%D8%B6%D9%88%D8%B1-%D9%88-%D8%BA%DB%8C%D8%A7%D8%A8-ZKTeco-NF50,4,67,https://mahamprint.com/products/----zkteco-nf50,دستگاه حضور و غیاب ZKTeco NF50,1.0,high,model+title
https://mahamprint.com/product/1164/%DA%A9%D8%A7%D8%BA%D8%B0-%D8%B9%DA%A9%D8%B3-Kodak-Ultra-Premium,2,67,https://mahamprint.com/products/--kodak-ultra-premium,کاغذ عکس Kodak Ultra Premium,1.0,high,model+title
https://mahamprint.com/product/2658/%D8%A7%D8%B3%DA%A9%D9%86%D8%B1-%D8%AF%D9%88%D8%B1%D9%88-Avision-%D9%85%D8%AF%D9%84-AD6090,2,67,https://mahamprint.com/products/--avision--ad6090,اسکنر دورو Avision مدل AD6090,1.0,high,model+title
https://mahamprint.com/product/782/%D8%A8%D8%A7%D8%B1%DA%A9%D8%AF-%D8%A7%D8%B3%DA%A9%D9%86%D8%B1-DATALOGIC-QD2130,2,67,https://mahamprint.com/products/--datalogic-qd2130,بارکد اسکنر DATALOGIC QD2130,1.0,high,model+title
https://mahamprint.com/product/1756/%D8%B1%DB%8C%D8%A8%D9%88%D9%86-%D8%B1%D9%86%DA%AF%DB%8C-200-%D8%B9%DA%A9%D8%B3-%D8%B2%D8%A8%D8%B1%D8%A7-Zebra-P330-YMCKO-Ribbon-%D8%A7%D9%88%D8%B1%D8%AC%DB%8C%D9%86%D8%A7%D9%84,1,67,https://mahamprint.com/products/--200---zebra-p330-ymcko-ribbon-,ریبون رنگی 200 عکس زبرا Zebra P330 YMCKO Ribbon اورجینال,1.0,high,model+title
https://mahamprint.com/product/1365/%D8%AA%D9%88%D9%86%D8%B1-HP-951-CMY,0,67,https://mahamprint.com/products/-hp-951-cmy,تونر HP 951 CMY,1.0,high,model+title
https://mahamprint.com/product/1254/%D9%88%DB%8C%D8%AF%D8%A6%D9%88-%D9%BE%D8%B1%D9%88%DA%98%DA%A9%D8%AA%D9%88%D8%B1-%D8%AC%DB%8C%D8%A8%DB%8C-ASUS-P3B,11,66,https://mahamprint.com/products/---asus-p3b,ویدئو پروژکتور جیبی ASUS P3B,1.0,high,model+title
https://mahamprint.com/product/2676/%D9%BE%D8%B1%DB%8C%D9%86%D8%AA%D8%B1-%D8%B3%D9%88%D8%B2%D9%86%DB%8C-SKY-p200,1,67,https://mahamprint.com/products/--sky-p200,پرینتر سوزنی SKY p200,1.0,high,model+title
https://mahamprint.com/product/2496/%D9%BE%D8%B1%DB%8C%D9%86%D8%AA%D8%B1-%D8%AC%D9%88%D9%87%D8%B1-%D8%A7%D9%81%D8%B4%D8%A7%D9%86-EPOSN-%D9%85%D8%AF%D9%84-XP-55,3,66,,,0.117,none,
https://mahamprint.com/product/381/%D8%A7%D8%B3%DA%A9%D9%86%D8%B1-Brother-ADS-3000N,8,66,https://mahamprint.com/products/-brother-ads-3000n,اسکنر Brother ADS-3000N,1.0,high,model+title
https://mahamprint.com/product/2116/%D8%AF%D8%B1%D8%A7%D9%85-%DA%A9%D8%A7%D8%B1%D8%AA%D8%B1%DB%8C%D8%AC-%D9%85%D8%AF%D9%84-Samsung-315,0,66,https://mahamprint.com/products/---samsung-315,درام کارتریج مدل Samsung 315,1.0,high,model+title
https://mahamprint.com/product/122/%D9%BE%D8%B1%DB%8C%D9%86%D8%AA%D8%B1-%DA%86%D9%87%D8%A7%D8%B1%DA%A9%D8%A7%D8%B1%D9%87-%D8%A8%D8%B1%D9%86%D8%AF-Lexmark-517de,5,65,https://mahamprint.com/products/---lexmark-517de,پرینتر چهارکاره برند Lexmark 517de,1.0,high,model+title
https://mahamprint.com/product/2070/%D8%A8%D8%B1%D8%AF-%D9%BE%D8%A7%D9%88%D8%B1-M605-hp,13,65,https://mahamprint.com/products/--m605-hp,برد پاور M605 hp,1.0,high,model+title
https://mahamprint.com/product/1504/%DA%A9%D8%A7%D8%B1%D8%AA%D8%B1%DB%8C%D8%AC-%D8%AA%D9%88%D9%86%D8%B1-CANON-039,4,65,https://mahamprint.com/products/--canon-039,کارتریج تونر CANON 039,1.0,high,model+title
https://mahamprint.com/product/2718/%DA%A9%D8%A7%D8%B1%D8%AA-%DA%AF%D8%B1%D8%A7%D9%81%DB%8C%DA%A9-RX-6800-XT-GAMING-Z-TRIO-16G,3,65,https://mahamprint.com/products/--rx-6800-xt-gaming-z-trio-16g,کارت گرافیک RX 6800 XT GAMING Z TRIO 16G,1.0,high,model+title
https://mahamprint.com/product/974/%D9%85%D8%A7%D8%B4%DB%8C%D9%86-%D8%AD%D8%B3%D8%A7%D8%A8-CASIO-FX-4500pa,3,65,https://mahamprint.com/products/--casio-mh-12,ماشین حساب CASIO MH-12,0.475,medium,model+title
https://mahamprint.com/product/2061/%D8%A8%D8%B1%D8%AF-%D9%81%D8%B1%D9%85%D8%AA%D8%B1-Canon-mf4350d,6,65,https://mahamprint.com/products/--canon-mf4350d,برد فرمتر Canon mf4350d,1.0,high,model+title
https://mahamprint.com/product/806/%D8%A8%D8%A7%D8%B1%DA%A9%D8%AF-%D8%A7%D8%B3%DA%A9%D9%86%D8%B1-DATALOGIC-QuickScan-QW2170,6,65,https://mahamprint.com/products/--datalogic-quickscan-qw2170,بارکد اسکنر DATALOGIC QuickScan QW2170,1.0,high,model+title
https://mahamprint.com/product/2026/%D8%A8%D8%B1%D8%AF-%D9%81%D8%B1%D9%85%D8%AA%D8%B1-%D8%A7%DA%86-%D9%BE%DB%8C-M125A,5,64,https://mahamprint.com/products/----m125a,برد فرمتر اچ پی M125A,1.0,high,model+title
https://mahamprint.com/product/1131/%D8%AC%D9%88%D9%87%D8%B1-hp-%D9%85%D8%AF%D9%84-GT52-CMY,5,64,https://mahamprint.com/products/-hp--gt52-cmy,جوهر hp مدل GT52 CMY,1.0,high,model+title
https://mahamprint.com/product/2589/%D9%BE%D8%B1%DB%8C%D9%86%D8%AA%D8%B1-%D8%AD%D8%B1%D8%A7%D8%B1%D8%AA%DB%8C-%D9%85%DB%8C%D9%88%D8%A7-%D9%85%D8%AF%D9%84-TP-premium2,3,65,https://mahamprint.com/products/----tp-premium2,پرینتر حرارتی میوا مدل TP-premium2,1.0,high,model+title
https://mahamprint.com/product/2272/%D9%87%D8%A7%D8%AA-%D8%B1%D9%88%D9%84%D8%B1-%D9%BE%D8%B1%DB%8C%D9%86%D8%AA%D8%B1-%D9%84%DA%A9%D8%B3%D9%85%D8%A7%D8%B1%DA%A9-e120,3,64,https://mahamprint.com/products/----e120,هات رولر پرینتر لکسمارک e120,1.0,high,model+title
https://mahamprint.com/product/2995/%D9%BE%D8%B1%DB%8C%D9%86%D8%AA%D8%B1-%20%D8%AA%DA%A9%20-%DA%A9%D8%A7%D8%B1%D9%87-%20%D9%84%DB%8C%D8%B2%D8%B1%DB%8C-%20Canon-%20325x,6,63,https://mahamprint.com/products/--------canon--325x,پرینتر تک کاره لیزری Canon 325x,1.0,high,model+title
https://mahamprint.com/product/2037/%D8%A8%D8%B1%D8%AF-%D9%81%D8%B1%D9%85%D8%AA%D8%B1-Canon-LBP6030W,5,63,https://mahamprint.com/products/--canon-lbp6030w,برد فرمتر Canon LBP6030W,1.0,high,model+title
https://mahamprint.com/product/3077/HP-MFP-4103fdw-laser-printer,5,64,https://mahamprint.com/products/hp-mfp-4103fdw-laser-printer,پرینتر چهارکاره لیزری HP MFP 4103fdw,0.8,high,model+title
https://mahamprint.com/product/1031/%D9%85%D8%A7%D8%B4%DB%8C%D9%86-%D8%AD%D8%B3%D8%A7%D8%A8-Citizen-SDC-660II,4,63,https://mahamprint.com/products/--citizen-sdc-660ii,ماشین حساب Citizen SDC-660II,1.0,high,model+title
https://mahamprint.com/product/1325/%D9%85%D8%A7%D9%86%DB%8C%D8%AA%D9%88%D8%B1-%D8%B3%D8%A7%D9%85-Monitor-SAM-LS24RF625H-%D8%B3%D8%A7%DB%8C%D8%B2-%DB%B2%DB%B4-%D8%A7%DB%8C%D9%86%DA%86,3,63,https://mahamprint.com/products/--monitor-sam-ls24rf625h---,مانیتور سام Monitor SAM LS24RF625H سایز ۲۴ اینچ,1.0,high,model+title
https://mahamprint.com/product/1640/%D9%81%DB%8C%D8%B4-%D9%BE%D8%B1%DB%8C%D9%86%D8%AA%D8%B1-%D8%AD%D8%B1%D8%A7%D8%B1%D8%AA%DB%8C-MEVA-tp-unw,4,63,https://mahamprint.com/products/---meva-tp-unw,فیش پرینتر حرارتی MEVA  tp-unw,1.0,high,model+title
https://mahamprint.com/product/1935/%D9%86%D9%88%D8%A7%D8%B1-%DB%8C%D8%AF%DA%A9-%D9%84%DB%8C%D8%A8%D9%84-%D8%B2%D9%86-%D8%AF%D8%B3%D8%AA%DB%8C-%D8%A8%D8%B1%D9%86%D8%AF-DYMO-%D8%B1%D9%86%DA%AF-%D9%85%D8%B4%DA%A9%DB%8C,3,64,https://mahamprint.com/products/------dymo--,نوار یدک لیبل زن دستی برند DYMO رنگ قرمز,0.922,high,model+title
https://mahamprint.com/product/1243/%D8%AF%DB%8C%D8%AA%D8%A7-%D9%88%DB%8C%D8%AF%D8%A6%D9%88-%D9%BE%D8%B1%D9%88%DA%98%DA%A9%D8%AA%D9%88%D8%B1-%D9%82%D8%A7%D8%A8%D9%84-%D8%AD%D9%85%D9%84-Aiptek-i50D,3,63,https://mahamprint.com/products/-----aiptek-i50d,دیتا ویدئو پروژکتور قابل حمل Aiptek i50D,1.0,high,model+title
https://mahamprint.com/product/2248/%D9%81%DB%8C%D9%88%D8%B2%DB%8C%D9%86%DA%AF-%D8%A7%DA%86-%D9%BE%DB%8C-HP-5200,3,63,https://mahamprint.com/products/---hp-5200,فیوزینگ اچ پی HP 5200,1.0,high,model+title
https://mahamprint.com/product/1801/%D8%B1%D9%88%D9%84-%DA%A9%D8%A7%D8%BA%D8%B0-%D8%AD%D8%B1%D8%A7%D8%B1%D8%AA%DB%8C-%DA%A9%D8%AF%D8%A7%DA%A9-%D8%B9%D8%B1%D8%B6-8-50-%D9%85%D8%AA%D8%B1%DB%8C,2,63,https://mahamprint.com/products/-----8-50-,رول کاغذ حرارتی کداک عرض 8 (50 متری),0.35,medium,title-only
https://mahamprint.com/product/441/%D8%A7%D8%B3%DA%A9%D9%86%D8%B1-FUJITSU-5530-C2,0,63,https://mahamprint.com/products/-fujitsu-5530-c2,اسکنر FUJITSU 5530 C2,1.0,high,model+title
https://mahamprint.com/product/1623/%D9%BE%D8%B1%DB%8C%D9%86%D8%AA%D8%B1-%D9%84%DB%8C%D8%B2%D8%B1%DB%8C-%D8%AA%DA%A9-%DA%A9%D8%A7%D8%B1%D9%87-%D8%B1%D9%86%DA%AF%DB%8C-Canon-623CDW,5,62,https://mahamprint.com/products/-----canon-623cdw,پرینتر لیزری تک کاره رنگی Canon 623CDW,1.0,high,model+title
https://mahamprint.com/product/1781/%D8%AF%D9%88%D9%84%D9%88%D9%BE%D8%B1-Sharp-%D8%A7%D9%88%D8%B1%D8%AC%DB%8C%D9%86%D8%A7%D9%84-AR-450SD,10,62,https://mahamprint.com/products/-sharp--ar-450sd,دولوپر Sharp اورجینال  AR-450SD,1.0,high,model+title
https://mahamprint.com/product/1123/%D8%AA%D9%88%D9%86%D8%B1-%D8%B4%D8%A7%D8%B1%DA%98-toshiba-500-gr,7,62,https://mahamprint.com/products/--toshiba-500-gr,تونر شارژ toshiba 500 gr,1.0,high,model+title
https://mahamprint.com/product/2531/%D9%BE%D8%B1%DB%8C%D9%86%D8%AA%D8%B1-%D8%AC%D9%88%D9%87%D8%B1%D8%A7%D9%81%D8%B4%D8%A7%D9%86-%DA%86%D9%86%D8%AF%DA%A9%D8%A7%D8%B1%D9%87-%D8%A8%D8%B1%D9%86%D8%AF-Epson-L6490,4,62,https://mahamprint.com/products/----epson-l6490,پرینتر جوهرافشان چندکاره برند Epson L6490,1.0,high,model+title
https://mahamprint.com/product/1557/%D8%AA%D9%88%D9%86%D8%B1-%DA%A9%D8%A7%D8%B1%D8%AA%D8%B1%DB%8C%D8%AC-HP-05A,2,62,https://mahamprint.com/products/--hp-05a,تونر کارتریج HP 05A,1.0,high,model+title
https://mahamprint.com/product/2929/%D9%BE%D8%B1%DB%8C%D9%86%D8%AA%D8%B1-%D8%AA%DA%A9-%DA%A9%D8%A7%D8%B1%D9%87-%D9%84%DB%8C%D8%B2%D8%B1%DB%8C-canon-6033,1,63,https://mahamprint.com/products/----canon-6033,پرینتر تک کاره لیزری canon 6033,1.0,high,model+title
https://mahamprint.com/product/2541/%D9%BE%D9%84%D8%A7%D8%AA%D8%B1-%D8%A8%D8%B1%D9%86%D8%AF-HP-%D9%85%D8%AF%D9%84-%D8%AF%DB%8C%D8%B2%D8%A7%DB%8C%D9%86-%D8%AC%D8%AA-T795,2,62,https://mahamprint.com/products/--hp----t795,پلاتر برند HP مدل دیزاین جت T795,1.0,high,model+title
https://mahamprint.com/product/2994/%D8%A7%D8%B3%DA%A9%D9%86%D8%B1%20-%20%D8%B1%D9%88%D9%85%DB%8C%D8%B2%DB%8C-%20%D8%A8%D8%B1%D9%86%D8%AF-%20kodak-%20%D9%85%D8%AF%D9%84%20-S3060F,1,62,https://mahamprint.com/products/-------kodak----s3060f,اسکنر رومیزی برند kodak مدل S3060F,1.0,high,model+title
https://mahamprint.com/product/3023/%D8%A7%D8%B3%DA%A9%D9%86%D8%B1-%20AVISION%20-AD350,13,61,https://mahamprint.com/products/--avision--ad350,اسکنر AVISION AD350,1.0,high,model+title
https://mahamprint.com/product/287/%D9%BE%D8%B1%DB%8C%D9%86%D8%AA%D8%B1-%D9%84%DB%8C%D8%B2%D8%B1%DB%8C-%DA%86%D9%87%D8%A7%D8%B1-%DA%A9%D8%A7%D8%B1%D9%87-BROTHER-MFC-L5755DW,6,61,https://mahamprint.com/products/----brother-mfc-l5755dw,پرینتر لیزری چهار کاره BROTHER MFC-L5755DW,1.0,high,model+title
https://mahamprint.com/product/314/%D9%BE%D8%B1%DB%8C%D9%86%D8%AA%D8%B1-%D8%AC%D9%88%D9%87%D8%B1%D8%A7%D9%81%D8%B4%D8%A7%D9%86-EPSON-M1120,2,62,https://mahamprint.com/products/--epson-m1120,پرینتر جوهرافشان EPSON M1120,1.0,high,model+title
https://mahamprint.com/product/2506/%D9%84%DB%8C%D8%A8%D9%84-%D9%BE%D8%B1%DB%8C%D9%86%D8%AA%D8%B1-bixolon-XD3-40N,5,61,https://mahamprint.com/products/--bixolon-xd3-40n,لیبل پرینتر bixolon XD3-40N,1.0,high,model+title
https://mahamprint.com/product/1987/%D9%86%D9%88%D8%A7%D8%B1-%D9%84%DB%8C%D8%A8%D9%84-%D9%BE%D8%B1%DB%8C%D9%86%D8%AA%D8%B1-%D8%A8%D8%B1%D8%A7%D8%AF%D8%B1-%DA%A9%D8%AF-TZE-241-%D8%BA%DB%8C%D8%B1-%D8%A7%D9%88%D8%B1%D8%AC%DB%8C%D9%86%D8%A7%D9%84,2,61,https://mahamprint.com/products/-----tze-241--,نوار لیبل پرینتر برادر کد TZE-241 غیر اورجینال,1.0,high,model+title
https://mahamprint.com/product/634/%D8%AF%D8%B3%D8%AA%DA%AF%D8%A7%D9%87-%D8%AD%D8%B6%D9%88%D8%B1%D9%88%D8%BA%DB%8C%D8%A7%D8%A8-ZKTeco-VF600,3,61,https://mahamprint.com/products/--zkteco-vf600,دستگاه حضوروغیاب ZKTeco VF600,1.0,high,model+title
https://mahamprint.com/product/3128/%D9%BE%D8%B1%DB%8C%D9%86%D8%AA%D8%B1-%20%D9%84%DB%8C%D8%B2%D8%B1%DB%8C-HP%20-MFP%20-M128FW,4,61,https://mahamprint.com/products/---hp--mfp--m128fw,پرینتر لیزری HP MFP M128FW,1.0,high,model+title
https://mahamprint.com/product/2969/%D9%BE%D8%B1%DB%8C%D9%86%D8%AA%D8%B1%20-%DA%86%D8%A7%D9%BE-%20%D9%84%DB%8C%D8%A8%D9%84-%20%D9%88-%20%D9%81%DB%8C%D8%B4-%20Alpha-2R,2,61,https://mahamprint.com/products/----------alpha-2r,پرینتر چاپ لیبل و فیش Alpha-2R,1.0,high,model+title
https://mahamprint.com/product/619/%D8%AF%D8%B3%D8%AA%DA%AF%D8%A7%D9%87-%D8%AD%D8%B6%D9%88%D8%B1-%D9%88-%D8%BA%DB%8C%D8%A7%D8%A8-ZKTeco-EB-102,2,61,https://mahamprint.com/products/----zkteco-eb-102,دستگاه حضور و غیاب ZKTeco EB-102,1.0,high,model+title
https://mahamprint.com/product/489/%D8%A7%D8%B3%DA%A9%D9%86%D8%B1-Fujitsu-Fi-5530C2,10,60,https://mahamprint.com/products/-fujitsu-fi-5530c2,اسکنر Fujitsu Fi-5530C2,1.0,high,model+title
https://mahamprint.com/product/3016/%D9%BE%D8%B1%DB%8C%D9%86%D8%AA%D8%B1-%20%D8%AA%DA%A9%20%DA%A9%D8%A7%D8%B1%D9%87%20-%D8%AC%D9%88%D9%87%D8%B1%D8%A7%D9%81%D8%B4%D8%A7%D9%86-%20Epson-%20F100,6,60,https://mahamprint.com/products/-------epson--f100,پرینتر تک کاره جوهرافشان Epson F100,1.0,high,model+title
https://mahamprint.com/product/909/%D9%85%D8%A7%D8%B4%DB%8C%D9%86-%D8%AD%D8%B3%D8%A7%D8%A8-HP-39GS,1,61,https://mahamprint.com/products/--hp-39gs,ماشین حساب HP 39GS,1.0,high,model+title
https://mahamprint.com/product/2331/%DA%86%D8%B1%D8%AE-%D8%AF%D9%86%D8%AF%D9%87-%D8%B3%D8%B1-%D9%BE%D9%84%D8%A7%D8%AA%D9%86-%D9%BE%D8%B1%DB%8C%D9%86%D8%AA%D8%B1-EPSON-LQ2170,0,61,https://mahamprint.com/products/-----epson-lq2170,چرخ دنده سر پلاتن پرینتر  EPSON LQ2170,1.0,high,model+title
https://mahamprint.com/product/518/%D8%AA%D8%B3%D8%AA-%D8%A7%D8%B3%DA%A9%D9%86%D8%A7%D8%B3-AD-2138,3,60,https://mahamprint.com/products/--ad-2138,تست اسکناس AD-2138,1.0,high,model+title
https://mahamprint.com/product/891/%D8%A7%D8%B3%DA%A9%D9%86%D8%A7%D8%B3-%D8%B4%D9%85%D8%A7%D8%B1-MAX-BS-400,6,60,https://mahamprint.com/products/--max-bs-400,اسکناس شمار MAX BS-400,1.0,high,model+title
https://mahamprint.com/product/1749/%D8%B1%DB%8C%D8%A8%D9%88%D9%86-%D8%AF%D8%B1%D8%A7%DB%8C%D9%88-Olivetti-PR9,5,60,https://mahamprint.com/products/--olivetti-pr9,ریبون درایو Olivetti PR9,1.0,high,model+title
https://mahamprint.com/product/3054/%D9%84%DB%8C%D8%A8%D9%84-%20%D9%BE%D8%B1%DB%8C%D9%86%D8%AA%D8%B1-%20grandmi-%20%D9%85%D8%AF%D9%84%20-MI-L1300,2,60,https://mahamprint.com/products/----grandmi----mi-l1300,لیبل- پرینتر- grandmi- مدل -MI-L1300,1.0,high,model+title
https://mahamprint.com/product/2472/%D8%A8%D8%A7%D8%B1%DA%A9%D8%AF%D8%AE%D9%88%D8%A7%D9%86-%D8%AF%D9%88-%D8%A8%D8%B9%D8%AF%DB%8C-Meva-5680,0,60,https://mahamprint.com/products/---meva-5680,بارکدخوان دو بعدی Meva 5680,1.0,high,model+title
https://mahamprint.com/product/3014/%D9%BE%D8%B1%DB%8C%D9%86%D8%AA%D8%B1%20-%DA%86%D9%87%D8%A7%D8%B1%DA%A9%D8%A7%D8%B1%D9%87%20-%D9%84%DB%8C%D8%B2%D8%B1%DB%8C%20-canon-%20MF-%20229dw,3,59,https://mahamprint.com/products/------canon--mf--229dw,پرینتر چهارکاره لیزری canon MF 229dw,1.0,high,model+title
https://mahamprint.com/product/2685/%D9%BE%D8%AF-%D8%A7%D9%85%D8%B6%D8%A7%D8%A1-%D8%AF%DB%8C%D8%AC%DB%8C%D8%AA%D8%A7%D9%84-WACOM-DTU-1141B,8,59,https://mahamprint.com/products/---wacom-dtu-1141b,پد امضاء دیجیتال WACOM DTU-1141B,1.0,high,model+title
https://mahamprint.com/product/1591/%D8%AC%D9%88%D9%87%D8%B1-CANON-%D9%85%D8%AF%D9%84-GL-790-CMYK,8,59,https://mahamprint.com/products/-canon--gl-790-cmyk,جوهر CANON مدل GL 790 CMYK,1.0,high,model+title
https://mahamprint.com/product/379/%D8%A7%D8%B3%DA%A9%D9%86%D8%B1-EPSON-GT-S85,3,59,https://mahamprint.com/products/-epson-gt-s85,اسکنر EPSON GT-S85,1.0,high,model+title
https://mahamprint.com/product/2112/%D8%AF%D8%B1%D8%A7%D9%85-%DA%A9%D8%A7%D8%B1%D8%AA%D8%B1%DB%8C%D8%AC-%D8%A8%D8%B1%D9%86%D8%AF-hp-%D9%85%D8%AF%D9%84-2600-1600,4,59,https://mahamprint.com/products/---hp--2600-1600,درام کارتریج برند hp مدل  (2600)  1600,1.0,high,model+title
https://mahamprint.com/product/1102/%D8%AF%D8%B1%D8%A7%D9%85-%DA%A9%D8%A7%D8%B1%D8%AA%D8%B1%DB%8C%D8%AC-Canon-2016,2,59,https://mahamprint.com/products/--canon-2016,درام کارتریج Canon 2016,1.0,high,model+title
https://mahamprint.com/product/559/%D9%84%DB%8C%D8%A8%D9%84-%D9%BE%D8%B1%DB%8C%D9%86%D8%AA%D8%B1-%D8%B5%D9%86%D8%B9%D8%AA%DB%8C-TSC-TTP-244-PRO,2,59,https://mahamprint.com/products/---tsc-ttp-244-pro,لیبل پرینتر صنعتی TSC TTP- 244 PRO,1.0,high,model+title
https://mahamprint.com/product/820/%D8%A8%D8%A7%D8%B1%DA%A9%D8%AF-%D8%A7%D8%B3%DA%A9%D9%86%D8%B1-MEVA-MBS-3880,2,59,https://mahamprint.com/products/--meva-mbs-3880,بارکد اسکنر MEVA MBS-3880,1.0,high,model+title
https://mahamprint.com/product/2907/%D8%A8%D8%A7%D8%B1%DA%A9%D8%AF%D8%AE%D9%88%D8%A7%D9%86-%D8%AF%D9%88%D8%A8%D8%B9%D8%AF%DB%8C-DATALOGIC-QBT2430,1,59,https://mahamprint.com/products/--datalogic-qbt2430,بارکدخوان دوبعدی DATALOGIC QBT2430,1.0,high,model+title
https://mahamprint.com/product/1266/%D9%88%DB%8C%D8%AF%D8%A6%D9%88-%D9%BE%D8%B1%D9%88%DA%98%DA%A9%D8%AA%D9%88%D8%B1-Epson-X39,1,59,https://mahamprint.com/products/--epson-x39,ویدئو پروژکتور Epson X39,1.0,high,model+title
https://mahamprint.com/product/1883/%D8%B1%D9%88%D9%84-%D9%84%DB%8C%D8%A8%D9%84-%DA%A9%D8%A7%D8%BA%D8%B0%DB%8C-%D8%B3%D8%A8%D8%B2-%D8%AA%DA%A9-%D8%B1%D8%AF%DB%8C%D9%81%D9%87-95%C3%97125,2,59,https://mahamprint.com/products/------95-125,رول لیبل کاغذی سبز تک ردیفه 95×125,1.0,high,model+title
https://mahamprint.com/product/1070/%D8%AF%D8%B3%D8%AA%DA%AF%D8%A7%D9%87-%DA%A9%D9%BE%DB%8C-CANON-2204,1,59,https://mahamprint.com/products/--canon-2204,دستگاه کپی CANON 2204,1.0,high,model+title
https://mahamprint.com/product/1681/%D8%AA%D9%88%D9%86%D8%B1-HP-207A,0,59,https://mahamprint.com/products/-hp-207a,تونر HP 207A,1.0,high,model+title
https://mahamprint.com/product/1553/%DA%A9%D8%A7%D8%B1%D8%AA%D8%B1%DB%8C%D8%AC-HP-55A,7,58,https://mahamprint.com/products/-hp-55a,کارتریج HP 55A,1.0,high,model+title
https://mahamprint.com/product/839/%D8%A8%D8%A7%D8%B1%DA%A9%D8%AF-%D8%A7%D8%B3%DA%A9%D9%86%D8%B1-MEVA-%D9%85%D8%AF%D9%84-MBS-4680,7,58,https://mahamprint.com/products/--meva--mbs-4680,بارکد اسکنر MEVA مدل MBS 4680,1.0,high,model+title
https://mahamprint.com/product/1258/%D9%88%DB%8C%D8%AF%D8%A6%D9%88-%D9%BE%D8%B1%D9%88%DA%98%DA%A9%D8%AA%D9%88%D8%B1-%D8%AC%DB%8C%D8%A8%DB%8C-ASUS-S1,5,58,https://mahamprint.com/products/---asus-s1,ویدئو پروژکتور جیبی ASUS S1,1.0,high,model+title
https://mahamprint.com/product/429/%D8%A7%D8%B3%DA%A9%D9%86%D8%B1-Kodak-i4600,4,58,https://mahamprint.com/products/-kodak-i4600,اسکنر Kodak i4600,1.0,high,model+title
https://mahamprint.com/product/1083/%D9%81%D9%88%D9%85-%D8%B1%D9%88%D9%84-%DA%A9%D8%A7%D8%B1%D8%AA%D8%B1%DB%8C%D8%AC-hp-17A,5,58,https://mahamprint.com/products/---hp-17a,فوم رول کارتریج hp 17A,1.0,high,model+title
https://mahamprint.com/product/503/%D8%A7%D8%B3%DA%A9%D9%86%D8%B1-%D8%A7%D8%B3%D9%86%D8%A7%D8%AF-%DA%A9%D8%AF%D8%A7%DA%A9-E1035,3,58,https://mahamprint.com/products/---e1035,اسکنر اسناد کداک E1035,1.0,high,model+title
https://mahamprint.com/product/2486/%D9%BE%D8%B1%DB%8C%D9%86%D8%AA%D8%B1-%D8%AA%DA%A9-%DA%A9%D8%A7%D8%B1%D9%87-%D9%84%DB%8C%D8%B2%D8%B1%DB%8C-HP-M111A,3,58,https://mahamprint.com/products/----hp-m111a,پرینتر تک کاره لیزری HP M111A,1.0,high,model+title
https://mahamprint.com/product/1866/%D9%84%DB%8C%D8%A8%D9%84-Tyvek-%D8%B9%D8%B1%D8%B6-6-%D8%B3%D8%A7%D9%86%D8%AA,2,58,https://mahamprint.com/products/-tyvek--6-,لیبل Tyvek عرض 6 سانت,1.0,high,model+title
https://mahamprint.com/product/333/%D9%BE%D8%B1%DB%8C%D9%86%D8%AA%D8%B1-%D8%B3%D9%87-%DA%A9%D8%A7%D8%B1%D9%87-%D8%AC%D9%88%D9%87%D8%B1%D8%A7%D9%81%D8%B4%D8%A7%D9%86-BROTHER-DCP-T510W,2,58,https://mahamprint.com/products/----brother-dcp-t510w,پرینتر سه کاره جوهرافشان BROTHER DCP-T510W,1.0,high,model+title
https://mahamprint.com/product/1206/%D8%B3%D9%87-%D9%BE%D8%A7%DB%8C%D9%87-%D8%B2%D9%85%DB%8C%D9%86%DB%8C-%D9%BE%D8%B1%D9%88%DA%98%DA%A9%D8%AA%D9%88%D8%B1-MUSIC-STAND,1,58,https://mahamprint.com/products/----music-stand,سه پایه زمینی پروژکتور MUSIC STAND,1.0,high,model+title
https://mahamprint.com/product/3065/%D8%A8%D8%A7%D8%B1%DA%A9%D8%AF%D8%AE%D9%88%D8%A7%D9%86-%20mindeo-%20mp%20-8608,1,58,https://mahamprint.com/products/--mindeo--mp--8608,بارکدخوان mindeo mp 8608,1.0,high,model+title
https://mahamprint.com/product/359/%D9%BE%D8%B1%DB%8C%D9%86%D8%AA%D8%B1-%DA%86%D9%86%D8%AF-%DA%A9%D8%A7%D8%B1%D9%87-%D9%84%DB%8C%D8%B2%D8%B1%DB%8C-%D9%85%D8%AF%D9%84-CANON-MF643CDW,1,58,https://mahamprint.com/products/-----canon-mf643cdw,پرینتر چند کاره لیزری مدل CANON MF643CDW,1.0,high,model+title
https://mahamprint.com/product/1549/%D8%AA%D9%88%D9%86%D8%B1-CANON-737,0,58,https://mahamprint.com/products/-canon-737,تونر CANON 737,1.0,high,model+title
https://mahamprint.com/product/2040/%D8%A8%D8%B1%D8%AF-%D9%81%D8%B1%D9%85%D8%AA%D8%B1-Samsung-M2070,5,57,https://mahamprint.com/products/--samsung-m2070,برد فرمتر Samsung M2070,1.0,high,model+title
https://mahamprint.com/product/817/%D8%A8%D8%A7%D8%B1%DA%A9%D8%AF-%D8%A7%D8%B3%DA%A9%D9%86%D8%B1-Axiom-%D9%85%D8%AF%D9%84-2290,3,57,https://mahamprint.com/products/--axiom--2290,بارکد اسکنر Axiom مدل 2290,1.0,high,model+title
https://mahamprint.com/product/1739/%D9%84%D9%85%DB%8C%D9%86%D8%AA-500-%D8%B9%DA%A9%D8%B3-Fargo-TTF-Overlaminate-%D8%A7%D9%88%D8%B1%D8%AC%DB%8C%D9%86%D8%A7%D9%84,2,57,https://mahamprint.com/products/-500--fargo-ttf-overlaminate-,لمینت 500 عکس Fargo TTF Overlaminate اورجینال,1.0,high,model+title
https://mahamprint.com/product/481/%D8%A7%D8%B3%DA%A9%D9%86%D8%B1-Kodak-i5850,2,57,https://mahamprint.com/products/-kodak-i5850,اسکنر Kodak i5850,1.0,high,model+title
https://mahamprint.com/product/2340/%DA%86%D8%B1%D8%AE-%D8%AF%D9%86%D8%AF%D9%87-%DA%A9%D9%84%D8%A7%DA%86-Samsung-Gear-4521,1,57,https://mahamprint.com/products/---samsung-gear-4521,چرخ دنده کلاچ Samsung Gear 4521,1.0,high,model+title
https://mahamprint.com/product/1469/%DA%A9%D8%A7%D8%B1%D8%AA%D8%B1%DB%8C%D8%AC-CANON-FX10,0,57,https://mahamprint.com/products/-canon-fx10,کارتریج CANON FX10,1.0,high,model+title
https://mahamprint.com/product/3035/%D9%BE%D8%B1%DB%8C%D9%86%D8%AA%D8%B1%20-%D8%AA%DA%A9%20%DA%A9%D8%A7%D8%B1%D9%87%20-%D8%B1%D9%86%DA%AF%DB%8C-Canon-%207210%20cdn,1,57,https://mahamprint.com/products/------canon--7210-cdn,پرینتر تک کاره رنگی Canon 7210 cdn,1.0,high,model+title
https://mahamprint.com/product/614/%D8%B5%D9%86%D8%AF%D9%88%D9%82-%D9%81%D8%B1%D9%88%D8%B4%DA%AF%D8%A7%D9%87%DB%8C-Posiflex-KS-6715,1,57,https://mahamprint.com/products/--posiflex-ks-6715,صندوق فروشگاهی Posiflex KS-6715,1.0,high,model+title
https://mahamprint.com/product/922/%D9%85%D8%A7%D8%B4%DB%8C%D9%86-%D8%AD%D8%B3%D8%A7%D8%A8-Casio-FC-100v,1,57,https://mahamprint.com/products/--casio-fc-100v,ماشین حساب Casio FC-100v,1.0,high,model+title
https://mahamprint.com/product/1763/%D8%B1%DB%8C%D8%A8%D9%88%D9%86-%D8%B1%D9%86%DA%AF%DB%8C-500-%D8%B9%DA%A9%D8%B3-Fargo-Color-Ribbon-%D8%A7%D9%88%D8%B1%D8%AC%DB%8C%D9%86%D8%A7%D9%84,0,57,https://mahamprint.com/products/--500--fargo-color-ribbon-,ریبون رنگی 500 عکس Fargo Color Ribbon اورجینال,1.0,high,model+title
https://mahamprint.com/product/1371/%DA%A9%D8%A7%D8%B1%D8%AA%D8%B1%DB%8C%D8%AC-%D8%AA%D9%88%D9%86%D8%B1-EPSON-T200-Magenta,12,56,https://mahamprint.com/products/--epson-t200-magenta,کارتریج تونر EPSON T200 Magenta,1.0,high,model+title
https://mahamprint.com/product/3105/%D9%BE%D8%B1%DB%8C%D9%86%D8%AA%D8%B1%20-%D9%84%DB%8C%D8%B2%D8%B1%DB%8C%20-%D8%B1%D9%86%DA%AF%DB%8C%20-Canon-%20LBP632Cdw,5,56,https://mahamprint.com/products/------canon--lbp632cdw,پرینتر لیزری رنگی Canon LBP632Cdw,1.0,high,model+title
https://mahamprint.com/product/1072/%D8%AF%D8%B3%D8%AA%DA%AF%D8%A7%D9%87-%DA%A9%D9%BE%DB%8C-SHARP-AR-6020D,4,56,https://mahamprint.com/products/--sharp-ar-6020d,دستگاه کپی SHARP AR-6020D,1.0,high,model+title
https://mahamprint.com/product/780/%D8%A8%D8%A7%D8%B1%DA%A9%D8%AF-%D8%A7%D8%B3%DA%A9%D9%86%D8%B1-ZEC-2100-DB,4,56,https://mahamprint.com/products/--zec-2100-db,بارکد اسکنر ZEC 2100 DB,1.0,high,model+title
https://mahamprint.com/product/2245/%D9%81%DB%8C%D9%88%D8%B2%DB%8C%D9%86%DA%AF-%D8%A7%DA%86-%D9%BE%DB%8C-HP-M401,3,56,https://mahamprint.com/products/---hp-m401,فیوزینگ اچ پی HP M401,1.0,high,model+title
https://mahamprint.com/product/3089/%D9%BE%D8%B1%DB%8C%D9%86%D8%AA%D8%B1%20-%D8%B3%D9%87%20-%DA%A9%D8%A7%D8%B1%D9%87-%20%D8%B1%D9%86%DA%AF%DB%8C%20-CANON-%20MF752Cdw,3,56,https://mahamprint.com/products/--------canon--mf752cdw,پرینتر سه کاره رنگی CANON MF752Cdw,1.0,high,model+title
https://mahamprint.com/product/1210/%D9%BE%D8%B1%D8%AF%D9%87-%D9%86%D9%85%D8%A7%DB%8C%D8%B4-%D8%AF%D8%B3%D8%AA%DB%8C-%D9%BE%D8%B1%D9%88%DA%98%DA%A9%D8%AA%D9%88%D8%B1-scope-2x2,1,56,https://mahamprint.com/products/----scope-2x2,پرده نمایش دستی پروژکتور scope 2x2,1.0,high,model+title
https://mahamprint.com/product/1560/%D8%AA%D9%88%D9%86%D8%B1-%DA%A9%D8%A7%D8%B1%D8%AA%D8%B1%DB%8C%D8%AC-CANON-718,1,56,https://mahamprint.com/products/--canon-718,تونر کارتریج CANON 718,1.0,high,model+title
https://mahamprint.com/product/240/%D9%BE%D8%B1%DB%8C%D9%86%D8%AA%D8%B1-%DA%86%D9%86%D8%AF%DA%A9%D8%A7%D8%B1%D9%87-%D9%84%DB%8C%D8%B2%D8%B1%DB%8C-%D8%A8%D8%B1%D9%86%D8%AF-CANON-%D9%85%D8%AF%D9%84-MF235,1,56,https://mahamprint.com/products/----canon--mf235,پرینتر چندکاره لیزری برند  CANON مدل MF235,1.0,high,model+title
https://mahamprint.com/product/1094/%D8%AF%D8%B1%D8%A7%D9%85-%DA%A9%D8%A7%D8%B1%D8%AA%D8%B1%DB%8C%D8%AC-Samsung-203,1,56,https://mahamprint.com/products/--samsung-203,درام کارتریج Samsung 203,1.0,high,model+title
https://mahamprint.com/product/2683/%D9%BE%D8%B1%DB%8C%D9%86%D8%AA%D8%B1-%D8%AC%D9%88%D9%87%D8%B1-%D8%A7%D9%81%D8%B4%D8%A7%D9%86-Epson-L3256w,1,56,https://mahamprint.com/products/---epson-l3256w,پرینتر جوهر افشان Epson L3256w,1.0,high,model+title
https://mahamprint.com/product/90/%D9%BE%D8%B1%DB%8C%D9%86%D8%AA%D8%B1-%D9%84%DB%8C%D8%B2%D8%B1%DB%8C-%D8%AA%DA%A9-%DA%A9%D8%A7%D8%B1%D9%87-HP-452DN,0,56,https://mahamprint.com/products/----hp-452dn,پرینتر  لیزری تک کاره HP 452DN,1.0,high,model+title
https://mahamprint.com/product/1538/%D8%AA%D9%88%D9%86%D8%B1-BROTHER-TN-3420,9,55,https://mahamprint.com/products/-brother-tn-3420,تونر BROTHER TN-3420,1.0,high,model+title
https://mahamprint.com/product/2805/%D9%BE%D8%B1%DB%8C%D9%86%D8%AA%D8%B1-%D8%A8%D8%B1%D9%86%D8%AF-EPSON-L4260,9,55,https://mahamprint.com/products/--epson-l4260,پرینتر برند EPSON L4260,1.0,high,model+title
https://mahamprint.com/product/2661/%D8%A7%D8%B3%DA%A9%D9%86%D8%B1-HP-SCANJET-PRO-2600F1,8,55,https://mahamprint.com/products/-hp-scanjet-pro-2600f1,اسکنر HP SCANJET PRO 2600F1,1.0,high,model+title
https://mahamprint.com/product/1082/%D9%81%D9%88%D9%85-%D8%B1%D9%88%D9%84-HP-1200,5,55,https://mahamprint.com/products/--hp-1200,فوم رول HP 1200,1.0,high,model+title
https://mahamprint.com/product/138/%D9%BE%D8%B1%DB%8C%D9%86%D8%AA%D8%B1-%DA%86%D9%87%D8%A7%D8%B1%DA%A9%D8%A7%D8%B1%D9%87-%D9%84%DB%8C%D8%B2%D8%B1%DB%8C-Brother-MFC-L2740DW,6,55,https://mahamprint.com/products/---brother-mfc-l2740dw,پرینتر چهارکاره لیزری Brother MFC-L2740DW,1.0,high,model+title
https://mahamprint.com/product/2023/%D9%BE%D8%B1%DB%8C%D9%86%D8%AA%D8%B1-Canon-SELPHY-CP1300,5,55,https://mahamprint.com/products/-canon-selphy-cp1300,پرینتر Canon SELPHY CP1300,1.0,high,model+title
https://mahamprint.com/product/499/%D8%A7%D8%B3%DA%A9%D9%86%D8%B1-Kodak-i1000,5,55,https://mahamprint.com/products/-kodak-i1000,اسکنر Kodak i1000,1.0,high,model+title
https://mahamprint.com/product/565/%D9%84%DB%8C%D8%A8%D9%84-%D9%BE%D8%B1%DB%8C%D9%86%D8%AA%D8%B1-%D8%A8%D8%B1%D9%86%D8%AF-ZEBRA-ZT420,5,55,https://mahamprint.com/products/---zebra-zt420,لیبل پرینتر برند ZEBRA ZT420,1.0,high,model+title
https://mahamprint.com/product/2429/%DA%A9%D8%A7%D8%BA%D8%B0%DA%A9%D8%B4-ADF-%D8%AF%D9%88%D9%82%D9%84%D9%88-%D8%B4%D8%A7%D8%B1%D9%BE-AR-620-%D9%81%D8%A7%D8%A8%D8%B1%DB%8C%DA%A9,4,55,https://mahamprint.com/products/-adf---ar-620-,کاغذکش ADF اسفنجی شارپ AR-620 فابریک,0.912,high,model+title
https://mahamprint.com/product/1793/%D9%85%D8%B1%DA%A9%D8%A8-Risograph-Z-Type-S-4253-ink,3,55,https://mahamprint.com/products/-risograph-z-type-s-4253-ink,مرکب Risograph Z-Type S-4253 ink,1.0,high,model+title
https://mahamprint.com/product/1246/%D9%88%DB%8C%D8%AF%D8%A6%D9%88-%D9%BE%D8%B1%D9%88%DA%98%DA%A9%D8%AA%D9%88%D8%B1-%D8%AC%DB%8C%D8%A8%DB%8C-UNIC-UC46,2,55,https://mahamprint.com/products/---unic-uc46,ویدئو پروژکتور جیبی UNIC UC46,1.0,high,model+title
https://mahamprint.com/product/848/%D8%A8%D8%A7%D8%B1%DA%A9%D8%AF-%D8%A7%D8%B3%DA%A9%D9%86%D8%B1-Remo-%D9%85%D8%AF%D9%84-3100,2,55,https://mahamprint.com/products/--remo--3100,بارکد اسکنر Remo مدل 3100,1.0,high,model+title
https://mahamprint.com/product/1318/%D9%85%D8%A7%D9%86%DB%8C%D8%AA%D9%88%D8%B1-%D8%AF%D9%84-E2420H-%D8%B3%D8%A7%DB%8C%D8%B2-%DB%B2%DB%B4-%D8%A7%DB%8C%D9%86%DA%86,2,55,https://mahamprint.com/products/--e2420h---,مانیتور دل E2420H سایز ۲۴ اینچ,1.0,high,model+title
https://mahamprint.com/product/1653/%D9%BE%D9%84%D8%A7%D8%AA%D8%B1-hp-%D9%85%D8%AF%D9%84-t795,1,55,https://mahamprint.com/products/-hp--t795,پلاتر  hp مدل t795,1.0,high,model+title
https://mahamprint.com/product/225/%D9%BE%D8%B1%DB%8C%D9%86%D8%AA%D8%B1-%D8%AC%D9%88%D9%87%D8%B1%D8%A7%D9%81%D8%B4%D8%A7%D9%86-%DA%86%D9%87%D8%A7%D8%B1-%DA%A9%D8%A7%D8%B1%D9%87-HP-C510,1,55,https://mahamprint.com/products/----hp-c510,پرینتر جوهرافشان چهار کاره HP C510,1.0,high,model+title
https://mahamprint.com/product/2937/%D8%AF%D8%B3%D8%AA%DA%AF%D8%A7%D9%87-%DA%A9%D9%BE%DB%8C-%DA%86%D9%86%D8%AF-%DA%A9%D8%A7%D8%B1%D9%87-SHARP-%D9%85%D8%AF%D9%84-BP-X240,0,55,https://mahamprint.com/products/----sharp--bp-x240,دستگاه کپی چند کاره SHARP مدل BP-X240,1.0,high,model+title
https://mahamprint.com/product/1033/%D9%85%D8%A7%D8%B4%DB%8C%D9%86-%D8%AD%D8%B3%D8%A7%D8%A8-Citizen-350DPN,6,54,https://mahamprint.com/products/--citizen-350dpn,ماشین حساب Citizen 350DPN,1.0,high,model+title
https://mahamprint.com/product/1334/%D9%85%D8%A7%D9%86%DB%8C%D8%AA%D9%88%D8%B1-%D8%A7%D9%84-%D8%AC%DB%8C-27MK400H-%D8%B3%D8%A7%DB%8C%D8%B2-27-%D8%A7%DB%8C%D9%86%DA%86,6,54,https://mahamprint.com/products/---27mk400h--27-,مانیتور ال جی 27MK400H سایز 27 اینچ,1.0,high,model+title
https://mahamprint.com/product/66/%D9%BE%D8%B1%DB%8C%D9%86%D8%AA%D8%B1-%D8%AA%DA%A9-%DA%A9%D8%A7%D8%B1%D9%87-%D9%84%DB%8C%D8%B2%D8%B1%DB%8C-HP-M402DW,3,54,https://mahamprint.com/products/----hp-m402dw,پرینتر تک کاره لیزری  HP M402DW,1.0,high,model+title
https://mahamprint.com/product/1505/%DA%A9%D8%A7%D8%B1%D8%AA%D8%B1%DB%8C%D8%AC-Canon-052,2,54,https://mahamprint.com/products/-canon-052,کارتریج Canon 052,1.0,high,model+title
https://mahamprint.com/product/510/%D8%AA%D8%B3%D8%AA-%D8%A7%D8%B3%DA%A9%D9%86%D8%A7%D8%B3-Remo-%D9%85%D8%AF%D9%84-528M,2,54,https://mahamprint.com/products/--remo--528m,تست اسکناس Remo مدل 528M,1.0,high,model+title
https://mahamprint.com/product/1115/%D8%AA%D9%88%D9%86%D8%B1-%D8%B4%D8%A7%D8%B1%DA%98-hp-1-kg,1,54,https://mahamprint.com/products/--hp-1-kg,تونر شارژ hp 1 kg,0.35,medium,title-only
https://mahamprint.com/product/656/%DA%A9%D8%A7%D8%BA%D8%B0-%D8%AE%D8%B1%D8%AF%DA%A9%D9%86-Nikita-SD-9681,2,54,https://mahamprint.com/products/--nikita-sd-9681,کاغذ خردکن Nikita SD-9681,1.0,high,model+title
https://mahamprint.com/product/1582/%D8%AA%D9%88%D9%86%D8%B1-HP-126-A,1,54,https://mahamprint.com/products/-hp-126-a,تونر HP 126 A,1.0,high,model+title
https://mahamprint.com/product/1028/%D9%85%D8%A7%D8%B4%DB%8C%D9%86-%D8%AD%D8%B3%D8%A7%D8%A8-Sitizen-CT-500JS,0,54,https://mahamprint.com/products/--sitizen-ct-500js,ماشین حساب Sitizen CT-500JS,1.0,high,model+title
https://mahamprint.com/product/2335/%DA%86%D8%B1%D8%AE-%D8%AF%D9%86%D8%AF%D9%87-%DA%A9%D9%84%D8%A7%DA%86-%D8%AF%D8%B3%D8%AA%DA%AF%D8%A7%D9%87-HP-1536-gear,1,54,https://mahamprint.com/products/----hp-1536-gear,چرخ دنده کلاچ دستگاه HP 1536 gear,1.0,high,model+title
https://mahamprint.com/product/1143/%D8%AC%D9%88%D9%87%D8%B1-%DB%B4-%D8%B1%D9%86%DA%AF-EPSON-522,5,53,https://mahamprint.com/products/---epson-522,جوهر ۴ رنگ EPSON 522,1.0,high,model+title
https://mahamprint.com/product/1120/%D8%AA%D9%88%D9%86%D8%B1-%D8%B4%D8%A7%D8%B1%DA%98-%D8%B1%D9%86%DA%AF%DB%8C-%D8%A8%D8%B1%D9%86%D8%AF-hp-%D9%85%D8%AF%D9%84-3600-200gr,3,53,https://mahamprint.com/products/----hp--3600-200gr,تونر شارژ رنگی  برند hp مدل 3600 200gr,1.0,high,model+title
https://mahamprint.com/product/1494/%DA%A9%D8%A7%D8%B1%D8%AA%D8%B1%DB%8C%D8%AC-HP-53A,3,53,https://mahamprint.com/products/-hp-53a,کارتریج HP 53A,1.0,high,model+title
https://mahamprint.com/product/208/%D9%BE%D8%B1%DB%8C%D9%86%D8%AA%D8%B1-%D9%84%DB%8C%D8%B2%D8%B1%DB%8C-%DA%86%D9%86%D8%AF%DA%A9%D8%A7%D8%B1%D9%87-%D8%A8%D8%B1%D9%86%D8%AF-HP-%D9%85%D8%AF%D9%84-M680DN,3,53,https://mahamprint.com/products/----hp--m680dn,پرینتر لیزری چندکاره برند HP مدل M680DN,1.0,high,model+title
https://mahamprint.com/product/2487/%D9%BE%D8%B1%DB%8C%D9%86%D8%AA%D8%B1%D9%84%DB%8C%D8%B2%D8%B1%DB%8C-%D8%AA%DA%A9-%DA%A9%D8%A7%D8%B1%D9%87-HP-M111W,3,53,https://mahamprint.com/products/---hp-m111w,پرینترلیزری تک کاره  HP M111W,1.0,high,model+title
https://mahamprint.com/product/1076/%D8%A8%D9%84%DB%8C%D8%AF-%DA%A9%D8%A7%D8%B1%D8%AA%D8%B1%DB%8C%D8%AC-HP-2035,2,53,https://mahamprint.com/products/--hp-2035,بلید کارتریج HP 2035,1.0,high,model+title
https://mahamprint.com/product/1140/%D8%AC%D9%88%D9%87%D8%B1-%D8%A8%D8%B1%D9%86%D8%AF-brother-%D9%85%D8%AF%D9%84-%DA%86%D9%87%D8%A7%D8%B1-%D8%B1%D9%86%DA%AF-BT5000,2,53,https://mahamprint.com/products/--brother----bt5000,جوهر برند brother مدل چهار رنگ BT5000,1.0,high,model+title
https://mahamprint.com/product/774/%D8%AF%D8%B3%D8%AA%DA%AF%D8%A7%D9%87-%D8%A8%D8%B1%D8%B4-%DA%A9%D8%A7%D8%BA%D8%B0-OC500,2,53,https://mahamprint.com/products/---oc500,دستگاه برش کاغذ OC500,1.0,high,model+title
https://mahamprint.com/product/1275/%D8%AF%DB%8C%D8%AA%D8%A7-%D9%88%DB%8C%D8%AF%D8%A6%D9%88-%D9%BE%D8%B1%D9%88%DA%98%DA%A9%D8%AA%D9%88%D8%B1-Acer-X113ph,1,53,https://mahamprint.com/products/---acer-x113ph,دیتا ویدئو پروژکتور Acer X113ph,1.0,high,model+title
https://mahamprint.com/product/1352/%D8%AA%D9%88%D9%86%D8%B1-%DA%A9%D8%A7%D8%B1%D8%AA%D8%B1%DB%8C%D8%AC-HP-72-CMYK,2,53,https://mahamprint.com/products/--hp-72-cmyk,تونر کارتریج  HP 72 CMYK,1.0,high,model+title
https://mahamprint.com/product/1810/%D8%AA%D8%A7%D9%86%DA%A9-%D8%AC%D9%88%D9%87%D8%B1-%DA%A9%D8%A7%D9%86%D9%86-Canon-7240,1,53,https://mahamprint.com/products/---canon-7240,تانک جوهر کانن Canon 7240,1.0,high,model+title
https://mahamprint.com/product/829/%D8%A8%D8%A7%D8%B1%DA%A9%D8%AF-%D8%AE%D9%88%D8%A7%D9%86-%D8%A8%D8%B1%D9%86%D8%AF-symbol-LS-9208,1,53,https://mahamprint.com/products/---symbol-ls-9208,بارکد خوان برند symbol LS-9208,1.0,high,model+title
https://mahamprint.com/product/2081/%D8%A8%D8%B1%D8%AF-%D9%BE%D8%A7%D9%88%D8%B1-%D9%BE%D8%B1%DB%8C%D9%86%D8%AA%D8%B1-HP-1522,0,53,https://mahamprint.com/products/---hp-1522,برد پاور پرینتر HP 1522,1.0,high,model+title
https://mahamprint.com/product/1345/%DA%A9%D8%A7%D8%B1%D8%AA%D8%B1%DB%8C%D8%AC-Canon-PFI-102-CMYK,8,52,https://mahamprint.com/products/-canon-pfi-102-cmyk,کارتریج Canon PFI 102 CMYK,1.0,high,model+title
https://mahamprint.com/product/2267/%D9%87%D8%A7%D8%AA-%D8%B1%D9%88%D9%84%D8%B1-%D8%B3%D8%A7%D9%85%D8%B3%D9%88%D9%86%DA%AF-Samsung-2250-4720,6,52,https://mahamprint.com/products/---samsung-2250-4720,هات رولر سامسونگ Samsung 2250 4720,1.0,high,model+title
https://mahamprint.com/product/790/%D8%A8%D8%A7%D8%B1%DA%A9%D8%AF-%D8%A7%D8%B3%DA%A9%D9%86%D8%B1-Mindeo-%D9%85%D8%AF%D9%84-MD-6200,4,52,https://mahamprint.com/products/--mindeo--md-6200,بارکد اسکنر Mindeo مدل MD 6200,1.0,high,model+title
https://mahamprint.com/product/587/%D9%81%DB%8C%D8%B4-%D9%BE%D8%B1%DB%8C%D9%86%D8%AA%D8%B1-%D8%AD%D8%B1%D8%A7%D8%B1%D8%AA%DB%8C-%D8%A8%D8%B1%D9%86%D8%AF-Bixolon-%D9%85%D8%AF%D9%84-SRP-330N,0,53,https://mahamprint.com/products/----bixolon--srp-330n,فیش پرینتر حرارتی برند Bixolon مدل SRP-330N,1.0,high,model+title
https://mahamprint.com/product/539/%D9%81%DB%8C%D8%B4-%D9%BE%D8%B1%DB%8C%D9%86%D8%AA%D8%B1-%D8%A8%D8%B1%D9%86%D8%AF-MEHR-%D9%85%D8%AF%D9%84-88A,7,52,https://mahamprint.com/products/---mehr--88a,فیش پرینتر برند MEHR مدل 88A,1.0,high,model+title
https://mahamprint.com/product/2553/%D9%BE%D8%B1%DB%8C%D9%86%D8%AA%D8%B1-%D8%B5%D8%AF%D9%88%D8%B1-%DA%A9%D8%A7%D8%B1%D8%AA-SMART-21,2,52,https://mahamprint.com/products/---smart-21,پرینتر صدور کارت SMART-21,1.0,high,model+title
https://mahamprint.com/product/342/%D9%BE%D8%B1%DB%8C%D9%86%D8%AA%D8%B1-Epson-EcoTank-L3150,3,52,https://mahamprint.com/products/-epson-ecotank-l3150,پرینتر Epson EcoTank L3150,1.0,high,model+title
https://mahamprint.com/product/1218/%D9%BE%D8%B1%D8%AF%D9%87-%D9%86%D9%85%D8%A7%DB%8C%D8%B4-%D8%AF%D8%B3%D8%AA%DB%8C-%D9%BE%D8%B1%D9%88%DA%98%DA%A9%D8%AA%D9%88%D8%B1-scope-150x150,0,52,https://mahamprint.com/products/----scope-150x150,پرده نمایش دستی پروژکتور scope 150x150,1.0,high,model+title
https://mahamprint.com/product/310/%D9%BE%D8%B1%DB%8C%D9%86%D8%AA%D8%B1-%D9%84%DB%8C%D8%B2%D8%B1%DB%8C-%DA%86%D9%86%D8%AF%DA%A9%D8%A7%D8%B1%D9%87-%D8%A8%D8%B1%D9%86%D8%AF-HP-M178NW,1,52,https://mahamprint.com/products/----hp-m178nw,پرینتر لیزری چندکاره برند HP M178NW,1.0,high,model+title
https://mahamprint.com/product/1639/%D9%81%DB%8C%D8%B4-%D9%BE%D8%B1%DB%8C%D9%86%D8%AA%D8%B1-MEVA-tp-un,0,52,https://mahamprint.com/products/----meva--tp-un,پرینتر حرارتی MEVA TP-UN,0.86,high,model+title
https://mahamprint.com/product/696/%DA%A9%D8%A7%D8%BA%D8%B0-%D8%AE%D8%B1%D8%AF-%DA%A9%D9%86-Fellowes-%D9%85%D8%AF%D9%84-79Ci,3,52,https://mahamprint.com/products/---fellowes--79ci,کاغذ خرد کن Fellowes مدل 79Ci,1.0,high,model+title
https://mahamprint.com/product/1252/%D9%88%DB%8C%D8%AF%D8%A6%D9%88-%D9%BE%D8%B1%D9%88%DA%98%DA%A9%D8%AA%D9%88%D8%B1-%D8%AC%DB%8C%D8%A8%DB%8C-SONY-MP-CD1-Mobile,5,51,https://mahamprint.com/products/---sony-mp-cd1-mobile,ویدئو پروژکتور جیبی SONY MP-CD1 Mobile,1.0,high,model+title
https://mahamprint.com/product/523/%D8%AA%D8%B3%D8%AA-%D8%A7%D8%B3%DA%A9%D9%86%D8%A7%D8%B3-%D8%A8%D8%B1%D9%86%D8%AF-Protech-DL-860,0,52,https://mahamprint.com/products/---protech-dl-860,تست اسکناس برند Protech  DL-860,1.0,high,model+title
https://mahamprint.com/product/3007/%D9%BE%D8%B1%DB%8C%D9%86%D8%AA%D8%B1-%20%D9%84%DB%8C%D8%A8%D9%84%20%D8%B2%D9%86%20-Meva%20-4210,0,52,https://mahamprint.com/products/-----meva--4210,پرینتر لیبل زن Meva 4210,1.0,high,model+title
https://mahamprint.com/product/1698/%D9%BE%D8%B1%DB%8C%D9%86%D8%AA%D8%B1-%D8%B3%D9%87-%DA%A9%D8%A7%D8%B1%D9%87-%D9%84%DB%8C%D8%B2%D8%B1%DB%8C-HP-M236sdw,4,51,https://mahamprint.com/products/----hp-m236sdw,پرینتر سه کاره لیزری HP M236sdw,1.0,high,model+title
https://mahamprint.com/product/1054/%D8%AF%D8%B3%D8%AA%DA%AF%D8%A7%D9%87-%DA%A9%D9%BE%DB%8C-TOSHIBA-E-STUDIO-6508A,1,51,https://mahamprint.com/products/--toshiba-e-studio-6508a,دستگاه کپی TOSHIBA E-STUDIO 6508A,1.0,high,model+title
https://mahamprint.com/product/1073/%D8%AF%D8%B3%D8%AA%DA%AF%D8%A7%D9%87-%DA%A9%D9%BE%DB%8C-SHARP-AR-X201,2,51,https://mahamprint.com/products/--sharp-ar-x201,دستگاه کپی SHARP AR-X201,1.0,high,model+title
https://mahamprint.com/product/2220/%D8%B3%DB%8C%D9%86%DB%8C-%D9%88%D8%B1%D9%88%D8%AF%DB%8C-%DA%A9%D8%A7%D8%BA%D8%B0-HP-1018,1,51,https://mahamprint.com/products/---hp-1018,سینی ورودی کاغذ HP 1018,1.0,high,model+title
https://mahamprint.com/product/2241/%D9%81%DB%8C%D9%88%D8%B2%DB%8C%D9%86%DA%AF-%DA%A9%D8%A7%D9%85%D9%84-%D8%B3%D8%A7%D9%85%D8%B3%D9%88%D9%86%DA%AF-Samsung-4623,1,51,https://mahamprint.com/products/---samsung-4623,فیوزینگ کامل سامسونگ Samsung 4623,1.0,high,model+title
https://mahamprint.com/product/2098/%D8%AF%D8%B1%D8%A7%D9%85-Lexmark-120-Drum,1,51,https://mahamprint.com/products/-lexmark-120-drum,درام Lexmark 120 Drum,1.0,high,model+title
https://mahamprint.com/product/2663/%D8%A7%D8%B3%DA%A9%D9%86%D8%B1-%D9%85%D8%AF%D9%84-HP-SCANJET-4600F1,1,51,https://mahamprint.com/products/--hp-scanjet-4600f1,اسکنر مدل HP SCANJET 4600F1,1.0,high,model+title
https://mahamprint.com/product/679/%DA%A9%D8%A7%D8%BA%D8%B0-%D8%AE%D8%B1%D8%AF%DA%A9%D9%86-Fellowes-H-8CD,1,51,https://mahamprint.com/products/--fellowes-h-8cd,کاغذ خردکن Fellowes H-8CD,1.0,high,model+title
https://mahamprint.com/product/2491/%D9%BE%D8%B1%DB%8C%D9%86%D8%AA%D8%B1-%D9%84%DB%8C%D8%B2%D8%B1%DB%8C-%D8%AA%DA%A9-%DA%A9%D8%A7%D8%B1%D9%87-%D8%A8%D8%B1%D9%86%D8%AF-CANON-%D9%85%D8%AF%D9%84-6018L,0,51,https://mahamprint.com/products/-----canon--6018l,پرینتر لیزری تک کاره برند CANON مدل 6018L,1.0,high,model+title
https://mahamprint.com/product/615/%D8%B5%D9%86%D8%AF%D9%88%D9%82-%D9%81%D8%B1%D9%88%D8%B4%DA%AF%D8%A7%D9%87%DB%8C-Posiflex-HS-2310,3,50,https://mahamprint.com/products/--posiflex-hs-2310,صندوق فروشگاهی Posiflex HS-2310,1.0,high,model+title
https://mahamprint.com/product/1606/%D9%BE%D8%B1%DB%8C%D9%86%D8%AA%D8%B1-%D8%AA%DA%A9-%DA%A9%D8%A7%D8%B1%D9%87-%D9%84%DB%8C%D8%B2%D8%B1%DB%8C-HP-M406DN,2,50,https://mahamprint.com/products/----hp-m406dn,پرینتر تک کاره لیزری  HP M406DN,1.0,high,model+title
https://mahamprint.com/product/1456/%D8%AA%D9%88%D9%86%D8%B1-HP-933-CMY,0,50,https://mahamprint.com/products/-hp-933-cmy,تونر HP 933 CMY,1.0,high,model+title
https://mahamprint.com/product/2735/%DA%A9%D8%A7%D8%B1%D8%AA-%DA%AF%D8%B1%D8%A7%D9%81%DB%8C%DA%A9-RTX-3070-GAMING-Z-TRIO-8G,0,50,https://mahamprint.com/products/--rtx-3070-gaming-z-trio-8g,کارت گرافیک  RTX 3070 GAMING Z TRIO 8G,1.0,high,model+title
https://mahamprint.com/product/2063/%D8%A8%D8%B1%D8%AF-%D9%BE%D8%A7%D9%88%D8%B1-printer-hp-1102,2,50,https://mahamprint.com/products/--printer-hp-1102,برد پاور printer hp 1102,1.0,high,model+title
https://mahamprint.com/product/1639/%D9%BE%D8%B1%DB%8C%D9%86%D8%AA%D8%B1%20-%D8%AD%D8%B1%D8%A7%D8%B1%D8%AA%DB%8C-%20MEVA%20-TP-UN2,0,50,https://mahamprint.com/products/----meva--tp-un2,پرینتر حرارتی MEVA TP-UN2,1.0,high,model+title
https://mahamprint.com/product/1587/%DA%A9%D8%A7%D8%B1%D8%AA%D8%B1%DB%8C%D8%AC-%D8%AA%D9%88%D9%86%D8%B1-Lexmark-71B20,9,49,https://mahamprint.com/products/--lexmark-71b20,کارتریج تونر Lexmark 71B20,1.0,high,model+title
https://mahamprint.com/product/414/%D8%A7%D8%B3%DA%A9%D9%86%D8%B1-AVISION-AVA6,5,49,https://mahamprint.com/products/-avision-ava6,اسکنر AVISION AVA6,1.0,high,model+title
https://mahamprint.com/product/2294/%D8%B1%D9%88%D9%84-%D9%BE%D8%B1%D8%B3-HP-1320,4,49,https://mahamprint.com/products/-hp-1320,مگنت HP 1320,0.79,high,model+title
https://mahamprint.com/product/1675/%D9%81%DA%A9%D8%B3-brother-FAX-2950,3,49,https://mahamprint.com/products/-brother-fax-2950,فکس brother FAX-2950,1.0,high,model+title
https://mahamprint.com/product/2453/%D9%BE%D8%B1%DB%8C%D9%86%D8%AA%D8%B1-%D8%AA%DA%A9-%DA%A9%D8%A7%D8%B1%D9%87-ricoh-213w,4,49,https://mahamprint.com/products/---ricoh-213w,پرینتر تک کاره ricoh 213w,1.0,high,model+title
https://mahamprint.com/product/2459/%D8%AF%D8%B3%D8%AA%DA%AF%D8%A7%D9%87-%DA%A9%D9%BE%DB%8C-RICOH-IM-3500,3,49,https://mahamprint.com/products/--ricoh-im-3500,دستگاه کپی RICOH IM 3500,1.0,high,model+title
https://mahamprint.com/product/284/%D9%BE%D8%B1%DB%8C%D9%86%D8%AA%D8%B1-%D9%84%DB%8C%D8%B2%D8%B1%DB%8C-%DA%86%D9%86%D8%AF-%DA%A9%D8%A7%D8%B1%D9%87-%D8%A8%D8%B1%D9%86%D8%AF-BROTHER-DCP-l5500D,3,49,https://mahamprint.com/products/-----brother-dcp-l5500d,پرینتر لیزری چند کاره برند BROTHER DCP-l5500D,1.0,high,model+title
https://mahamprint.com/product/814/%D8%A8%D8%A7%D8%B1%DA%A9%D8%AF-%D8%A7%D8%B3%DA%A9%D9%86%D8%B1-NewLand-%D9%85%D8%AF%D9%84-HR-1250,3,49,https://mahamprint.com/products/--newland--hr-1250,بارکد اسکنر  NewLand مدل HR-1250,1.0,high,model+title
https://mahamprint.com/product/546/%D9%81%DB%8C%D8%B4-%D9%BE%D8%B1%DB%8C%D9%86%D8%AA%D8%B1-%D9%82%D8%A7%D8%A8%D9%84-%D8%AD%D9%85%D9%84-%D8%A8%D8%B1%D9%86%D8%AF-Bixolon-%D9%85%D8%AF%D9%84-SPP-R220,2,49,https://mahamprint.com/products/-----bixolon--spp-r220,فیش پرینتر قابل حمل برند Bixolon مدل SPP R220,1.0,high,model+title
https://mahamprint.com/product/2719/%DA%A9%D8%A7%D8%B1%D8%AA-%DA%AF%D8%B1%D8%A7%D9%81%DB%8C%DA%A9-MSI-RX-6900-XT-GAMING-X-TRIO-16GB,2,49,https://mahamprint.com/products/--msi-rx-6900-xt-gaming-x-trio-16gb,کارت گرافیک MSI RX 6900 XT GAMING X TRIO 16GB,1.0,high,model+title
https://mahamprint.com/product/1023/%D9%85%D8%A7%D8%B4%DB%8C%D9%86-%D8%AD%D8%B3%D8%A7%D8%A8-Citizen-SDC-760N,4,49,https://mahamprint.com/products/--citizen-sdc-760n,ماشین حساب Citizen SDC-760N,1.0,high,model+title
https://mahamprint.com/product/1091/%D9%85%DA%AF%D9%86%D8%AA-HP-1010,1,49,https://mahamprint.com/products/-hp-1010,مگنت HP 1010,1.0,high,model+title
https://mahamprint.com/product/2257/%D9%81%DB%8C%D9%88%D8%B2%DB%8C%D9%86%DA%AF-%D8%A7%DA%86-%D9%BE%DB%8C-HP-1320,1,49,https://mahamprint.com/products/-hp-1320,مگنت HP 1320,0.767,high,model+title
https://mahamprint.com/product/979/%D9%85%D8%A7%D8%B4%DB%8C%D9%86-%D8%AD%D8%B3%D8%A7%D8%A8-Citizen-SLD-1010II,1,49,https://mahamprint.com/products/--citizen-sld-1010ii,ماشین حساب Citizen SLD-1010II,1.0,high,model+title
https://mahamprint.com/product/549/%D9%81%DB%8C%D8%B4-%D9%BE%D8%B1%DB%8C%D9%86%D8%AA%D8%B1-%D8%A8%D8%B1%D9%86%D8%AF-Xprinter-%D9%85%D8%AF%D9%84-260n,9,48,https://mahamprint.com/products/---xprinter--260n,فیش پرینتر برند Xprinter مدل 260n,1.0,high,model+title
https://mahamprint.com/product/444/%D8%A7%D8%B3%DA%A9%D9%86%D8%B1-Plustek-PS4080U,9,48,https://mahamprint.com/products/-plustek-ps4080u,اسکنر Plustek PS4080U,1.0,high,model+title
https://mahamprint.com/product/450/%D8%A7%D8%B3%DA%A9%D9%86%D8%B1-Plustek-OpticPro-A320l,0,49,https://mahamprint.com/products/-plustek-opticpro-a320l,اسکنر Plustek OpticPro A320l,1.0,high,model+title
https://mahamprint.com/product/1351/%D8%AA%D9%88%D9%86%D8%B1-HP-91-CMYK,0,49,https://mahamprint.com/products/-hp-91-cmyk,تونر HP 91 CMYK,1.0,high,model+title
https://mahamprint.com/product/2108/%D8%AF%D8%B1%D8%A7%D9%85-HP-15A-Drum-1200,5,48,https://mahamprint.com/products/-hp-15a-drum-1200,درام HP 15A Drum 1200,1.0,high,model+title
https://mahamprint.com/product/653/%DA%A9%D8%A7%D8%BA%D8%B0-%D8%AE%D8%B1%D8%AF%DA%A9%D9%86-Nikita-SD9680,5,48,https://mahamprint.com/products/--nikita-sd9680,کاغذ خردکن Nikita SD9680,1.0,high,model+title
https://mahamprint.com/product/524/%D8%AA%D8%B3%D8%AA-%D8%A7%D8%B3%DA%A9%D9%86%D8%A7%D8%B3-Catiga-CL-854,4,48,https://mahamprint.com/products/--catiga-cl-854,تست اسکناس Catiga CL-854,1.0,high,model+title
https://mahamprint.com/product/1142/%D8%AC%D9%88%D9%87%D8%B1-%DB%B4-%D8%B1%D9%86%DA%AF-EPSON-103,5,48,https://mahamprint.com/products/-epson--103-4-,جوهر epson مدل 103 4 رنگ,0.883,high,model+title
https://mahamprint.com/product/1602/%D9%84%DB%8C%D8%A8%D9%84-%D9%BE%D8%B1%DB%8C%D9%86%D8%AA%D8%B1-%D8%AD%D8%B1%D8%A7%D8%B1%D8%AA%DB%8C-BIXOLON-%D9%85%D8%AF%D9%84-slp-tx-423,6,48,https://mahamprint.com/products/---bixolon--slp-tx-423,لیبل پرینتر حرارتی  BIXOLON مدل slp-tx 423,1.0,high,model+title
https://mahamprint.com/product/2420/%D8%B3%D9%BE%D8%B1%DB%8C%D8%B4%D9%86-Ricoh-AF-2075,3,48,https://mahamprint.com/products/-ricoh-af-2075,سپریشن Ricoh AF-2075,1.0,high,model+title
https://mahamprint.com/product/2442/%D9%87%D8%AF-%D9%BE%D8%B1%DB%8C%D9%86%D8%AA%D8%B1-Epson-Stylus-Photo-1410,3,48,https://mahamprint.com/products/--epson-stylus-photo-1410,هد پرینتر Epson Stylus Photo 1410,1.0,high,model+title
https://mahamprint.com/product/1679/%D8%AA%D9%88%D9%86%D8%B1-HP-59A,2,48,https://mahamprint.com/products/-hp-59a,تونر HP 59A,1.0,high,model+title
https://mahamprint.com/product/3077/%D9%84%DB%8C%D8%A8%D9%84-%D9%BE%D8%B1%DB%8C%D9%86%D8%AA%D8%B1-Gainscha-2408-dc,3,48,https://mahamprint.com/products/----gainscha--2408-dc,لیبل پرینتر Gainscha 2408 dc,1.0,high,model+title
https://mahamprint.com/product/835/%D8%A8%D8%A7%D8%B1%DA%A9%D8%AF-%D8%A7%D8%B3%DA%A9%D9%86%D8%B1-ROMANS-%D9%85%D8%AF%D9%84-LS-1245W,2,48,https://mahamprint.com/products/--romans--ls-1245w,بارکد اسکنر  ROMANS مدل LS-1245W,1.0,high,model+title
https://mahamprint.com/product/1927/%D9%86%D9%88%D8%A7%D8%B1-%DB%8C%D8%AF%DA%A9-%D9%84%DB%8C%D8%A8%D9%84-%D8%B2%D9%86-%D8%AF%D8%B3%D8%AA%DB%8C-%D8%A8%D8%B1%D9%86%D8%AF-DYMO-%D8%B1%D9%86%DA%AF-%D8%B4%D9%81%D8%A7%D9%81,1,48,https://mahamprint.com/products/------dymo--,نوار یدک لیبل زن دستی برند DYMO رنگ قرمز,0.922,high,model+title
https://mahamprint.com/product/135/%D9%BE%D8%B1%DB%8C%D9%86%D8%AA%D8%B1-%DA%86%D9%86%D8%AF%DA%A9%D8%A7%D8%B1%D9%87-%D9%84%DB%8C%D8%B2%D8%B1%DB%8C-%D9%85%D8%AF%D9%84-BROTHER-DCP-8110D,1,48,https://mahamprint.com/products/----brother-dcp-8110d,پرینتر چندکاره لیزری مدل BROTHER DCP-8110D,1.0,high,model+title
https://mahamprint.com/product/201/%D9%BE%D8%B1%DB%8C%D9%86%D8%AA%D8%B1-%D9%84%DB%8C%D8%B2%D8%B1%DB%8C-HP-281FDW,1,48,https://mahamprint.com/products/--hp-281fdw,پرینتر لیزری HP 281FDW,1.0,high,model+title
https://mahamprint.com/product/2727/%DA%A9%D8%A7%D8%B1%D8%AA-%DA%AF%D8%B1%D8%A7%D9%81%DB%8C%DA%A9-RTX-3060-VENTUS-2X-OC-12G,1,48,https://mahamprint.com/products/--rtx-3060-ventus-2x-oc-12g,کارت گرافیک RTX 3060 VENTUS 2X OC 12G,1.0,high,model+title
https://mahamprint.com/product/2882/%D9%BE%D8%B1%DB%8C%D9%86%D8%AA%D8%B1-%D8%AA%DA%A9-%DA%A9%D8%A7%D8%B1%D9%87-%D9%84%DB%8C%D8%B2%D8%B1%DB%8C-%D8%A7%D8%B3%D8%AA%D9%88%DA%A9-HP-CP1025,4,47,https://mahamprint.com/products/-----hp-cp1025,پرینتر تک کاره لیزری برند HP CP1025,0.942,high,model+title
https://mahamprint.com/product/1941/%D9%86%D9%88%D8%A7%D8%B1-%D9%84%DB%8C%D8%A8%D9%84-%D9%BE%D8%B1%DB%8C%D9%86%D8%AA%D8%B1-%D8%A8%D8%B1%D8%A7%D8%AF%D8%B1TZE-211-%D8%BA%DB%8C%D8%B1-%D8%A7%D9%88%D8%B1%D8%AC%DB%8C%D9%86%D8%A7%D9%84,2,47,https://mahamprint.com/products/---tze-211--,نوار لیبل پرینتر برادرTZE-211 غیر اورجینال,1.0,high,model+title
https://mahamprint.com/product/2228/%D9%81%DB%8C%D9%84%D9%85-%D9%81%DB%8C%D9%88%D8%B2%DB%8C%D9%86%DA%AF-%D8%BA%DB%8C%D8%B1-%D8%A7%D9%88%D8%B1%D8%AC%DB%8C%D9%86%D8%A7%D9%84-canon-2016,0,48,https://mahamprint.com/products/----canon-2016,فیلم فیوزینگ غیر اورجینال canon 2016,1.0,high,model+title
https://mahamprint.com/product/1899/%D8%A7%D8%B3%DA%A9%D9%86%D8%B1-kodak-i1180,4,47,https://mahamprint.com/products/-kodak-i1180,اسکنر kodak i1180,1.0,high,model+title
https://mahamprint.com/product/2597/%DA%AF%D9%88%D8%B4%DB%8C-%D8%B3%D8%A7%D9%85%D8%B3%D9%88%D9%86%DA%AF-GALAXY-A73-5G,0,47,https://mahamprint.com/products/--galaxy-a73-5g,گوشی سامسونگ GALAXY A73 5G,1.0,high,model+title
https://mahamprint.com/product/92/%D9%BE%D8%B1%DB%8C%D9%86%D8%AA%D8%B1-%D9%84%DB%8C%D8%B2%D8%B1%DB%8C-%D8%A8%D8%B1%D9%86%D8%AF-HP-M552DN,1,47,https://mahamprint.com/products/---hp-m552dn,پرینتر لیزری برند HP M552DN,1.0,high,model+title
https://mahamprint.com/product/1295/%D8%AF%DB%8C%D8%AA%D8%A7-%D9%88%DB%8C%D8%AF%D8%A6%D9%88-%D9%BE%D8%B1%D9%88%DA%98%DA%A9%D8%AA%D9%88%D8%B1-EPSON-EH-TW5650,5,46,https://mahamprint.com/products/---epson-eh-tw5650,دیتا ویدئو پروژکتور EPSON EH-TW5650,1.0,high,model+title
https://mahamprint.com/product/2128/%D8%AF%D8%B1%D8%A7%D9%85-%DA%A9%D8%A7%D8%B1%D8%AA%D8%B1%DB%8C%D8%AC-Samsung-205-Drum,1,47,https://mahamprint.com/products/--samsung-205-drum,درام کارتریج Samsung 205 Drum,1.0,high,model+title
https://mahamprint.com/product/1853/%D8%B1%D9%88%D9%84-%D9%84%DB%8C%D8%A8%D9%84-PVC-%D8%AA%DA%A9-%D8%B1%D8%AF%DB%8C%D9%81%D9%87-%D9%86%D8%A7%D8%B1%D9%86%D8%AC%DB%8C-51-34,7,46,https://mahamprint.com/products/--pvc----51-34,لیبل (برچسب) pvc دو ردیفه نارنجی 51×34,0.21,low,title-only
https://mahamprint.com/product/856/%D8%A7%D8%B3%DA%A9%D9%86%D8%A7%D8%B3-%D8%B4%D9%85%D8%A7%D8%B1-%D9%86%D8%A7%D9%85%DB%8C-%D8%AA%D8%B1%D8%A7%D8%B2-NT-200,5,46,https://mahamprint.com/products/----nt-200,اسکناس شمار نامی تراز NT-200,1.0,high,model+title
https://mahamprint.com/product/590/%D8%B5%D9%86%D8%AF%D9%88%D9%82-%D9%81%D8%B1%D9%88%D8%B4%DA%AF%D8%A7%D9%87%DB%8C-Tyson-1520,4,46,https://mahamprint.com/products/--tyson-1520,صندوق فروشگاهی Tyson 1520,1.0,high,model+title
https://mahamprint.com/product/385/%D8%A7%D8%B3%DA%A9%D9%86%D8%B1-Plustek-A300-Plus,4,46,https://mahamprint.com/products/-plustek-a300-plus,اسکنر Plustek A300 Plus,1.0,high,model+title
https://mahamprint.com/product/741/%DA%A9%D8%A7%D8%BA%D8%B0-%D8%AE%D8%B1%D8%AF-%DA%A9%D9%86-Nikita-SD-9351,4,46,https://mahamprint.com/products/---nikita-sd-9351,کاغذ خرد کن Nikita SD 9351,1.0,high,model+title
https://mahamprint.com/product/1114/%D8%AA%D9%88%D9%86%D8%B1-%D8%B4%D8%A7%D8%B1%DA%98-%D8%A8%D8%B1%D9%86%D8%AF-hp-1005-100gr,3,46,https://mahamprint.com/products/---hp-1005-100gr,تونر شارژ برند hp  1005 100gr,1.0,high,model+title
https://mahamprint.com/product/1163/%D8%B3%D8%AA-%DA%A9%D8%A7%D8%BA%D8%B0-%D8%B9%DA%A9%D8%B3-%D9%88-%D8%AC%D9%88%D9%87%D8%B1-Canon-KC-36IP,3,46,https://mahamprint.com/products/-----canon-kc-36ip,ست کاغذ عکس و جوهر Canon KC-36IP,1.0,high,model+title
https://mahamprint.com/product/2889/%D9%BE%D8%B1%DB%8C%D9%86%D8%AA%D8%B1-%DA%86%D9%87%D8%A7%D8%B1%DA%A9%D8%A7%D8%B1%D9%87-%D9%84%DB%8C%D8%B2%D8%B1%DB%8C-%D8%A7%D8%B3%D8%AA%D9%88%DA%A9-hp-177fw,3,46,https://mahamprint.com/products/----hp-177fw,پرینتر چهارکاره لیزری استوک hp 177fw,1.0,high,model+title
https://mahamprint.com/product/717/%DA%A9%D8%A7%D8%BA%D8%B0-%D8%AE%D8%B1%D8%AF%DA%A9%D9%86-Nikita-SD9360,3,46,https://mahamprint.com/products/--nikita-sd9360,کاغذ خردکن Nikita SD9360,1.0,high,model+title
https://mahamprint.com/product/3157/%D9%BE%D8%B1%DB%8C%D9%86%D8%AA%D8%B1%20-%D8%B3%D9%88%D8%B2%D9%86%DB%8C-%20%D8%A7%D9%88%D9%84%DB%8C%D9%88%D8%AA%DB%8C-%20PR9,3,46,https://mahamprint.com/products/------pr9,پرینتر سوزنی اولیوتی PR9,1.0,high,model+title
https://mahamprint.com/product/1064/%D9%81%D8%AA%D9%88%DA%A9%D9%BE%DB%8C-RICOH-MP2014AD,2,46,https://mahamprint.com/products/-ricoh-mp2014ad,فتوکپی RICOH MP2014AD,1.0,high,model+title
https://mahamprint.com/product/2542/%D9%BE%D9%84%D8%A7%D8%AA%D8%B1-%D8%A8%D8%B1%D9%86%D8%AF-EPSON-SC-F-9400,4,46,https://mahamprint.com/products/--epson-sc-f-9400,پلاتر برند EPSON SC-F 9400,1.0,high,model+title
https://mahamprint.com/product/100/%D9%BE%D8%B1%DB%8C%D9%86%D8%AA%D8%B1-%D9%84%DB%8C%D8%B2%D8%B1%DB%8C-CANON-MF237W,1,46,https://mahamprint.com/products/--canon-mf237w,پرینتر لیزری CANON MF237W,1.0,high,model+title
https://mahamprint.com/product/3131/%D9%88%DB%8C%D8%AF%D8%A6%D9%88%20-%D9%BE%D8%B1%D9%88%DA%98%DA%A9%D8%AA%D9%88%D8%B1%20-VIEWSONIC%20-SP6,1,46,https://mahamprint.com/products/----viewsonic--sp6,ویدئو پروژکتور VIEWSONIC SP6,1.0,high,model+title
https://mahamprint.com/product/375/%D8%A7%D8%B3%DA%A9%D9%86%D8%B1-EPSON-V19,1,46,https://mahamprint.com/products/-epson-v19,اسکنر EPSON V19,1.0,high,model+title
https://mahamprint.com/product/191/%D9%BE%D8%B1%DB%8C%D9%86%D8%AA%D8%B1-%D9%84%DB%8C%D8%B2%D8%B1%DB%8C-%D8%AA%DA%A9-%DA%A9%D8%A7%D8%B1%D9%87-HP-%D9%85%D8%AF%D9%84-M553DN,1,46,https://mahamprint.com/products/----hp--m553dn,پرینتر لیزری تک کاره   HP مدل M553DN,1.0,high,model+title
https://mahamprint.com/product/1766/%D8%B1%DB%8C%D8%A8%D9%88%D9%86-%D8%AA%DA%A9-%D8%B1%D9%86%DA%AF-%D8%B7%D9%84%D8%A7%DB%8C%DB%8C-1000-%D8%B9%DA%A9%D8%B3-Magicard-Ribbon-Gold,0,46,https://mahamprint.com/products/----1000--magicard-ribbon-gold,ریبون تک رنگ طلایی 1000 عکس  Magicard Ribbon Gold,1.0,high,model+title
https://mahamprint.com/product/2067/%D8%A8%D8%B1%D8%AF-%D8%AA%D8%BA%D8%B0%DB%8C%D9%87-hp-P1160-P1320,0,46,https://mahamprint.com/products/--hp-p1160-p1320,برد تغذیه hp P1160 P1320,1.0,high,model+title
https://mahamprint.com/product/2612/%D8%B3%D8%A7%D8%B9%D8%AA-%D9%87%D9%88%D8%B4%D9%85%D9%86%D8%AF-%D8%B3%D8%B1%DB%8C-7-apple-whatch,0,46,https://mahamprint.com/products/---7-apple-whatch,ساعت هوشمند سری 7 apple whatch,1.0,high,model+title
https://mahamprint.com/product/2924/%D9%BE%DB%8C%DA%A9%D8%A7%D9%BE-%D9%BE%D8%A7%DB%8C%DB%8C%D9%86-hp-3015,0,46,https://mahamprint.com/products/--hp-3015,پیکاپ پایین hp 3015,1.0,high,model+title
https://mahamprint.com/product/1019/%D9%85%D8%A7%D8%B4%DB%8C%D9%86-%D8%AD%D8%B3%D8%A7%D8%A8-CASIO-DR-240TM,4,45,https://mahamprint.com/products/--casio-dr-240tm,ماشین حساب CASIO DR-240TM,1.0,high,model+title
https://mahamprint.com/product/2726/%DA%A9%D8%A7%D8%B1%D8%AA-%DA%AF%D8%B1%D8%A7%D9%81%DB%8C%DA%A9-%D8%A8%D8%B1%D9%86%D8%AF-MSI-%D9%85%D8%AF%D9%84-RTX-3050-GAMING-X-8G,3,45,https://mahamprint.com/products/---msi--rtx-3050-gaming-x-8g,کارت گرافیک برند MSI مدل RTX 3050 GAMING X 8G,1.0,high,model+title
https://mahamprint.com/product/3139/%D9%81%DB%8C%D8%B4-%20%D9%BE%D8%B1%DB%8C%D9%86%D8%AA%D8%B1%20-Mitsushida%20-%D9%85%D8%AF%D9%84%20-KC-80s,3,45,https://mahamprint.com/products/----mitsushida----kc-80s,فیش پرینتر Mitsushida مدل KC-80s,1.0,high,model+title
https://mahamprint.com/product/109/%D9%BE%D8%B1%DB%8C%D9%86%D8%AA%D8%B1-%D8%AA%DA%A9-%DA%A9%D8%A7%D8%B1%D9%87-%D8%AC%D9%88%D9%87%D8%B1-%D8%A7%D9%81%D8%B4%D8%A7%D9%86-EPSON-M100,2,45,https://mahamprint.com/products/-----epson-m100,پرینتر تک کاره جوهر افشان EPSON M100 ,1.0,high,model+title
https://mahamprint.com/product/1100/%D8%AF%D8%B1%D8%A7%D9%85-%DA%A9%D8%A7%D8%B1%D8%AA%D8%B1%DB%8C%D8%AC-Sharp-455,2,45,https://mahamprint.com/products/--sharp-455,درام کارتریج Sharp 455,1.0,high,model+title
https://mahamprint.com/product/2323/%DA%86%D8%B1%D8%AE-%D8%AF%D9%86%D8%AF%D9%87-%D8%B6%D8%A7%DB%8C%D8%B9%D8%A7%D8%AA-%D8%AC%D9%81%D8%AA%DB%8C-%DA%A9%D9%BE%DB%8C-Sharp-AR-350-450,2,45,https://mahamprint.com/products/-----sharp-ar-350-450,چرخ دنده ضایعات جفتی کپی Sharp  AR-350\/450,1.0,high,model+title
https://mahamprint.com/product/561/%D9%84%DB%8C%D8%A8%D9%84-%D9%BE%D8%B1%DB%8C%D9%86%D8%AA%D8%B1-%D8%AD%D8%B1%D8%A7%D8%B1%D8%AA%DB%8C-REMO-P600N,2,45,https://mahamprint.com/products/---remo-p600n,لیبل پرینتر حرارتی REMO P600N,1.0,high,model+title
https://mahamprint.com/product/2747/all-in-one-hp-proOne-600-G3,0,45,https://mahamprint.com/products/all-in-one-hp-proone-600-g3,all in one hp proOne 600 G3,1.0,high,model+title
https://mahamprint.com/product/1552/%D8%AA%D9%88%D9%86%D8%B1-HP-83A,1,45,https://mahamprint.com/products/-hp-83a,تونر HP 83A,1.0,high,model+title
https://mahamprint.com/product/2345/%DA%86%D8%B1%D8%AE-%D8%AF%D9%86%D8%AF%D9%87-%DA%A9%D9%84%D8%A7%DA%86-%D9%81%DB%8C%D9%88%D8%B2%DB%8C%D9%86%DA%AF-%D9%BE%D8%B1%DB%8C%D9%86%D8%AA%D8%B1-HP-1320,0,45,https://mahamprint.com/products/-hp-1320,مگنت HP 1320,0.75,high,model+title
https://mahamprint.com/product/3001/%D9%BE%D8%B1%DB%8C%D9%86%D8%AA%D8%B1%20-%DA%86%D9%87%D8%A7%D8%B1%DA%A9%D8%A7%D8%B1%D9%87-%20%D8%AC%D9%88%D9%87%D8%B1%D8%A7%D9%81%D8%B4%D8%A7%D9%86%20-CANON-%20PIXIMA-%20G4470,0,45,https://mahamprint.com/products/------canon--pixima--g4470,پرینتر چهارکاره جوهرافشان CANON PIXIMA G4470,1.0,high,model+title
https://mahamprint.com/product/2095/%D8%AF%D8%B1%D8%A7%D9%85-%DA%A9%D8%A7%D8%B1%D8%AA%D8%B1%DB%8C%D8%AC-Brother-%D9%85%D8%AF%D9%84-420-2200-Drum,2,44,https://mahamprint.com/products/--brother--420-2200-drum,درام کارتریج Brother مدل 420-2200 Drum,1.0,high,model+title
https://mahamprint.com/product/3138/%D8%A8%D8%A7%D8%B1%DA%A9%D8%AF-%20%D8%A7%D8%B3%DA%A9%D9%86%D8%B1%20-Mitsushida%20-%D9%85%D8%AF%D9%84-%20KC-2089,3,44,https://mahamprint.com/products/----mitsushida----kc-2089,بارکد اسکنر Mitsushida مدل KC-2089,1.0,high,model+title
https://mahamprint.com/product/637/%D8%AF%D8%B3%D8%AA%DA%AF%D8%A7%D9%87-%D8%AD%D8%B6%D9%88%D8%B1%D9%88%D8%BA%DB%8C%D8%A7%D8%A8-ZKTeco-HB-130BA,1,44,https://mahamprint.com/products/--zkteco-hb-130ba,دستگاه حضوروغیاب ZKTeco HB-130BA,1.0,high,model+title
https://mahamprint.com/product/1057/%D8%AF%D8%B3%D8%AA%DA%AF%D8%A7%D9%87-%DA%A9%D9%BE%DB%8C-SHARP-MX-M464N,2,44,https://mahamprint.com/products/--sharp-mx-m464n,دستگاه کپی SHARP MX-M464N,1.0,high,model+title
https://mahamprint.com/product/2584/%DA%AF%D9%88%D8%B4%DB%8C-%D9%85%D9%88%D8%A8%D8%A7%DB%8C%D9%84-%D8%A7%D9%BE%D9%84-iphone-13-promax,1,44,https://mahamprint.com/products/---iphone-13-promax,گوشی موبایل اپل iphone 13 promax,1.0,high,model+title
https://mahamprint.com/product/1075/%D8%A8%D9%84%DB%8C%D8%AF-%DA%A9%D8%A7%D8%B1%D8%AA%D8%B1%DB%8C%D8%AC-HP-26A,0,44,https://mahamprint.com/products/--hp-26a,بلید کارتریج HP 26A,1.0,high,model+title
https://mahamprint.com/product/2364/%DA%86%D8%B1%D8%AE-%D8%AF%D9%86%D8%AF%D9%87-%D9%81%DB%8C%D9%88%D8%B2%DB%8C%D9%86%DA%AF-%D8%AF%D9%88%D9%82%D9%84%D9%88-%D8%A8%D8%B1%D9%86%D8%AF-toshiba-%D9%85%D8%AF%D9%84-E-Studio-163-168,0,44,https://mahamprint.com/products/-----toshiba--e-studio-163-168,چرخ دنده فیوزینگ دوقلو برند toshiba مدل E Studio 163\/168,1.0,high,model+title
https://mahamprint.com/product/648/%DA%A9%D8%A7%D8%BA%D8%B0-%D8%AE%D8%B1%D8%AF%DA%A9%D9%86-%D9%85%D8%AF%D9%84-Sunwood-9355,8,43,https://mahamprint.com/products/--sunwood-sd9520,کاغذ خردکن Sunwood SD9520,0.427,medium,model+title
https://mahamprint.com/product/838/%D8%A8%D8%A7%D8%B1%DA%A9%D8%AF-%D8%A7%D8%B3%DA%A9%D9%86%D8%B1-%D8%A8%D8%B1%D9%86%D8%AF-SCOPE-SP-5010G,7,44,https://mahamprint.com/products/---scope-sp-5010g,بارکد اسکنر برند SCOPE SP-5010G,1.0,high,model+title
https://mahamprint.com/product/1798/%D8%B1%D9%88%D9%84-%DA%A9%D8%A7%D8%BA%D8%B0-%D8%AD%D8%B1%D8%A7%D8%B1%D8%AA%DB%8C-%D9%85%DB%8C%DA%A9%D8%B1%D9%88%D9%84%D8%A7%DB%8C%D9%86-%D8%B9%D8%B1%D8%B6-8-80-%D9%85%D8%AA%D8%B1%DB%8C,0,44,https://mahamprint.com/products/-----8-80-,رول کاغذ حرارتی میکرولاین عرض 8 (80 متری),0.35,medium,title-only
https://mahamprint.com/product/89/%D9%BE%D8%B1%DB%8C%D9%86%D8%AA%D8%B1-%D9%84%DB%8C%D8%B2%D8%B1%DB%8C-%D8%AA%DA%A9-%DA%A9%D8%A7%D8%B1%D9%87-%D8%A8%D8%B1%D9%86%D8%AF-HP-M252DW,4,43,https://mahamprint.com/products/-----hp-m252dw,پرینتر لیزری تک کاره برند HP M252DW,1.0,high,model+title
https://mahamprint.com/product/3042/%D9%BE%D8%B1%DB%8C%D9%86%D8%AA%D8%B1-%20%D9%84%DB%8C%D8%B2%D8%B1%DB%8C%20-%D8%AA%DA%A9%20%DA%A9%D8%A7%D8%B1%D9%87%C2%A0-HP-%204003dw,3,43,https://mahamprint.com/products/-------hp--4003dw,پرینتر لیزری تک کاره HP 4003dw,1.0,high,model+title
https://mahamprint.com/product/261/%D9%BE%D8%B1%DB%8C%D9%86%D8%AA%D8%B1-EPSON-L1300,2,43,https://mahamprint.com/products/-epson-l1300,پرینتر EPSON L1300,1.0,high,model+title
https://mahamprint.com/product/825/%D8%A8%D8%A7%D8%B1%DA%A9%D8%AF-%D8%A7%D8%B3%DA%A9%D9%86%D8%B1-DATALOGIC-%D9%85%D8%AF%D9%84-Magellan-2D-3200,3,43,https://mahamprint.com/products/--datalogic--magellan-2d-3200,بارکد اسکنر DATALOGIC مدل Magellan 2D 3200,1.0,high,model+title
https://mahamprint.com/product/1840/%D9%84%DB%8C%D8%A8%D9%84-%DA%A9%D8%A7%D8%BA%D8%B0%DB%8C-%D8%AA%DA%A9-%D8%B1%D8%AF%DB%8C%D9%81%D9%87-50-80,2,43,https://mahamprint.com/products/----50-80,لیبل کاغذی تک ردیفه  50×80,0.35,medium,title-only
https://mahamprint.com/product/2965/%D9%BE%D8%B1%DB%8C%D9%86%D8%AA%D8%B1-%20%D9%84%DB%8C%D8%B2%D8%B1%DB%8C-%20%D8%AA%DA%A9-%20%DA%A9%D8%A7%D8%B1%D9%87-%20%20%D8%A8%D8%B1%D9%86%D8%AF-%20201N-%20HP,2,43,https://mahamprint.com/products/----------201n--hp,پرینتر لیزری تک کاره  برند 201N HP,1.0,high,model+title
https://mahamprint.com/product/2469/%D9%84%DB%8C%D8%A8%D9%84-%D9%BE%D8%B1%DB%8C%D9%86%D8%AA%D8%B1-%D8%A8%D8%B1%D9%86%D8%AF-zebra-ZD220,1,43,https://mahamprint.com/products/---zebra-zd220,لیبل پرینتر برند zebra ZD220,1.0,high,model+title
https://mahamprint.com/product/104/%D9%BE%D8%B1%DB%8C%D9%86%D8%AA%D8%B1-%D9%84%DB%8C%D8%B2%D8%B1%DB%8C-%D8%AA%DA%A9-%DA%A9%D8%A7%D8%B1%D9%87-CANON-i-7018C,1,43,https://mahamprint.com/products/----canon-i-7018c,پرینتر لیزری تک کاره CANON i-7018C,1.0,high,model+title
https://mahamprint.com/product/2263/%D9%86%D8%A7%D8%AE%D9%86%DA%A9-%DA%AF%DB%8C%D8%B1%D9%87-%D8%BA%D9%84%D8%B7%DA%A9-AR-5316-sharp,1,43,https://mahamprint.com/products/---ar-5316-sharp,ناخنک (گیره غلطک) AR-5316 sharp,1.0,high,model+title
https://mahamprint.com/product/2900/%D9%84%DB%8C%D8%A8%D9%84-%D9%BE%D8%B1%DB%8C%D9%86%D8%AA%D8%B1-Zenpert-4T530,1,43,https://mahamprint.com/products/--zenpert-4t530,لیبل پرینتر Zenpert 4T530,1.0,high,model+title
https://mahamprint.com/product/445/%D8%A7%D8%B3%DA%A9%D9%86%D8%B1-Plustek-PL2550,1,43,https://mahamprint.com/products/-plustek-pl2550,اسکنر Plustek PL2550,1.0,high,model+title
https://mahamprint.com/product/459/%D8%A7%D8%B3%DA%A9%D9%86%D8%B1-Mustek-S20,1,43,https://mahamprint.com/products/-mustek-s20,اسکنر Mustek S20,1.0,high,model+title
https://mahamprint.com/product/55/%D9%BE%D8%B1%DB%8C%D9%86%D8%AA%D8%B1-%D8%AC%D9%88%D9%87%D8%B1%D8%A7%D9%81%D8%B4%D8%A7%D9%86-%DA%86%D9%87%D8%A7%D8%B1-%DA%A9%D8%A7%D8%B1%D9%87-HP-8035,1,43,https://mahamprint.com/products/----hp-8035,پرینتر جوهرافشان چهار کاره HP 8035,1.0,high,model+title
https://mahamprint.com/product/713/%DA%A9%D8%A7%D8%BA%D8%B0-%D8%AE%D8%B1%D8%AF%DA%A9%D9%86-Mehr-MM-860,0,43,https://mahamprint.com/products/--mehr-mm-860,کاغذ خردکن Mehr MM-860,1.0,high,model+title
https://mahamprint.com/product/3064/%D8%A8%D8%A7%D8%B1%DA%A9%D8%AF%D8%AE%D9%88%D8%A7%D9%86-%20%D9%85%DB%8C%D9%86%D8%AF%D8%A6%D9%88-%202250,0,43,https://mahamprint.com/products/----2250,بارکدخوان میندئو 2250,1.0,high,model+title
https://mahamprint.com/product/154/%D9%BE%D8%B1%DB%8C%D9%86%D8%AA%D8%B1-%D9%84%DB%8C%D8%B2%D8%B1%DB%8C-%DA%86%D9%86%D8%AF%DA%A9%D8%A7%D8%B1%D9%87-%D9%85%D8%AF%D9%84-HP-M225DW,5,42,https://mahamprint.com/products/----hp-m225dw,پرینتر لیزری چندکاره  مدل HP M225DW,1.0,high,model+title
https://mahamprint.com/product/3013/%D9%88%DB%8C%D8%AF%D8%A6%D9%88%20-%D9%BE%D8%B1%D9%88%DA%98%DA%A9%D8%AA%D9%88%D8%B1%20-%20Epson-%20685wi,2,42,https://mahamprint.com/products/-----epson--685wi,ویدئو پروژکتور  Epson 685wi,1.0,high,model+title
https://mahamprint.com/product/850/%D8%A8%D8%A7%D8%B1%DA%A9%D8%AF-%D8%A7%D8%B3%DA%A9%D9%86%D8%B1-MEVA-%D9%85%D8%AF%D9%84-MBS-3615,3,42,https://mahamprint.com/products/--meva--mbs-3615,بارکد اسکنر  MEVA مدل MBS 3615,1.0,high,model+title
https://mahamprint.com/product/79/%D9%BE%D8%B1%DB%8C%D9%86%D8%AA%D8%B1-%D9%84%DB%8C%D8%B2%D8%B1%DB%8C-%DA%86%D9%86%D8%AF-%DA%A9%D8%A7%D8%B1%D9%87-%D8%A8%D8%B1%D9%86%D8%AF-HP-M26A,2,42,https://mahamprint.com/products/-----hp-m26a,پرینتر لیزری چند کاره برند  HP M26A,1.0,high,model+title
https://mahamprint.com/product/1534/%D8%AA%D9%88%D9%86%D8%B1-%DA%A9%D8%A7%D8%B1%D8%AA%D8%B1%DB%8C%D8%AC-RICOH-SP-330L,11,42,https://mahamprint.com/products/--ricoh-sp-330l,تونر کارتریج RICOH SP 330L,1.0,high,model+title
https://mahamprint.com/product/1331/%D9%85%D8%A7%D9%86%DB%8C%D8%AA%D9%88%D8%B1-%D8%A7%DB%8C%DA%A9%D8%B3-%D9%88%DB%8C%DA%98%D9%86-%D9%85%D8%AF%D9%84-XK2410H-%D8%B3%D8%A7%DB%8C%D8%B2-%DB%B2%DB%B3-%DB%B8-%D8%A7%DB%8C%D9%86%DA%86,1,42,https://mahamprint.com/products/----xk2410h----,مانیتور ایکس ویژن مدل XK2410H سایز ۲۳.۸ اینچ,1.0,high,model+title
https://mahamprint.com/product/1508/%D8%AA%D9%88%D9%86%D8%B1-HP-93A,1,42,https://mahamprint.com/products/-hp-93a,تونر HP 93A,1.0,high,model+title
https://mahamprint.com/product/1247/%D9%88%DB%8C%D8%AF%D8%A6%D9%88-%D9%BE%D8%B1%D9%88%DA%98%DA%A9%D8%AA%D9%88%D8%B1-%D8%AC%DB%8C%D8%A8%DB%8C-UNIC-UC40-PLUS,1,42,https://mahamprint.com/products/---unic-uc40-plus,ویدئو پروژکتور جیبی UNIC UC40 PLUS,1.0,high,model+title
https://mahamprint.com/product/247/%D9%BE%D8%B1%DB%8C%D9%86%D8%AA%D8%B1-%D8%AC%D9%88%D9%87%D8%B1-%D8%A7%D9%81%D8%B4%D8%A7%D9%86-CANON-g1411,1,42,https://mahamprint.com/products/---canon-g1411,پرینتر جوهر افشان CANON g1411,1.0,high,model+title
https://mahamprint.com/product/1562/%D8%AA%D9%88%D9%86%D8%B1-HP-202X,1,42,https://mahamprint.com/products/-hp-202x,تونر HP 202X,1.0,high,model+title
https://mahamprint.com/product/1573/%D8%AA%D9%88%D9%86%D8%B1-%DA%A9%D8%A7%D8%B1%D8%AA%D8%B1%DB%8C%D8%AC-Canon-046,0,42,https://mahamprint.com/products/--canon-046,تونر کارتریج Canon 046,1.0,high,model+title
https://mahamprint.com/product/2385/1215-hp-printer-pickup,0,42,https://mahamprint.com/products/1215-hp-printer-pickup,1215 hp printer pickup,1.0,high,model+title
https://mahamprint.com/product/934/%D9%85%D8%A7%D8%B4%DB%8C%D9%86-%D8%AD%D8%B3%D8%A7%D8%A8-SHARP-CS-4194HC,0,42,https://mahamprint.com/products/--sharp-cs-4194hc,ماشین حساب SHARP CS-4194HC,1.0,high,model+title
https://mahamprint.com/product/710/%DA%A9%D8%A7%D8%BA%D8%B0-%D8%AE%D8%B1%D8%AF%DA%A9%D9%86-Mehr-MM-820,0,42,https://mahamprint.com/products/--mehr-mm-820,کاغذ خردکن Mehr MM-820,1.0,high,model+title
https://mahamprint.com/product/1330/%D9%85%D8%A7%D9%86%DB%8C%D8%AA%D9%88%D8%B1-%D8%B3%D8%A7%D9%85%D8%B3%D9%88%D9%86%DA%AF-S24D332H-%D8%B3%D8%A7%DB%8C%D8%B2-%DB%B2%DB%B4-%D8%A7%DB%8C%D9%86%DA%86,8,41,https://mahamprint.com/products/--s24d332h---,مانیتور سامسونگ S24D332H سایز ۲۴ اینچ,1.0,high,model+title
https://mahamprint.com/product/1652/%D9%BE%D8%B1%DB%8C%D9%86%D8%AA%D8%B1-%D9%84%DB%8C%D8%B2%D8%B1%DB%8C-%D8%AA%DA%A9-%DA%A9%D8%A7%D8%B1%D9%87-HP-M455dn,3,41,https://mahamprint.com/products/----hp-m455dn,پرینتر لیزری تک کاره  HP M455dn,1.0,high,model+title
https://mahamprint.com/product/2165/%D8%A8%D8%B1%D8%AF-%D9%BE%D8%A7%D8%B1%D8%A7%D9%84%D9%84-Olivetti-%D9%85%D8%AF%D9%84-PR2,3,41,https://mahamprint.com/products/--olivetti--pr2,برد پارالل Olivetti مدل PR2,1.0,high,model+title
https://mahamprint.com/product/1303/%D8%AF%DB%8C%D8%AA%D8%A7-%D9%88%DB%8C%D8%AF%D8%A6%D9%88-%D9%BE%D8%B1%D9%88%DA%98%DA%A9%D8%AA%D9%88%D8%B1-PANASONIC-PT-VZ470,4,41,https://mahamprint.com/products/---panasonic-pt-vz470,دیتا ویدئو پروژکتور PANASONIC PT-VZ470,1.0,high,model+title
https://mahamprint.com/product/945/%D9%85%D8%A7%D8%B4%DB%8C%D9%86-%D8%AD%D8%B3%D8%A7%D8%A8-CASIO-FC-200V,2,41,https://mahamprint.com/products/--casio-fc-200v,ماشین حساب CASIO FC-200V,1.0,high,model+title
https://mahamprint.com/product/3021/%D9%88%DB%8C%D8%AF%D8%A6%D9%88%20-%D9%BE%D8%B1%D9%88%DA%98%DA%A9%D8%AA%D9%88%D8%B1-%20%D9%88%DB%8C%D9%88%D8%B3%D9%88%D9%86%DB%8C%DA%A9%20-pa503xe,2,41,https://mahamprint.com/products/------pa503xe,ویدئو پروژکتور ویوسونیک pa503xe,1.0,high,model+title
https://mahamprint.com/product/1011/%D9%85%D8%A7%D8%B4%DB%8C%D9%86-%D8%AD%D8%B3%D8%A7%D8%A8-CASIO-MH-16,1,41,https://mahamprint.com/products/--casio-mh-16,ماشین حساب CASIO MH-16,1.0,high,model+title
https://mahamprint.com/product/323/%D9%BE%D8%B1%DB%8C%D9%86%D8%AA%D8%B1-%DA%86%D9%87%D8%A7%D8%B1-%DA%A9%D8%A7%D8%B1%D9%87-%D8%A8%D8%B1%D9%86%D8%AF-HP-MFP-M428FDW,0,41,https://mahamprint.com/products/----hp-mfp-m428fdw,پرینتر چهار کاره برند HP MFP M428FDW,1.0,high,model+title
https://mahamprint.com/product/2006/%D8%A8%D8%A7%D8%AA%D8%B1%DB%8C-%D8%B3%DA%A9%D9%87-%D8%A7%DB%8C-KODAK-CR2032,0,41,https://mahamprint.com/products/---kodak-cr2032,باتری سکه ای KODAK CR2032,1.0,high,model+title
https://mahamprint.com/product/2291/%D8%B1%D9%88%D9%84-%D9%BE%D8%B1%D8%B3-%D8%A8%D8%B1%D9%86%D8%AF-HP-P2035,2,41,https://mahamprint.com/products/---hp-p2035,برد پاور پرینتر HP P2035,0.767,high,model+title
https://mahamprint.com/product/1093/%D9%85%DA%AF%D9%86%D8%AA-HP-1320,3,40,https://mahamprint.com/products/-hp-1320,مگنت HP 1320,1.0,high,model+title
https://mahamprint.com/product/875/%D8%A7%D8%B3%DA%A9%D9%86%D8%A7%D8%B3-%D8%B4%D9%85%D8%A7%D8%B1-WJD-QL2008-Qinglei,3,40,https://mahamprint.com/products/--wjd-ql2008-qinglei,اسکناس شمار WJD-QL2008 Qinglei,1.0,high,model+title
https://mahamprint.com/product/84/%D9%BE%D8%B1%DB%8C%D9%86%D8%AA%D8%B1-%D9%84%DB%8C%D8%B2%D8%B1%DB%8C-%DA%86%D9%87%D8%A7%D8%B1%DA%A9%D8%A7%D8%B1%D9%87-HP-%D9%85%D8%AF%D9%84-MFP-M225DN,4,40,https://mahamprint.com/products/---hp--mfp-m225dn,پرینتر لیزری چهارکاره HP مدل MFP M225DN,1.0,high,model+title
https://mahamprint.com/product/67/%D9%BE%D8%B1%DB%8C%D9%86%D8%AA%D8%B1-%D9%84%DB%8C%D8%B2%D8%B1%DB%8C-%D8%AA%DA%A9-%DA%A9%D8%A7%D8%B1%D9%87-%D8%A8%D8%B1%D9%86%D8%AF-HP-M501DN,11,40,https://mahamprint.com/products/-----hp-m501dn,پرینتر لیزری تک کاره برند HP M501DN,1.0,high,model+title
https://mahamprint.com/product/1147/%D8%AC%D9%88%D9%87%D8%B1-Epson-%D9%85%D8%AF%D9%84-110-black,2,40,https://mahamprint.com/products/-epson--110-black,جوهر Epson مدل 110 black,1.0,high,model+title
https://mahamprint.com/product/144/%D9%BE%D8%B1%DB%8C%D9%86%D8%AA%D8%B1-%D9%84%DB%8C%D8%B2%D8%B1%DB%8C-%DA%86%D9%86%D8%AF%DA%A9%D8%A7%D8%B1%D9%87-%D8%A8%D8%B1%D9%86%D8%AF-Brother-%D9%85%D8%AF%D9%84-MFC-L8850CDW,2,40,https://mahamprint.com/products/----brother--mfc-l8850cdw,پرینتر لیزری چندکاره برند Brother مدل MFC-L8850CDW,1.0,high,model+title
https://mahamprint.com/product/1903/MUSTEK-iDocScan-p100,1,40,https://mahamprint.com/products/mustek-idocscan-p100,MUSTEK iDocScan p100,1.0,high,model+title
https://mahamprint.com/product/1502/%DA%A9%D8%A7%D8%B1%D8%AA%D8%B1%DB%8C%D8%AC-CANON-051,2,40,https://mahamprint.com/products/-canon-051,کارتریج CANON 051,1.0,high,model+title
https://mahamprint.com/product/547/%D9%81%DB%8C%D8%B4-%D9%BE%D8%B1%DB%8C%D9%86%D8%AA%D8%B1-%D8%AD%D8%B1%D8%A7%D8%B1%D8%AA%DB%8C-%D8%A8%D8%B1%D9%86%D8%AF-XPrinter-N260H,1,40,https://mahamprint.com/products/----xprinter-n260h,فیش پرینتر حرارتی برند XPrinter N260H,1.0,high,model+title
https://mahamprint.com/product/1079/%D8%A8%D9%84%DB%8C%D8%AF-%DA%A9%D8%A7%D8%B1%D8%AA%D8%B1%DB%8C%D8%AC-HP-1010,0,40,https://mahamprint.com/products/--hp-1010,بلید کارتریج HP 1010,1.0,high,model+title
https://mahamprint.com/product/2922/%D9%BE%D8%B1%DB%8C%D9%86%D8%AA%D8%B1-%D8%AC%D9%88%D9%87%D8%B1-%D8%A7%D9%81%D8%B4%D8%A7%D9%86-%D8%A8%D8%B1%D9%86%D8%AF-epson-%D9%85%D8%AF%D9%84-L5290,1,40,https://mahamprint.com/products/----epson--l5290,پرینتر جوهر افشان برند epson مدل L5290,1.0,high,model+title
https://mahamprint.com/product/1906/scaner-MUSTEK-S415,0,40,https://mahamprint.com/products/scaner-mustek-s415,scaner MUSTEK S415,1.0,high,model+title
https://mahamprint.com/product/290/%D9%BE%D8%B1%DB%8C%D9%86%D8%AA%D8%B1-HP-2015,0,40,https://mahamprint.com/products/-hp-2015,پرینتر HP 2015,1.0,high,model+title
https://mahamprint.com/product/1055/%D8%AF%D8%B3%D8%AA%DA%AF%D8%A7%D9%87-%DA%A9%D9%BE%DB%8C-TOSHIBA-E-STUDIO-4508A,4,39,https://mahamprint.com/products/--toshiba-e-studio-4508a,دستگاه کپی TOSHIBA E-STUDIO 4508A,1.0,high,model+title
https://mahamprint.com/product/1298/%D8%AF%DB%8C%D8%AA%D8%A7-%D9%88%DB%8C%D8%AF%D8%A6%D9%88-%D9%BE%D8%B1%D9%88%DA%98%DA%A9%D8%AA%D9%88%D8%B1-NEC-V302XG,4,39,https://mahamprint.com/products/---nec-v302xg,دیتا ویدئو پروژکتور NEC V302XG,1.0,high,model+title
https://mahamprint.com/product/1920/%D9%84%DB%8C%D8%A8%D9%84-%D8%A8%D8%B1%DA%86%D8%B3%D8%A8-%D9%BE%DB%8C-%D9%88%DB%8C-%D8%B3%DB%8C-%D8%B3%D9%87-%D8%B1%D8%AF%DB%8C%D9%81%D9%87-PVC-Label-10%C3%9730,4,39,https://mahamprint.com/products/-------pvc-label-10-30,لیبل (برچسب) پی وی سی سه ردیفه PVC Label 10×30,1.0,high,model+title
https://mahamprint.com/product/2853/%D9%BE%D8%B1%D8%AF%D9%87-%D9%86%D9%85%D8%A7%DB%8C%D8%B4-%D9%81%DB%8C%D9%84%D9%85-%D8%B3%DB%8C%D9%86%D9%85%D8%A7%DB%8C%DB%8C-%D8%AF%DA%A9%D9%88%D8%B1%D8%A7%D8%AA%DB%8C%D9%88-CFH-100,0,40,https://mahamprint.com/products/--hp-100--,جوهر مدل hp 100 سی سی,0.685,high,model+title
https://mahamprint.com/product/2398/%D9%BE%DB%8C%DA%A9%D8%A7%D9%BE-%D8%B5%D8%A7%D9%81-%D8%B4%D8%A7%D8%B1%D9%BE-AR-620,2,39,https://mahamprint.com/products/---ar-620,پیکاپ صاف شارپ AR-620,1.0,high,model+title
https://mahamprint.com/product/1108/%D8%AA%D9%88%D9%86%D8%B1-%D8%B4%D8%A7%D8%B1%DA%98-%D8%B1%D9%86%DA%AF%DB%8C-%D8%A8%D8%B1%D9%86%D8%AF-hp-3600-130gr,3,39,https://mahamprint.com/products/----hp-3600-130gr,تونر شارژ رنگی برند hp 3600 130gr,1.0,high,model+title
https://mahamprint.com/product/1001/%D9%85%D8%A7%D8%B4%DB%8C%D9%86-%D8%AD%D8%B3%D8%A7%D8%A8-CASIO-FX-82ES-Plus,2,39,https://mahamprint.com/products/--casio-fx-82es-plus,ماشین حساب CASIO FX-82ES Plus,1.0,high,model+title
https://mahamprint.com/product/2438/%D9%BE%D8%B1%DB%8C%D9%86%D8%AA%D8%B1-%D8%B1%D9%86%DA%AF%DB%8C-EPSON-L4150,3,39,https://mahamprint.com/products/--epson-l4150,پرینتر رنگی EPSON L4150,1.0,high,model+title
https://mahamprint.com/product/2978/%D9%81%DB%8C%D8%B4-%20%D9%BE%D8%B1%DB%8C%D9%86%D8%AA%D8%B1%20-%D8%AD%D8%B1%D8%A7%D8%B1%D8%AA%DB%8C-%20%20%D8%A8%D8%B1%D9%86%D8%AF%20-CBON-%20CR-B826B,2,39,https://mahamprint.com/products/--------cbon--cr-b826b,فیش پرینتر حرارتی  برند CBON CR-B826B,1.0,high,model+title
https://mahamprint.com/product/1806/%D8%AA%D8%A7%D9%86%DA%A9-%D8%AC%D9%88%D9%87%D8%B1-%DA%A9%D8%A7%D9%86%D9%86-Canon-7250-%D9%BE%D9%86%D8%AC-%D8%B1%D9%86%DA%AF,1,39,https://mahamprint.com/products/---canon-7250--,تانک جوهر کانن Canon 7250 پنج رنگ,1.0,high,model+title
https://mahamprint.com/product/106/%D9%BE%D8%B1%DB%8C%D9%86%D8%AA%D8%B1-CANON-LBP613cdw,1,39,https://mahamprint.com/products/-canon-lbp613cdw,پرینتر CANON LBP613cdw,1.0,high,model+title
https://mahamprint.com/product/1127/%D8%AC%D9%88%D9%87%D8%B1-%DB%B4-%D8%B1%D9%86%DA%AF-HP-200cc,1,39,https://mahamprint.com/products/---hp-200cc,جوهر ۴ رنگ HP 200cc,1.0,high,model+title
https://mahamprint.com/product/230/%D9%BE%D8%B1%DB%8C%D9%86%D8%AA%D8%B1-%D8%AA%DA%A9-%DA%A9%D8%A7%D8%B1%D9%87-%D9%84%DB%8C%D8%B2%D8%B1%DB%8C-CANON-%D9%85%D8%AF%D9%84-LBP6030W,1,39,https://mahamprint.com/products/----canon--lbp6030w,پرینتر تک کاره لیزری CANON مدل LBP6030W,1.0,high,model+title
https://mahamprint.com/product/2111/%D8%AF%D8%B1%D8%A7%D9%85-Sharp-%D9%85%D8%AF%D9%84-310-Drum,1,39,https://mahamprint.com/products/-sharp--310-drum,درام Sharp مدل 310 Drum,1.0,high,model+title
https://mahamprint.com/product/2533/%D8%AF%D8%B3%D8%AA%DA%AF%D8%A7%D9%87-%DA%A9%D9%BE%DB%8C-%D8%A8%D8%B1%D9%86%D8%AF-CANON-%D9%85%D8%AF%D9%84-2425,1,39,https://mahamprint.com/products/---canon--2425,دستگاه کپی برند CANON مدل 2425,1.0,high,model+title
https://mahamprint.com/product/1961/%D9%86%D9%88%D8%A7%D8%B1-%D9%84%DB%8C%D8%A8%D9%84-%D9%BE%D8%B1%DB%8C%D9%86%D8%AA%D8%B1-brother-TZE-731-%D8%BA%DB%8C%D8%B1-%D8%A7%D9%88%D8%B1%D8%AC%DB%8C%D9%86%D8%A7%D9%84,1,39,https://mahamprint.com/products/---brother-tze-731--,نوار لیبل پرینتر brother TZE-731 غیر اورجینال,1.0,high,model+title
https://mahamprint.com/product/3061/%DA%A9%D8%A7%D8%BA%D8%B0-%20%D8%AE%D8%B1%D8%AF%DA%A9%D9%86-%20NIKITA%20-%20CM160,1,39,https://mahamprint.com/products/----nikita---cm160,کاغذ خردکن NIKITA  CM160,1.0,high,model+title
https://mahamprint.com/product/811/%D8%A8%D8%A7%D8%B1%DA%A9%D8%AF-%D8%A7%D8%B3%DA%A9%D9%86%D8%B1-Scan-Logic-Q10,1,39,https://mahamprint.com/products/--scan-logic-q10,بارکد اسکنر Scan Logic Q10,1.0,high,model+title
https://mahamprint.com/product/3092/%D9%BE%D8%B1%DB%8C%D9%86%D8%AA%D8%B1-%D8%B3%D9%87-%DA%A9%D8%A7%D8%B1%D9%87-%D8%AC%D9%88%D9%87%D8%B1%D8%A7%D9%81%D8%B4%D8%A7%D9%86-%DA%A9%D8%A7%D9%86%D9%86-PIXMA-%20G2410,1,39,https://mahamprint.com/products/-----pixma--g2410,پرینتر سه کاره جوهرافشان کانن PIXMA G2410,1.0,high,model+title
https://mahamprint.com/product/2709/%D9%85%D8%A7%DA%98%D9%88%D9%84-%D8%B3%D9%88%D8%A6%DB%8C%DA%86-%D8%B3%DB%8C%D8%B3%DA%A9%D9%88-C9200-NM-4X,1,39,https://mahamprint.com/products/---c9200-nm-4x,ماژول سوئیچ سیسکو C9200-NM-4X,1.0,high,model+title
https://mahamprint.com/product/61/%D9%BE%D8%B1%DB%8C%D9%86%D8%AA%D8%B1-%D8%AA%DA%A9-%DA%A9%D8%A7%D8%B1%D9%87-%D9%84%DB%8C%D8%B2%D8%B1%DB%8C-HP-P2035,0,39,https://mahamprint.com/products/----hp-p2035,پرینتر تک کاره لیزری HP P2035,1.0,high,model+title
https://mahamprint.com/product/2028/%D8%A8%D8%B1%D8%AF-%D9%81%D8%B1%D9%85%D8%AA%D8%B1-HP-P2055dn,4,38,https://mahamprint.com/products/--hp-p2055dn,برد فرمتر HP P2055dn,1.0,high,model+title
https://mahamprint.com/product/2925/%D9%BE%D8%B1%D8%B3-%D8%A7%DA%86-%D9%BE%DB%8C-%D9%81%D8%A7%D8%A8%D8%B1%DB%8C%DA%A9-3015,4,38,https://mahamprint.com/products/----3015,پرس اچ پی فابریک 3015,1.0,high,model+title
https://mahamprint.com/product/1103/%D8%AF%D8%B1%D8%A7%D9%85-%DA%A9%D8%A7%D8%B1%D8%AA%D8%B1%DB%8C%D8%AC-HP-1010,0,39,https://mahamprint.com/products/--hp-1010,بلید کارتریج HP 1010,0.86,high,model+title
https://mahamprint.com/product/1277/%D8%AF%DB%8C%D8%AA%D8%A7-%D9%88%DB%8C%D8%AF%D8%A6%D9%88-%D9%BE%D8%B1%D9%88%DA%98%DA%A9%D8%AA%D9%88%D8%B1-RICOH-PJ-S2340,3,38,https://mahamprint.com/products/---ricoh-pj-s2340,دیتا ویدئو پروژکتور RICOH PJ S2340,1.0,high,model+title
https://mahamprint.com/product/1551/%DA%A9%D8%A7%D8%B1%D8%AA%D8%B1%DB%8C%D8%AC-CANON-725,3,38,https://mahamprint.com/products/-canon-725,کارتریج CANON 725,1.0,high,model+title
https://mahamprint.com/product/2505/%D9%81%DB%8C%D8%B4-%D9%BE%D8%B1%DB%8C%D9%86%D8%AA%D8%B1-MEVA-TP1200,2,38,https://mahamprint.com/products/--meva-tp1200,فیش پرینتر MEVA TP1200,1.0,high,model+title
https://mahamprint.com/product/458/%D8%A7%D8%B3%DA%A9%D9%86%D8%B1-Mustek-D20,3,38,https://mahamprint.com/products/-mustek-d20,اسکنر Mustek D20,1.0,high,model+title
https://mahamprint.com/product/2528/%DA%A9%D8%A7%D8%BA%D8%B0-%D8%AE%D8%B1%D8%AF%DA%A9%D9%86-MEHR-%D9%85%D8%AF%D9%84-MM-510s,3,38,https://mahamprint.com/products/--mehr--mm-510s,کاغذ خردکن  MEHR مدل MM-510s,1.0,high,model+title
https://mahamprint.com/product/1780/%D8%AF%D9%88%D9%84%D9%88%D9%BE%D8%B1-%D8%A8%D8%B1%D9%86%D8%AF-Sharp-MX-235FV,1,38,https://mahamprint.com/products/--sharp-mx-235fv,دولوپر برند Sharp MX-235FV,1.0,high,model+title
https://mahamprint.com/product/2375/%D9%BE%DB%8C%DA%A9%D8%A7%D9%BE-%D9%BE%D8%A7%DB%8C%DB%8C%D9%86-%DA%A9%D8%A7%D8%B3%D8%AA-%D9%BE%D8%B1%DB%8C%D9%86%D8%AA%D8%B1-%D8%A7%DA%86-%D9%BE%DB%8C-2035,1,38,https://mahamprint.com/products/------2035,پیکاپ پایین کاست پرینتر اچ پی 2035,1.0,high,model+title
https://mahamprint.com/product/1096/%D8%AF%D8%B1%D8%A7%D9%85-%DA%A9%D8%A7%D8%B1%D8%AA%D8%B1%DB%8C%D8%AC-Samsung-104,1,38,https://mahamprint.com/products/--samsung-104,درام کارتریج Samsung 104,1.0,high,model+title
https://mahamprint.com/product/2524/%D9%BE%D8%B1%DB%8C%D9%86%D8%AA%D8%B1-%DA%86%D9%86%D8%AF%DA%A9%D8%A7%D8%B1%D9%87-%D8%AC%D9%88%D9%87%D8%B1%D8%A7%D9%81%D8%B4%D8%A7%D9%86-%D8%A8%D8%B1%D9%86%D8%AF-Brother-T920dw,1,38,https://mahamprint.com/products/----brother-t920dw,پرینتر چندکاره جوهرافشان برند Brother T920dw,1.0,high,model+title
https://mahamprint.com/product/313/%D9%BE%D8%B1%DB%8C%D9%86%D8%AA%D8%B1%DA%86%D9%86%D8%AF-%DA%A9%D8%A7%D8%B1%D9%87-%D9%84%DB%8C%D8%B2%D8%B1%DB%8C-CANON-%D9%85%D8%AF%D9%84-MF241D,1,38,https://mahamprint.com/products/---canon--mf241d,پرینترچند کاره لیزری  CANON مدل MF241D,1.0,high,model+title
https://mahamprint.com/product/2273/%D9%87%D8%A7%D8%AA-%D8%B1%D9%88%D9%84-%DA%A9%DB%8C%D9%88%D8%B3%D8%B1%D8%A7-1800-%D9%88-2201,1,38,https://mahamprint.com/products/---1800--2201,هات رول کیوسرا 1800 و 2201,1.0,high,model+title
https://mahamprint.com/product/711/%D8%AE%D8%B1%D8%AF%DA%A9%D9%86-%DA%A9%D8%A7%D8%BA%D8%B0-MEHR-MM-830,1,38,https://mahamprint.com/products/--mehr-mm-830,خردکن کاغذ MEHR MM-830,1.0,high,model+title
https://mahamprint.com/product/917/%D9%85%D8%A7%D8%B4%DB%8C%D9%86-%D8%AD%D8%B3%D8%A7%D8%A8-Casio-FX-350-GC,1,38,https://mahamprint.com/products/--casio-fx-350-gc,ماشین حساب Casio FX-350 GC,1.0,high,model+title
https://mahamprint.com/product/1459/%D8%AA%D9%88%D9%86%D8%B1-%DA%A9%D8%A7%D8%B1%D8%AA%D8%B1%DB%8C%D8%AC-HP-92A,0,38,https://mahamprint.com/products/--hp-92a,تونر کارتریج HP 92A,1.0,high,model+title
https://mahamprint.com/product/845/%D8%A8%D8%A7%D8%B1%DA%A9%D8%AF-%D8%A7%D8%B3%DA%A9%D9%86%D8%B1-%D8%A8%D8%B1%D9%86%D8%AF-Cbon-%D9%85%D8%AF%D9%84-CB-N200,1,38,https://mahamprint.com/products/---cbon--cb-n200,بارکد اسکنر برند Cbon مدل CB-N200,1.0,high,model+title
https://mahamprint.com/product/2988/%D8%B5%D9%86%D8%AF%D9%88%D9%82-%20%D9%81%D8%B1%D9%88%D8%B4%DA%AF%D8%A7%D9%87%DB%8C-%20%20CBON%20-%20CP-P300AS,2,39,https://mahamprint.com/products/----cbon---cp-p300as,صندوق فروشگاهی  CBON  CP-P300AS,1.0,high,model+title
https://mahamprint.com/product/371/%D8%AF%D8%B3%D8%AA%DA%AF%D8%A7%D9%87-%DA%A9%D9%BE%DB%8C-canon-%D9%85%D8%AF%D9%84-2520-adf,0,38,https://mahamprint.com/products/--canon--2520-adf,دستگاه کپی  canon مدل 2520 adf,1.0,high,model+title
https://mahamprint.com/product/1142/%D8%AC%D9%88%D9%87%D8%B1-epson-%D9%85%D8%AF%D9%84-103-4-%D8%B1%D9%86%DA%AF,4,37,https://mahamprint.com/products/-epson--103-4-,جوهر epson مدل 103 4 رنگ,1.0,high,model+title
https://mahamprint.com/product/800/%D8%A8%D8%A7%D8%B1%DA%A9%D8%AF-%D8%A7%D8%B3%DA%A9%D9%86%D8%B1-%D9%85%D8%AF%D9%84-Honeywell-Voyager-3800g,3,37,https://mahamprint.com/products/---honeywell-voyager-3800g,بارکد اسکنر مدل Honeywell  Voyager 3800g,1.0,high,model+title
https://mahamprint.com/product/957/%D9%85%D8%A7%D8%B4%DB%8C%D9%86-%D8%AD%D8%B3%D8%A7%D8%A8-CASIO-DS-2B,0,38,https://mahamprint.com/products/--casio-ds-2b,ماشین حساب CASIO DS-2B,1.0,high,model+title
https://mahamprint.com/product/2550/%D9%BE%D9%84%D8%A7%D8%AA%D8%B1-%D8%A8%D8%B1%D9%86%D8%AF-EPSON-SC-P7000,0,38,https://mahamprint.com/products/--epson-sc-p7000,پلاتر برند EPSON SC-P7000,1.0,high,model+title
https://mahamprint.com/product/886/%D8%A7%D8%B3%DA%A9%D9%86%D8%A7%D8%B3-%D8%B4%D9%85%D8%A7%D8%B1-PARA-NC-297,3,37,https://mahamprint.com/products/--para-nc-297,اسکناس شمار PARA NC-297,1.0,high,model+title
https://mahamprint.com/product/2332/%DA%86%D8%B1%D8%AE-%D8%AF%D9%86%D8%AF%D9%87-ps-%D8%A8%D8%B1%D9%86%D8%AF-SHARP-%D9%85%D8%AF%D9%84-mx-m503,2,37,https://mahamprint.com/products/--ps--sharp--mx-m503,چرخ دنده ps برند SHARP مدل mx-m503,1.0,high,model+title
https://mahamprint.com/product/2394/%D9%BE%DB%8C%DA%A9%D8%A7%D9%BE-%D9%BE%D8%B1%DB%8C%D9%86%D8%AA%D8%B1-%D8%A7%DA%86-%D9%BE%DB%8C-4014-HP,2,37,https://mahamprint.com/products/----4014-hp,پیکاپ پرینتر اچ پی 4014 HP,1.0,high,model+title
https://mahamprint.com/product/3137/%D9%81%DB%8C%D8%B4-%20%D9%BE%D8%B1%DB%8C%D9%86%D8%AA%D8%B1%20-%20MEVA%20-TP-UN1,2,37,https://mahamprint.com/products/-----meva--tp-un1,فیش پرینتر  MEVA TP-UN1,1.0,high,model+title
https://mahamprint.com/product/933/%D9%85%D8%A7%D8%B4%DB%8C%D9%86-%D8%AD%D8%B3%D8%A7%D8%A8-CASIO-DJ-240,1,37,https://mahamprint.com/products/--casio-dj-240,ماشین حساب CASIO DJ-240,1.0,high,model+title
https://mahamprint.com/product/1574/%DA%A9%D8%A7%D8%B1%D8%AA%D8%B1%DB%8C%D8%AC-%D8%AA%D9%88%D9%86%D8%B1-HP-650A,1,37,https://mahamprint.com/products/--hp-650a,کارتریج تونر HP 650A,1.0,high,model+title
https://mahamprint.com/product/1836/%D8%B1%D9%88%D9%84-%D9%84%DB%8C%D8%A8%D9%84-%DA%A9%D8%A7%D8%BA%D8%B0%DB%8C-%D8%AF%D9%88-%D8%B1%D8%AF%DB%8C%D9%81%D9%87-50%C3%9730,2,37,https://mahamprint.com/products/-----50-30,رول لیبل کاغذی دو ردیفه 50×30,0.35,medium,title-only
https://mahamprint.com/product/2603/%DA%AF%D9%88%D8%B4%DB%8C-%D8%B3%D8%A7%D9%85%D8%B3%D9%88%D9%86%DA%AF-GALAXY-S21-ULTRA-5G,1,37,https://mahamprint.com/products/--galaxy-s21-ultra-5g,گوشی سامسونگ GALAXY S21 ULTRA 5G,1.0,high,model+title
https://mahamprint.com/product/1062/%D8%AF%D8%B3%D8%AA%DA%AF%D8%A7%D9%87-%DA%A9%D9%BE%DB%8C-SHARP-AR-6020,0,37,https://mahamprint.com/products/--sharp-ar-6020,دستگاه کپی SHARP AR-6020,1.0,high,model+title
https://mahamprint.com/product/1080/%D8%AF%DA%A9%D8%AA%D8%B1-%D8%A8%D9%84%DB%8C%D8%AF-HP-%DA%A9%D8%A7%D8%B1%D8%AA%D8%B1%DB%8C%D8%AC-%DB%B1%DB%B0%DB%B0%DB%B5,0,37,https://mahamprint.com/products/--hp--,دکتر بلید HP کارتریج ۱۰۰۵,0.35,medium,title-only
https://mahamprint.com/product/2945/%D9%BE%D8%B1%DB%8C%D9%86%D8%AA%D8%B1-%20%D9%84%DB%8C%D8%B2%D8%B1%DB%8C-%20%D8%B3%D9%87-%20%DA%A9%D8%A7%D8%B1%D9%87-%20HP-%204103dw,0,37,https://mahamprint.com/products/--------hp--4103dw,پرینتر لیزری سه کاره HP 4103dw,1.0,high,model+title
https://mahamprint.com/product/2030/%D8%A8%D8%B1%D8%AF-%D9%81%D8%B1%D9%85%D8%AA%D8%B1-HP-P2035,0,37,https://mahamprint.com/products/--hp-p2035,برد فرمتر HP P2035,1.0,high,model+title
https://mahamprint.com/product/2381/%D9%84%D8%A7%D8%B3%D8%AA%DB%8C%DA%A9-%D8%A2%D8%AC%D8%AF%D8%A7%D8%B1-toshibaE-S166,0,37,https://mahamprint.com/products/--toshibae-s166,لاستیک آجدار toshibaE-S166,1.0,high,model+title
https://mahamprint.com/product/2800/vivobook-asus-tp412-i3,5,36,https://mahamprint.com/products/vivobook-asus-tp412-i3,vivobook asus tp412 i3,1.0,high,model+title
https://mahamprint.com/product/991/%D9%85%D8%A7%D8%B4%DB%8C%D9%86-%D8%AD%D8%B3%D8%A7%D8%A8-Citizen-SLD-200N,0,37,https://mahamprint.com/products/--citizen-sld-200n,ماشین حساب Citizen SLD-200N,1.0,high,model+title
https://mahamprint.com/product/1994/%DA%A9%D8%A7%D8%B1%D8%AA-%D8%B3%D9%84%D8%A7%D9%85%D8%AA-%D9%BE%DB%8C-%D9%88%DB%8C-%D8%B3%DB%8C-250-%D8%B9%D8%AF%D8%AF%DB%8C-760-%D9%85%DB%8C%DA%A9%D8%B1%D9%88%D9%86-%DA%86%D8%A7%D9%BE-%D8%B1%D9%86%DA%AF%DB%8C,5,36,https://mahamprint.com/products/-----250--760---,کارت سلامت پی وی سی 250 عددی 760 میکرون چاپ رنگی,1.0,high,model+title
https://mahamprint.com/product/377/%D8%A7%D8%B3%DA%A9%D9%86%D8%B1-EPSON-V800,5,36,https://mahamprint.com/products/-epson-v800,اسکنر EPSON V800,1.0,high,model+title
https://mahamprint.com/product/2256/%D9%81%DB%8C%D9%88%D8%B2%DB%8C%D9%86%DA%AF-%D8%A7%DA%86-%D9%BE%DB%8C-HP-1020,2,37,https://mahamprint.com/products/---hp-1020,فیوزینگ اچ پی HP 1020,1.0,high,model+title
https://mahamprint.com/product/2046/%D8%A8%D8%B1%D8%AF-%D9%81%D8%B1%D9%85%D8%AA%D8%B1-%D8%A7%DA%86-%D9%BE%DB%8C-M1212nf,3,36,https://mahamprint.com/products/----m1212nf,برد فرمتر اچ پی M1212nf,1.0,high,model+title
https://mahamprint.com/product/137/%D9%BE%D8%B1%DB%8C%D9%86%D8%AA%D8%B1-%DA%86%D9%86%D8%AF%DA%A9%D8%A7%D8%B1%D9%87-%D8%A8%D8%B1%D9%86%D8%AF-BROTHER-MFC-L2700DW,4,36,https://mahamprint.com/products/---brother-mfc-l2700dw,پرینتر چندکاره برند BROTHER MFC-L2700DW,1.0,high,model+title
https://mahamprint.com/product/1481/%DA%A9%D8%A7%D8%B1%D8%AA%D8%B1%DB%8C%D8%AC-%D8%AA%D9%88%D9%86%D8%B1-HP-42A,3,36,https://mahamprint.com/products/--hp-42a,کارتریج تونر HP 42A,1.0,high,model+title
https://mahamprint.com/product/180/%D9%BE%D8%B1%DB%8C%D9%86%D8%AA%D8%B1-%D9%84%DB%8C%D8%B2%D8%B1%DB%8C-%DA%86%D9%86%D8%AF%DA%A9%D8%A7%D8%B1%D9%87-HP-MFP-M227FDW,3,36,https://mahamprint.com/products/---hp-mfp-m227fdw,پرینتر لیزری چندکاره HP MFP M227FDW,1.0,high,model+title
https://mahamprint.com/product/1274/%D8%AF%DB%8C%D8%AA%D8%A7-%D9%88%DB%8C%D8%AF%D8%A6%D9%88-%D9%BE%D8%B1%D9%88%DA%98%DA%A9%D8%AA%D9%88%D8%B1-Acer-X118H,2,36,https://mahamprint.com/products/---acer-x118h,دیتا ویدئو پروژکتور Acer X118H,1.0,high,model+title
https://mahamprint.com/product/1649/%D9%BE%D8%B1%DB%8C%D9%86%D8%AA%D8%B1-%D8%B3%D9%87-%DA%A9%D8%A7%D8%B1%D9%87-%D9%84%DB%8C%D8%B2%D8%B1%DB%8C-hp-M236d,2,36,https://mahamprint.com/products/----hp-m236d,پرینتر سه کاره لیزری  hp  M236d,1.0,high,model+title
https://mahamprint.com/product/1425/%D8%AA%D9%88%D9%86%D8%B1-EPSON-T-802-CMYK,2,36,https://mahamprint.com/products/-epson-t-802-cmyk,تونر EPSON T 802 CMYK,1.0,high,model+title
https://mahamprint.com/product/1506/%D8%AA%D9%88%D9%86%D8%B1-Canon-047,1,36,https://mahamprint.com/products/-canon-047,تونر Canon 047,1.0,high,model+title
https://mahamprint.com/product/2436/%D9%BE%D8%B1%DB%8C%D9%86%D8%AA%D8%B1-%D8%AC%D9%88%D9%87%D8%B1%D8%A7%D9%81%D8%B4%D8%A7%D9%86-%D8%B3%D9%87-%DA%A9%D8%A7%D8%B1%D9%87-Epson-EcoTank-L3118,3,36,https://mahamprint.com/products/----epson-ecotank-l3118,پرینتر جوهرافشان سه کاره Epson EcoTank L3118,1.0,high,model+title
https://mahamprint.com/product/2072/%D8%A8%D8%B1%D8%AF-%D9%BE%D8%A7%D9%88%D8%B1-HP-M130a,1,36,https://mahamprint.com/products/--hp-m130a,برد پاور HP M130a,1.0,high,model+title
https://mahamprint.com/product/390/%D8%A7%D8%B3%DA%A9%D9%86%D8%B1-HP-3500-F1,1,36,https://mahamprint.com/products/-hp-3500-f1,اسکنر HP  3500 F1,1.0,high,model+title
https://mahamprint.com/product/1733/%D8%B1%DB%8C%D8%A8%D9%88%D9%86-%D9%85%D8%B4%DA%A9%DB%8C-1200-%D8%B9%DA%A9%D8%B3-%D9%85%D8%AF%D9%84-Smart-30-K-Ribbon-%D8%A7%D9%88%D8%B1%D8%AC%DB%8C%D9%86%D8%A7%D9%84,0,36,https://mahamprint.com/products/--1200---smart-30-k-ribbon-,ریبون مشکی 1200 عکس مدل Smart 30 K Ribbon اورجینال,1.0,high,model+title
https://mahamprint.com/product/3159/%D8%AF%D8%B3%D8%AA%DA%AF%D8%A7%D9%87%20%DA%A9%D9%BE%DB%8C%20-SHARP-%20BP-10C20,0,36,https://mahamprint.com/products/---sharp--bp-10c20,دستگاه کپی SHARP BP-10C20,1.0,high,model+title
https://mahamprint.com/product/1315/%D9%85%D8%A7%D9%86%DB%8C%D8%AA%D9%88%D8%B1-BenQ-EX2780Q,3,35,https://mahamprint.com/products/-benq-ex2780q,مانیتور BenQ EX2780Q,1.0,high,model+title
https://mahamprint.com/product/2886/%D9%BE%D8%B1%DB%8C%D9%86%D8%AA%D8%B1-%D8%AA%DA%A9-%DA%A9%D8%A7%D8%B1%D9%87-%D8%A7%D8%B3%D8%AA%D9%88%DA%A9-hp-1005,4,35,https://mahamprint.com/products/----hp-1005,پرینتر تک کاره استوک hp 1005,1.0,high,model+title
https://mahamprint.com/product/3040/%D9%BE%D8%B1%DB%8C%D9%86%D8%AA%D8%B1-%DA%86%D9%87%D8%A7%D8%B1%DA%A9%D8%A7%D8%B1%D9%87-%D8%AC%D9%88%D9%87%D8%B1%D8%A7%D9%81%D8%B4%D8%A7%D9%86-Epson-15160,3,35,https://mahamprint.com/products/------epson--15160-,پرینتر چهارکاره جوهرافشان Epson 15160,1.0,high,model+title
https://mahamprint.com/product/2101/%D8%AF%D8%B1%D8%A7%D9%85-%DA%A9%D8%A7%D8%B1%D8%AA%D8%B1%DB%8C%D8%AC-%D8%A8%D8%B1%D9%86%D8%AF-HP-%D9%85%D8%AF%D9%84-92A-Drum,1,35,https://mahamprint.com/products/---hp--92a-drum,درام کارتریج برند HP مدل  92A Drum,1.0,high,model+title
https://mahamprint.com/product/2262/%D9%86%D8%A7%D8%AE%D9%86%DA%A9-%DA%A9%D9%84%D8%A7%D8%AC-PS-%D8%B3%D9%84%D9%88%D9%86%D9%88%DB%8C%DB%8C%D8%AF-%D8%A8%D8%B1%D9%86%D8%AF-%D8%B4%D8%A7%D8%B1%D9%BE-AR-5316,1,35,https://mahamprint.com/products/--ps----ar-5316,ناخنک  کلاج PS سلونویید برند شارپ AR-5316,1.0,high,model+title
https://mahamprint.com/product/2705/%D9%85%D8%A7%DA%98%D9%88%D9%84-%D8%B4%D8%A8%DA%A9%D9%87-%D8%B3%DB%8C%D8%B3%DA%A9%D9%88-GLC-LH-SMD,2,35,https://mahamprint.com/products/---glc-lh-smd,ماژول شبکه سیسکو GLC-LH-SMD,0.35,medium,title-only
https://mahamprint.com/product/910/%D9%85%D8%A7%D8%B4%DB%8C%D9%86-%D8%AD%D8%B3%D8%A7%D8%A8-SHARP-EL-1121,1,35,https://mahamprint.com/products/--sharp-el-1121,ماشین حساب SHARP EL-1121,1.0,high,model+title
https://mahamprint.com/product/2008/%D8%A8%D8%A7%D8%AA%D8%B1%DB%8C-%DA%A9%D8%AA%D8%A7%D8%A8%DB%8C-%D9%85%D8%AF%D9%84-Kodak-Max-Alkaline-6LR61,0,35,https://mahamprint.com/products/---kodak-max-alkaline-6lr61,باتری کتابی مدل Kodak Max Alkaline 6LR61,1.0,high,model+title
https://mahamprint.com/product/309/%D9%BE%D8%B1%DB%8C%D9%86%D8%AA%D8%B1-%DA%86%D9%87%D8%A7%D8%B1%DA%A9%D8%A7%D8%B1%D9%87-HP-479FDW,0,35,https://mahamprint.com/products/--hp-479fdw,پرینتر چهارکاره HP 479FDW,1.0,high,model+title
https://mahamprint.com/product/1253/%D9%88%DB%8C%D8%AF%D8%A6%D9%88-%D9%BE%D8%B1%D9%88%DA%98%DA%A9%D8%AA%D9%88%D8%B1-%D8%AC%DB%8C%D8%A8%DB%8C-ASUS-B1M,1,35,https://mahamprint.com/products/---asus-b1m,ویدئو پروژکتور جیبی ASUS B1M,1.0,high,model+title
https://mahamprint.com/product/23/hp%20laserjet%20m15a%20printer,1,35,https://mahamprint.com/products/hp-laserjet-m15a-printer,پرینتر تک کاره  لیزری مدلHP 15A,0.488,medium,model+title
https://mahamprint.com/product/654/%DA%A9%D8%A7%D8%BA%D8%B0-%D8%AE%D8%B1%D8%AF%DA%A9%D9%86-Nikita-SD-9150,7,34,https://mahamprint.com/products/--nikita-sd-9150,کاغذ خردکن Nikita SD-9150,1.0,high,model+title
https://mahamprint.com/product/2242/%D9%81%DB%8C%D9%88%D8%B2%DB%8C%D9%86%DA%AF-%D8%A7%DA%86-%D9%BE%DB%8C-HP-1005,0,35,https://mahamprint.com/products/---hp-1005,فیوزینگ اچ پی HP 1005,1.0,high,model+title
https://mahamprint.com/product/667/%DA%A9%D8%A7%D8%BA%D8%B0-%D8%AE%D8%B1%D8%AF%DA%A9%D9%86-Remo-C-4100,5,34,https://mahamprint.com/products/--remo-c-4100,کاغذ خردکن Remo C-4100,1.0,high,model+title
https://mahamprint.com/product/2739/%DA%A9%D8%A7%D8%B1%D8%AA-%DA%AF%D8%B1%D8%A7%D9%81%DB%8C%DA%A9-MSI-%D9%85%D8%AF%D9%84-RTX-3080-TI-VENTUS-3X-12G-OC,3,34,https://mahamprint.com/products/--msi--rtx-3080-ti-ventus-3x-12g-oc,کارت گرافیک MSI مدل  RTX 3080 TI VENTUS 3X 12G OC,1.0,high,model+title
https://mahamprint.com/product/1239/%D8%AF%DB%8C%D8%AA%D8%A7-%D9%88%DB%8C%D8%AF%D8%A6%D9%88-%D9%BE%D8%B1%D9%88%DA%98%DA%A9%D8%AA%D9%88%D8%B1-Aiptek-T20,2,34,https://mahamprint.com/products/---aiptek-t20,دیتا ویدئو پروژکتور Aiptek T20,1.0,high,model+title
https://mahamprint.com/product/3133/%D9%BE%D8%B1%DB%8C%D9%86%D8%AA%D8%B1-%20%D9%84%DB%8C%D8%B2%D8%B1%DB%8C%20-%D8%B1%D9%86%DA%AF%DB%8C%20-Hp-Pro%20-3203dw,0,35,https://mahamprint.com/products/------hp-pro--3203dw,پرینتر لیزری رنگی Hp Pro 3203dw,1.0,high,model+title
https://mahamprint.com/product/2255/%D9%81%DB%8C%D9%88%D8%B2%DB%8C%D9%86%DA%AF-%D8%A7%DA%86-%D9%BE%DB%8C-HP-1102,2,34,https://mahamprint.com/products/---hp-1102,فیوزینگ اچ پی HP 1102,1.0,high,model+title
https://mahamprint.com/product/796/%D8%A8%D8%A7%D8%B1%DA%A9%D8%AF-%D8%AE%D9%88%D8%A7%D9%86-Honeywell-Voyager-1202g,3,34,https://mahamprint.com/products/--honeywell-voyager-1202g,بارکد خوان Honeywell Voyager 1202g,1.0,high,model+title
https://mahamprint.com/product/2260/%D9%86%D8%A7%D8%AE%D9%86%DA%A9-%D9%87%D8%A7%D8%AA%D8%B1%D9%88%D9%84-AR-2120J-%D8%B4%D8%A7%D8%B1%D9%BE,1,34,https://mahamprint.com/products/--ar-2120j-,ناخنک هاترول AR-2120J شارپ,1.0,high,model+title
https://mahamprint.com/product/3134/%D8%AF%D8%B3%D8%AA%DA%AF%D8%A7%D9%87%20-%DA%A9%D9%BE%DB%8C-%20Sharp%20-BP-20M31,1,34,https://mahamprint.com/products/----sharp--bp-20m31,دستگاه کپی Sharp BP-20M31,1.0,high,model+title
https://mahamprint.com/product/2635/iMac-Apple-%D9%85%D8%AF%D9%84-MXWT2-2020-Core-i5-8GB-256GB-4GB,1,34,https://mahamprint.com/products/imac-apple--mxwt2-2020-core-i5-8gb-256gb-4gb,iMac Apple مدل MXWT2 2020-Core i5-8GB-256GB-4GB,1.0,high,model+title
https://mahamprint.com/product/640/%D8%AF%D8%B3%D8%AA%DA%AF%DB%8C%D8%B1%D9%87-%D9%87%D9%88%D8%B4%D9%85%D9%86%D8%AF-ZKTeco-L5000,1,34,https://mahamprint.com/products/--zkteco-l5000,دستگیره هوشمند ZKTeco L5000,1.0,high,model+title
https://mahamprint.com/product/823/%D8%A8%D8%A7%D8%B1%DA%A9%D8%AF-%D8%A7%D8%B3%DA%A9%D9%86%D8%B1-%D9%85%D8%AF%D9%84-Winson-6580-Quick-scan,1,34,https://mahamprint.com/products/---winson-6580-quick-scan,بارکد اسکنر مدل Winson 6580 Quick scan,1.0,high,model+title
https://mahamprint.com/product/2105/%D8%AF%D8%B1%D8%A7%D9%85-%DA%A9%D8%A7%D8%B1%D8%AA%D8%B1%DB%8C%D8%AC-Sharp-MX500-Drum,0,34,https://mahamprint.com/products/--sharp-mx500-drum,درام کارتریج Sharp MX500 Drum,1.0,high,model+title
https://mahamprint.com/product/2517/%D8%AF%D8%B3%D8%AA%DA%AF%D8%A7%D9%87-%DA%A9%D9%BE%DB%8C-sharp-7024d,0,34,https://mahamprint.com/products/--sharp-7024d,دستگاه کپی sharp 7024d,1.0,high,model+title
https://mahamprint.com/product/2123/%D8%AF%D8%B1%D8%A7%D9%85-%DA%A9%D8%A7%D8%B1%D8%AA%D8%B1%DB%8C%D8%AC-%D8%A8%D8%B1%D9%86%D8%AF-hp-5000-29A-Drum,0,34,https://mahamprint.com/products/---hp-5000-29a-drum,درام کارتریج برند hp (5000)  29A Drum,1.0,high,model+title
https://mahamprint.com/product/2734/%DA%A9%D8%A7%D8%B1%D8%AA-%DA%AF%D8%B1%D8%A7%D9%81%DB%8C%DA%A9-MSI-GeForce-RTX-3070-GAMING-X-TRIO,0,34,https://mahamprint.com/products/--msi-geforce-rtx-3070-gaming-x-trio,کارت گرافیک  MSI GeForce RTX 3070 GAMING X TRIO,1.0,high,model+title
https://mahamprint.com/product/578/%D9%81%DB%8C%D8%B4-%D9%BE%D8%B1%DB%8C%D9%86%D8%AA%D8%B1-%D8%A8%D8%B1%D9%86%D8%AF-REMO-%D9%85%D8%AF%D9%84-RP200,5,33,https://mahamprint.com/products/---remo--rp200,فیش پرینتر برند REMO مدل RP200,1.0,high,model+title
https://mahamprint.com/product/2901/%D9%88%DB%8C%D8%AF%D8%A6%D9%88-%D9%BE%D8%B1%D9%88%DA%98%DA%A9%D8%AA%D9%88%D8%B1-%D9%85%D8%AF%D9%84-OPTOMA-%D9%85%D8%AF%D9%84-X400LV,0,34,https://mahamprint.com/products/---optoma--x400lv,ویدئو پروژکتور مدل OPTOMA مدل X400LV,1.0,high,model+title
https://mahamprint.com/product/544/%D9%84%DB%8C%D8%A8%D9%84-%D9%BE%D8%B1%DB%8C%D9%86%D8%AA%D8%B1-MEVA-%D9%85%D8%AF%D9%84-MBP4300,0,34,https://mahamprint.com/products/--meva--mbp4300,لیبل پرینتر  MEVA مدل MBP4300,1.0,high,model+title
https://mahamprint.com/product/224/%D9%BE%D8%B1%DB%8C%D9%86%D8%AA%D8%B1-%D8%AC%D9%88%D9%87%D8%B1%D8%A7%D9%81%D8%B4%D8%A7%D9%86-%DA%86%D9%87%D8%A7%D8%B1-%DA%A9%D8%A7%D8%B1%D9%87-HP-7510,9,33,https://mahamprint.com/products/----hp-7510,پرینتر جوهرافشان چهار کاره HP 7510,1.0,high,model+title
https://mahamprint.com/product/999/%D9%85%D8%A7%D8%B4%DB%8C%D9%86-%D8%AD%D8%B3%D8%A7%D8%A8-CASIO-DM-1600B,4,33,https://mahamprint.com/products/--casio-dm-1600b,ماشین حساب CASIO DM-1600B,1.0,high,model+title
https://mahamprint.com/product/466/%D8%A7%D8%B3%DA%A9%D9%86%D8%B1-CANON-DR-G1100,3,33,https://mahamprint.com/products/-canon-dr-g1100,اسکنر CANON DR-G1100,1.0,high,model+title
https://mahamprint.com/product/3111/CANON%20-633%20-CDW-%20Single-function%20-Laser%20-Printer,3,33,https://mahamprint.com/products/canon--633--cdw--single-function--laser--printer,پرینتر تک کاره لیزری CANON 633 CDW,0.755,high,model+title
https://mahamprint.com/product/1304/%D8%AF%DB%8C%D8%AA%D8%A7-%D9%88%DB%8C%D8%AF%D8%A6%D9%88-%D9%BE%D8%B1%D9%88%DA%98%DA%A9%D8%AA%D9%88%D8%B1-PANASONIC-PT-LW373,2,33,https://mahamprint.com/products/---panasonic-pt-lw373,دیتا ویدئو پروژکتور PANASONIC PT-LW373,1.0,high,model+title
https://mahamprint.com/product/743/%DA%A9%D8%A7%D8%BA%D8%B0-%D8%AE%D8%B1%D8%AF%DA%A9%D9%86-Kobra-Cyclone,2,33,https://mahamprint.com/products/--kobra-1ss4,کاغذ خردکن Kobra +1SS4,0.427,medium,model+title
https://mahamprint.com/product/981/%D9%85%D8%A7%D8%B4%DB%8C%D9%86-%D8%AD%D8%B3%D8%A7%D8%A8-CASIO-LC-1000-TV,2,33,https://mahamprint.com/products/--casio-lc-1000-tv,ماشین حساب CASIO LC-1000 TV,1.0,high,model+title
https://mahamprint.com/product/1431/%D8%AA%D9%88%D9%86%D8%B1-Epson-29-CMYK,1,33,https://mahamprint.com/products/-epson-29-cmyk,تونر Epson 29 CMYK,1.0,high,model+title
https://mahamprint.com/product/2721/%DA%A9%D8%A7%D8%B1%D8%AA-%DA%AF%D8%B1%D8%A7%D9%81%DB%8C%DA%A9-GTX-1630-VENTUS-XS-OC-4G,1,33,https://mahamprint.com/products/--gtx-1630-ventus-xs-oc-4g,کارت گرافیک GTX 1630 VENTUS XS OC 4G,1.0,high,model+title
https://mahamprint.com/product/2087/%D8%AF%D8%B1%D8%A7%D9%85-%DA%A9%D8%A7%D8%B1%D8%AA%D8%B1%DB%8C%D8%AC-%D8%A8%D8%B1%D9%86%D8%AF-hp-%D9%85%D8%AF%D9%84-1505,1,33,https://mahamprint.com/products/---hp--1505,درام کارتریج برند hp مدل 1505,1.0,high,model+title
https://mahamprint.com/product/1861/%D9%84%DB%8C%D8%A8%D9%84-Tyvek-%D8%B9%D8%B1%D8%B6-5-%D8%B3%D8%A7%D9%86%D8%AA,1,33,https://mahamprint.com/products/-tyvek--5-,لیبل Tyvek عرض 5 سانت,1.0,high,model+title
https://mahamprint.com/product/3066/%D8%A8%D8%A7%D8%B1%DA%A9%D8%AF%D8%AE%D9%88%D8%A7%D9%86-%20mindeo%20-mp%20-725,1,33,https://mahamprint.com/products/--mindeo--mp--725,بارکدخوان mindeo mp 725,1.0,high,model+title
https://mahamprint.com/product/64/%D9%BE%D8%B1%DB%8C%D9%86%D8%AA%D8%B1-%D8%AA%DA%A9-%DA%A9%D8%A7%D8%B1%D9%87-%D9%84%DB%8C%D8%B2%D8%B1%DB%8C-HP-M402DN,1,33,https://mahamprint.com/products/----hp-m402dn, پرینتر تک کاره لیزری  HP M402DN,1.0,high,model+title
https://mahamprint.com/product/2115/%D8%AF%D8%B1%D8%A7%D9%85-%DA%A9%D8%A7%D8%B1%D8%AA%D8%B1%DB%8C%D8%AC-Samsung-%D9%85%D8%AF%D9%84-3050-Drum,0,33,https://mahamprint.com/products/--samsung--3050-drum,درام کارتریج  Samsung مدل 3050 Drum,1.0,high,model+title
https://mahamprint.com/product/553/%D9%BE%D8%B1%DB%8C%D9%86%D8%AA%D8%B1-%D8%AD%D8%B1%D8%A7%D8%B1%D8%AA%DB%8C-%D9%85%D8%AF%D9%84-ZEC-B200H,1,33,https://mahamprint.com/products/---zec-b200h,پرینتر حرارتی  مدل  ZEC  B200H,1.0,high,model+title
https://mahamprint.com/product/2558/%D9%84%DB%8C%D8%A8%D9%84-%D9%BE%D8%B1%DB%8C%D9%86%D8%AA%D8%B1-ZEBRA-ZT230,0,33,https://mahamprint.com/products/--zebra-zt230,لیبل پرینتر ZEBRA ZT230,1.0,high,model+title
https://mahamprint.com/product/1901/%D8%A7%D8%B3%DA%A9%D9%86%D8%B1-PLUSTEK-PN30U,0,33,https://mahamprint.com/products/-plustek-pn30u,اسکنر PLUSTEK PN30U,1.0,high,model+title
https://mahamprint.com/product/2389/%D9%84%D8%A7%D8%B3%D8%AA%DB%8C%DA%A9-%D9%86%DB%8C%D9%85-%D8%AF%D8%A7%DB%8C%D8%B1%D9%87-%DA%A9%D8%A7%D8%B3%D8%AA-SHARP-AR-5316,0,33,https://mahamprint.com/products/----sharp-ar-5316,لاستیک نیم دایره کاست SHARP AR-5316,1.0,high,model+title
https://mahamprint.com/product/1347/%DA%A9%D8%A7%D8%B1%D8%AA%D8%B1%DB%8C%D8%AC-Canon-PFI-107-CMYK,2,32,https://mahamprint.com/products/-canon-pfi-107-cmyk,کارتریج Canon PFI 107 CMYK,1.0,high,model+title
https://mahamprint.com/product/1085/%D9%81%D9%88%D9%85-%D8%B1%D9%88%D9%84-HP-1010,2,32,https://mahamprint.com/products/-hp-1010,مگنت HP 1010,0.79,high,model+title
https://mahamprint.com/product/2117/%D8%AF%D8%B1%D8%A7%D9%85-%DA%A9%D8%A7%D8%B1%D8%AA%D8%B1%DB%8C%D8%AC-%D8%A8%D8%B1%D9%86%D8%AF-HP-%D9%85%D8%AF%D9%84-64A-4515,2,32,https://mahamprint.com/products/---hp--64a-4515,درام کارتریج برند HP مدل 64A (4515),1.0,high,model+title
https://mahamprint.com/product/2334/%DA%86%D8%B1%D8%AE%D8%AF%D9%86%D8%AF%D9%87-%DA%A9%D9%84%D8%A7%DA%86-%DA%A9%D8%A7%D8%B3%D8%AA-1%D9%BE%D8%B1%DB%8C%D9%86%D8%AA%D8%B1-hp-401,2,32,https://mahamprint.com/products/---1-hp-401,چرخدنده کلاچ کاست 1پرینتر hp 401,1.0,high,model+title
https://mahamprint.com/product/2480/%D9%BE%D8%B1%DB%8C%D9%86%D8%AA%D8%B1-%D8%AA%DA%A9-%DA%A9%D8%A7%D8%B1%D9%87-%D9%84%DB%8C%D8%B2%D8%B1%DB%8C-%D8%A8%D8%B1%D9%86%D8%AF-HP-%D9%85%D8%AF%D9%84-M251N,2,32,https://mahamprint.com/products/-----hp--m251n,پرینتر تک کاره لیزری برند HP مدل M251N,1.0,high,model+title
https://mahamprint.com/product/605/%D8%B5%D9%86%D8%AF%D9%88%D9%82-%D9%81%D8%B1%D9%88%D8%B4%DA%AF%D8%A7%D9%87%DB%8C-POSBANK-BLUO-D25,2,32,https://mahamprint.com/products/--posbank-bluo-d25,صندوق فروشگاهی POSBANK BLUO D25,1.0,high,model+title
https://mahamprint.com/product/2443/%D9%84%DB%8C%D8%A8%D9%84-%D9%BE%D8%B1%DB%8C%D9%86%D8%AA%D8%B1-%D9%85%D8%AF%D9%84-brother-Ql820nwb,2,32,https://mahamprint.com/products/---brother-ql820nwb,لیبل پرینتر مدل brother  Ql820nwb,1.0,high,model+title
https://mahamprint.com/product/515/%D8%AA%D8%B3%D8%AA-%D8%A7%D8%B3%DA%A9%D9%86%D8%A7%D8%B3-%D9%85%D8%AF%D9%84-DFS-2268,2,32,https://mahamprint.com/products/---dfs-2268,تست اسکناس مدل DFS-2268,1.0,high,model+title
https://mahamprint.com/product/963/%D9%85%D8%A7%D8%B4%DB%8C%D9%86-%D8%AD%D8%B3%D8%A7%D8%A8-Citizen-CT-600J,2,32,https://mahamprint.com/products/--citizen-ct-600j,ماشین حساب Citizen CT-600J,1.0,high,model+title
https://mahamprint.com/product/872/%D8%A7%D8%B3%DA%A9%D9%86%D8%A7%D8%B3-%D8%B4%D9%85%D8%A7%D8%B1-NIKITA-LD-80B,2,32,https://mahamprint.com/products/--nikita-ld-80b,اسکناس شمار NIKITA LD-80B,1.0,high,model+title
https://mahamprint.com/product/1758/%D8%B1%DB%8C%D8%A8%D9%88%D9%86-%D8%B1%D9%86%DA%AF%DB%8C-500-%D8%B9%DA%A9%D8%B3-Nisca-PR-C201-YMCK-Ribbon,1,32,https://mahamprint.com/products/--500--nisca-pr-c201-ymck-ribbon,ریبون رنگی 500 عکس Nisca PR-C201 YMCK Ribbon,1.0,high,model+title
https://mahamprint.com/product/219/%D9%BE%D8%B1%DB%8C%D9%86%D8%AA%D8%B1-%D8%B3%D9%87-%DA%A9%D8%A7%D8%B1%D9%87-%D8%AC%D9%88%D9%87%D8%B1%D8%A7%D9%81%D8%B4%D8%A7%D9%86-HP-DESKJET-2131,1,32,https://mahamprint.com/products/----hp-deskjet-2131,پرینتر سه کاره جوهرافشان HP DESKJET 2131  ,1.0,high,model+title
https://mahamprint.com/product/1107/%D8%AA%D9%88%D9%86%D8%B1-%D8%B4%D8%A7%D8%B1%DA%98-%D8%B1%D9%86%DA%AF%DB%8C-%D8%A8%D8%B1%D9%86%D8%AF-hp-%D9%85%D8%AF%D9%84-5500-200gr,1,32,https://mahamprint.com/products/----hp--5500-200gr,تونر شارژ رنگی برند hp مدل 5500 200gr,1.0,high,model+title
https://mahamprint.com/product/1805/%D8%AA%D8%A7%D9%86%DA%A9-%D8%AC%D9%88%D9%87%D8%B1-Epson-T50,0,32,https://mahamprint.com/products/--epson-t50,تانک جوهر Epson T50,1.0,high,model+title
https://mahamprint.com/product/235/%D9%BE%D8%B1%DB%8C%D9%86%D8%AA%D8%B1-%D8%B3%D9%87-%DA%A9%D8%A7%D8%B1%D9%87-%D9%84%DB%8C%D8%B2%D8%B1%DB%8C-CANON-%D9%85%D8%AF%D9%84-MF113W,1,32,https://mahamprint.com/products/----canon--mf113w,پرینتر سه کاره لیزری CANON مدل MF113W,1.0,high,model+title
https://mahamprint.com/product/904/%D8%A7%D8%B3%DA%A9%D9%86%D8%A7%D8%B3-%D8%B4%D9%85%D8%A7%D8%B1-%D8%B1%D9%88%D9%85%DB%8C%D8%B2%DB%8C-AX-6600,6,31,https://mahamprint.com/products/---ax-6600,اسکناس شمار رومیزی AX 6600,1.0,high,model+title
https://mahamprint.com/product/26/Canon-80D-18-135-IS-USM,0,32,https://mahamprint.com/products/--canon--g,هد پرینتر Canon سری G,0.256,low,model+title
https://mahamprint.com/product/250/%D9%BE%D8%B1%DB%8C%D9%86%D8%AA%D8%B1-%D8%AC%D9%88%D9%87%D8%B1%D8%A7%D9%81%D8%B4%D8%A7%D9%86-CANON-IX6840,6,31,https://mahamprint.com/products/--canon-ix6840,پرینتر جوهرافشان CANON IX6840,1.0,high,model+title
https://mahamprint.com/product/1595/%D8%A7%D8%B3%DA%A9%D9%86%D8%B1-%D8%AF%D8%B3%D8%AA%DB%8C-%D8%A7%D8%B3%DA%A9%D9%86-%D8%B2%DB%8C-BQS040,7,31,https://mahamprint.com/products/----bqs040,اسکنر دستی اسکن زی BQS040,1.0,high,model+title
https://mahamprint.com/product/3008/%D9%BE%D8%B1%DB%8C%D9%86%D8%AA%D8%B1%20-%D9%84%DB%8C%D8%A8%D9%84%20%D8%B2%D9%86%20-Meva-%204310,0,32,https://mahamprint.com/products/-----meva--4310,پرینتر لیبل زن Meva 4310,1.0,high,model+title
https://mahamprint.com/product/1808/%D8%AA%D8%A7%D9%86%DA%A9-%D8%AC%D9%88%D9%87%D8%B1%D8%A7%D9%BE%D8%B3%D9%88%D9%86-Epson-P50,2,31,https://mahamprint.com/products/--epson-p50,تانک جوهراپسون Epson P50,1.0,high,model+title
https://mahamprint.com/product/2181/%D8%A8%D9%88%D8%B4-%D8%B3%D8%B1-%D8%AF%D8%B1%D8%A7%D9%85-%D8%AC%D9%81%D8%AA%DB%8C%DA%A9%D9%BE%DB%8C-Sharp-AR-351451,2,31,https://mahamprint.com/products/---sharp-ar-350-450,بوش سر درام Sharp AR-350،450,0.381,medium,model+title
https://mahamprint.com/product/1799/%D8%B1%D9%88%D9%84-%DA%A9%D8%A7%D8%BA%D8%B0-%D8%AD%D8%B1%D8%A7%D8%B1%D8%AA%DB%8C-%DA%A9%D8%AF%D8%A7%DA%A9-%D8%B9%D8%B1%D8%B6-8-60-%D9%85%D8%AA%D8%B1%DB%8C,2,31,https://mahamprint.com/products/-----8-60-,رول کاغذ حرارتی کداک عرض 8 (60 متری),0.35,medium,title-only
https://mahamprint.com/product/2944/%D8%A7%D8%B3%DA%A9%D9%86%D8%B1-HP-%D9%85%D8%AF%D9%84-Scanjet-Pro-3000-S4,2,31,https://mahamprint.com/products/-hp-scanjet-pro-2600f1,اسکنر HP SCANJET PRO 2600F1,0.417,medium,model+title
https://mahamprint.com/product/303/%D9%BE%D8%B1%DB%8C%D9%86%D8%AA%D8%B1-%D8%AA%DA%A9-%DA%A9%D8%A7%D8%B1%D9%87-%D9%84%DB%8C%D8%B2%D8%B1%DB%8C-%D8%A8%D8%B1%D9%86%D8%AF-HP-150NW,2,31,https://mahamprint.com/products/-----hp-150nw,پرینتر تک کاره لیزری برند HP 150NW,1.0,high,model+title
https://mahamprint.com/product/1262/%D9%88%DB%8C%D8%AF%D8%A6%D9%88-%D9%BE%D8%B1%D9%88%DA%98%DA%A9%D8%AA%D9%88%D8%B1-%D9%82%D8%A7%D8%A8%D9%84-%D8%AD%D9%85%D9%84-METERLE-M8-A,3,31,https://mahamprint.com/products/----meterle-m8-a,ویدئو پروژکتور قابل حمل METERLE M8-A,1.0,high,model+title
https://mahamprint.com/product/1105/%D8%AA%D9%88%D9%86%D8%B1-%D8%B4%D8%A7%D8%B1%DA%98-%D8%B1%D9%86%DA%AF%DB%8C-%D8%A8%D8%B1%D9%86%D8%AF-hp-%D9%85%D8%AF%D9%84-1215-45gr,1,31,https://mahamprint.com/products/----hp--1215-45gr,تونر شارژ رنگی برند hp مدل 1215 45gr,1.0,high,model+title
https://mahamprint.com/product/2103/%D8%AF%D8%B1%D8%A7%D9%85-%D8%A7%DA%86-%D9%BE%DB%8C-HP-55A-Drum-3015,1,31,https://mahamprint.com/products/---hp-55a-drum-3015,درام اچ پی HP 55A Drum 3015,1.0,high,model+title
https://mahamprint.com/product/2266/%D9%87%D8%A7%D8%AA-%D8%B1%D9%88%D9%84%D8%B1-%D8%B4%D8%A7%D8%B1%D9%BE-Sharp-mx-503,1,31,https://mahamprint.com/products/---sharp-mx-503,هات رولر شارپ Sharp mx-503,1.0,high,model+title
https://mahamprint.com/product/2707/%D9%85%D8%A7%DA%98%D9%88%D9%84-%D8%B4%D8%A8%DA%A9%D9%87-%D8%B3%DB%8C%D8%B3%DA%A9%D9%88-FET-10G,1,31,https://mahamprint.com/products/---fet-10g,ماژول شبکه سیسکو FET-10G,1.0,high,model+title
https://mahamprint.com/product/2902/20m28-%D8%AF%D8%B3%D8%AA%DA%AF%D8%A7%D9%87-%DA%A9%D9%BE%DB%8C-%D8%B4%D8%A7%D8%B1%D9%BE,1,31,https://mahamprint.com/products/20m28---,20m28 دستگاه کپی شارپ,1.0,high,model+title
https://mahamprint.com/product/82/%D9%BE%D8%B1%DB%8C%D9%86%D8%AA%D8%B1-%D9%84%DB%8C%D8%B2%D8%B1%DB%8C-%DA%86%D9%86%D8%AF%DA%A9%D8%A7%D8%B1%D9%87-%D8%A8%D8%B1%D9%86%D8%AF-HP-M130FN,0,31,https://mahamprint.com/products/----hp-m130fn,پرینتر لیزری چندکاره برند HP M130FN,1.0,high,model+title
https://mahamprint.com/product/923/%D9%85%D8%A7%D8%B4%DB%8C%D9%86-%D8%AD%D8%B3%D8%A7%D8%A8-Casio-DR-270R,0,31,https://mahamprint.com/products/--casio-dr-270r,ماشین حساب Casio DR-270R,1.0,high,model+title
https://mahamprint.com/product/124/%D9%BE%D8%B1%DB%8C%D9%86%D8%AA%D8%B1-%D9%84%DB%8C%D8%B2%D8%B1%DB%8C-Lexmark-CX317dn,3,30,https://mahamprint.com/products/--lexmark-cx317dn,پرینتر لیزری Lexmark CX317dn,1.0,high,model+title
https://mahamprint.com/product/2292/%D8%B1%D9%88%D9%84-%D9%BE%D8%B1%D8%B3-%D8%A8%D8%B1%D9%86%D8%AF-HP-1102,4,30,https://mahamprint.com/products/---hp-1102,فیوزینگ اچ پی HP 1102,0.75,high,model+title
https://mahamprint.com/product/1782/%D8%AF%D9%88%D9%84%D9%88%D9%BE%D8%B1-%D8%A8%D8%B1%D9%86%D8%AF-Sharp-%D8%A7%D9%88%D8%B1%D8%AC%DB%8C%D9%86%D8%A7%D9%84-MX-312AV,3,30,https://mahamprint.com/products/--sharp--mx-312av,دولوپر برند Sharp اورجینال MX-312AV,1.0,high,model+title
https://mahamprint.com/product/1015/%D9%85%D8%A7%D8%B4%DB%8C%D9%86-%D8%AD%D8%B3%D8%A7%D8%A8-Casio-DM-1200MS,2,30,https://mahamprint.com/products/--casio-dm-1200ms,ماشین حساب Casio DM-1200MS,1.0,high,model+title
https://mahamprint.com/product/514/%D8%AF%D8%B3%D8%AA%DA%AF%D8%A7%D9%87-%D8%AA%D8%B3%D8%AA-%D8%A7%D8%B3%DA%A9%D9%86%D8%A7%D8%B3-%D9%85%D8%AF%D9%84-KISAN-NewII,3,30,https://mahamprint.com/products/----kisan-newii,دستگاه تست اسکناس مدل KISAN  NewII,1.0,high,model+title
https://mahamprint.com/product/2452/%D9%84%DB%8C%D8%A8%D9%84-%D9%BE%D8%B1%DB%8C%D9%86%D8%AA%D8%B1-%D8%A8%D8%B1%D9%86%D8%AF-brother-PT-H110,5,30,https://mahamprint.com/products/---brother-pt-h110,لیبل پرینتر برند brother PT-H110,1.0,high,model+title
https://mahamprint.com/product/2564/%D9%BE%D8%B1%DB%8C%D9%86%D8%AA%D8%B1-%D8%AC%D9%88%D9%87%D8%B1%D8%A7%D9%81%D8%B4%D8%A7%D9%86-%D8%B1%D9%86%DA%AF%DB%8C-epson-%D9%85%D8%AF%D9%84-L121,2,30,https://mahamprint.com/products/---epson--l121,پرینتر جوهرافشان رنگی epson مدل L121,1.0,high,model+title
https://mahamprint.com/product/3073/%D8%A7%D8%B3%DA%A9%D9%86%D8%B1-plustek-%D9%85%D8%AF%D9%84-SmartOffice-PS3180U,2,30,https://mahamprint.com/products/-plustek--smartoffice-ps3180u,اسکنر plustek مدل SmartOffice PS3180U,1.0,high,model+title
https://mahamprint.com/product/526/%D8%AA%D8%B3%D8%AA-%D8%A7%D8%B3%DA%A9%D9%86%D8%A7%D8%B3-%D9%85%D8%AF%D9%84-casi,2,30,https://mahamprint.com/products/---casi,تست اسکناس مدل casi,1.0,high,model+title
https://mahamprint.com/product/1158/%DA%A9%D8%A7%D8%BA%D8%B0-A5-double-A,1,30,https://mahamprint.com/products/-a5-double-a,کاغذ A5 double A,1.0,high,model+title
https://mahamprint.com/product/1967/%D9%86%D9%88%D8%A7%D8%B1-%D9%84%DB%8C%D8%A8%D9%84-%D9%BE%D8%B1%DB%8C%D9%86%D8%AA%D8%B1-%D9%85%D8%AF%D9%84-%D8%A8%D8%B1%D8%A7%D8%AF%D8%B1-TZE-324,1,30,https://mahamprint.com/products/-----tze-324,نوار لیبل پرینتر مدل برادر TZE-324,1.0,high,model+title
https://mahamprint.com/product/1099/%D8%AF%D8%B1%D8%A7%D9%85-%DA%A9%D8%A7%D8%B1%D8%AA%D8%B1%DB%8C%D8%AC-brother-%DB%B3%DB%B5%DB%B0,0,30,https://mahamprint.com/products/--brother-,درام کارتریج brother  ۳۵۰,1.0,high,model+title
https://mahamprint.com/product/2451/%D9%84%DB%8C%D8%A8%D9%84-%D9%BE%D8%B1%DB%8C%D9%86%D8%AA%D8%B1-brother-pt-e110vp,1,30,https://mahamprint.com/products/--brother-pt-e110vp,لیبل پرینتر brother pt-e110vp,1.0,high,model+title
https://mahamprint.com/product/182/%D9%BE%D8%B1%DB%8C%D9%86%D8%AA%D8%B1-%DA%86%D9%86%D8%AF%DA%A9%D8%A7%D8%B1%D9%87-%D9%84%DB%8C%D8%B2%D8%B1%DB%8C-%D8%A8%D8%B1%D9%86%D8%AF-HP-%D9%85%D8%AF%D9%84-1536dnf,1,30,https://mahamprint.com/products/----hp--1536dnf,پرینتر چندکاره لیزری  برند HP مدل 1536dnf,1.0,high,model+title
https://mahamprint.com/product/2135/%D8%AF%D8%B1%D8%A7%D9%85-%DA%A9%D8%A7%D8%B1%D8%AA%D8%B1%DB%8C%D8%AC-Canon-%D9%85%D8%AF%D9%84-1600-Drum,1,30,https://mahamprint.com/products/--canon--1600-drum,درام کارتریج Canon مدل 1600 Drum,1.0,high,model+title
https://mahamprint.com/product/2235/%D9%81%DB%8C%D9%84%D9%85-HP-5100,0,30,https://mahamprint.com/products/-hp-5100,فیلم HP 5100,1.0,high,model+title
https://mahamprint.com/product/2409/%D9%81%DB%8C%D8%AF-%D8%B1%D9%88%D9%84%D8%B1-%DA%A9%D8%A7%D8%B3%D8%AA-RICOH-2060,0,30,https://mahamprint.com/products/---ricoh-2060,فید رولر کاست RICOH -2060,1.0,high,model+title
https://mahamprint.com/product/306/%D9%BE%D8%B1%DB%8C%D9%86%D8%AA%D8%B1-HP-M454dw,0,30,https://mahamprint.com/products/-hp-m454dw,پرینتر HP M454dw,1.0,high,model+title
https://mahamprint.com/product/2909/%D9%BE%D8%B1%DB%8C%D9%86%D8%AA%D8%B1%DA%86%D9%86%D8%AF-%DA%A9%D8%A7%D8%B1%D9%87-%D8%B1%D9%86%DA%AF%DB%8C-%D9%84%DB%8C%D8%B2%D8%B1%DB%8C-%D8%A8%D8%B1%D9%86%D8%AF-CANON-%D9%85%D8%AF%D9%84-MF651Cw,0,30,https://mahamprint.com/products/canon-mf651cw,پرینترچند کاره رنگی لیزری  برند CANON مدل MF651Cw,1.0,high,model+title
https://mahamprint.com/product/1135/%D8%AC%D9%88%D9%87%D8%B1-Epson-%D9%85%D8%AF%D9%84-T-774-black,9,29,https://mahamprint.com/products/-epson--t-774-black,جوهر Epson مدل T 774 black,1.0,high,model+title
https://mahamprint.com/product/980/%D9%85%D8%A7%D8%B4%DB%8C%D9%86-%D8%AD%D8%B3%D8%A7%D8%A8-Citizen-LC-310N,4,29,https://mahamprint.com/products/--citizen-lc-310n,ماشین حساب Citizen LC-310N,1.0,high,model+title
https://mahamprint.com/product/997/%D9%85%D8%A7%D8%B4%DB%8C%D9%86-%D8%AD%D8%B3%D8%A7%D8%A8-Sharp-EL-531WH,3,29,https://mahamprint.com/products/--sharp-el-531wh,ماشین حساب Sharp EL-531WH,1.0,high,model+title
https://mahamprint.com/product/2894/%D9%BE%D8%B1%DB%8C%D9%86%D8%AA%D8%B1-%D9%84%DB%8C%D8%B2%D8%B1%DB%8C-%D8%AA%DA%A9-%DA%A9%D8%A7%D8%B1%D9%87-%D8%A7%D8%B3%D8%AA%D9%88%DA%A9-%D8%A8%D8%B1%D9%86%D8%AF-hp-1020,2,29,https://mahamprint.com/products/------hp-1020,پرینتر لیزری تک کاره استوک برند hp 1020,1.0,high,model+title
https://mahamprint.com/product/1154/%D8%AC%D9%88%D9%87%D8%B1-%D9%BE%D8%B1%DB%8C%D9%86%D8%AA%D8%B1-%D8%A8%D8%B1%D9%86%D8%AF-epson-%D9%85%D8%AF%D9%84-t664,2,29,https://mahamprint.com/products/---epson--t664,جوهر پرینتر برند epson مدل t664,1.0,high,model+title
https://mahamprint.com/product/795/%D8%A8%D8%A7%D8%B1%DA%A9%D8%AF-%D8%A7%D8%B3%DA%A9%D9%86%D8%B1-Honeywell-Xenon-1900,2,29,https://mahamprint.com/products/--honeywell-xenon-1900,بارکد اسکنر Honeywell Xenon 1900,1.0,high,model+title
https://mahamprint.com/product/1604/%D9%BE%D8%B1%DB%8C%D9%86%D8%AA%D8%B1-%D8%AA%DA%A9-%DA%A9%D8%A7%D8%B1%D9%87-%D9%84%DB%8C%D8%B2%D8%B1%DB%8C-hp-%D9%85%D8%AF%D9%84-1010,1,29,https://mahamprint.com/products/----hp--1010,پرینتر تک کاره لیزری hp مدل 1010,1.0,high,model+title
https://mahamprint.com/product/1092/%D9%85%DA%AF%D9%86%D8%AA-HP-1005,1,29,https://mahamprint.com/products/-hp-1005,مگنت HP 1005,1.0,high,model+title
https://mahamprint.com/product/2295/%D8%B1%D9%88%D9%84-%D9%BE%D8%B1%D8%B3-HP-1005,1,29,https://mahamprint.com/products/--hp-1005,رول پرس HP 1005,1.0,high,model+title
https://mahamprint.com/product/1353/%DA%A9%D8%A7%D8%B1%D8%AA%D8%B1%DB%8C%D8%AC-CANON-PFI-8120-CMYK,1,29,https://mahamprint.com/products/-canon-pfi-8120-cmyk,کارتریج CANON PFI 8120 CMYK,1.0,high,model+title
https://mahamprint.com/product/2299/%D8%B1%D9%88%D9%84-%D9%BE%D8%B1%D8%B3-%D9%85%D8%AF%D9%84-Sharp-5516,1,29,https://mahamprint.com/products/---sharp-5516,رول پرس مدل Sharp 5516,1.0,high,model+title
https://mahamprint.com/product/351/%D9%BE%D8%B1%DB%8C%D9%86%D8%AA%D8%B1-%DA%86%D9%86%D8%AF%DA%A9%D8%A7%D8%B1%D9%87-%D9%84%DB%8C%D8%B2%D8%B1%DB%8C-%D8%A8%D8%B1%D9%86%D8%AF-CANON-%D9%85%D8%AF%D9%84-MF429dw,1,29,https://mahamprint.com/products/----canon--mf429dw,پرینتر چندکاره لیزری برند CANON مدل MF429dw,1.0,high,model+title
https://mahamprint.com/product/2891/%D9%BE%D8%B1%DB%8C%D9%86%D8%AA%D8%B1-%D9%84%DB%8C%D8%B2%D8%B1%DB%8C-%D8%A7%D8%B3%D8%AA%D9%88%DA%A9-%D8%A8%D8%B1%D9%86%D8%AF-hp-1018,1,29,https://mahamprint.com/products/----hp-1018,پرینتر لیزری استوک برند  hp 1018,1.0,high,model+title
https://mahamprint.com/product/2746/All-in-One-%D8%A8%D8%B1%D9%86%D8%AF-HP-%D9%85%D8%AF%D9%84-EliteOne-800-G2,0,30,https://mahamprint.com/products/all-in-one--hp--eliteone-800-g2,All in One برند HP مدل EliteOne 800 G2,1.0,high,model+title
https://mahamprint.com/product/2963/%D9%BE%D8%B1%DB%8C%D9%86%D8%AA%D8%B1-%20%D9%84%DB%8C%D8%B2%D8%B1%DB%8C-%20%D8%A8%D8%B1%D9%86%D8%AF-%20HP-%20%D9%85%D8%AF%D9%84-%20M806dn,1,29,https://mahamprint.com/products/------hp----m806dn,پرینتر لیزری برند HP مدل M806dn,1.0,high,model+title
https://mahamprint.com/product/1063/%D8%AF%D8%B3%D8%AA%DA%AF%D8%A7%D9%87-%DA%A9%D9%BE%DB%8C-%D8%A8%D8%B1%D9%86%D8%AF-SHARP-AR-X202,0,29,https://mahamprint.com/products/---sharp-ar-x202,دستگاه کپی برند SHARP  AR-X202,1.0,high,model+title
https://mahamprint.com/product/1662/%D9%BE%D8%B1%DB%8C%D9%86%D8%AA%D8%B1-%D9%84%DB%8C%D8%B2%D8%B1%DB%8C-%DA%86%D9%86%D8%AF%DA%A9%D8%A7%D8%B1%D9%87-%D8%A8%D8%B1%D9%86%D8%AF-HP-MFP-M236sdn,0,29,https://mahamprint.com/products/----hp-mfp-m236sdn,پرینتر لیزری چندکاره برند HP MFP M236sdn,1.0,high,model+title
https://mahamprint.com/product/2143/%D8%B3%D9%BE%D8%B1%DB%8C%D8%B4%D9%86-%D9%BE%D8%AF-HP-LaserJet-1320-%D8%A7%D9%88%D8%B1%D8%AC%DB%8C%D9%86%D8%A7%D9%84,0,29,https://mahamprint.com/products/--hp-laserjet-1320-,سپریشن پد HP LaserJet 1320 اورجینال,1.0,high,model+title
https://mahamprint.com/product/1035/%D9%85%D8%A7%D8%B4%DB%8C%D9%86-%D8%AD%D8%B3%D8%A7%D8%A8-Citizen-CT-555N,0,29,https://mahamprint.com/products/--citizen-ct-555n,ماشین حساب Citizen CT-555N,1.0,high,model+title
https://mahamprint.com/product/1995/%DA%A9%D8%A7%D8%B1%D8%AA-%D9%BE%DB%8C-%D9%88%DB%8C-%D8%B3%DB%8C-%D9%86%D9%82%D8%B1%D9%87-%D8%A7%DB%8C-%D8%B3%D8%A7%D8%AF%D9%87-250-%D8%B9%D8%AF%D8%AF%DB%8C-760-%D9%85%DB%8C%DA%A9%D8%B1%D9%88%D9%86,0,29,https://mahamprint.com/products/-------250--760-,کارت پی وی سی نقره ای ساده 250 عددی 760 میکرون,1.0,high,model+title
https://mahamprint.com/product/1829/%D8%B1%D9%88%D9%84-%D8%A8%D8%B1%DA%86%D8%B3%D8%A8-%DA%A9%D8%A7%D8%BA%D8%B0%DB%8C-%D8%AF%D9%88-%D8%B1%D8%AF%DB%8C%D9%81%D9%87-45-30,0,29,https://mahamprint.com/products/-----45-30,رول برچسب کاغذی دو ردیفه 45×30,0.35,medium,title-only
https://mahamprint.com/product/2933/%D9%BE%D8%B1%DB%8C%D9%86%D8%AA%D8%B1-%D8%AC%D9%88%D9%87%D8%B1%D8%A7%D9%81%D8%B4%D8%A7%D9%86-%D8%A8%D8%B1%D9%86%D8%AF-EPSON-%D9%85%D8%AF%D9%84-EcoTank-L18050,0,29,https://mahamprint.com/products/---epson--ecotank-l18050,پرینتر جوهرافشان برند EPSON مدل EcoTank L18050,1.0,high,model+title
https://mahamprint.com/product/2318/%D8%B1%D9%88%D9%84-%D9%BE%D8%B1%D8%B3-%D8%A8%D8%B1%D9%86%D8%AF-HP-1522,0,29,https://mahamprint.com/products/---hp-1522,برد پاور پرینتر HP 1522,0.767,high,model+title
https://mahamprint.com/product/851/%D8%A8%D8%A7%D8%B1%DA%A9%D8%AF%D8%A7%D8%B3%DA%A9%D9%86%D8%B1-DataScan-%D9%85%D8%AF%D9%84-IP-2060,4,28,https://mahamprint.com/products/-datascan--ip-2060,بارکداسکنر DataScan مدل IP-2060,1.0,high,model+title
https://mahamprint.com/product/3013/%D9%BE%D8%B1%DB%8C%D9%86%D8%AA%D8%B1-%D8%B3%D9%87-%DA%A9%D8%A7%D8%B1%D9%87-%D8%AC%D9%88%D9%87%D8%B1%D8%A7%D9%81%D8%B4%D8%A7%D9%86-Brother-DCP-T220,5,28,https://mahamprint.com/products/-------brother--dcp-t220,پرینتر سه کاره جوهرافشان  Brother DCP-T220,1.0,high,model+title
https://mahamprint.com/product/1671/%D9%BE%D8%B1%DB%8C%D9%86%D8%AA%D8%B1-%DA%86%D9%86%D8%AF-%DA%A9%D8%A7%D8%B1%D9%87-%D8%AC%D9%88%D9%87%D8%B1%D8%A7%D9%81%D8%B4%D8%A7%D9%86-T4000-BrotheR,3,28,https://mahamprint.com/products/----t4000-brother,پرینتر چند کاره جوهرافشان T4000 BrotheR,1.0,high,model+title
https://mahamprint.com/product/1157/%DA%A9%D8%A7%D8%BA%D8%B0-A3,2,28,https://mahamprint.com/products/-a3,کاغذ A3,0.35,medium,title-only
https://mahamprint.com/product/676/%DA%A9%D8%A7%D8%BA%D8%B0-%D8%AE%D8%B1%D8%AF%DA%A9%D9%86-Remo-C-2200,3,28,https://mahamprint.com/products/--remo-c-2200,کاغذ خردکن Remo C-2200,1.0,high,model+title
https://mahamprint.com/product/2104/%D8%AF%D8%B1%D8%A7%D9%85-%DA%A9%D8%A7%D8%B1%D8%AA%D8%B1%DB%8C%D8%AC-Toshiba-%D9%85%D8%AF%D9%84-4530-Drum,2,28,https://mahamprint.com/products/--toshiba--4530-drum,درام کارتریج Toshiba مدل 4530 Drum,1.0,high,model+title
https://mahamprint.com/product/761/%DA%A9%D8%A7%D8%BA%D8%B0-%D8%AE%D8%B1%D8%AF%DA%A9%D9%86-Ideen-Welt-PS-107-B,3,28,https://mahamprint.com/products/--ideen-welt-ps-107-b,کاغذ خردکن Ideen Welt PS-107\/B,1.0,high,model+title
https://mahamprint.com/product/173/%D9%BE%D8%B1%DB%8C%D9%86%D8%AA%D8%B1%DA%86%D9%86%D8%AF%DA%A9%D8%A7%D8%B1%D9%87-%D8%A8%D8%B1%D9%86%D8%AF-HP-M125NW,2,28,https://mahamprint.com/products/--hp-m125nw,پرینترچندکاره برند HP M125NW,1.0,high,model+title
https://mahamprint.com/product/1288/%D8%AF%DB%8C%D8%AA%D8%A7-%D9%88%DB%8C%D8%AF%D8%A6%D9%88-%D9%BE%D8%B1%D9%88%DA%98%DA%A9%D8%AA%D9%88%D8%B1-BENQ-MS531,2,28,https://mahamprint.com/products/---benq-ms531,دیتا ویدئو پروژکتور BENQ MS531,1.0,high,model+title
https://mahamprint.com/product/326/%D9%BE%D8%B1%DB%8C%D9%86%D8%AA%D8%B1-%D8%AA%DA%A9-%DA%A9%D8%A7%D8%B1%D9%87-%D9%84%DB%8C%D8%B2%D8%B1%DB%8C-%D8%A8%D8%B1%D9%86%D8%AF-HP-M255NW,2,28,https://mahamprint.com/products/-----hp-m255nw,پرینتر تک کاره لیزری برند HP M255NW,1.0,high,model+title
https://mahamprint.com/product/205/%D9%BE%D8%B1%DB%8C%D9%86%D8%AA%D8%B1-%DA%86%D9%86%D8%AF%DA%A9%D8%A7%D8%B1%D9%87-%D9%84%DB%8C%D8%B2%D8%B1%DB%8C-%D8%A8%D8%B1%D9%86%D8%AF-HP-%D9%85%D8%AF%D9%84-M176N,1,28,https://mahamprint.com/products/----hp--m176n,پرینتر چندکاره لیزری برند HP مدل M176N,1.0,high,model+title
https://mahamprint.com/product/2326/%DA%86%D8%B1%D8%AE-%D8%AF%D9%86%D8%AF%D9%87-%DA%A9%D9%88%D9%BE%D9%84%DB%8C%D9%86%DA%AF-%D8%AA%D8%B3%D9%85%D9%87-%D8%AE%D9%88%D8%B1-%D8%B3%D8%B1-%D9%85%D9%88%D8%AA%D9%88%D8%B1-TOSHIBA-%D9%85%D8%AF%D9%84-163,1,28,https://mahamprint.com/products/-------toshiba--163,چرخ دنده کوپلینگ تسمه خور سر موتور TOSHIBA مدل 163,1.0,high,model+title
https://mahamprint.com/product/2339/%DA%86%D8%B1%D8%AE-%D8%AF%D9%86%D8%AF%D9%87-%D8%A8%D8%B1%D9%86%D8%AF-hp-%D9%85%D8%AF%D9%84-%D9%84%DB%8C%D8%B2%D8%B1%D8%AC%D8%AA-1020,1,28,https://mahamprint.com/products/---hp---1020,چرخ دنده برند hp مدل لیزرجت 1020,1.0,high,model+title
https://mahamprint.com/product/291/%D9%BE%D8%B1%DB%8C%D9%86%D8%AA%D8%B1-%D8%AA%DA%A9-%DA%A9%D8%A7%D8%B1%D9%87-%D9%84%DB%8C%D8%B2%D8%B1%DB%8C-HP-1000A,1,28,https://mahamprint.com/products/----hp-1000a,پرینتر تک کاره لیزری HP 1000A,1.0,high,model+title
https://mahamprint.com/product/1784/%D8%AF%D9%88%D9%84%D9%88%D9%BE%D8%B1-%D8%A7%D9%88%D8%B1%D8%AC%DB%8C%D9%86%D8%A7%D9%84-Toshiba-D-2320,0,28,https://mahamprint.com/products/--toshiba-d-2320,دولوپر اورجینال Toshiba D-2320,1.0,high,model+title
https://mahamprint.com/product/3150/%D8%A7%D8%B3%DA%A9%D9%86%D8%B1-%20%D8%A7%DB%8C-%20%D9%88%DB%8C%DA%98%D9%86-%20%D9%85%D8%AF%D9%84-%20AD240U,0,28,https://mahamprint.com/products/--------ad240u,اسکنر ای ویژن مدل AD240U,1.0,high,model+title
https://mahamprint.com/product/3079/%D8%A7%D8%B3%DA%A9%D9%86%D8%B1-%20Epson%20-ds-730n,0,28,https://mahamprint.com/products/--epson--ds-730n,اسکنر Epson ds-730n,1.0,high,model+title
https://mahamprint.com/product/616/%D8%AF%D8%B3%D8%AA%DA%AF%D8%A7%D9%87-ZKTeco-MB-906,0,28,https://mahamprint.com/products/-zkteco-mb-906,دستگاه ZKTeco MB-906,1.0,high,model+title
https://mahamprint.com/product/387/%D8%A7%D8%B3%DA%A9%D9%86%D8%B1-HP-Scanjet-300,0,28,https://mahamprint.com/products/-hp-scanjet-300,اسکنر HP Scanjet 300,1.0,high,model+title
https://mahamprint.com/product/2131/%D8%AF%D8%B1%D8%A7%D9%85-%DA%A9%D8%A7%D8%B1%D8%AA%D8%B1%DB%8C%D8%AC-Toshiba-350-Drum,0,28,https://mahamprint.com/products/--toshiba-350-drum,درام کارتریج Toshiba 350 Drum,1.0,high,model+title
https://mahamprint.com/product/473/%D8%A7%D8%B3%DA%A9%D9%86%D8%B1-Epson-ES-60W,4,27,https://mahamprint.com/products/-epson-es-60w,اسکنر Epson ES-60W,1.0,high,model+title
https://mahamprint.com/product/1607/%D9%BE%D8%B1%DB%8C%D9%86%D8%AA%D8%B1-%D8%AA%DA%A9-%DA%A9%D8%A7%D8%B1%D9%87-%D9%84%DB%8C%D8%B2%D8%B1%DB%8C-hp-m607n,4,27,https://mahamprint.com/products/----hp-m607n,پرینتر  تک کاره لیزری  hp m607n,1.0,high,model+title
https://mahamprint.com/product/249/%D9%BE%D8%B1%DB%8C%D9%86%D8%AA%D8%B1-CANON-IP7250,0,28,https://mahamprint.com/products/-canon-ip7250,پرینتر CANON IP7250,1.0,high,model+title
https://mahamprint.com/product/2388/%D9%BE%DB%8C%DA%A9%D8%A7%D9%BE-%D8%A2%D8%AC%D8%AF%D8%A7%D8%B1-%D8%B4%D8%A7%D8%B1%D9%BE-%D8%AF%D8%B3%D8%AA%DB%8C-AR-5316-5127-1267-%D9%81%D8%A7%D8%A8%D8%B1%DB%8C%DA%A9,3,27,https://mahamprint.com/products/----ar-5316-5127-1267-,پیکاپ آجدار شارپ دستی AR-5316\/5127\/1267 فابریک,1.0,high,model+title
https://mahamprint.com/product/2274/%D9%87%D8%A7%D8%AA-%D8%B1%D9%88%D9%84-%DA%A9%D9%BE%DB%8C-%D8%B3%D8%A7%D9%85%D8%B3%D9%88%D9%86%DA%AF-2200,3,27,https://mahamprint.com/products/----2200,هات رول کپی سامسونگ 2200,1.0,high,model+title
https://mahamprint.com/product/343/%D9%BE%D8%B1%DB%8C%D9%86%D8%AA%D8%B1-EPSON-ECOTANK-ET-M3140,5,27,https://mahamprint.com/products/-epson-ecotank-et-m3140,پرینتر EPSON ECOTANK ET-M3140,1.0,high,model+title
https://mahamprint.com/product/1269/%D9%88%DB%8C%D8%AF%D8%A6%D9%88-%D9%BE%D8%B1%D9%88%DA%98%DA%A9%D8%AA%D9%88%D8%B1-EPSON-EH-TW610,2,27,https://mahamprint.com/products/--epson-eh-tw610,ویدئو پروژکتور EPSON EH-TW610,1.0,high,model+title
https://mahamprint.com/product/1129/%D8%AC%D9%88%D9%87%D8%B1-%D8%A8%D8%B1%D9%86%D8%AF-canon-5-%D8%B1%D9%86%DA%AF-250cc,2,27,https://mahamprint.com/products/--canon-5--250cc,جوهر برند canon 5 رنگ 250cc,1.0,high,model+title
https://mahamprint.com/product/1317/%D9%85%D8%A7%D9%86%DB%8C%D8%AA%D9%88%D8%B1-Dell-SE2717HR-27-Inch,1,28,https://mahamprint.com/products/-dell-se2717hr-27-inch,مانیتور Dell SE2717HR 27 Inch,1.0,high,model+title
https://mahamprint.com/product/2136/%D8%AF%D8%B1%D8%A7%D9%85-%DA%A9%D8%A7%D8%B1%D8%AA%D8%B1%DB%8C%D8%AC-Sharp-152-Drum,2,27,https://mahamprint.com/products/--sharp-152-drum,درام کارتریج Sharp 152 Drum,1.0,high,model+title
https://mahamprint.com/product/439/%D8%A7%D8%B3%DA%A9%D9%86%D8%B1-FUJITSU-FI-7460,2,27,https://mahamprint.com/products/-fujitsu-fi-7460,اسکنر FUJITSU FI-7460,1.0,high,model+title
https://mahamprint.com/product/2301/%D8%B1%D9%88%D9%84-%D9%BE%D8%B1%D8%B3-%DA%A9%D9%88%D9%86%DB%8C%DA%A9%D8%A7-%D9%85%DB%8C%D9%86%D9%88%D9%84%D8%AA%D8%A7-Konica-Minolta-C451,1,27,https://mahamprint.com/products/----konica-minolta-c451,رول پرس کونیکا مینولتا Konica Minolta C451,1.0,high,model+title
https://mahamprint.com/product/1311/%D8%AF%DB%8C%D8%AA%D8%A7-%D9%88%DB%8C%D8%AF%D8%A6%D9%88-%D9%BE%D8%B1%D9%88%DA%98%DA%A9%D8%AA%D9%88%D8%B1-BENQ-MS550,1,27,https://mahamprint.com/products/---benq-ms550,دیتا ویدئو پروژکتور BENQ MS550,1.0,high,model+title
https://mahamprint.com/product/2311/%D8%B1%D9%88%D9%84-%D9%BE%D8%B1%D8%B3-Ricoh-Aficio-1075-CET,1,27,https://mahamprint.com/products/--ricoh-aficio-1075-cet,رول پرس Ricoh Aficio 1075 CET,1.0,high,model+title
https://mahamprint.com/product/1629/%D8%AF%D8%B3%D8%AA%DA%AF%D8%A7%D9%87-%D9%81%DA%A9%D8%B3-CANON-%D9%85%D8%AF%D9%84-L170%E2%80%8E,1,27,https://mahamprint.com/products/--canon--l170,دستگاه فکس CANON مدل L170‎,1.0,high,model+title
https://mahamprint.com/product/2993/%D8%AF%D8%B3%D8%AA%DA%AF%D8%A7%D9%87-%20%DA%A9%D9%BE%DB%8C-%20%DA%86%D9%86%D8%AF%20%DA%A9%D8%A7%D8%B1%D9%87-%20%20canon-%20%D9%85%D8%AF%D9%84-%20%20imageRUNNER%20-C3226i,1,27,https://mahamprint.com/products/-------canon----imagerunner--c3226i,دستگاه کپی چند کاره  canon مدل  imageRUNNER C3226i,1.0,high,model+title
https://mahamprint.com/product/2871/%D9%BE%D8%B1%D8%AF%D9%87-%D9%86%D9%85%D8%A7%DB%8C%D8%B4-%D8%A8%D8%B1%D9%82%DB%8C-%DA%A9%D8%B1%D9%88%D9%85%D8%A7%DA%A9%DB%8C-%D9%85%D8%AF%D9%84-CSG150A,1,27,,,0.15,none,
https://mahamprint.com/product/299/%D9%BE%D8%B1%DB%8C%D9%86%D8%AA%D8%B1-%D9%84%DB%8C%D8%B2%D8%B1%DB%8C-%DA%86%D9%87%D8%A7%D8%B1%DA%A9%D8%A7%D8%B1%D9%87-%D8%A8%D8%B1%D9%86%D8%AF-HP-M1212NF,1,27,https://mahamprint.com/products/----hp-m1212nf,پرینتر لیزری چهارکاره برند HP M1212NF,1.0,high,model+title
https://mahamprint.com/product/661/%DA%A9%D8%A7%D8%BA%D8%B0-%D8%AE%D8%B1%D8%AF%DA%A9%D9%86-Mehr-MM-636,1,27,https://mahamprint.com/products/--mehr-mm-636,کاغذ خردکن Mehr MM-636,1.0,high,model+title
https://mahamprint.com/product/867/%D8%A7%D8%B3%DA%A9%D9%86%D8%A7%D8%B3-%D8%B4%D9%85%D8%A7%D8%B1-%D9%86%D8%A7%D9%85%DB%8C-%D8%AA%D8%B1%D8%A7%D8%B2-Nami-Taraz-DB180,1,27,https://mahamprint.com/products/----nami-taraz-db180,اسکناس شمار نامی تراز Nami Taraz DB180,1.0,high,model+title
https://mahamprint.com/product/2129/%D8%AF%D8%B1%D8%A7%D9%85-%D9%85%D8%AF%D9%84-HP-5500-Drum,0,27,https://mahamprint.com/products/--hp-5500-drum,درام مدل  HP 5500 Drum,1.0,high,model+title
https://mahamprint.com/product/2557/%D8%AF%DB%8C%D8%AA%D8%A7-%D9%BE%D8%B1%D9%88%DA%98%DA%A9%D8%AA%D9%88%D8%B1-optoma-%D9%85%D8%AF%D9%84-s336,0,27,https://mahamprint.com/products/--optoma--s336,دیتا پروژکتور optoma مدل s336,1.0,high,model+title
https://mahamprint.com/product/1499/%DA%A9%D8%A7%D8%B1%D8%AA%D8%B1%DB%8C%D8%AC-CANON-C-exv42,0,27,https://mahamprint.com/products/-canon-c-exv42,کارتریج CANON C-exv42,1.0,high,model+title
https://mahamprint.com/product/2572/%D9%87%D9%84%DB%8C-%D8%B4%D8%A7%D8%AA-%D8%A8%D8%B1%D9%86%D8%AF-DJI-%D9%85%D8%AF%D9%84-FPV,0,27,,,0.0,none,
https://mahamprint.com/product/706/%DA%A9%D8%A7%D8%BA%D8%B0-%D8%AE%D8%B1%D8%AF%DA%A9%D9%86-%D8%A7%D9%84%D8%A8%D8%B1%D8%B2-AZC12,0,27,,,0.117,none,
https://mahamprint.com/product/794/%D8%A8%D8%A7%D8%B1%DA%A9%D8%AF-%D8%A7%D8%B3%DA%A9%D9%86%D8%B1-%D8%A8%D8%B1%D9%86%D8%AF-Zebex-Z-3392-BT,0,27,https://mahamprint.com/products/---zebex-z-3392-bt,بارکد اسکنر برند Zebex Z-3392 BT,1.0,high,model+title
https://mahamprint.com/product/641/%D8%AF%D8%B3%D8%AA%DA%AF%DB%8C%D8%B1%D9%87-%D9%87%D9%88%D8%B4%D9%85%D9%86%D8%AF-ZKTeco-L7000,0,27,https://mahamprint.com/products/--zkteco-l7000,دستگیره هوشمند ZKTeco L7000,1.0,high,model+title
https://mahamprint.com/product/604/%D8%B5%D9%86%D8%AF%D9%88%D9%82-%D9%81%D8%B1%D9%88%D8%B4%DA%AF%D8%A7%D9%87%DB%8C-POSBANK-BLUO-Q3,0,27,https://mahamprint.com/products/--posbank-bluo-q3,صندوق فروشگاهی POSBANK BLUO Q3,1.0,high,model+title
https://mahamprint.com/product/99/%D9%BE%D8%B1%DB%8C%D9%86%D8%AA%D8%B1-%DA%86%D9%86%D8%AF%DA%A9%D8%A7%D8%B1%D9%87-%D9%84%DB%8C%D8%B2%D8%B1%DB%8C-CANON-%D9%85%D8%AF%D9%84-MF236N,0,27,https://mahamprint.com/products/---canon--mf236n,پرینتر چندکاره لیزری CANON مدل MF236N,1.0,high,model+title
https://mahamprint.com/product/822/%D8%A8%D8%A7%D8%B1%DA%A9%D8%AF-%D8%A7%D8%B3%DA%A9%D9%86%D8%B1-SCOPE-SP-5083,4,26,https://mahamprint.com/products/--scope-sp-5083,بارکد اسکنر SCOPE SP-5083,1.0,high,model+title
https://mahamprint.com/product/1183/%DA%A9%D9%86%D8%B3%D9%88%D9%84-%D8%A8%D8%A7%D8%B2%DB%8C-Sony-Playstation-%D9%85%D8%AF%D9%84-3-320GB,3,26,https://mahamprint.com/products/--sony-playstation--3-320gb,کنسول بازی Sony Playstation مدل 3–320GB,1.0,high,model+title
https://mahamprint.com/product/2293/%D8%B1%D9%88%D9%84-%D9%BE%D8%B1%D8%B3-Toshiba-E355-455,3,26,https://mahamprint.com/products/--toshiba-e355-455,رول پرس Toshiba E355-455,1.0,high,model+title
https://mahamprint.com/product/317/%D9%BE%D8%B1%DB%8C%D9%86%D8%AA%D8%B1-%D8%B1%D9%86%DA%AF%DB%8C-CANON-MF645cx,3,26,https://mahamprint.com/products/--canon-mf645cx,پرینتر رنگی CANON MF645cx,1.0,high,model+title
https://mahamprint.com/product/1635/%D9%BE%D8%B1%DB%8C%D9%86%D8%AA%D8%B1-%D9%84%DB%8C%D8%B2%D8%B1%DB%8C-%DA%86%D9%86%D8%AF%DA%A9%D8%A7%D8%B1%D9%87-BROTHER-%D9%85%D8%AF%D9%84-L6900DW,2,26,https://mahamprint.com/products/---brother--l6900dw,پرینتر لیزری چندکاره BROTHER مدل L6900DW,1.0,high,model+title
https://mahamprint.com/product/1837/%D8%B1%D9%88%D9%84-%D9%84%DB%8C%D8%A8%D9%84-%DA%A9%D8%A7%D8%BA%D8%B0-%DA%86%D9%87%D8%A7%D8%B1-%D8%B1%D8%AF%DB%8C%D9%81%D9%87-25-12,2,26,https://mahamprint.com/products/-----25-12,رول لیبل کاغذ چهار ردیفه 25×12,0.35,medium,title-only
https://mahamprint.com/product/2127/%D8%AF%D8%B1%D8%A7%D9%85-%DA%A9%D8%A7%D8%B1%D8%AA%D8%B1%DB%8C%D8%AC-Sharp-%D9%85%D8%AF%D9%84-275-Drum,2,26,https://mahamprint.com/products/--sharp--275-drum,درام کارتریج Sharp مدل 275 Drum,1.0,high,model+title
https://mahamprint.com/product/2660/%D8%A7%D8%B3%DA%A9%D9%86%D8%B1-FUJITSU-FI-7140,2,26,https://mahamprint.com/products/-fujitsu-fi-7140,اسکنر FUJITSU FI 7140,1.0,high,model+title
https://mahamprint.com/product/630/%D8%AF%D8%B3%D8%AA%DA%AF%D8%A7%D9%87-%D8%AD%D8%B6%D9%88%D8%B1-%D9%88-%D8%BA%DB%8C%D8%A7%D8%A8-ZKTeco-G3,2,26,https://mahamprint.com/products/----zkteco-g3,دستگاه حضور و غیاب ZKTeco G3,1.0,high,model+title
https://mahamprint.com/product/2281/%D9%87%D8%A7%D8%AA-%D8%B1%D9%88%D9%84%D8%B1-%D8%B3%D8%A7%D9%85%D8%B3%D9%88%D9%86%DA%AF-1610,2,26,https://mahamprint.com/products/---1610,هات رولر سامسونگ 1610,1.0,high,model+title
https://mahamprint.com/product/893/%D8%A7%D8%B3%DA%A9%D9%86%D8%A7%D8%B3-%D8%B4%D9%85%D8%A7%D8%B1-MAX-BS-110,2,26,https://mahamprint.com/products/--max-bs-110,اسکناس شمار MAX BS-110,1.0,high,model+title
https://mahamprint.com/product/990/%D9%85%D8%A7%D8%B4%DB%8C%D9%86-%D8%AD%D8%B3%D8%A7%D8%A8-Citizen-SLD-1012II,2,26,https://mahamprint.com/products/--citizen-sld-1012ii,ماشین حساب Citizen SLD-1012II,1.0,high,model+title
https://mahamprint.com/product/1194/%D9%84%D9%BE-%D8%AA%D8%A7%D9%BE-13-%D8%A7%DB%8C%D9%86%DA%86%DB%8C-MacBook-Pro-MXK32,1,26,https://mahamprint.com/products/--13--macbook-pro-mxk32,لپ تاپ 13 اینچی MacBook Pro MXK32,1.0,high,model+title
https://mahamprint.com/product/1515/%D8%AA%D9%88%D9%86%D8%B1-HP-80A,1,26,https://mahamprint.com/products/-hp-80a,تونر HP 80A,1.0,high,model+title
https://mahamprint.com/product/1759/%D8%B1%DB%8C%D8%A8%D9%88%D9%86-%D8%B1%D9%86%DA%AF%DB%8C-250-%D8%B9%DA%A9%D8%B3-Nisca-3BP-YMCKO-Ribbon,1,26,https://mahamprint.com/products/--250--nisca-3bp-ymcko-ribbon,ریبون رنگی 250 عکس Nisca 3BP YMCKO Ribbon,1.0,high,model+title
https://mahamprint.com/product/2598/%DA%AF%D9%88%D8%B4%DB%8C-%D8%B3%D8%A7%D9%85%D8%B3%D9%88%D9%86%DA%AF-GALAXY-S20-FE,1,26,https://mahamprint.com/products/--galaxy-s20-fe,گوشی سامسونگ GALAXY S20 FE,1.0,high,model+title
https://mahamprint.com/product/2236/%D9%81%DB%8C%D9%88%D8%B2%DB%8C%D9%86%DA%AF-%D8%A7%DA%86-%D9%BE%DB%8C-HP-2035,1,26,https://mahamprint.com/products/---hp-2035,فیوزینگ اچ پی HP 2035,1.0,high,model+title
https://mahamprint.com/product/315/%D9%BE%D8%B1%DB%8C%D9%86%D8%AA%D8%B1-%D8%AC%D9%88%D9%87%D8%B1%D8%A7%D9%81%D8%B4%D8%A7%D9%86-EPSON-M1140,1,26,https://mahamprint.com/products/--epson-m1140,پرینتر جوهرافشان EPSON M1140,1.0,high,model+title
https://mahamprint.com/product/277/%D9%BE%D8%B1%DB%8C%D9%86%D8%AA%D8%B1-%D9%84%DB%8C%D8%B2%D8%B1%DB%8C-%D9%85%D8%AF%D9%84-SAMSUNG-SL-K2200,1,26,https://mahamprint.com/products/---samsung-sl-k2200,پرینتر لیزری مدل SAMSUNG SL-K2200,1.0,high,model+title
https://mahamprint.com/product/629/%D8%AF%D8%B3%D8%AA%DA%AF%D8%A7%D9%87-%D8%AD%D8%B6%D9%88%D8%B1-%D9%88-%D8%BA%DB%8C%D8%A7%D8%A8-ZKTeco-MP-52,1,26,https://mahamprint.com/products/----zkteco-mp-52,دستگاه حضور و غیاب ZKTeco MP-52,1.0,high,model+title
https://mahamprint.com/product/1095/%D8%AF%D8%B1%D8%A7%D9%85-%DA%A9%D8%A7%D8%B1%D8%AA%D8%B1%DB%8C%D8%AC-hp-%D9%85%D8%AF%D9%84-%DB%B1%DB%B0%DB%B2%DB%B5,0,26,https://mahamprint.com/products/---hp--508a,درام کارتریج  برند HP مدل 508A,0.21,low,title-only
https://mahamprint.com/product/1134/%D8%AC%D9%88%D9%87%D8%B1-6-%D8%B1%D9%86%DA%AF-EPSON-%D9%85%D8%AF%D9%84-T67,0,26,https://mahamprint.com/products/-6--epson--t67,جوهر 6 رنگ EPSON مدل T67,1.0,high,model+title
https://mahamprint.com/product/1712/%D8%B1%DB%8C%D8%A8%D9%88%D9%86-Wax-Resin-80-300,0,26,https://mahamprint.com/products/-wax-resin-80-300,ریبون Wax Resin 80×300,1.0,high,model+title
https://mahamprint.com/product/1240/%D8%AF%DB%8C%D8%AA%D8%A7-%D9%88%DB%8C%D8%AF%D8%A6%D9%88-%D9%BE%D8%B1%D9%88%DA%98%DA%A9%D8%AA%D9%88%D8%B1-%D9%82%D8%A7%D8%A8%D9%84-%D8%AD%D9%85%D9%84-Aiptek-T30,0,26,https://mahamprint.com/products/-----aiptek-t30,دیتا ویدئو پروژکتور قابل حمل Aiptek T30,1.0,high,model+title
https://mahamprint.com/product/2379/%D9%BE%DB%8C%DA%A9%D8%A7%D9%BE-%D9%BE%D8%B1%DB%8C%D9%86%D8%AA%D8%B1-%D8%A7%DA%86-%D9%BE%DB%8C-1010-HP,0,26,https://mahamprint.com/products/----1010-hp,پیکاپ پرینتر اچ پی 1010 HP,1.0,high,model+title
https://mahamprint.com/product/2511/%D9%BE%D8%B1%DB%8C%D9%86%D8%AA%D8%B1-%D9%84%DB%8C%D8%B2%D8%B1%DB%8C-hp-607dn,0,26,https://mahamprint.com/products/--hp-607dn,پرینتر لیزری hp 607dn,1.0,high,model+title
https://mahamprint.com/product/1556/%D8%AA%D9%88%D9%86%D8%B1-HP-26A,4,25,https://mahamprint.com/products/-hp-26a,تونر HP 26A,1.0,high,model+title
https://mahamprint.com/product/318/%D9%BE%D8%B1%DB%8C%D9%86%D8%AA%D8%B1-%D8%AA%DA%A9-%DA%A9%D8%A7%D8%B1%D9%87-%D9%84%DB%8C%D8%B2%D8%B1%DB%8C-%D9%85%D8%AF%D9%84-hp-404dn,0,26,https://mahamprint.com/products/-----hp-404dn,پرینتر تک کاره لیزری مدل hp 404dn,1.0,high,model+title
https://mahamprint.com/product/1546/%D8%AA%D9%88%D9%86%D8%B1-RICOH-407245,5,25,https://mahamprint.com/products/-ricoh-407245,تونر RICOH 407245,1.0,high,model+title
https://mahamprint.com/product/2563/%D9%88%DB%8C%D8%AF%D8%A6%D9%88-%D9%BE%D8%B1%D9%88%DA%98%DA%A9%D8%AA%D9%88%D8%B1-EPSON-EB-992F,0,26,https://mahamprint.com/products/--epson-eb-992f,ویدئو پروژکتور EPSON EB-992F,1.0,high,model+title
https://mahamprint.com/product/647/%DA%A9%D8%A7%D8%BA%D8%B0-%D8%AE%D8%B1%D8%AF%DA%A9%D9%86-Sunwood-SD9680,4,25,https://mahamprint.com/products/--sunwood-sd9680,کاغذ خردکن Sunwood SD9680,1.0,high,model+title
https://mahamprint.com/product/1086/%D9%81%D9%88%D9%85-%D8%B1%D9%88%D9%84-%D9%85%D8%AF%D9%84-%DB%B1%DB%B3%DB%B2%DB%B0-HP,2,25,https://mahamprint.com/products/----hp,فوم رول مدل ۱۳۲۰ HP,0.35,medium,title-only
https://mahamprint.com/product/1564/%D8%AA%D9%88%D9%86%D8%B1-HP-206X,4,25,https://mahamprint.com/products/-hp-206x,تونر HP 206X,1.0,high,model+title
https://mahamprint.com/product/1302/%D8%AF%DB%8C%D8%AA%D8%A7-%D9%88%DB%8C%D8%AF%D8%A6%D9%88-%D9%BE%D8%B1%D9%88%DA%98%DA%A9%D8%AA%D9%88%D8%B1-RICOH-PJ-S2150,2,25,https://mahamprint.com/products/---ricoh-pj-s2150,دیتا ویدئو پروژکتور RICOH PJ S2150,1.0,high,model+title
https://mahamprint.com/product/1008/%D9%85%D8%A7%D8%B4%DB%8C%D9%86-%D8%AD%D8%B3%D8%A7%D8%A8-CASIO-DX-120B,1,25,https://mahamprint.com/products/--casio-dx-120b,ماشین حساب CASIO DX-120B,1.0,high,model+title
https://mahamprint.com/product/2233/%D9%81%DB%8C%D9%84%D9%85-%D9%81%DB%8C%D9%88%D8%B2%DB%8C%D9%86%DA%AF-hp-1100,2,25,https://mahamprint.com/products/--hp-1100,فیلم فیوزینگ hp 1100,1.0,high,model+title
https://mahamprint.com/product/1106/%D8%AA%D9%88%D9%86%D8%B1-%D8%B4%D8%A7%D8%B1%DA%98-canon-%D9%85%D8%AF%D9%84-1kg,1,25,https://mahamprint.com/products/--canon--1kg,تونر شارژ canon مدل 1kg,1.0,high,model+title
https://mahamprint.com/product/1785/%D8%AF%D9%88%D9%84%D9%88%D9%BE%D8%B1-%D8%A8%D8%B1%D9%86%D8%AF-Sharp-%D9%85%D8%AF%D9%84-MX-500GV,1,25,https://mahamprint.com/products/-sharp-mx-500gv,دولوپر Sharp MX-500GV,1.0,high,model+title
https://mahamprint.com/product/2372/%DA%86%D8%B1%D8%AE-%D8%AF%D9%86%D8%AF%D9%87-%D8%AF%D9%88%D8%A8%D9%84-%D9%87%DB%8C%D8%AA%D8%B1-%D9%82%D9%87%D9%88%D9%87-%D8%A7%DB%8C-%D8%AE%D8%A7%D8%B1%D8%AC%DB%8C-%D8%AA%D9%88%D8%B4%DB%8C%D8%A8%D8%A7-E-S166,1,25,https://mahamprint.com/products/--------e-s166,چرخ دنده دوبل هیتر قهوه ای خارجی توشیبا E-S166,1.0,high,model+title
https://mahamprint.com/product/2697/%D8%B3%D9%88%D8%A6%DB%8C%DA%86-CISCO-C9200-24T-E,1,25,https://mahamprint.com/products/-cisco-c9200-24t-e,سوئیچ CISCO C9200-24T-E,1.0,high,model+title
https://mahamprint.com/product/1433/%D8%AA%D9%88%D9%86%D8%B1-Epson-202-CMYK,1,25,https://mahamprint.com/products/-epson-202-cmyk,تونر Epson 202 CMYK,1.0,high,model+title
https://mahamprint.com/product/2928/%D9%BE%D8%B1%DB%8C%D9%86%D8%AA%D8%B1-%D8%AA%DA%A9-%DA%A9%D8%A7%D8%B1%D9%87-%D9%84%DB%8C%D8%B2%D8%B1%DB%8C-canon-6033w,1,25,https://mahamprint.com/products/----canon-6033w,پرینتر  تک کاره لیزری canon 6033w,1.0,high,model+title
https://mahamprint.com/product/628/%D8%AF%D8%B3%D8%AA%DA%AF%D8%A7%D9%87-%D8%AD%D8%B6%D9%88%D8%B1-%D9%88-%D8%BA%DB%8C%D8%A7%D8%A8-ZKTeco-K30,1,25,https://mahamprint.com/products/----zkteco-k30,دستگاه حضور و غیاب ZKTeco K30,1.0,high,model+title
https://mahamprint.com/product/1362/%D8%AA%D9%88%D9%86%D8%B1-%DA%A9%D8%A7%D8%B1%D8%AA%D8%B1%DB%8C%D8%AC-CANON-551-XL-CMYK,0,25,https://mahamprint.com/products/--canon-551-xl-cmyk,تونر کارتریج CANON 551 XL CMYK,1.0,high,model+title
https://mahamprint.com/product/158/%D9%BE%D8%B1%DB%8C%D9%86%D8%AA%D8%B1-%D9%84%DB%8C%D8%B2%D8%B1%DB%8C-%D8%A8%D8%B1%D9%86%D8%AF-HP-M102w,0,25,https://mahamprint.com/products/---hp-m102w,پرینتر لیزری برند HP M102w,1.0,high,model+title
https://mahamprint.com/product/1198/%D9%84%D9%BE-%D8%AA%D8%A7%D9%BE-13-%D8%A7%DB%8C%D9%86%DA%86%DB%8C-MacBook-Pro-MWP52,0,25,https://mahamprint.com/products/--13--macbook-pro-mwp52,لپ تاپ 13 اینچی MacBook Pro MWP52,1.0,high,model+title
https://mahamprint.com/product/1797/%D8%B1%D9%88%D9%84-%DA%A9%D8%A7%D8%BA%D8%B0-%D8%AD%D8%B1%D8%A7%D8%B1%D8%AA%DB%8C-Hansol-8-cm,0,25,https://mahamprint.com/products/---hansol-8-cm,رول کاغذ حرارتی Hansol 8 cm,1.0,high,model+title
https://mahamprint.com/product/1986/%D9%86%D9%88%D8%A7%D8%B1-%D9%84%DB%8C%D8%A8%D9%84-%D9%BE%D8%B1%DB%8C%D9%86%D8%AA%D8%B1-brother-TZE-641-%D8%BA%DB%8C%D8%B1-%D8%A7%D9%88%D8%B1%D8%AC%DB%8C%D9%86%D8%A7%D9%84,0,25,https://mahamprint.com/products/---brother-tze-641--,نوار لیبل پرینتر brother TZE-641 غیر اورجینال,1.0,high,model+title
https://mahamprint.com/product/2253/%D9%81%DB%8C%D9%88%D8%B2%DB%8C%D9%86%DA%AF-%D8%B3%D8%A7%D9%85%D8%B3%D9%88%D9%86%DA%AF-Samsung-2850,0,25,https://mahamprint.com/products/--samsung-2850,فیوزینگ سامسونگ Samsung 2850,1.0,high,model+title
https://mahamprint.com/product/3087/%D9%BE%D8%B1%DB%8C%D9%86%D8%AA%D8%B1-%20%D8%B3%D9%87-%20%DA%A9%D8%A7%D8%B1%D9%87%20-%D8%B1%D9%86%DA%AF%DB%8C%20-CANON-%20MF633Cdw,0,25,https://mahamprint.com/products/--------canon--mf752cdw,پرینتر سه کاره رنگی CANON MF752Cdw,0.45,medium,model+title
https://mahamprint.com/product/2666/%D9%88%DB%8C%D8%AF%D8%A6%D9%88-%D9%BE%D8%B1%DA%98%DA%A9%D8%AA%D9%88%D8%B1-benq-ms560,0,25,https://mahamprint.com/products/--benq-ms560,ویدئو پرژکتور benq ms560,1.0,high,model+title
https://mahamprint.com/product/2566/%D9%87%D9%84%DB%8C-%D8%B4%D8%A7%D8%AA-%D8%A8%D8%B1%D9%86%D8%AF-DJI-MINI-3-PRO,0,25,https://mahamprint.com/products/------zec--mini,فیش پرینتر مدل ZEC MINI,0.694,high,model+title
https://mahamprint.com/product/2645/%D9%84%D9%BE-%D8%AA%D8%A7%D9%BE-Asus-R565EP-i7-1165G7-16GB-512GB-SSD-2GB,0,25,https://mahamprint.com/products/--asus-r565ep-i7-1165g7-16gb-512gb-ssd-2gb,لپ تاپ Asus R565EP i7-1165G7 16GB 512GB-SSD 2GB,1.0,high,model+title
https://mahamprint.com/product/659/%DA%A9%D8%A7%D8%BA%D8%B0-%D8%AE%D8%B1%D8%AF%DA%A9%D9%86-Mehr-MM-886,0,25,https://mahamprint.com/products/--mehr-mm-886,کاغذ خردکن Mehr MM-886,1.0,high,model+title
https://mahamprint.com/product/724/%DA%A9%D8%A7%D8%BA%D8%B0-%D8%AE%D8%B1%D8%AF-%DA%A9%D9%86-Fellowes-450Ms,0,25,https://mahamprint.com/products/---fellowes-450ms,کاغذ خرد کن Fellowes 450Ms,1.0,high,model+title
https://mahamprint.com/product/2458/%D8%AF%D8%B3%D8%AA%DA%AF%D8%A7%D9%87-%DA%A9%D9%BE%DB%8C-RICOH-IMC2000,4,24,https://mahamprint.com/products/--ricoh-imc2000,دستگاه کپی RICOH IMC2000,1.0,high,model+title
https://mahamprint.com/product/984/%D9%85%D8%A7%D8%B4%DB%8C%D9%86-%D8%AD%D8%B3%D8%A7%D8%A8-CASIO-SL-1000TW,0,25,https://mahamprint.com/products/--casio-sl-1000tw,ماشین حساب CASIO SL-1000TW,1.0,high,model+title
https://mahamprint.com/product/529/%D8%AA%D8%B3%D8%AA-%D8%A7%D8%B3%DA%A9%D9%86%D8%A7%D8%B3-D106,4,24,https://mahamprint.com/products/--d106,تست اسکناس D106,1.0,high,model+title
https://mahamprint.com/product/1109/%D8%AA%D9%88%D9%86%D8%B1-%D8%B4%D8%A7%D8%B1%DA%98-%D8%A8%D8%B1%D9%86%D8%AF-hp-%D9%85%D8%AF%D9%84-3525-130gr,2,24,https://mahamprint.com/products/---hp--3525-130gr,تونر شارژ برند hp مدل 3525 130gr,1.0,high,model+title
https://mahamprint.com/product/419/%D8%A7%D8%B3%DA%A9%D9%86%D8%B1-KODAK-i2820,2,24,https://mahamprint.com/products/-kodak-i2820,اسکنر KODAK i2820,1.0,high,model+title
https://mahamprint.com/product/1098/%D8%AF%D8%B1%D8%A7%D9%85-%D8%B1%D9%86%DA%AF%DB%8C-HP-1215,1,24,https://mahamprint.com/products/--hp-1215,بلید کارتریج HP 1215,0.767,high,model+title
https://mahamprint.com/product/1691/%D9%BE%D8%B1%D8%AF%D9%87-%D9%86%D9%85%D8%A7%DB%8C%D8%B4-scope-%D9%BE%D8%A7%DB%8C%D9%87-%D8%AF%D8%A7%D8%B1-250-250-cm,1,24,https://mahamprint.com/products/--scope---250-250-cm,پرده نمایش scope پایه دار 250*250 cm,1.0,high,model+title
https://mahamprint.com/product/1813/%D8%AA%D8%A7%D9%86%DA%A9-%D8%AC%D9%88%D9%87%D8%B1-Epson-R200,1,24,https://mahamprint.com/products/--epson-r200,تانک جوهر Epson R200,1.0,high,model+title
https://mahamprint.com/product/2231/%D9%81%DB%8C%D9%84%D9%85-%D9%81%DB%8C%D9%88%D8%B2%DB%8C%D9%86%DA%AF-%D8%A7%D9%88%D8%B1%D8%AC%DB%8C%D9%86%D8%A7%D9%84-hp-P4014,1,24,https://mahamprint.com/products/---hp-p4014,فیلم فیوزینگ اورجینال hp P4014,1.0,high,model+title
https://mahamprint.com/product/552/%D9%81%DB%8C%D8%B4-%D9%BE%D8%B1%DB%8C%D9%86%D8%AA%D8%B1-Citizen-CT-S310,2,24,https://mahamprint.com/products/--citizen-ct-s310,فیش پرینتر Citizen CT-S310,1.0,high,model+title
https://mahamprint.com/product/2244/%D9%81%DB%8C%D9%88%D8%B2%DB%8C%D9%86%DA%AF-HP-M402,1,24,https://mahamprint.com/products/-hp-m402,فیوزینگ HP M402,1.0,high,model+title
https://mahamprint.com/product/2145/%D8%B3%D9%BE%D8%B1%DB%8C%D8%B4%D9%86-%D9%BE%D8%AF-HP-LaserJet-3015-%D8%A7%D9%88%D8%B1%D8%AC%DB%8C%D9%86%D8%A7%D9%84,1,24,https://mahamprint.com/products/--hp-laserjet-3015-,سپریشن پد HP LaserJet 3015 اورجینال,1.0,high,model+title
https://mahamprint.com/product/557/%D9%84%DB%8C%D8%A8%D9%84-%D9%BE%D8%B1%DB%8C%D9%86%D8%AA%D8%B1-Bixolon-SLP-TX400,1,24,https://mahamprint.com/products/--bixolon-slp-tx400,لیبل پرینتر Bixolon SLP-TX400,1.0,high,model+title
https://mahamprint.com/product/2297/%D8%B1%D9%88%D9%84-%D9%BE%D8%B1%D8%B3-HP-1020,1,24,https://mahamprint.com/products/--hp-1020,برد فرمتر hp 1020,0.767,high,model+title
https://mahamprint.com/product/328/%D9%BE%D8%B1%DB%8C%D9%86%D8%AA%D8%B1-%D9%84%DB%8C%D8%B2%D8%B1%DB%8C-%D9%85%D8%AF%D9%84-SAMSUNG-SL-M3320ND,1,24,https://mahamprint.com/products/---samsung-sl-m3320nd,پرینتر لیزری مدل SAMSUNG SL-M3320ND,1.0,high,model+title
https://mahamprint.com/product/2899/%D9%84%DB%8C%D8%A8%D9%84-%D9%BE%D8%B1%DB%8C%D9%86%D8%AA%D8%B1-%D9%85%D8%AF%D9%84-Zenpert-4T520,1,24,https://mahamprint.com/products/---zenpert-4t520,لیبل پرینتر مدل Zenpert 4T520,1.0,high,model+title
https://mahamprint.com/product/2581/%DA%AF%D9%88%D8%B4%DB%8C-%D9%85%D9%88%D8%A8%D8%A7%DB%8C%D9%84-%D8%A7%D9%BE%D9%84-iphone-14-pro-max,1,24,https://mahamprint.com/products/---iphone-14-pro-max,گوشی موبایل اپل iphone 14 pro max,1.0,high,model+title
https://mahamprint.com/product/1159/%DA%A9%D8%A7%D8%BA%D8%B0-A4-double-A,0,24,https://mahamprint.com/products/-a4-double-a,کاغذ A4 double A,1.0,high,model+title
https://mahamprint.com/product/1619/%D9%BE%D8%B1%DB%8C%D9%86%D8%AA%D8%B1-%D9%84%DB%8C%D8%B2%D8%B1%DB%8C-%D9%85%D8%AF%D9%84-HP-M438N,0,24,https://mahamprint.com/products/---hp-m438n,پرینتر لیزری مدل HP M438N,1.0,high,model+title
https://mahamprint.com/product/2012/%D8%A8%D8%A7%D8%AA%D8%B1%DB%8C-%D8%B3%DA%A9%D9%87-%D8%A7%DB%8C-Maxell-CR1620-3V,0,24,https://mahamprint.com/products/---maxell-cr1620-3v,باتری سکه ای Maxell CR1620 3V,1.0,high,model+title
https://mahamprint.com/product/2217/%D8%B3%DB%8C%D9%86%DB%8C-%D8%AE%D8%B1%D9%88%D8%AC%DB%8C-%D9%BE%D8%B1%DB%8C%D9%86%D8%AA%D8%B1-hp-1010,0,24,https://mahamprint.com/products/---hp-1010,سینی خروجی پرینتر hp 1010,1.0,high,model+title
https://mahamprint.com/product/487/%D8%A7%D8%B3%DA%A9%D9%86%D8%B1-CANON-FB101,0,24,https://mahamprint.com/products/-canon-drf120,اسکنر Canon DRF120,0.392,medium,model+title
https://mahamprint.com/product/403/%D8%A7%D8%B3%DA%A9%D9%86%D8%B1-EPSON-DS-1630,0,24,https://mahamprint.com/products/-epson-ds-1630,اسکنر EPSON DS-1630,1.0,high,model+title
https://mahamprint.com/product/2759/all-in-one-dell-%D9%85%D8%AF%D9%84-3240-core-i5-6,0,24,https://mahamprint.com/products/all-in-one-dell--3240-core-i5-6,all in one dell مدل 3240 core i5-6,1.0,high,model+title
https://mahamprint.com/product/739/%DA%A9%D8%A7%D8%BA%D8%B0-%D8%AE%D8%B1%D8%AF%DA%A9%D9%86-nikita-SD-9522,0,24,https://mahamprint.com/products/--nikita-sd-9522,کاغذ خردکن nikita SD-9522,1.0,high,model+title
https://mahamprint.com/product/2392/%D9%85%D8%AC%D9%85%D9%88%D8%B9%D9%87-%DA%A9%D8%A7%D9%85%D9%84-%D9%BE%DB%8C%DA%A9%D8%A7%D9%BE-%D9%88-%D9%BE%D8%AF-hpadf1536,0,24,https://mahamprint.com/products/-----hpadf1536,مجموعه کامل پیکاپ و پد hpadf1536,1.0,high,model+title
https://mahamprint.com/product/1333/%D9%85%D8%A7%D9%86%DB%8C%D8%AA%D9%88%D8%B1-%D8%A7%D9%84-%D8%AC%DB%8C-%DB%B2%DB%B4-MK430H-B-%D8%B3%D8%A7%DB%8C%D8%B2-%DB%B2%DB%B3%DB%B5-%D8%A7%DB%8C%D9%86%DA%86,4,23,https://mahamprint.com/products/----mk430h-b----,مانیتور ال جی ۲۴ MK430H-B سایز ۲۳.۵ اینچ,0.905,high,model+title
https://mahamprint.com/product/1577/%DA%A9%D8%A7%D8%B1%D8%AA%D8%B1%DB%8C%D8%AC-%D8%AA%D9%88%D9%86%D8%B1-HP-972A,4,23,https://mahamprint.com/products/--hp-972a,کارتریج تونر HP 972A,1.0,high,model+title
https://mahamprint.com/product/2448/%D9%84%DB%8C%D8%A8%D9%84-%D9%BE%D8%B1%DB%8C%D9%86%D8%AA%D8%B1-brother-PT-P750W,4,23,https://mahamprint.com/products/--brother-pt-p750w,لیبل پرینتر brother PT-P750W,1.0,high,model+title
https://mahamprint.com/product/2525/%D9%BE%D8%B1%DB%8C%D9%86%D8%AA%D8%B1-%D8%AC%D9%88%D9%87%D8%B1%D8%A7%D9%81%D8%B4%D8%A7%D9%86-%D9%85%D8%AF%D9%84-brother-MFC-T4500DW,3,23,https://mahamprint.com/products/---brother-mfc-t4500dw,پرینتر جوهرافشان مدل brother MFC-T4500DW,1.0,high,model+title
https://mahamprint.com/product/107/%D9%BE%D8%B1%DB%8C%D9%86%D8%AA%D8%B1-%DA%86%D9%86%D8%AF%DA%A9%D8%A7%D8%B1%D9%87-%D9%84%DB%8C%D8%B2%D8%B1%DB%8C-CANON-MF623CN,2,23,https://mahamprint.com/products/---canon-mf623cn,پرینتر چندکاره  لیزری CANON MF623CN,1.0,high,model+title
https://mahamprint.com/product/2402/%DA%A9%D8%A7%D8%BA%D8%B0%DA%A9%D8%B4-%D8%A2%D8%AC%D8%AF%D8%A7%D8%B1-%D8%B1%DB%8C%DA%A9%D9%88-DX,2,23,https://mahamprint.com/products/---dx,کاغذکش آجدار ریکو DX,0.35,medium,title-only
https://mahamprint.com/product/2341/%DA%86%D8%B1%D8%AE-%D8%AF%D9%86%D8%AF%D9%87-%D8%AF%D9%88%D8%A8%D9%84-%DA%A9%D9%84%D8%A7%DA%86-1005-hp,2,23,https://mahamprint.com/products/----1005-hp,چرخ دنده دوبل کلاچ 1005  hp,1.0,high,model+title
https://mahamprint.com/product/276/%D9%BE%D8%B1%DB%8C%D9%86%D8%AA%D8%B1-%D9%84%DB%8C%D8%B2%D8%B1%DB%8C-%D9%85%D8%AF%D9%84-Samsung-3370FD,2,23,https://mahamprint.com/products/---samsung-3370fd,پرینتر لیزری مدل  Samsung 3370FD,1.0,high,model+title
https://mahamprint.com/product/260/%D9%BE%D8%B1%DB%8C%D9%86%D8%AA%D8%B1-EPSON-XP-55,2,23,https://mahamprint.com/products/-epson-xp-55,پرینتر EPSON XP-55,1.0,high,model+title
https://mahamprint.com/product/532/%D8%AA%D8%B3%D8%AA-%D8%A7%D8%B3%DA%A9%D9%86%D8%A7%D8%B3-%D9%85%D8%AF%D9%84-NIKITA-UV8,2,23,https://mahamprint.com/products/---nikita-uv8,تست اسکناس مدل NIKITA UV8,1.0,high,model+title
https://mahamprint.com/product/1364/%DA%A9%D8%A7%D8%B1%D8%AA%D8%B1%DB%8C%D8%AC-Canon-450-Black,1,23,https://mahamprint.com/products/-canon-450-black,کارتریج Canon 450 Black,1.0,high,model+title
https://mahamprint.com/product/1472/%DA%A9%D8%A7%D8%B1%D8%AA%D8%B1%DB%8C%D8%AC-CANON-713,1,23,https://mahamprint.com/products/-canon-713,کارتریج CANON 713,1.0,high,model+title
https://mahamprint.com/product/1473/%DA%A9%D8%A7%D8%B1%D8%AA%D8%B1%DB%8C%D8%AC-CANON-708,1,23,https://mahamprint.com/products/-canon-708,کارتریج CANON 708,1.0,high,model+title
https://mahamprint.com/product/2625/%D8%A7%DB%8C%D8%B1%D9%BE%D8%A7%D8%AF-samsung-galaxy-buds-live,1,23,https://mahamprint.com/products/-samsung-galaxy-buds-live,ایرپاد samsung galaxy buds live,1.0,high,model+title
https://mahamprint.com/product/902/%D8%A7%D8%B3%DA%A9%D9%86%D8%A7%D8%B3-%D8%B4%D9%85%D8%A7%D8%B1-%D8%B1%D9%88%D9%85%DB%8C%D8%B2%DB%8C-AX-2000,3,23,https://mahamprint.com/products/---ax-2000,اسکناس شمار رومیزی AX 2000,1.0,high,model+title
https://mahamprint.com/product/1146/%D8%AC%D9%88%D9%87%D8%B1-EPSON-%D9%85%D8%AF%D9%84-4-%D8%B1%D9%86%DA%AF-786,0,23,https://mahamprint.com/products/-epson--4--786,جوهر EPSON مدل 4 رنگ 786,1.0,high,model+title
https://mahamprint.com/product/1731/%D8%B1%DB%8C%D8%A8%D9%88%D9%86-%D8%B1%D9%86%DA%AF%DB%8C-Hiti-CS-2-YMCKO-400-Prints-%D8%A7%D9%88%D8%B1%D8%AC%DB%8C%D9%86%D8%A7%D9%84,0,23,https://mahamprint.com/products/--hiti-cs-2-ymcko-400-prints-,ریبون رنگی Hiti CS-2 YMCKO 400 Prints اورجینال,1.0,high,model+title
https://mahamprint.com/product/2094/%D8%AF%D8%B1%D8%A7%D9%85-%D8%A8%D8%B1%D9%86%D8%AF-Ricoh-%D9%85%D8%AF%D9%84-SP100-Drum,0,23,https://mahamprint.com/products/--ricoh--sp100-drum,درام برند Ricoh مدل SP100 Drum,1.0,high,model+title
https://mahamprint.com/product/1715/%D8%B1%DB%8C%D8%A8%D9%88%D9%86-Wax-80-300,0,23,https://mahamprint.com/products/-wax-80-300,ریبون Wax 80×300,1.0,high,model+title
https://mahamprint.com/product/2258/%D9%86%D8%A7%D8%AE%D9%86%DA%A9-%D9%87%D8%A7%D8%AA%D8%B1%D9%88%D9%84-%D9%85%D8%AF%D9%84-AR-420-%D8%B4%D8%A7%D8%B1%D9%BE,0,23,https://mahamprint.com/products/---ar-420-,ناخنک هاترول مدل AR-420 شارپ,1.0,high,model+title
https://mahamprint.com/product/3036/%D9%BE%D8%B1%DB%8C%D9%86%D8%AA%D8%B1-%20%D8%B3%D9%87%20%DA%A9%D8%A7%D8%B1%D9%87%20-%D9%84%DB%8C%D8%B2%D8%B1%DB%8C-%20HP%20-MFP%20-M631dn,3,22,https://mahamprint.com/products/-------hp--mfp--m631dn,پرینتر سه کاره لیزری HP MFP M631dn,1.0,high,model+title
https://mahamprint.com/product/627/%D8%AF%D8%B3%D8%AA%DA%AF%D8%A7%D9%87-%D8%AD%D8%B6%D9%88%D8%B1-%D9%88-%D8%BA%DB%8C%D8%A7%D8%A8-ZKTeco-EB-110,3,22,https://mahamprint.com/products/----zkteco-eb-110,دستگاه حضور و غیاب ZKTeco EB-110,1.0,high,model+title
https://mahamprint.com/product/150/%D9%BE%D8%B1%DB%8C%D9%86%D8%AA%D8%B1-%D9%84%DB%8C%D8%B2%D8%B1%DB%8C-%D8%A8%D8%B1%D9%86%D8%AF-HP-MFP1200W,2,22,https://mahamprint.com/products/---hp-mfp1200w,پرینتر لیزری برند HP MFP1200W,1.0,high,model+title
https://mahamprint.com/product/1250/%D9%88%DB%8C%D8%AF%D8%A6%D9%88-%D9%BE%D8%B1%D9%88%DA%98%DA%A9%D8%AA%D9%88%D8%B1-%D8%AC%DB%8C%D8%A8%DB%8C-Aiptek-AN100,2,22,https://mahamprint.com/products/---aiptek-an100,ویدئو پروژکتور جیبی Aiptek AN100,1.0,high,model+title
https://mahamprint.com/product/1067/%D9%81%D8%AA%D9%88%DA%A9%D9%BE%DB%8C-CANON-2520,2,22,https://mahamprint.com/products/-canon-2520,فتوکپی CANON 2520,1.0,high,model+title
https://mahamprint.com/product/215/%D9%BE%D8%B1%DB%8C%D9%86%D8%AA%D8%B1-%D8%AA%DA%A9-%DA%A9%D8%A7%D8%B1%D9%87-%D9%84%DB%8C%D8%B2%D8%B1%DB%8C-HP-CP5225N,2,22,https://mahamprint.com/products/----hp-cp5225n,پرینتر تک کاره لیزری  HP CP5225N,1.0,high,model+title
https://mahamprint.com/product/2175/%D8%AA%D8%B3%D9%85%D9%87-%DA%A9%D8%B1%DB%8C%D8%AC-%D9%BE%D8%B1%DB%8C%D9%86%D8%AA%D8%B1-%D8%A8%D8%B1%D9%86%D8%AF-Compuprint-SP40,2,22,https://mahamprint.com/products/----compuprint-sp40,تسمه کریج پرینتر برند Compuprint SP40,1.0,high,model+title
https://mahamprint.com/product/2446/%D9%84%DB%8C%D8%A8%D9%84-%D9%BE%D8%B1%DB%8C%D9%86%D8%AA%D8%B1-%D8%A8%D8%B1%D9%86%D8%AF-brother-Pt-p950nw,2,22,https://mahamprint.com/products/---brother-pt-p950nw,لیبل پرینتر برند brother Pt-p950nw,1.0,high,model+title
https://mahamprint.com/product/1905/%D8%A7%D8%B3%DA%A9%D9%86%D8%B1-mustek-a620,1,22,https://mahamprint.com/products/-mustek-a620,اسکنر mustek a620,1.0,high,model+title
https://mahamprint.com/product/242/%D9%BE%D8%B1%DB%8C%D9%86%D8%AA%D8%B1-%D9%84%DB%8C%D8%B2%D8%B1%DB%8C-CANON-MF269DW,1,22,https://mahamprint.com/products/--canon-mf269dw,پرینتر لیزری CANON MF269DW,1.0,high,model+title
https://mahamprint.com/product/2234/%D9%81%DB%8C%D9%84%D9%85-%D9%81%DB%8C%D9%88%D8%B2%DB%8C%D9%86%DA%AF-%D8%A7%DA%86-%D9%BE%DB%8C-4350,1,22,https://mahamprint.com/products/----4350,فیلم فیوزینگ اچ پی 4350,1.0,high,model+title
https://mahamprint.com/product/2930/%D9%88%DB%8C%D8%AF%D8%A6%D9%88-%D9%BE%D8%B1%D9%88%DA%98%DA%A9%D8%AA%D9%88%D8%B1-%D8%A8%D8%B1%D9%86%D8%AF-epson-%D9%85%D8%AF%D9%84-EB-E20,1,22,https://mahamprint.com/products/---epson--eb-e20,ویدئو پروژکتور برند epson مدل EB-E20,1.0,high,model+title
https://mahamprint.com/product/585/%D9%84%DB%8C%D8%A8%D9%84-%D9%BE%D8%B1%DB%8C%D9%86%D8%AA%D8%B1-%D8%A8%D8%B1%D9%86%D8%AF-ZEC-%D9%85%D8%AF%D9%84-RP400-Full,1,22,https://mahamprint.com/products/---zec--rp400-full,لیبل پرینتر برند ZEC مدل RP400 Full,1.0,high,model+title
https://mahamprint.com/product/1192/%D9%84%D9%BE-%D8%AA%D8%A7%D9%BE-13-%D8%A7%DB%8C%D9%86%DA%86%DB%8C-%D8%A7%D9%BE%D9%84-MacBook-Air-MVH22,0,22,https://mahamprint.com/products/--13---macbook-air-mvh22,لپ تاپ 13 اینچی اپل MacBook Air MVH22,1.0,high,model+title
https://mahamprint.com/product/1310/%D9%88%DB%8C%D8%AF%D8%A6%D9%88-%D9%BE%D8%B1%D9%88%DA%98%DA%A9%D8%AA%D9%88%D8%B1-%D8%A8%D8%B1%D9%86%D8%AF-BENQ-MS-532,0,22,https://mahamprint.com/products/---benq-ms-532,ویدئو پروژکتور برند BENQ MS 532,1.0,high,model+title
https://mahamprint.com/product/1184/%DA%A9%D9%86%D8%B3%D9%88%D9%84-%D8%A8%D8%A7%D8%B2%DB%8C-Playstation-3-Move,0,22,https://mahamprint.com/products/--playstation-3-move,کنسول بازی Playstation 3 Move,1.0,high,model+title
https://mahamprint.com/product/1843/%D9%84%DB%8C%D8%A8%D9%84-Tyvek-%D8%B9%D8%B1%D8%B6-4-%D8%B3%D8%A7%D9%86%D8%AA,0,22,https://mahamprint.com/products/-tyvek--4-,لیبل Tyvek عرض 4 سانت,1.0,high,model+title
https://mahamprint.com/product/2316/%D8%B1%D9%88%D9%84-%D9%BE%D8%B1%D8%B3-HP-5200,0,22,https://mahamprint.com/products/--hp-5200,رول پرس HP 5200,1.0,high,model+title
https://mahamprint.com/product/2738/%DA%A9%D8%A7%D8%B1%D8%AA-%DA%AF%D8%B1%D8%A7%D9%81%DB%8C%DA%A9-MSI-%D9%85%D8%AF%D9%84-RTX-3080-GAMING-Z-TRIO,0,22,https://mahamprint.com/products/--msi--rtx-3080-gaming-z-trio,کارت گرافیک MSI مدل RTX 3080 GAMING Z TRIO,1.0,high,model+title
https://mahamprint.com/product/2644/%D9%84%D9%BE-%D8%AA%D8%A7%D9%BE-%D8%A8%D8%B1%D9%86%D8%AF-ASUS-%D9%85%D8%AF%D9%84-K413EQ-EK370,0,22,https://mahamprint.com/products/---asus--k413eq-ek370,لپ تاپ برند  ASUS مدل K413EQ-EK370,1.0,high,model+title
https://mahamprint.com/product/32/Canon-5D-Mark-IV-%D8%A8%D8%A7-%D9%84%D9%86%D8%B2-%DB%B1%DB%B0%DB%B5-%DB%B2%DB%B4-L-IS-II-USM,0,22,https://mahamprint.com/products/--canon--g,هد پرینتر Canon سری G,0.35,medium,model+title
https://mahamprint.com/product/457/%D8%A7%D8%B3%DA%A9%D9%86%D8%B1-Mustek-D50,0,22,https://mahamprint.com/products/-mustek-d50,اسکنر Mustek D50,1.0,high,model+title
https://mahamprint.com/product/2981/%D8%A8%D8%A7%D8%B1%DA%A9%D8%AF-%20%D8%AE%D9%88%D8%A7%D9%86-%20%D8%A8%D8%B1%D9%86%D8%AF-%20%20CBON-%20%D9%85%D8%AF%D9%84%20-CB-N200DW,0,22,https://mahamprint.com/products/------cbon----cb-n200dw,بارکد خوان برند  CBON مدل CB-N200DW,1.0,high,model+title
https://mahamprint.com/product/293/%D9%BE%D8%B1%DB%8C%D9%86%D8%AA%D8%B1-%D9%84%DB%8C%D8%B2%D8%B1%DB%8C-%D8%A8%D8%B1%D9%86%D8%AF-HP-%D9%85%D8%AF%D9%84-MFP179FNW,0,22,https://mahamprint.com/products/---hp--mfp179fnw,پرینتر لیزری برند HP مدل MFP179FNW,1.0,high,model+title
https://mahamprint.com/product/3035/%D8%A7%D8%B3%DA%A9%D9%86%D8%B1-%D8%A8%D8%B1%D9%86%D8%AF-Fujitsu-FI-8250,0,22,https://mahamprint.com/products/----fi-8250,اسکنر ریکو fi-8250,0.535,medium,model+title
https://mahamprint.com/product/1902/%D8%A7%D8%B3%DA%A9%D9%86%D8%B1-Plustek-eScan-A350,4,21,https://mahamprint.com/products/-plustek-escan-a350,اسکنر Plustek eScan A350,1.0,high,model+title
https://mahamprint.com/product/843/%D8%A8%D8%A7%D8%B1%DA%A9%D8%AF-%D8%A7%D8%B3%DA%A9%D9%86%D8%B1-DATALOGIC-QBT2131,0,22,https://mahamprint.com/products/--datalogic-qbt2131,بارکد اسکنر DATALOGIC QBT2131,1.0,high,model+title
https://mahamprint.com/product/1121/%D8%AA%D9%88%D9%86%D8%B1-%D8%B4%D8%A7%D8%B1%DA%98-%D8%A8%D8%B1%D9%86%D8%AF-hp-1215-80gr,3,21,https://mahamprint.com/products/---hp-1215-80gr,تونر شارژ برند hp 1215 80gr,1.0,high,model+title
https://mahamprint.com/product/1297/%D8%AF%DB%8C%D8%AA%D8%A7-%D9%88%DB%8C%D8%AF%D8%A6%D9%88-%D9%BE%D8%B1%D9%88%DA%98%DA%A9%D8%AA%D9%88%D8%B1-EPSON-W29,2,21,https://mahamprint.com/products/---epson-w29,دیتا ویدئو پروژکتور EPSON W29,1.0,high,model+title
https://mahamprint.com/product/1438/%D8%AA%D9%88%D9%86%D8%B1-Epson-212-CMYK,2,21,https://mahamprint.com/products/-epson-212-cmyk,تونر Epson 212 CMYK,1.0,high,model+title
https://mahamprint.com/product/1771/%DA%A9%D8%A7%D8%B1%D8%A8%D9%86-%D9%81%DA%A9%D8%B3-Sharp-FO-20CR,2,21,https://mahamprint.com/products/--sharp-fo-20cr,کاربن فکس Sharp FO-20CR,1.0,high,model+title
https://mahamprint.com/product/2950/%D8%A8%D8%A7%D8%B1%DA%A9%D8%AF%D8%AE%D9%88%D8%A7%D9%86%20-%D8%B1%D9%88%D9%85%DB%8C%D8%B2%DB%8C%20-%20Datalogic%20-%20%D9%85%D8%AF%D9%84-%20Magellan%203410VSI,2,21,https://mahamprint.com/products/-----datalogic-----magellan-3410vsi,بارکدخوان رومیزی  Datalogic مدل Magellan 3410VSI,1.0,high,model+title
https://mahamprint.com/product/2382/%D9%84%D8%A7%D8%B3%D8%AA%DB%8C%DA%A9-%D8%B9%D8%A7%D8%AC%D8%AF%D8%A7%D8%B1-AR-160,1,21,https://mahamprint.com/products/--ar-160,لاستیک عاجدار  AR-160,1.0,high,model+title
https://mahamprint.com/product/2880/%D9%BE%D8%B1%DB%8C%D9%86%D8%AA%D8%B1-%DA%86%D9%87%D8%A7%D8%B1%DA%A9%D8%A7%D8%B1%D9%87-%D9%84%DB%8C%D8%B2%D8%B1%DB%8C-%D8%A8%D8%B1%D9%86%D8%AF-brother-%D9%85%D8%AF%D9%84-MFC-L2715DW,1,21,https://mahamprint.com/products/----brother--mfc-l2715dw,پرینتر چهارکاره لیزری برند brother مدل MFC-L2715DW,1.0,high,model+title
https://mahamprint.com/product/253/%D9%BE%D8%B1%DB%8C%D9%86%D8%AA%D8%B1-CANON-MG2540,1,21,https://mahamprint.com/products/-canon-mg2540,پرینتر CANON MG2540,1.0,high,model+title
https://mahamprint.com/product/1834/%D9%84%DB%8C%D8%A8%D9%84-%D8%A8%D8%B1%DA%86%D8%B3%D8%A8-%DA%A9%D8%A7%D8%BA%D8%B0-%D8%B3%D9%87-%D8%B1%D8%AF%DB%8C%D9%81%D9%87-35-25,2,21,https://mahamprint.com/products/-----35-25,لیبل برچسب کاغذ سه ردیفه 35×25,0.35,medium,title-only
https://mahamprint.com/product/767/%D8%AF%D8%B3%D8%AA%DA%AF%D8%A7%D9%87-%D8%A8%D8%B1%D8%B4-%DA%A9%D8%A7%D8%BA%D8%B0-AX-7208PX,1,21,https://mahamprint.com/products/---ax-7208px,دستگاه برش کاغذ AX-7208PX,1.0,high,model+title
https://mahamprint.com/product/855/%D8%AF%D8%B3%D8%AA%DA%AF%D8%A7%D9%87-%D8%A7%D8%B3%DA%A9%D9%86%D8%A7%D8%B3-%D8%B4%D9%85%D8%A7%D8%B1-%D9%85%D8%AF%D9%84-%DB%B8%DB%B0%DB%B0-%D8%AF%DB%8C%D8%AA%DA%A9,1,21,https://mahamprint.com/products/-----,دستگاه اسکناس شمار مدل ۸۰۰ دیتک,0.35,medium,title-only
https://mahamprint.com/product/2681/%D9%BE%D8%AF-%D8%A7%D9%85%D8%B6%D8%A7%D8%A1%DB%8C-%D8%AF%DB%8C%D8%AC%DB%8C%D8%AA%D8%A7%D9%84%DB%8C-Signotec-U105,1,21,https://mahamprint.com/products/---signotec-u105,پد امضاءی دیجیتالی  Signotec U105,1.0,high,model+title
https://mahamprint.com/product/2120/%D8%AF%D8%B1%D8%A7%D9%85-%D9%85%D8%AF%D9%84-Brother-350-2000-Drum,0,21,https://mahamprint.com/products/--brother-350-2000-drum,درام مدل Brother 350-2000 Drum,1.0,high,model+title
https://mahamprint.com/product/2595/%DA%AF%D9%88%D8%B4%DB%8C-%D8%B3%D8%A7%D9%85%D8%B3%D9%88%D9%86%DA%AF-GALAXY-A53-5G,0,21,https://mahamprint.com/products/--galaxy-a53-5g,گوشی سامسونگ GALAXY A53 5G,1.0,high,model+title
https://mahamprint.com/product/2313/%D8%B1%D9%88%D9%84-%D9%BE%D8%B1%D8%B3-Sharp-AR-620,0,21,https://mahamprint.com/products/--sharp-ar-620,رول پرس Sharp AR-620,1.0,high,model+title
https://mahamprint.com/product/2492/%DA%86%D8%A7%D9%BE%DA%AF%D8%B1-%D8%B3%D9%87-%DA%A9%D8%A7%D8%B1%D9%87-EPSON-L6170,0,21,https://mahamprint.com/products/---epson-l6170,چاپگر سه کاره  EPSON  L6170,1.0,high,model+title
https://mahamprint.com/product/2671/%D9%BE%D8%B1%DB%8C%D9%86%D8%AA%D8%B1-%D8%AA%DA%A9-%DA%A9%D8%A7%D8%B1%D9%87-%D9%84%DB%8C%D8%B2%D8%B1%DB%8C-BROTHER-HL-L2365DW,0,21,https://mahamprint.com/products/----brother-hl-l2365dw,پرینتر تک کاره لیزری BROTHER HL-L2365DW,1.0,high,model+title
https://mahamprint.com/product/2792/all-in-one-asus-V241EAK-i3-1111G4,0,21,https://mahamprint.com/products/all-in-one-asus-v241eak-i3-1111g4,all in one asus V241EAK i3 1111G4,1.0,high,model+title
https://mahamprint.com/product/2259/%D9%86%D8%A7%D8%AE%D9%86%DA%A9-%D9%87%D8%A7%D8%AA%D8%B1%D9%88%D9%84-AR-236-%D8%B4%D8%A7%D8%B1%D9%BE-%D9%81%D8%A7%D8%A8%D8%B1%DB%8C%DA%A9,0,21,https://mahamprint.com/products/--ar-236--,ناخنک هاترول AR-236 شارپ فابریک,1.0,high,model+title
https://mahamprint.com/product/925/%D9%85%D8%A7%D8%B4%DB%8C%D9%86-%D8%AD%D8%B3%D8%A7%D8%A8-CASIO-DR-120R,0,21,https://mahamprint.com/products/--casio-dr-120r,ماشین حساب CASIO DR-120R,1.0,high,model+title
https://mahamprint.com/product/2958/%D9%81%DB%8C%D8%B4%20-%D9%BE%D8%B1%DB%8C%D9%86%D8%AA%D8%B1%20-%D8%A8%D8%B1%D9%86%D8%AF-%20TM-T20III-%20EPSON,0,21,https://mahamprint.com/products/------tm-t20iii--epson,فیش پرینتر برند TM-T20III EPSON,1.0,high,model+title
https://mahamprint.com/product/833/%D8%A8%D8%A7%D8%B1%DA%A9%D8%AF%D8%AE%D9%88%D8%A7%D9%86-DATALOGIC-Rida-dbt6400,0,21,https://mahamprint.com/products/-datalogic-rida-dbt6400,بارکدخوان DATALOGIC Rida dbt6400,1.0,high,model+title
https://mahamprint.com/product/3121/%D9%BE%D8%B1%DB%8C%D9%86%D8%AA%D8%B1%20-%DA%86%D9%87%D8%A7%D8%B1%DA%A9%D8%A7%D8%B1%D9%87-%20%D9%84%DB%8C%D8%B2%D8%B1%DB%8C%20-HP%20-425DW,0,21,https://mahamprint.com/products/------hp--425dw,پرینترچهارکاره لیزری HP 425DW,0.86,high,model+title
https://mahamprint.com/product/530/%D8%AA%D8%B3%D8%AA-%D8%A7%D8%B3%DA%A9%D9%86%D8%A7%D8%B3-Nikita-PBD-9S,0,21,https://mahamprint.com/products/--nikita-pbd-9s,تست اسکناس  Nikita  PBD-9S,1.0,high,model+title
https://mahamprint.com/product/2265/%D9%87%D8%A7%D8%AA-%D8%B1%D9%88%D9%84%D8%B1-%D8%B3%D8%A7%D9%85%D8%B3%D9%88%D9%86%DA%AF-CLX-3185,4,20,https://mahamprint.com/products/---clx-3185,هات رولر سامسونگ CLX-3185,1.0,high,model+title
https://mahamprint.com/product/2915/%D9%BE%D8%B1%DB%8C%D9%86%D8%AA%D8%B1-%D8%AA%DA%A9-%DA%A9%D8%A7%D8%B1%D9%87-HP-P4515N,3,20,https://mahamprint.com/products/---hp-p4515n,پرینتر تک کاره HP P4515N,1.0,high,model+title
https://mahamprint.com/product/1590/%DA%A9%D8%A7%D8%B1%D8%AA%D8%B1%DB%8C%D8%AC-CANON-045,2,20,https://mahamprint.com/products/-canon-045,کارتریج CANON 045,1.0,high,model+title
https://mahamprint.com/product/506/%D8%A7%D8%B3%DA%A9%D9%86%D8%B1-Avision-MiWand-2L,3,20,https://mahamprint.com/products/-avision-miwand-2l,اسکنر Avision MiWand 2L,1.0,high,model+title
https://mahamprint.com/product/455/%D8%A7%D8%B3%DA%A9%D9%86%D8%B1-PLUSTEK-SC8016U,2,20,https://mahamprint.com/products/-plustek-sc8016u,اسکنر PLUSTEK SC8016U,1.0,high,model+title
https://mahamprint.com/product/576/%D9%81%DB%8C%D8%B4-%D9%BE%D8%B1%DB%8C%D9%86%D8%AA%D8%B1%D9%85%D8%AF%D9%84-Bixolon-SRP-E300,2,20,https://mahamprint.com/products/--bixolon-srp-e300,فیش پرینترمدل Bixolon SRP-E300,1.0,high,model+title
https://mahamprint.com/product/633/%D8%AF%D8%B3%D8%AA%DA%AF%D8%A7%D9%87-%D8%AD%D8%B6%D9%88%D8%B1-%D9%88-%D8%BA%DB%8C%D8%A7%D8%A8-%D8%A8%D8%B1%D9%86%D8%AF-ZKTeco-X200,2,20,https://mahamprint.com/products/-----zkteco-x200,دستگاه حضور و غیاب برند ZKTeco X200,1.0,high,model+title
https://mahamprint.com/product/1965/%D9%86%D9%88%D8%A7%D8%B1-%D9%84%DB%8C%D8%A8%D9%84-%D9%BE%D8%B1%DB%8C%D9%86%D8%AA%D8%B1-%D9%85%D8%AF%D9%84-%D8%A8%D8%B1%D8%A7%D8%AF%D8%B1-TZE-325,1,20,https://mahamprint.com/products/-----tze-325,نوار لیبل پرینتر مدل برادر TZE-325,1.0,high,model+title
https://mahamprint.com/product/2337/%D8%B3%D8%B1%DB%8C-%DA%86%D8%B1%D8%AE-%D8%AF%D9%86%D8%AF%D9%87-%D8%AF%D8%B1%D8%A7%DB%8C%D9%88%D8%B1-%DA%86%D8%A7%D9%BE%DA%AF%D8%B1-hp-%D9%85%D8%AF%D9%84-P3015,1,20,https://mahamprint.com/products/-----hp--p3015,سری چرخ دنده درایور چاپگر hp مدل P3015,1.0,high,model+title
https://mahamprint.com/product/1148/%D8%AC%D9%88%D9%87%D8%B1-%D8%A8%D8%B1%D9%86%D8%AF-Canon-%D9%85%D8%AF%D9%84-GI-50-CMYK,1,20,https://mahamprint.com/products/--canon--gi-50-cmyk,جوهر برند Canon مدل GI-50 CMYK,1.0,high,model+title
https://mahamprint.com/product/2708/%D9%85%D8%A7%DA%98%D9%88%D9%84-%D9%81%DB%8C%D8%A8%D8%B1-%D9%86%D9%88%D8%B1%DB%8C-cisco-DS-SFP-FC8G-SW,1,20,https://mahamprint.com/products/---cisco-ds-sfp-fc8g-sw,ماژول فیبر نوری cisco DS-SFP-FC8G-SW,1.0,high,model+title
https://mahamprint.com/product/2507/%D9%BE%D8%B1%DB%8C%D9%86%D8%AA%D8%B1-%D8%B3%D9%87-%DA%A9%D8%A7%D8%B1%D9%87-%D8%AC%D9%88%D9%87%D8%B1%D8%A7%D9%81%D8%B4%D8%A7%D9%86-EPSON-L3210,1,20,https://mahamprint.com/products/----epson-l3210,پرینتر سه کاره جوهرافشان EPSON L3210,1.0,high,model+title
https://mahamprint.com/product/494/%D8%A7%D8%B3%DA%A9%D9%86%D8%B1-brother-ADS-2100,1,20,https://mahamprint.com/products/-brother-ads-2100,اسکنر brother ADS-2100,1.0,high,model+title
https://mahamprint.com/product/2756/%D9%81%DB%8C%D8%B4-%D9%BE%D8%B1%DB%8C%D9%86%D8%AA%D8%B1-ZEC-C200L,1,20,https://mahamprint.com/products/--zec-c200l,فیش پرینتر ZEC C200L,1.0,high,model+title
https://mahamprint.com/product/688/%DA%A9%D8%A7%D8%BA%D8%B0-%D8%AE%D8%B1%D8%AF%DA%A9%D9%86-Fellowes-60CS,1,20,https://mahamprint.com/products/--fellowes-60cs,کاغذ خردکن Fellowes 60CS,1.0,high,model+title
https://mahamprint.com/product/2626/%D8%A7%DB%8C%D8%B1%D9%BE%D8%A7%D8%AF-samsung-galaxy-buds-plus,1,20,https://mahamprint.com/products/-samsung-galaxy-buds-plus,ایرپاد samsung galaxy buds plus,1.0,high,model+title
https://mahamprint.com/product/1436/%D8%AA%D9%88%D9%86%D8%B1-Epson-302-CMYK,2,20,https://mahamprint.com/products/-epson-302-cmyk,تونر Epson 302 CMYK,1.0,high,model+title
https://mahamprint.com/product/1097/%D8%AF%D8%B1%D8%A7%D9%85-%DA%A9%D8%A7%D8%B1%D8%AA%D8%B1%DB%8C%D8%AC-Sharp-202,0,20,https://mahamprint.com/products/--sharp-202,درام کارتریج Sharp 202,1.0,high,model+title
https://mahamprint.com/product/1581/%DA%A9%D8%A7%D8%B1%D8%AA%D8%B1%DB%8C%D8%AC-%D8%AA%D9%88%D9%86%D8%B1-HP-202A,0,20,https://mahamprint.com/products/--hp-202a,کارتریج تونر HP 202A,1.0,high,model+title
https://mahamprint.com/product/1132/%D8%AC%D9%88%D9%87%D8%B1-HP-%D9%85%D8%AF%D9%84-GT51-Black,0,20,https://mahamprint.com/products/-hp--gt51-black,جوهر HP مدل GT51 Black,1.0,high,model+title
https://mahamprint.com/product/1125/%D8%AA%D9%88%D9%86%D8%B1-%D8%B4%D8%A7%D8%B1%DA%98-%D8%A8%D8%B1%D9%86%D8%AF-HP-1005-1KG,0,20,https://mahamprint.com/products/---hp-1005-1kg,تونر شارژ برند HP 1005 1KG,1.0,high,model+title
https://mahamprint.com/product/2303/%D8%B1%D9%88%D9%84-%D9%BE%D8%B1%D8%B3-Toshiba-E166,0,20,https://mahamprint.com/products/--toshiba-e166,رول پرس Toshiba E166,1.0,high,model+title
https://mahamprint.com/product/2449/%D9%84%DB%8C%D8%A8%D9%84-%D9%BE%D8%B1%DB%8C%D9%86%D8%AA%D8%B1-brother-PT-D600VP,0,20,https://mahamprint.com/products/--brother-pt-d600vp,لیبل پرینتر brother PT-D600VP,1.0,high,model+title
https://mahamprint.com/product/2591/%DA%AF%D9%88%D8%B4%DB%8C-%D8%B3%D8%A7%D9%85%D8%B3%D9%88%D9%86%DA%AF-%DA%AF%D9%84%DA%A9%D8%B3%DB%8C-A32-5G,0,20,https://mahamprint.com/products/---a32-5g,گوشی سامسونگ گلکسی A32 5G,1.0,high,model+title
https://mahamprint.com/product/23/hp-laserjet-m15a-printer,0,20,https://mahamprint.com/products/hp-laserjet-m15a-printer,پرینتر تک کاره  لیزری مدلHP 15A,0.488,medium,model+title
https://mahamprint.com/product/2893/%D9%BE%D8%B1%DB%8C%D9%86%D8%AA%D8%B1-%D9%84%DB%8C%D8%B2%D8%B1%DB%8C-%D8%A7%D8%B3%D8%AA%D9%88%DA%A9-%D8%AA%DA%A9-%DA%A9%D8%A7%D8%B1%D9%87-%D8%A8%D8%B1%D9%86%D8%AF-hp-1010,0,20,https://mahamprint.com/products/------hp-1010,پرینتر لیزری استوک تک کاره برند hp 1010,1.0,high,model+title
https://mahamprint.com/product/477/%D8%A7%D8%B3%DA%A9%D9%86%D8%B1-%D8%A7%D8%B3%DA%A9%D9%86-%D8%B2%DB%8C-BQS050,0,20,https://mahamprint.com/products/---bqs050,اسکنر اسکن زی BQS050,1.0,high,model+title
https://mahamprint.com/product/2885/%D9%BE%D8%B1%DB%8C%D9%86%D8%AA%D8%B1-%D8%A7%D8%B3%D8%AA%D9%88%DA%A9-%D8%AA%DA%A9-%DA%A9%D8%A7%D8%B1%D9%87-%D9%84%DB%8C%D8%B2%D8%B1%DB%8C-hp-1320,0,20,https://mahamprint.com/products/-----hp-1320,پرینتر استوک تک کاره لیزری  hp 1320,1.0,high,model+title
https://mahamprint.com/product/803/%D8%A8%D8%A7%D8%B1%DA%A9%D8%AF-%D8%A7%D8%B3%DA%A9%D9%86%D8%B1-MINDEO-%D9%85%D8%AF%D9%84-MP720,0,20,https://mahamprint.com/products/--mindeo--mp720,بارکد اسکنر MINDEO مدل  MP720,1.0,high,model+title
https://mahamprint.com/product/341/%D9%BE%D8%B1%DB%8C%D9%86%D8%AA%D8%B1-%D8%AC%D9%88%D9%87%D8%B1%D8%A7%D9%81%D8%B4%D8%A7%D9%86-%D8%A8%D8%B1%D8%A7%D8%AF%D8%B1-MFC-J3930DW,4,19,https://mahamprint.com/products/---mfc-j3930dw,پرینتر جوهرافشان برادر MFC-J3930DW,1.0,high,model+title
https://mahamprint.com/product/1528/%D8%AA%D9%88%D9%86%D8%B1-RICOH-407319,3,19,https://mahamprint.com/products/-ricoh-407319,تونر RICOH 407319,1.0,high,model+title
https://mahamprint.com/product/2213/%DA%AF%D8%B1%DB%8C%D8%AF-%D8%AA%D9%88%D8%B1%DB%8C-%D8%B4%D8%A7%D8%B1%DA%98%D8%B1-Sharp-MX452-500,2,19,https://mahamprint.com/products/---sharp-mx452-500,"گرید توری شارژر Sharp MX452, 500",1.0,high,model+title
https://mahamprint.com/product/2457/%D9%BE%D8%B1%DB%8C%D9%86%D8%AA%D8%B1-%DA%86%D9%86%D8%AF%DA%A9%D8%A7%D8%B1%D9%87-%D9%84%DB%8C%D8%B2%D8%B1%DB%8C-%D9%85%D8%AF%D9%84-HP-M141A,2,19,https://mahamprint.com/products/----hp-m141a,پرینتر چندکاره لیزری مدل HP M141A,1.0,high,model+title
https://mahamprint.com/product/2970/%D8%A8%D8%A7%D8%B1%DA%A9%D8%AF-%20%D8%A7%D8%B3%DA%A9%D9%86%D8%B1-%20%D8%A8%D8%B1%D9%86%D8%AF-%20CBON-%20%D9%85%D8%AF%D9%84-%20CB-H100D,2,19,https://mahamprint.com/products/------cbon----cb-h100d,بارکد اسکنر برند CBON مدل CB-H100D,1.0,high,model+title
https://mahamprint.com/product/1006/%D9%85%D8%A7%D8%B4%DB%8C%D9%86-%D8%AD%D8%B3%D8%A7%D8%A8-CASIO-FX-991EX,1,19,https://mahamprint.com/products/--casio-fx-991ex,ماشین حساب CASIO FX-991EX,1.0,high,model+title
https://mahamprint.com/product/2509/%D9%BE%D8%B1%DB%8C%D9%86%D8%AA%D8%B1-%D8%AC%D9%88%D9%87%D8%B1%D8%A7%D9%81%D8%B4%D8%A7%D9%86-%DA%86%D9%86%D8%AF-%DA%A9%D8%A7%D8%B1%D9%87-Epson-L8160,2,19,https://mahamprint.com/products/----epson-l8160,پرینتر جوهرافشان چند کاره  Epson L8160,1.0,high,model+title
https://mahamprint.com/product/1256/%D9%88%DB%8C%D8%AF%D8%A6%D9%88-%D9%BE%D8%B1%D9%88%DA%98%DA%A9%D8%AA%D9%88%D8%B1-ASUS-ZenBeam-Go-E1Z,1,19,https://mahamprint.com/products/--asus-zenbeam-go-e1z,ویدئو پروژکتور  ASUS ZenBeam Go E1Z,1.0,high,model+title
https://mahamprint.com/product/1293/%D8%AF%DB%8C%D8%AA%D8%A7-%D9%BE%D8%B1%D9%88%DA%98%DA%A9%D8%AA%D9%88%D8%B1-PANASONIC-PT-VX610,1,19,https://mahamprint.com/products/--panasonic-pt-vx610,دیتا پروژکتور PANASONIC PT-VX610,1.0,high,model+title
https://mahamprint.com/product/1468/%D8%AA%D9%88%D9%86%D8%B1-%DA%A9%D8%A7%D8%B1%D8%AA%D8%B1%DB%8C%D8%AC-HP-10A,1,19,https://mahamprint.com/products/--hp-10a,تونر کارتریج HP 10A,1.0,high,model+title
https://mahamprint.com/product/1791/%D9%85%D8%B1%DA%A9%D8%A8-Risograph-CR-S-2487,1,19,https://mahamprint.com/products/-risograph-cr-s-2487,مرکب Risograph CR S-2487,1.0,high,model+title
https://mahamprint.com/product/1396/%D8%AA%D9%88%D9%86%D8%B1-EPSON-24-CYAN,0,20,https://mahamprint.com/products/-epson-24-cyan,تونر EPSON 24 CYAN,1.0,high,model+title
https://mahamprint.com/product/1800/%D8%B1%D9%88%D9%84-%DA%A9%D8%A7%D8%BA%D8%B0-%D8%AD%D8%B1%D8%A7%D8%B1%D8%AA%DB%8C-%DA%A9%D8%AF%D8%A7%DA%A9-%D8%B9%D8%B1%D8%B6-8-80-%D9%85%D8%AA%D8%B1%DB%8C,1,19,https://mahamprint.com/products/-----8-50-,رول کاغذ حرارتی کداک عرض 8 (50 متری),0.272,low,title-only
https://mahamprint.com/product/301/%D9%BE%D8%B1%DB%8C%D9%86%D8%AA%D8%B1-%D9%84%DB%8C%D8%B2%D8%B1%DB%8C-%DA%86%D9%86%D8%AF%DA%A9%D8%A7%D8%B1%D9%87-%D8%A8%D8%B1%D9%86%D8%AF-HP-137FNW,1,19,https://mahamprint.com/products/----hp-137fnw,پرینتر لیزری چندکاره  برند HP 137FNW,1.0,high,model+title
https://mahamprint.com/product/298/%D9%BE%D8%B1%DB%8C%D9%86%D8%AA%D8%B1-%D8%AA%DA%A9-%DA%A9%D8%A7%D8%B1%D9%87-%D9%84%DB%8C%D8%B2%D8%B1%DB%8C-HP-107W,1,19,https://mahamprint.com/products/----hp-107w,پرینتر تک کاره لیزری HP 107W,1.0,high,model+title
https://mahamprint.com/product/2834/%D9%BE%D8%B1%D8%AF%D9%87-%D9%86%D9%85%D8%A7%DB%8C%D8%B4-%D8%AF%D8%B3%D8%AA%DB%8C-%D9%85%D8%AF%D9%84-CS200M,1,19,,,0.175,none,
https://mahamprint.com/product/570/%D9%81%DB%8C%D8%B4-%D9%BE%D8%B1%DB%8C%D9%86%D8%AA%D8%B1-BIXOLON-SPP-R318,1,19,https://mahamprint.com/products/--bixolon-spp-r318,فیش پرینتر BIXOLON SPP-R318,1.0,high,model+title
https://mahamprint.com/product/36/%D8%AF%D9%88%D8%B1%D8%A8%DB%8C%D9%86-%D9%81%DB%8C%D9%84%D9%85%D8%A8%D8%B1%D8%AF%D8%A7%D8%B1%DB%8C-Sony-PXW-Z150-4K-XDCAM,1,19,,,0.194,none,
https://mahamprint.com/product/597/%D8%B5%D9%86%D8%AF%D9%88%D9%82-%D9%81%D8%B1%D9%88%D8%B4%DA%AF%D8%A7%D9%87%DB%8C-SAM-4S-ER-180,1,19,https://mahamprint.com/products/--sam-4s-er-180,صندوق فروشگاهی SAM 4S ER-180,1.0,high,model+title
https://mahamprint.com/product/649/%DA%A9%D8%A7%D8%BA%D8%B0-%D8%AE%D8%B1%D8%AF%DA%A9%D9%86-Sunwood-SD9360,1,19,https://mahamprint.com/products/--nikita-sd9360,کاغذ خردکن Nikita SD9360,0.427,medium,model+title
https://mahamprint.com/product/1270/%D9%88%DB%8C%D8%AF%D8%A6%D9%88-%D9%BE%D8%B1%D9%88%DA%98%DA%A9%D8%AA%D9%88%D8%B1-EPSON-EB-2065,0,19,https://mahamprint.com/products/--epson-eb-2065,ویدئو پروژکتور EPSON EB-2065,1.0,high,model+title
https://mahamprint.com/product/1320/%D9%85%D8%A7%D9%86%DB%8C%D8%AA%D9%88%D8%B1-Dell-P2419H-24-Inch,0,19,https://mahamprint.com/products/-dell-p2419h-24-inch,مانیتور Dell P2419H 24 Inch,1.0,high,model+title
https://mahamprint.com/product/2269/%D9%87%D8%A7%D8%AA-%D8%B1%D9%88%D9%84%D8%B1-%D8%B1%DB%8C%DA%A9%D9%88-mp-2000-1600-2015-1018-1900,0,19,https://mahamprint.com/products/---mp-2000-1600-2015-1018-1900,هات رولر ریکو mp 2000 1600 2015 1018 1900,1.0,high,model+title
https://mahamprint.com/product/3056/%D9%84%DB%8C%D8%A8%D9%84-%20%D9%BE%D8%B1%DB%8C%D9%86%D8%AA%D8%B1-%20%D8%B5%D9%86%D8%B9%D8%AA%DB%8C%20-TSC%20-%D9%85%D8%AF%D9%84-%20MB340T,0,19,https://mahamprint.com/products/------tsc----mb340t,لیبل- پرینتر- صنعتی -TSC -مدل- MB340T,1.0,high,model+title
https://mahamprint.com/product/307/%D9%BE%D8%B1%DB%8C%D9%86%D8%AA%D8%B1-%D8%B1%D9%86%DA%AF%DB%8C-HP-479FNW,0,19,https://mahamprint.com/products/--hp--479fnw,پرینترچهارکاره لیزری  HP مدل 479FNW,0.79,high,model+title
https://mahamprint.com/product/472/%D8%A7%D8%B3%DA%A9%D9%86%D8%B1-BROTHER-ADS-3600W,0,19,https://mahamprint.com/products/-brother-ads-3600w,اسکنر BROTHER ADS-3600W,1.0,high,model+title
https://mahamprint.com/product/255/%D9%BE%D8%B1%DB%8C%D9%86%D8%AA%D8%B1-%D8%AC%D9%88%D9%87%D8%B1%D8%A7%D9%81%D8%B4%D8%A7%D9%86-%DA%86%D9%87%D8%A7%D8%B1%DA%A9%D8%A7%D8%B1%D9%87-Canon-MX492,0,19,https://mahamprint.com/products/---canon-mx492,پرینتر جوهرافشان چهارکاره Canon MX492,1.0,high,model+title
https://mahamprint.com/product/1811/%D8%AA%D8%A7%D9%86%DA%A9-%D8%AC%D9%88%D9%87%D8%B1-%D9%85%D8%AF%D9%84-HP-920,4,18,https://mahamprint.com/products/---hp-920,تانک جوهر مدل  HP 920,1.0,high,model+title
https://mahamprint.com/product/1272/%D9%88%DB%8C%D8%AF%D8%A6%D9%88-%D9%BE%D8%B1%D9%88%DA%98%DA%A9%D8%AA%D9%88%D8%B1-EPSON-EB-U05,3,18,https://mahamprint.com/products/--epson-eb-u05,ویدئو پروژکتور EPSON EB-U05,1.0,high,model+title
https://mahamprint.com/product/1687/%D8%A8%D8%A7%D8%B1%DA%A9%D8%AF-%D8%A7%D8%B3%DA%A9%D9%86%D8%B1-WINSON-WNC-6093B-V,3,18,https://mahamprint.com/products/--winson-wnc-6093b-v,بارکد اسکنر WINSON WNC-6093B\/V,1.0,high,model+title
https://mahamprint.com/product/1037/%D9%85%D8%A7%D8%B4%DB%8C%D9%86-%D8%AD%D8%B3%D8%A7%D8%A8-Citizen-SLD-322BK,2,18,https://mahamprint.com/products/--citizen-sld-322bk,ماشین حساب Citizen SLD-322BK,1.0,high,model+title
https://mahamprint.com/product/1588/%D8%AA%D9%88%D9%86%D8%B1-SAMSUNG-CLT-407S,2,18,https://mahamprint.com/products/-samsung-clt-407s,تونر SAMSUNG CLT-407S,1.0,high,model+title
https://mahamprint.com/product/1667/%D8%AF%DB%8C%D8%AA%D8%A7-%D9%BE%D8%B1%DA%98%DA%A9%D8%AA%D9%88%D8%B1-EPSON-E10,2,18,https://mahamprint.com/products/--epson-e10,دیتا پرژکتور EPSON E10,1.0,high,model+title
https://mahamprint.com/product/2488/%D9%88%DB%8C%D8%AF%D8%A6%D9%88-%D9%BE%D8%B1%D9%88%DA%98%DA%A9%D8%AA%D9%88%D8%B1-%D9%85%D8%AF%D9%84-optoma-hd-164x,2,18,https://mahamprint.com/products/---optoma-hd-164x,ویدئو پروژکتور مدل optoma  hd 164x,1.0,high,model+title
https://mahamprint.com/product/1000/%D9%85%D8%A7%D8%B4%DB%8C%D9%86-%D8%AD%D8%B3%D8%A7%D8%A8-CASIO-DM-1400B,1,18,https://mahamprint.com/products/--casio-dm-1400b,ماشین حساب CASIO DM-1400B,1.0,high,model+title
https://mahamprint.com/product/1060/%D8%AF%D8%B3%D8%AA%DA%AF%D8%A7%D9%87-%DA%A9%D9%BE%DB%8C-SHARP-AR-X311N,1,18,https://mahamprint.com/products/--sharp-ar-x311n,دستگاه کپی SHARP AR-X311N,1.0,high,model+title
https://mahamprint.com/product/1130/%D8%AC%D9%88%D9%87%D8%B1-%D9%85%D8%AF%D9%84-hp-100-%D8%B3%DB%8C-%D8%B3%DB%8C,1,18,https://mahamprint.com/products/--hp-100--,جوهر مدل hp 100 سی سی,1.0,high,model+title
https://mahamprint.com/product/1173/%DA%A9%D9%86%D8%B3%D9%88%D9%84-%D8%A8%D8%A7%D8%B2%DB%8C-Xbox-360-Slim-4GB,1,18,https://mahamprint.com/products/--xbox-360-slim-4gb,کنسول بازی  Xbox 360 Slim – 4GB,1.0,high,model+title
https://mahamprint.com/product/1156/%D8%AC%D9%88%D9%87%D8%B1-%D8%A8%D8%B1%D9%86%D8%AF-Canon-%D9%85%D8%AF%D9%84-GI-490-CMYK,1,18,https://mahamprint.com/products/--canon--gi-490-cmyk,جوهر برند Canon مدل GI-490 CMYK,1.0,high,model+title
https://mahamprint.com/product/581/%D9%84%DB%8C%D8%A8%D9%84-%D9%BE%D8%B1%DB%8C%D9%86%D8%AA%D8%B1-%D8%A8%D8%B1%D9%86%D8%AF-Beiyang-BTP-3210E,1,18,https://mahamprint.com/products/---beiyang-btp-3210e,لیبل پرینتر برند Beiyang  BTP-3210E,1.0,high,model+title
https://mahamprint.com/product/2050/%D8%A8%D8%B1%D8%AF-%D9%81%D8%B1%D9%85%D8%AA%D8%B1-%D8%A7%DA%86-%D9%BE%DB%8C-M1522N,1,18,https://mahamprint.com/products/----m1522n,برد فرمتر اچ پی M1522N,1.0,high,model+title
https://mahamprint.com/product/1992/%DA%A9%D8%A7%D8%B1%D8%AA-%D9%BE%DB%8C-%D9%88%DB%8C-%D8%B3%DB%8C-%D9%85%D8%A7%DB%8C%D9%81%D8%B1-200-%D8%B9%D8%AF%D8%AF%DB%8C-Mifare-PVC-Card-1K,1,18,https://mahamprint.com/products/-----200--mifare-pvc-card-1k,کارت پی وی سی مایفر 200 عددی Mifare PVC Card 1K,1.0,high,model+title
https://mahamprint.com/product/1489/%DA%A9%D8%A7%D8%B1%D8%AA%D8%B1%DB%8C%D8%AC-CANON-303,0,18,https://mahamprint.com/products/-canon-303,کارتریج CANON 303,1.0,high,model+title
https://mahamprint.com/product/971/%D9%85%D8%A7%D8%B4%DB%8C%D9%86-%D8%AD%D8%B3%D8%A7%D8%A8-CASIO-FX-991es-plus,1,18,https://mahamprint.com/products/--casio-fx-991es-plus,ماشین حساب CASIO FX-991es plus,1.0,high,model+title
https://mahamprint.com/product/1647/%D9%BE%D8%B1%DB%8C%D9%86%D8%AA%D8%B1-%D9%84%DB%8C%D8%B2%D8%B1%DB%8C-%D8%AA%DA%A9-%DA%A9%D8%A7%D8%B1%D9%87-HP-M211DW,0,18,https://mahamprint.com/products/----hp-m211dw,پرینتر لیزری تک کاره HP M211DW,1.0,high,model+title
https://mahamprint.com/product/2276/%D9%87%D8%A7%D8%AA-%D8%B1%D9%88%D9%84-%D8%B4%D8%A7%D8%B1%D9%BE-%D8%B1%D9%86%DA%AF%DB%8C-3500-2700,0,18,https://mahamprint.com/products/----3500-2700,هات رول شارپ رنگی 3500 2700,1.0,high,model+title
https://mahamprint.com/product/2396/%DA%A9%D8%A7%D8%BA%D8%B0%DA%A9%D8%B4-ADF-%D8%A7%D8%B3%D9%81%D9%86%D8%AC%DB%8C-%D8%B4%D8%A7%D8%B1%D9%BE-AR-620-%D9%81%D8%A7%D8%A8%D8%B1%DB%8C%DA%A9,0,18,https://mahamprint.com/products/-adf---ar-620-,کاغذکش ADF اسفنجی شارپ AR-620 فابریک,1.0,high,model+title
https://mahamprint.com/product/2336/%DA%86%D8%B1%D8%AE-%D8%AF%D9%86%D8%AF%D9%87-%D9%82%D8%A7%D8%A8%D8%AF%D8%A7%D8%B1-%D9%BE%D8%B1%DB%8C%D9%86%D8%AA%D8%B1-%D8%A8%D8%B1%D9%86%D8%AF-hp-%D9%85%D8%AF%D9%84-pro-m401,0,18,https://mahamprint.com/products/-----hp--pro-m401,چرخ دنده قابدار پرینتر برند hp مدل pro m401,1.0,high,model+title
https://mahamprint.com/product/2704/%D9%85%D8%A7%DA%98%D9%88%D9%84-%D8%B4%D8%A8%DA%A9%D9%87-CISCO-GLC-T,0,18,https://mahamprint.com/products/--cisco-glc-t,ماژول شبکه CISCO GLC-T,1.0,high,model+title
https://mahamprint.com/product/2760/all-in-one-dell-7450-core-i5-6,0,18,https://mahamprint.com/products/all-in-one-dell-7450-core-i5-6,all in one dell 7450 core i5-6,1.0,high,model+title
https://mahamprint.com/product/3025/%D9%BE%D8%B1%DB%8C%D9%86%D8%AA%D8%B1-%20%D8%B3%D9%87%20%DA%A9%D8%A7%D8%B1%D9%87%20-%D8%AC%D9%88%D9%87%D8%B1%D8%A7%D9%81%D8%B4%D8%A7%D9%86-%20%D8%A7%D9%BE%D8%B3%D9%88%D9%86%20-%D9%85%D8%AF%D9%84%20-L3252,0,18,https://mahamprint.com/products/-----------l3252,پرینتر سه کاره جوهرافشان اپسون مدل L3252,1.0,high,model+title
https://mahamprint.com/product/3028/%D9%BE%D8%B1%DB%8C%D9%86%D8%AA%D8%B1-%D9%84%DB%8C%D8%B2%D8%B1%DB%8C-%DA%86%D9%87%D8%A7%D8%B1-%DA%A9%D8%A7%D8%B1%D9%87-%D8%A8%D8%B1%D9%86%D8%AF-BROTHER-%D9%85%D8%AF%D9%84-2700D,0,18,https://mahamprint.com/products/---------brother----2700d,پرینتر لیزری چهار کاره برند BROTHER مدل 2700D,1.0,high,model+title
https://mahamprint.com/product/3045/%D9%84%DB%8C%D8%A8%D9%84-%20%D9%BE%D8%B1%DB%8C%D9%86%D8%AA%D8%B1-%20Zebra-%20ZT111,0,18,https://mahamprint.com/products/----zebra--zt111,لیبل پرینتر Zebra ZT111,1.0,high,model+title
https://mahamprint.com/product/3117/%D9%BE%D8%B1%DB%8C%D9%86%D8%AA%D8%B1-%20%D8%AA%DA%A9%20-%DA%A9%D8%A7%D8%B1%D9%87-%20%D9%84%DB%8C%D8%B2%D8%B1%DB%8C%20-HP-%204015N,0,18,https://mahamprint.com/products/--------hp--4015n,پرینتر تک کاره لیزری HP 4015N,1.0,high,model+title
https://mahamprint.com/product/492/%D8%A7%D8%B3%DA%A9%D9%86%D8%B1-Brother-PDS-5000,0,18,https://mahamprint.com/products/-brother-pds-5000,اسکنر Brother PDS-5000,1.0,high,model+title
https://mahamprint.com/product/778/%D8%A8%D8%A7%D8%B1%DA%A9%D8%AF-%D8%A7%D8%B3%DA%A9%D9%86%D8%B1-%D8%A8%D8%B1%D9%86%D8%AFDATALOGIC-%D9%85%D8%AF%D9%84-GD-4132,0,18,https://mahamprint.com/products/--datalogic--gd-4132,بارکد اسکنر برندDATALOGIC مدل GD 4132,1.0,high,model+title
https://mahamprint.com/product/880/%D8%A7%D8%B3%DA%A9%D9%86%D8%A7%D8%B3-%D8%B4%D9%85%D8%A7%D8%B1-SAYAN-MEGA,0,18,https://mahamprint.com/products/--sayan-mega,اسکناس شمار SAYAN MEGA,1.0,high,model+title
https://mahamprint.com/product/898/%D8%A7%D8%B3%DA%A9%D9%86%D8%A7%D8%B3-%D8%B4%D9%85%D8%A7%D8%B1-%D8%B1%D9%88%D9%85%DB%8C%D8%B2%DB%8C-AX-2700,0,18,https://mahamprint.com/products/---ax-2700,اسکناس شمار رومیزی AX-2700,1.0,high,model+title
https://mahamprint.com/product/635/%D8%AF%D8%B3%D8%AA%DA%AF%D8%A7%D9%87-%D8%AD%D8%B6%D9%88%D8%B1-%D9%88-%D8%BA%DB%8C%D8%A7%D8%A8-ZKTeco-Multibio-800,0,18,https://mahamprint.com/products/----zkteco-multibio-800,دستگاه حضور و غیاب ZKTeco Multibio 800,1.0,high,model+title
https://mahamprint.com/product/747/%DA%A9%D8%A7%D8%BA%D8%B0-%D8%AE%D8%B1%D8%AF%DA%A9%D9%86-Nikita-U5,3,17,https://mahamprint.com/products/--nikita-u5,کاغذ خردکن Nikita U5,1.0,high,model+title
https://mahamprint.com/product/1236/%D9%88%DB%8C%D8%AF%DB%8C%D9%88-%D9%BE%D8%B1%D9%88%DA%98%DA%A9%D8%AA%D9%88%D8%B1-%D9%82%D8%A7%D8%A8%D9%84-%D8%AD%D9%85%D9%84-T18,2,17,https://mahamprint.com/products/----t18,ویدیو پروژکتور قابل حمل T18,1.0,high,model+title
https://mahamprint.com/product/1881/%D9%84%DB%8C%D8%A8%D9%84-%D8%A8%D8%B1%DA%86%D8%B3%D8%A8-pvc-%D8%AA%DA%A9-%D8%B1%D8%AF%DB%8C%D9%81%D9%87-50%C3%9725,2,17,https://mahamprint.com/products/--pvc---50-25,لیبل (برچسب) pvc تک ردیفه 50×25,0.35,medium,title-only
https://mahamprint.com/product/1420/%D8%AA%D9%88%D9%86%D8%B1-Epson-T6161-Black,5,17,https://mahamprint.com/products/-epson-t6161-black,تونر Epson T6161 Black,1.0,high,model+title
https://mahamprint.com/product/270/%D9%BE%D8%B1%DB%8C%D9%86%D8%AA%D8%B1-EPSON-ET-L5190,2,17,https://mahamprint.com/products/-epson-et-l5190,پرینتر EPSON ET-L5190,1.0,high,model+title
https://mahamprint.com/product/837/%D8%A8%D8%A7%D8%B1%DA%A9%D8%AF-%D8%A7%D8%B3%DA%A9%D9%86%D8%B1-DATALOGIC-QD2430,2,17,https://mahamprint.com/products/--datalogic-qd2430-2,بارکد اسکنر DATALOGIC QD2430,1.0,high,model+title
https://mahamprint.com/product/1676/%D9%81%DA%A9%D8%B3-%D8%A8%D8%B1%D9%86%D8%AF-Brother-%D9%85%D8%AF%D9%84-837MCS,1,17,https://mahamprint.com/products/--brother--837mcs,فکس  برند Brother مدل 837MCS,1.0,high,model+title
https://mahamprint.com/product/2588/%D9%BE%D8%B1%DB%8C%D9%86%D8%AA%D8%B1-%D8%AD%D8%B1%D8%A7%D8%B1%D8%AA%DB%8C-TP-premium1,1,17,https://mahamprint.com/products/--tp-premium1,پرینتر حرارتی TP-premium1,1.0,high,model+title
https://mahamprint.com/product/3044/%D8%A7%D8%B3%DA%A9%D9%86%D8%B1%20-%D9%81%D9%88%D8%AC%DB%8C%D8%AA%D8%B3%D9%88%20-%D9%85%D8%AF%D9%84-%20fi6010n,1,17,https://mahamprint.com/products/------fi6010n,اسکنر فوجیتسو مدل fi6010n,1.0,high,model+title
https://mahamprint.com/product/57/%D9%BE%D8%B1%DB%8C%D9%86%D8%AA%D8%B1-%D9%84%DB%8C%D8%B2%D8%B1%DB%8C-HP-M12W,1,17,https://mahamprint.com/products/--hp-m12w,پرینتر لیزری HP M12W,1.0,high,model+title
https://mahamprint.com/product/83/%D9%BE%D8%B1%DB%8C%D9%86%D8%AA%D8%B1-%DA%86%D9%86%D8%AF%DA%A9%D8%A7%D8%B1%D9%87-%D9%84%DB%8C%D8%B2%D8%B1%DB%8C-%D8%A8%D8%B1%D9%86%D8%AF-HP-%D9%85%D8%AF%D9%84-M130FW,1,17,https://mahamprint.com/products/----hp--m130fw,پرینتر چندکاره لیزری برند HP مدل M130FW,1.0,high,model+title
https://mahamprint.com/product/687/%DA%A9%D8%A7%D8%BA%D8%B0-%D8%AE%D8%B1%D8%AF%DA%A9%D9%86-Fellowes-225MI,1,17,https://mahamprint.com/products/--fellowes-225mi,کاغذ خردکن Fellowes 225MI,1.0,high,model+title
https://mahamprint.com/product/2761/all-in-one-dell-7440-core-i5-6,1,17,https://mahamprint.com/products/all-in-one-dell-7440-core-i5-6,all in one dell 7440 core i5-6,1.0,high,model+title
https://mahamprint.com/product/1088/%D9%85%DA%AF%D9%86%D8%AA-samsung-4521,0,17,https://mahamprint.com/products/-samsung-4521,مگنت samsung 4521,1.0,high,model+title
https://mahamprint.com/product/1299/%D8%AF%DB%8C%D8%AA%D8%A7-%D9%88%DB%8C%D8%AF%D8%A6%D9%88-%D9%BE%D8%B1%D9%88%DA%98%DA%A9%D8%AA%D9%88%D8%B1-NEC-VE303G,0,17,https://mahamprint.com/products/---nec-ve303g,دیتا ویدئو پروژکتور NEC VE303G,1.0,high,model+title
https://mahamprint.com/product/1779/%D8%AF%D9%88%D9%84%D9%88%D9%BE%D8%B1-%D8%A7%D9%88%D8%B1%D8%AC%DB%8C%D9%86%D8%A7%D9%84-%D8%A8%D8%B1%D9%86%D8%AF-Sharp-AR-205DV,0,17,https://mahamprint.com/products/---sharp-ar-205dv,دولوپر اورجینال برند Sharp AR-205DV,1.0,high,model+title
https://mahamprint.com/product/2011/%D8%A8%D8%A7%D8%AA%D8%B1%DB%8C-%D8%B3%DA%A9%D9%87-%D8%A7%DB%8C-Kodak-CR2016-3V,0,17,https://mahamprint.com/products/---kodak-cr2016-3v,باتری سکه ای Kodak CR2016 3V,1.0,high,model+title
https://mahamprint.com/product/2122/%D8%AF%D8%B1%D8%A7%D9%85-%D8%A8%D8%B1%D9%86%D8%AF-Samsung-%D9%85%D8%AF%D9%84-103-Drum,0,17,https://mahamprint.com/products/--samsung--103-drum,درام برند Samsung مدل 103 Drum,1.0,high,model+title
https://mahamprint.com/product/3017/%D9%88%DB%8C%D8%AF%D8%A6%D9%88%20-%D9%BE%D8%B1%D9%88%DA%98%DA%A9%D8%AA%D9%88%D8%B1%20-panasonic-%20vmz51,0,17,https://mahamprint.com/products/----panasonic--vmz51,ویدئو پروژکتور panasonic vmz51,1.0,high,model+title
https://mahamprint.com/product/2308/%D8%B1%D9%88%D9%84-%D9%BE%D8%B1%D8%B3-HP-1200,0,17,https://mahamprint.com/products/--hp-1200,فوم رول HP 1200,0.86,high,model+title
https://mahamprint.com/product/599/%D8%B5%D9%86%D8%AF%D9%88%D9%82-%D9%81%D8%B1%D9%88%D8%B4%DA%AF%D8%A7%D9%87%DB%8C-OKPOS-K-9000-1037U,0,17,https://mahamprint.com/products/--okpos-k-9000-1037u,صندوق فروشگاهی OKPOS K-9000 1037U,1.0,high,model+title
https://mahamprint.com/product/2347/%DA%86%D8%B1%D8%AE-%D8%AF%D9%86%D8%AF%D9%87-%D8%B1%D8%A7%D8%A8%D8%B7-%D9%87%DB%8C%D8%AA%D8%B1-%DA%A9%D9%BE%DB%8C-%D9%85%D8%AF%D9%84-Sharp-AR-160-5316-5516,0,17,https://mahamprint.com/products/------sharp-ar-160-5316-5516,چرخ دنده رابط هیتر کپی مدل Sharp AR-160\/5316\/5516,1.0,high,model+title
https://mahamprint.com/product/87/%D9%BE%D8%B1%DB%8C%D9%86%D8%AA%D8%B1-%D9%84%DB%8C%D8%B2%D8%B1%DB%8C-%DA%86%D9%87%D8%A7%D8%B1%DA%A9%D8%A7%D8%B1%D9%87-%D8%A8%D8%B1%D9%86%D8%AF-HP-M426FDW,0,17,https://mahamprint.com/products/----hp-m426fdw,پرینتر لیزری چهارکاره برند HP M426FDW,1.0,high,model+title
https://mahamprint.com/product/436/%D8%A7%D8%B3%DA%A9%D9%86%D8%B1-FUJITSU-FI-6800,4,16,https://mahamprint.com/products/-fujitsu-fi-6800,اسکنر FUJITSU FI-6800,1.0,high,model+title
https://mahamprint.com/product/961/%D9%85%D8%A7%D8%B4%DB%8C%D9%86-%D8%AD%D8%B3%D8%A7%D8%A8-CASIO-HR-100TM,0,17,https://mahamprint.com/products/--casio-hr-100tm,ماشین حساب CASIO HR-100TM,1.0,high,model+title
https://mahamprint.com/product/1493/%DA%A9%D8%A7%D8%B1%D8%AA%D8%B1%DB%8C%D8%AC-SHARP-MX-560GT,3,16,https://mahamprint.com/products/-sharp-mx-560gt,کارتریج SHARP MX-560GT,1.0,high,model+title
https://mahamprint.com/product/895/%D8%A7%D8%B3%DA%A9%D9%86%D8%A7%D8%B3-%D8%B4%D9%85%D8%A7%D8%B1-AX-2088,3,16,https://mahamprint.com/products/--ax-2088,اسکناس شمار AX-2088,1.0,high,model+title
https://mahamprint.com/product/98/%D9%BE%D8%B1%DB%8C%D9%86%D8%AA%D8%B1-%DA%86%D9%86%D8%AF-%DA%A9%D8%A7%D8%B1%D9%87-%D9%84%DB%8C%D8%B2%D8%B1%DB%8C-%D8%A8%D8%B1%D9%86%D8%AF-CANON-%D9%85%D8%AF%D9%84-MF231,3,16,https://mahamprint.com/products/-----canon--mf231,پرینتر چند کاره لیزری برند CANON مدل MF231,1.0,high,model+title
https://mahamprint.com/product/101/%D9%BE%D8%B1%DB%8C%D9%86%D8%AA%D8%B1-%D9%84%DB%8C%D8%B2%D8%B1%DB%8C-CANON-MF247DW,2,16,https://mahamprint.com/products/--canon-mf247dw,پرینتر لیزری CANON MF247DW,1.0,high,model+title
https://mahamprint.com/product/2080/%D8%A8%D8%B1%D8%AF-%D9%BE%D8%A7%D9%88%D8%B1-%D8%A8%D8%B1%D9%86%D8%AF-hp-M125-M126-M127-M128,2,16,https://mahamprint.com/products/---hp-m125-m126-m127-m128,برد پاور برند hp M125 M126 M127 M128,1.0,high,model+title
https://mahamprint.com/product/2920/%D9%84%DB%8C%D8%A8%D9%84-%D9%BE%D8%B1%DB%8C%D9%86%D8%AA%D8%B1-%D8%A8%D8%B1%D9%86%D8%AF-Zebra-GX420t,2,16,https://mahamprint.com/products/---zebra-gx420t,لیبل پرینتر برند Zebra GX420t,1.0,high,model+title
https://mahamprint.com/product/2613/%D8%B3%D8%A7%D8%B9%D8%AA-%D9%87%D9%88%D8%B4%D9%85%D9%86%D8%AF-%D9%85%D8%AF%D9%84-samsung-Galaxy-Watch-5,2,16,https://mahamprint.com/products/---samsung-galaxy-watch-5,ساعت هوشمند مدل samsung Galaxy Watch 5,1.0,high,model+title
https://mahamprint.com/product/1842/%D9%84%DB%8C%D8%A8%D9%84-%D8%A8%D8%B1%DA%86%D8%B3%D8%A8-%DA%A9%D8%A7%D8%BA%D8%B0%DB%8C-%D8%AA%DA%A9-%D8%B1%D8%AF%DB%8C%D9%81%D9%87-34-51,2,16,https://mahamprint.com/products/-----34-51,لیبل (برچسب) کاغذی تک ردیفه  34×51,0.35,medium,title-only
https://mahamprint.com/product/2401/%DA%A9%D8%A7%D8%BA%D8%B0%DA%A9%D8%B4-%DA%A9%D9%88%D9%86%DB%8C%DA%A9%D8%A7-%D9%85%DB%8C%D9%86%D9%88%D9%84%D8%AA%D8%A7-%D8%A8%DB%8C%D8%B2%D9%87%D8%A7%D8%A8-C250-350-183-Di-152,2,16,https://mahamprint.com/products/----c250-350-183-di-152,کاغذکش کونیکا مینولتا بیزهاب C250\/350\/183\/Di 152,1.0,high,model+title
https://mahamprint.com/product/1081/%D9%81%D9%88%D9%85-%D8%B1%D9%88%D9%84-HP-1215,1,16,https://mahamprint.com/products/--hp-1215,بلید کارتریج HP 1215,0.767,high,model+title
https://mahamprint.com/product/1124/%D8%AA%D9%88%D9%86%D8%B1-%D8%B4%D8%A7%D8%B1%DA%98-%D8%A8%D8%B1%D9%86%D8%AF-1kg-sharp,1,16,https://mahamprint.com/products/---1kg-sharp,تونر شارژ برند 1kg sharp,1.0,high,model+title
https://mahamprint.com/product/1251/%D9%88%DB%8C%D8%AF%D8%A6%D9%88-%D9%BE%D8%B1%D9%88%DA%98%DA%A9%D8%AA%D9%88%D8%B1-%D8%A8%D8%B1%D9%86%D8%AF-BenQ-%D9%85%D8%AF%D9%84-i500,1,16,https://mahamprint.com/products/---benq--i500,ویدئو پروژکتور برند BenQ مدل i500,1.0,high,model+title
https://mahamprint.com/product/1312/%D8%AF%DB%8C%D8%AA%D8%A7-%D9%88%DB%8C%D8%AF%D8%A6%D9%88-%D9%BE%D8%B1%D9%88%DA%98%DA%A9%D8%AA%D9%88%D8%B1-BENQ-MS527,1,16,https://mahamprint.com/products/---benq-ms527,دیتا ویدئو پروژکتور BENQ MS527,1.0,high,model+title
https://mahamprint.com/product/1366/%D8%AA%D9%88%D9%86%D8%B1-HP-950-Black,1,16,https://mahamprint.com/products/-hp-950-black,تونر HP 950 Black,1.0,high,model+title
https://mahamprint.com/product/1497/%DA%A9%D8%A7%D8%B1%D8%AA%D8%B1%DB%8C%D8%AC-%D8%AA%D9%88%D9%86%D8%B1-BROTHER-TN-2260,1,16,https://mahamprint.com/products/--brother-tn-2260,کارتریج تونر BROTHER TN-2260,1.0,high,model+title
https://mahamprint.com/product/1467/%D8%AA%D9%88%D9%86%D8%B1-%DA%A9%D8%A7%D8%B1%D8%AA%D8%B1%DB%8C%D8%AC-HP-11A,1,16,https://mahamprint.com/products/--hp-11a,تونر کارتریج HP 11A,1.0,high,model+title
https://mahamprint.com/product/1796/%D9%85%D8%B1%DA%A9%D8%A8-Risograph-CZ-S-4877,1,16,https://mahamprint.com/products/-risograph-cz-s-4877,مرکب Risograph CZ S-4877,1.0,high,model+title
https://mahamprint.com/product/1922/%D9%84%DB%8C%D8%A8%D9%84-%D9%BE%DB%8C-%D9%88%DB%8C-%D8%B3%DB%8C-%D8%AF%D9%88-%D8%B1%D8%AF%DB%8C%D9%81%D9%87-45-15-PVC-label-two-row,1,16,https://mahamprint.com/products/------45-15-pvc-label-two-row,لیبل پی وی سی دو ردیفه 45×15 PVC label two row,1.0,high,model+title
https://mahamprint.com/product/2447/%D9%84%DB%8C%D8%A8%D9%84-%D9%BE%D8%B1%DB%8C%D9%86%D8%AA%D8%B1-brother-PT-P900W,1,16,https://mahamprint.com/products/--brother-pt-p900w,لیبل پرینتر brother PT-P900W,1.0,high,model+title
https://mahamprint.com/product/2968/%D9%88%DB%8C%D8%AF%D8%A6%D9%88-%20%D9%BE%D8%B1%D9%88%DA%98%DA%A9%D8%AA%D9%88%D8%B1%20-%D8%A8%D8%B1%D9%86%D8%AF-%20xiaomi-%20wanbo%20t2r%20max,1,16,https://mahamprint.com/products/------xiaomi--wanbo-t2r-max,ویدئو پروژکتور برند xiaomi wanbo t2r max,1.0,high,model+title
https://mahamprint.com/product/2960/%D9%84%DB%8C%D8%A8%D9%84-%20%D9%BE%D8%B1%DB%8C%D9%86%D8%AA%D8%B1%20-%D8%A8%D8%B1%D9%86%D8%AF-%20%20zenpert-%20%D9%85%D8%AF%D9%84-%204T520,1,16,https://mahamprint.com/products/---zenpert-4t520,لیبل پرینتر مدل Zenpert 4T520,1.0,high,model+title
https://mahamprint.com/product/2940/%D9%88%DB%8C%D8%AF%D8%A6%D9%88-%D9%BE%D8%B1%D9%88%DA%98%DA%A9%D8%AA%D9%88%D8%B1-%D8%A8%D8%B1%D9%86%D8%AF-EPSON-CO-W01,1,16,https://mahamprint.com/products/---epson-co-w01,ویدئو پروژکتور برند EPSON  CO-W01,1.0,high,model+title
https://mahamprint.com/product/3104/%D8%A8%D8%A7%D8%B1%DA%A9%D8%AF-%20%D8%AE%D9%88%D8%A7%D9%86-%20%D9%85%DB%8C%D9%86%D8%AF%D8%A6%D9%88%20-CS3290,1,16,https://mahamprint.com/products/------cs3290,بارکد خوان میندئو CS3290,1.0,high,model+title
https://mahamprint.com/product/3110/%D8%A8%D8%A7%D8%B1%DA%A9%D8%AF%20%D8%AE%D9%88%D8%A7%D9%86-%20Datalogic%20-MAGELLAN%20-900i,1,16,https://mahamprint.com/products/---datalogic--magellan--900i,بارکد خوان Datalogic MAGELLAN 900i,1.0,high,model+title
https://mahamprint.com/product/538/%D9%84%DB%8C%D8%A8%D9%84-%D9%BE%D8%B1%DB%8C%D9%86%D8%AA%D8%B1-%D8%A8%D8%B1%D9%86%D8%AF-Bixolon-XD3-40td,1,16,https://mahamprint.com/products/---bixolon-xd3-40td,لیبل پرینتر برند Bixolon XD3-40td,1.0,high,model+title
https://mahamprint.com/product/1367/%D8%AA%D9%88%D9%86%D8%B1-HP-63-CMY,0,16,https://mahamprint.com/products/-hp-63-cmy,تونر HP 63 CMY,0.35,medium,title-only
https://mahamprint.com/product/1136/%D8%AC%D9%88%D9%87%D8%B1-%DB%B4-%D8%B1%D9%86%DA%AF-EPSON-T502,0,16,https://mahamprint.com/products/---epson-t502,جوهر ۴ رنگ EPSON T502,1.0,high,model+title
https://mahamprint.com/product/174/%D9%BE%D8%B1%DB%8C%D9%86%D8%AA%D8%B1-%DA%86%D9%86%D8%AF%DA%A9%D8%A7%D8%B1%D9%87-%D9%84%DB%8C%D8%B2%D8%B1%DB%8C-%D8%A8%D8%B1%D9%86%D8%AF-HP-PRO-MFP-M28A,0,16,https://mahamprint.com/products/----hp-pro-mfp-m28a,پرینتر چندکاره لیزری برند HP PRO MFP M28A,1.0,high,model+title
https://mahamprint.com/product/176/%D9%BE%D8%B1%DB%8C%D9%86%D8%AA%D8%B1-%DA%86%D9%87%D8%A7%D8%B1%DA%A9%D8%A7%D8%B1%D9%87-%D8%A8%D8%B1%D9%86%D8%AF-HP-%D9%85%D8%AF%D9%84-MFP-M525DN,0,16,https://mahamprint.com/products/---hp--mfp-m525dn,پرینتر چهارکاره برند HP مدل MFP M525DN,1.0,high,model+title
https://mahamprint.com/product/2399/%D9%BE%DB%8C%DA%A9%D8%A7%D9%BE-%D8%A2%D8%AC%D8%AF%D8%A7%D8%B1-%D8%AF%D8%B3%D8%AA%DB%8C-%D8%B4%D8%A7%D8%B1%D9%BE-AR-5127,0,16,https://mahamprint.com/products/----ar-5127,پیکاپ آجدار دستی شارپ AR-5127,1.0,high,model+title
https://mahamprint.com/product/2963/%D9%88%DB%8C%D8%AF%D8%A6%D9%88-%D9%BE%D8%B1%D9%88%DA%98%DA%A9%D8%AA%D9%88%D8%B1-ACER-%D9%85%D8%AF%D9%84-X1226AH,0,16,https://mahamprint.com/products/----acer--x1123hp,ویدئو پروژکتور ACER X1123HP,0.427,medium,model+title
https://mahamprint.com/product/358/%D9%BE%D8%B1%DB%8C%D9%86%D8%AA%D8%B1-%D8%AC%D9%88%D9%87%D8%B1%D8%A7%D9%81%D8%B4%D8%A7%D9%86-hp-615w,0,16,https://mahamprint.com/products/--hp-615w,پرینتر جوهرافشان hp 615w,1.0,high,model+title
https://mahamprint.com/product/346/%D9%BE%D8%B1%DB%8C%D9%86%D8%AA%D8%B1-%DA%86%D9%86%D8%AF%DA%A9%D8%A7%D8%B1%D9%87-%D9%84%DB%8C%D8%B2%D8%B1%DB%8C-%D8%A8%D8%B1%D9%86%D8%AF-HP-MFP-M183FW,0,16,https://mahamprint.com/products/----hp-mfp-m183fw,پرینتر چندکاره لیزری برند HP MFP M183FW,1.0,high,model+title
https://mahamprint.com/product/442/%D8%A7%D8%B3%DA%A9%D9%86%D8%B1-Plustek-Z300,0,16,https://mahamprint.com/products/-plustek-z300,اسکنر Plustek Z300,1.0,high,model+title
https://mahamprint.com/product/368/%D9%BE%D8%B1%DB%8C%D9%86%D8%AA%D8%B1-%D8%AC%D9%88%D9%87%D8%B1%D8%A7%D9%81%D8%B4%D8%A7%D9%86-%DA%86%D9%87%D8%A7%D8%B1%DA%A9%D8%A7%D8%B1%D9%87-EPSON-WF-3620,0,16,https://mahamprint.com/products/---epson-wf-3620,پرینتر جوهرافشان چهارکاره EPSON WF-3620,1.0,high,model+title
https://mahamprint.com/product/522/%D8%AA%D8%B3%D8%AA-%D8%A7%D8%B3%DA%A9%D9%86%D8%A7%D8%B3-Protech%D9%85%D8%AF%D9%84-DL-880,0,16,https://mahamprint.com/products/--protech-dl-880,تست اسکناس Protechمدل DL-880,1.0,high,model+title
https://mahamprint.com/product/536/%D9%81%DB%8C%D8%B4-%D9%BE%D8%B1%DB%8C%D9%86%D8%AA%D8%B1-bixolon-srp-r200lll,0,16,https://mahamprint.com/products/--bixolon-srp-r200lll,فیش پرینتر bixolon srp r200lll,1.0,high,model+title
https://mahamprint.com/product/680/%DA%A9%D8%A7%D8%BA%D8%B0-%D8%AE%D8%B1%D8%AF%DA%A9%D9%86-Fellowes-H8C,0,16,https://mahamprint.com/products/--fellowes-h8c,کاغذ خردکن Fellowes H8C,1.0,high,model+title
https://mahamprint.com/product/507/%D8%A7%D8%B3%DA%A9%D9%86%D8%B1-HP-8420N,5,15,https://mahamprint.com/products/-hp-8420n,اسکنر hp 8420n,1.0,high,model+title
https://mahamprint.com/product/771/%D8%AF%D8%B3%D8%AA%DA%AF%D8%A7%D9%87-%D8%A8%D8%B1%D8%B4-%DA%A9%D8%A7%D8%BA%D8%B0-AX-Full-650,3,15,https://mahamprint.com/products/---ax-full-650,دستگاه برش کاغذ AX Full 650,1.0,high,model+title
https://mahamprint.com/product/1069/%D8%AF%D8%B3%D8%AA%DA%AF%D8%A7%D9%87-%DA%A9%D9%BE%DB%8C-CANON-2204N,2,15,https://mahamprint.com/products/--canon-2204n,دستگاه کپی CANON 2204N,1.0,high,model+title
https://mahamprint.com/product/871/%D8%A7%D8%B3%DA%A9%D9%86%D8%A7%D8%B3-%D8%B4%D9%85%D8%A7%D8%B1-%D8%B1%D9%88%D9%85%DB%8C%D8%B2%DB%8C-AX-9100,2,15,https://mahamprint.com/products/---ax-9100,اسکناس شمار رومیزی AX 9100,1.0,high,model+title
https://mahamprint.com/product/1219/%D8%AF%DB%8C%D8%AA%D8%A7-%D9%BE%D8%B1%D9%88%DA%98%DA%A9%D8%AA%D9%88%D8%B1-PANASONIC-PT-VW360,0,15,https://mahamprint.com/products/--panasonic-pt-vw360,دیتا پروژکتور PANASONIC PT-VW360,1.0,high,model+title
https://mahamprint.com/product/1427/%D8%AA%D9%88%D9%86%D8%B1-Epson-T702-CMYK,0,15,https://mahamprint.com/products/-epson-t702-cmyk,تونر Epson T702 CMYK,1.0,high,model+title
https://mahamprint.com/product/1527/%D8%AA%D9%88%D9%86%D8%B1-RICOH-430707,0,15,https://mahamprint.com/products/-ricoh-430707,تونر RICOH 430707,1.0,high,model+title
https://mahamprint.com/product/1460/%DA%A9%D8%A7%D8%B1%D8%AA%D8%B1%DB%8C%D8%AC-HP-64A,0,15,https://mahamprint.com/products/-hp-64a,کارتریج HP 64A,1.0,high,model+title
https://mahamprint.com/product/258/%D9%BE%D8%B1%DB%8C%D9%86%D8%AA%D8%B1-EPSON-L1110,1,15,https://mahamprint.com/products/-epson-l1110,پرینتر EPSON L1110,1.0,high,model+title
https://mahamprint.com/product/160/%D9%BE%D8%B1%DB%8C%D9%86%D8%AA%D8%B1-%D8%AA%DA%A9-%DA%A9%D8%A7%D8%B1%D9%87-%D9%84%DB%8C%D8%B2%D8%B1%DB%8C-%D8%A8%D8%B1%D9%86%D8%AF-HP-M203DW,0,15,https://mahamprint.com/products/-----hp-m203dw,پرینتر تک کاره لیزری برند HP M203DW,1.0,high,model+title
https://mahamprint.com/product/1868/%D9%84%DB%8C%D8%A8%D9%84-%D8%A8%D8%B1%DA%86%D8%B3%D8%A8-%D9%BE%DB%8C-%D9%88%DB%8C-%D8%B3%DB%8C-%D8%AA%DA%A9-%D8%B1%D8%AF%DB%8C%D9%81%D9%87-75%C3%9740,0,15,https://mahamprint.com/products/-------75-40,لیبل (برچسب) پی وی سی تک ردیفه 75×40,0.35,medium,title-only
https://mahamprint.com/product/1641/%D9%81%DB%8C%D8%B4-%D9%BE%D8%B1%DB%8C%D9%86%D8%AA%D8%B1-%D8%AD%D8%B1%D8%A7%D8%B1%D8%AA%DB%8C-%D8%A8%D8%B1%D9%86%D8%AF-BIXOLONSRP-B300,0,15,https://mahamprint.com/products/----bixolonsrp-b300,فیش پرینتر حرارتی برند BIXOLONSRP-B300,1.0,high,model+title
https://mahamprint.com/product/2049/%D8%A8%D8%B1%D8%AF-%D9%81%D8%B1%D9%85%D8%AA%D8%B1-%D8%A7%DA%86-%D9%BE%DB%8C-M1522nf,0,15,https://mahamprint.com/products/----m1522nf,برد فرمتر اچ پی M1522nf,1.0,high,model+title
https://mahamprint.com/product/2091/%D8%AF%D8%B1%D8%A7%D9%85-%DA%A9%D8%A7%D8%B1%D8%AA%D8%B1%DB%8C%D8%AC-%D8%A8%D8%B1%D9%86%D8%AF-Toshiba-166-Drum,0,15,https://mahamprint.com/products/---toshiba-166-drum,درام کارتریج برند Toshiba 166 Drum,1.0,high,model+title
https://mahamprint.com/product/2113/%D8%AF%D8%B1%D8%A7%D9%85-%DA%A9%D8%A7%D8%B1%D8%AA%D8%B1%DB%8C%D8%AC-hp-%D9%85%D8%AF%D9%84-Drum-2400,0,15,https://mahamprint.com/products/--hp--drum-2400,درام کارتریج hp مدل Drum 2400,1.0,high,model+title
https://mahamprint.com/product/2322/%DA%86%D8%B1%D8%AE-%D8%AF%D9%86%D8%AF%D9%87-%D9%85%D9%88%D8%AA%D9%88%D8%B1-%D8%A7%D8%B5%D9%84%DB%8C-%D8%A8%D8%A7-%D8%A8%D9%84%D8%A8%D8%B1%DB%8C%D9%86%DA%AF-%D8%A8%D8%B1%D9%86%D8%AF-toshiba-E-Studio-350,0,15,https://mahamprint.com/products/-------toshiba-e-studio-350,چرخ دنده موتور اصلی (با بلبرینگ) برند toshiba E Studio 350,1.0,high,model+title
https://mahamprint.com/product/2333/%DA%86%D8%B1%D8%AE-%D8%AF%D9%86%D8%AF%D9%87-%D8%B1%D8%A7%D8%A8%D8%B7-%D9%87%DB%8C%D8%AA%D8%B1-SHARP-5127-Sharp,0,15,https://mahamprint.com/products/----sharp-5127-sharp,چرخ دنده رابط هیتر SHARP 5127 Sharp,1.0,high,model+title
https://mahamprint.com/product/2327/%DA%86%D8%B1%D8%AE-%D8%AF%D9%86%D8%AF%D9%87-%D8%AF%D9%88%D8%A8%D9%84-%DA%A9%D9%84%D8%A7%DA%86-%D8%A8%D8%B1%D9%86%D8%AF-hp-%D9%85%D8%AF%D9%84-1005,0,15,https://mahamprint.com/products/----1005-hp,چرخ دنده دوبل کلاچ 1005  hp,1.0,high,model+title
https://mahamprint.com/product/237/%D9%BE%D8%B1%DB%8C%D9%86%D8%AA%D8%B1-%D9%84%DB%8C%D8%B2%D8%B1%DB%8C-%DA%86%D9%87%D8%A7%D8%B1-%DA%A9%D8%A7%D8%B1%D9%87-CANON-MF421dw,0,15,https://mahamprint.com/products/----canon-mf421dw,پرینتر لیزری چهار کاره CANON MF421dw,1.0,high,model+title
https://mahamprint.com/product/2391/%D9%BE%DB%8C%DA%A9%D8%A7%D9%BE-%D8%B5%D8%A7%D9%81-%D8%B4%D8%A7%D8%B1%D9%BE-AR-350420,0,15,https://mahamprint.com/products/---ar-350420,پیکاپ صاف شارپ AR-350420,1.0,high,model+title
https://mahamprint.com/product/2417/%D9%81%DB%8C%D8%AF-%D8%B1%D9%88%D9%84%D8%B1-Ricoh-AF-2060,0,15,https://mahamprint.com/products/--ricoh-af-2060,فید رولر Ricoh AF 2060,1.0,high,model+title
https://mahamprint.com/product/268/%D9%BE%D8%B1%DB%8C%D9%86%D8%AA%D8%B1-%D8%AC%D9%88%D9%87%D8%B1%D8%A7%D9%81%D8%B4%D8%A7%D9%86-%DA%86%D9%87%D8%A7%D8%B1%DA%A9%D8%A7%D8%B1%D9%87-EPSON-L565W,0,15,https://mahamprint.com/products/---epson-l565w,پرینتر جوهرافشان چهارکاره EPSON L565W,1.0,high,model+title
https://mahamprint.com/product/2842/%D9%BE%D8%B1%D8%AF%D9%87-%D9%86%D9%85%D8%A7%DB%8C%D8%B4-%D9%82%D8%B1%D9%85%D8%B2-%D8%A8%D8%B1%D9%82%DB%8C-%D9%85%D8%AF%D9%84-CS250AR,0,15,,,0.15,none,
https://mahamprint.com/product/2941/%D9%88%DB%8C%D8%AF%D8%A6%D9%88-%D9%BE%D8%B1%D9%88%DA%98%DA%A9%D8%AA%D9%88%D8%B1-%D8%A8%D8%B1%D9%86%D8%AF-RICOH-%D9%85%D8%AF%D9%84-PJ-WX4152N,0,15,https://mahamprint.com/products/---ricoh--pj-wx4152n,ویدئو پروژکتور برند RICOH مدل PJ -WX4152N,1.0,high,model+title
https://mahamprint.com/product/3003/%D9%BE%D8%B1%DB%8C%D9%86%D8%AA%D8%B1%20-%D8%AC%D9%88%D9%87%D8%B1%D8%A7%D9%81%D8%B4%D8%A7%D9%86%20-brother-%20T820dw,0,15,https://mahamprint.com/products/----brother--t820dw,پرینتر جوهرافشان brother T820dw,1.0,high,model+title
https://mahamprint.com/product/3152/%D9%BE%D8%B1%DB%8C%D9%86%D8%AA%D8%B1%20-%D8%AC%D9%88%D9%87%D8%B1%D8%A7%D9%81%D8%B4%D8%A7%D9%86%20-CANON-%20PIXMA%20-MG2546S,0,15,https://mahamprint.com/products/----canon--pixma--mg2546s,پرینتر جوهرافشان CANON PIXMA MG2546S,1.0,high,model+title
https://mahamprint.com/product/793/%D8%A8%D8%A7%D8%B1%DA%A9%D8%AF-%D8%A7%D8%B3%DA%A9%D9%86%D8%B1-DATALOGIC-%D9%85%D8%AF%D9%84-Heron-HD3430,0,15,https://mahamprint.com/products/--datalogic--heron-hd3430,بارکد اسکنر DATALOGIC مدل Heron HD3430,1.0,high,model+title
https://mahamprint.com/product/885/%D8%A7%D8%B3%DA%A9%D9%86%D8%A7%D8%B3-%D8%B4%D9%85%D8%A7%D8%B1-Para-NFC-900,0,15,https://mahamprint.com/products/--para-nfc-900,اسکناس شمار Para NFC-900,1.0,high,model+title
https://mahamprint.com/product/3040/%D9%81%DB%8C%D8%B4%20-%D9%BE%D8%B1%DB%8C%D9%86%D8%AA%D8%B1%C2%A0-bixolon-%20srp-350vk,3,14,https://mahamprint.com/products/----bixolon--srp-350vk,فیش پرینتر bixolon srp-350vk,1.0,high,model+title
https://mahamprint.com/product/772/%D8%AF%D8%B3%D8%AA%DA%AF%D8%A7%D9%87-%D8%A8%D8%B1%D8%B4-%DA%A9%D8%A7%D8%BA%D8%B0-AX-450D,3,14,https://mahamprint.com/products/---ax-450d,دستگاه برش کاغذ AX-450D,1.0,high,model+title
https://mahamprint.com/product/2346/%DA%86%D8%B1%D8%AE-%D8%AF%D9%86%D8%AF%D9%87-32T-%DA%A9%D9%84%D8%A7%DA%86-PS-%D8%A8%D8%B1%D9%86%D8%AF-sharp-AR-163-2,2,14,https://mahamprint.com/products/--32t--ps--sharp-ar-163-2,چرخ دنده 32T کلاچ PS برند sharp AR-163,0.961,high,model+title
https://mahamprint.com/product/759/%DA%A9%D8%A7%D8%BA%D8%B0-%D8%AE%D8%B1%D8%AF%DA%A9%D9%86-Geha-X7CD,2,14,,,0.117,none,
https://mahamprint.com/product/1036/%D9%85%D8%A7%D8%B4%DB%8C%D9%86-%D8%AD%D8%B3%D8%A7%D8%A8-Citizen-SR-270XGR,1,14,https://mahamprint.com/products/--citizen-sr-270xgr,ماشین حساب Citizen SR-270XGR,1.0,high,model+title
https://mahamprint.com/product/1719/%D8%B1%DB%8C%D8%A8%D9%88%D9%86-Wax-Resin-110-300-%D9%82%D8%B1%D9%85%D8%B2,1,14,https://mahamprint.com/products/-wax-resin-110-300,ریبون Wax Resin 110×300,0.942,high,model+title
https://mahamprint.com/product/1933/%D9%86%D9%88%D8%A7%D8%B1-%DB%8C%D8%AF%DA%A9-%D9%84%DB%8C%D8%A8%D9%84-%D8%B2%D9%86-%D8%AF%D8%B3%D8%AA%DB%8C-%D8%A8%D8%B1%D9%86%D8%AF-DYMO-%D8%B1%D9%86%DA%AF-%D9%82%D8%B1%D9%85%D8%B2,1,14,https://mahamprint.com/products/------dymo--,نوار یدک لیبل زن دستی برند DYMO رنگ قرمز,1.0,high,model+title
https://mahamprint.com/product/2647/%D9%84%D9%BE-%D8%AA%D8%A7%D9%BE-%D9%85%D8%AF%D9%84-ASUS-M3500QC-R7-5800H-16G-512SSD,1,14,https://mahamprint.com/products/---asus-m3500qc-r7-5800h-16g-512ssd,لپ تاپ مدل ASUS M3500QC R7_5800H-16G 512SSD,1.0,high,model+title
https://mahamprint.com/product/2703/%D9%85%D8%A7%DA%98%D9%88%D9%84-%D8%B4%D8%A8%DA%A9%D9%87-CISCO-SFP-10G-LR,1,14,https://mahamprint.com/products/--cisco-sfp-10g-lr,ماژول شبکه CISCO SFP-10G-LR,1.0,high,model+title
https://mahamprint.com/product/595/%D8%B5%D9%86%D8%AF%D9%88%D9%82-%D9%81%D8%B1%D9%88%D8%B4%DA%AF%D8%A7%D9%87%DB%8C-SAM-4S-SPT-3700,1,14,https://mahamprint.com/products/--sam-4s-spt-3700,صندوق فروشگاهی SAM 4S SPT 3700,1.0,high,model+title
https://mahamprint.com/product/575/%D9%81%DB%8C%D8%B4-%D9%BE%D8%B1%DB%8C%D9%86%D8%AA%D8%B1-Bixolon-SRP-E300N,1,14,https://mahamprint.com/products/--bixolon-srp-e300n,فیش پرینتر Bixolon SRP-E300N,1.0,high,model+title
https://mahamprint.com/product/789/%D8%A8%D8%A7%D8%B1%DA%A9%D8%AF-%D8%A7%D8%B3%DA%A9%D9%86%D8%B1-%D8%A8%D8%B1%D9%86%D8%AF-DATALOGIC-%D9%85%D8%AF%D9%84-Quickscan-M-QM2131,1,14,https://mahamprint.com/products/---datalogic--quickscan-m-qm2131,بارکد اسکنر برند DATALOGIC مدل Quickscan M QM2131,1.0,high,model+title
https://mahamprint.com/product/884/%D8%A7%D8%B3%DA%A9%D9%86%D8%A7%D8%B3-%D8%B4%D9%85%D8%A7%D8%B1-NIKITA-LD-90B,1,14,https://mahamprint.com/products/--nikita-ld-90b,اسکناس شمار NIKITA LD-90B,1.0,high,model+title
https://mahamprint.com/product/103/%D9%BE%D8%B1%DB%8C%D9%86%D8%AA%D8%B1-%DA%86%D9%86%D8%AF%DA%A9%D8%A7%D8%B1%D9%87-%D9%84%DB%8C%D8%B2%D8%B1%DB%8C-%D9%85%D8%AF%D9%84-CANON-MF416DW,0,14,https://mahamprint.com/products/----canon-mf416dw,پرینتر چندکاره لیزری مدل CANON MF416DW,1.0,high,model+title
https://mahamprint.com/product/1199/%D9%84%D9%BE-%D8%AA%D8%A7%D9%BE-%DB%B1%DB%B6-%D8%A7%DB%8C%D9%86%DA%86%DB%8C-%D8%A7%D9%BE%D9%84-MacBook-Pro-MVVK2,0,14,https://mahamprint.com/products/-----macbook-pro-mvvk2,لپ تاپ ۱۶ اینچی اپل MacBook Pro MVVK2,1.0,high,model+title
https://mahamprint.com/product/1294/%D8%AF%DB%8C%D8%AA%D8%A7-%D9%88%DB%8C%D8%AF%D8%A6%D9%88-%D9%BE%D8%B1%D9%88%DA%98%DA%A9%D8%AA%D9%88%D8%B1-VIEWSONIC-Pa503X,0,14,https://mahamprint.com/products/---viewsonic-pa503x,دیتا ویدئو پروژکتور VIEWSONIC Pa503X,1.0,high,model+title
https://mahamprint.com/product/1514/%D8%AA%D9%88%D9%86%D8%B1-HP-90A,0,14,https://mahamprint.com/products/-hp-90a,تونر HP 90A,1.0,high,model+title
https://mahamprint.com/product/1669/%D8%AF%DB%8C%D8%AA%D8%A7-%D9%BE%D8%B1%D9%88%DA%98%DA%A9%D8%AA%D9%88%D8%B1-EPSON-X-49,0,14,https://mahamprint.com/products/-epson-18,تونر Epson 18,0.7,high,model+title
https://mahamprint.com/product/1727/%D8%B1%DB%8C%D8%A8%D9%88%D9%86-%D9%85%D8%B4%DA%A9%DB%8C-1200-%D8%B9%DA%A9%D8%B3-%D8%A8%D8%B1%D9%86%D8%AF-Smart-50-Black-Ribbon,0,14,https://mahamprint.com/products/--1200---smart-50-black-ribbon,ریبون مشکی 1200 عکس برند Smart 50 Black Ribbon,1.0,high,model+title
https://mahamprint.com/product/1880/%D9%84%DB%8C%D8%A8%D9%84-%D8%A8%D8%B1%DA%86%D8%B3%D8%A8-%D9%85%D8%AA%D8%A7%D9%84-%D8%AF%D9%88-%D8%B1%D8%AF%DB%8C%D9%81-Metal-Label-15%C3%9745,0,14,https://mahamprint.com/products/-----metal-label-15-45,لیبل (برچسب) متال دو ردیف Metal Label 15×45,1.0,high,model+title
https://mahamprint.com/product/1959/%D9%86%D9%88%D8%A7%D8%B1-%D9%84%DB%8C%D8%A8%D9%84-%D9%BE%D8%B1%DB%8C%D9%86%D8%AA%D8%B1-brother-TZE-931-%D8%BA%DB%8C%D8%B1-%D8%A7%D9%88%D8%B1%D8%AC%DB%8C%D9%86%D8%A7%D9%84,0,14,https://mahamprint.com/products/---brother-tze-931--,نوار لیبل پرینتر brother TZE-931 غیر اورجینال,1.0,high,model+title
https://mahamprint.com/product/2085/%D8%A8%D8%B1%D8%AF-%D9%BE%D8%A7%D9%88%D8%B1-printer-HP-P1160-P1320,0,14,https://mahamprint.com/products/--printer-hp-p1160-p1320,برد پاور printer HP P1160 P1320,1.0,high,model+title
https://mahamprint.com/product/2126/%D8%AF%D8%B1%D8%A7%D9%85-%D8%A8%D8%B1%D9%86%D8%AF-Samsung-%D9%85%D8%AF%D9%84-1210-Drum,0,14,https://mahamprint.com/products/--samsung--1210-drum,درام برند Samsung مدل 1210 Drum,1.0,high,model+title
https://mahamprint.com/product/2638/%D9%84%D9%BE-%D8%AA%D8%A7%D9%BE-%D8%A8%D8%B1%D9%86%D8%AF-ASUS-R565EA-core-I3,0,14,https://mahamprint.com/products/---asus-r565ea-core-i3,لپ تاپ برند  ASUS  R565EA core I3,1.0,high,model+title
https://mahamprint.com/product/2706/%D9%85%D8%A7%DA%98%D9%88%D9%84-%D8%B4%D8%A8%DA%A9%D9%87-%D8%B3%DB%8C%D8%B3%DA%A9%D9%88-GLC-SX-MMD,0,14,https://mahamprint.com/products/---glc-sx-mmd,ماژول شبکه سیسکو GLC-SX-MMD,0.35,medium,title-only
https://mahamprint.com/product/2741/%DA%A9%D8%A7%D8%B1%D8%AA-%DA%AF%D8%B1%D8%A7%D9%81%DB%8C%DA%A9-RTX-3090-GAMING-TRIO-24G,0,14,https://mahamprint.com/products/--rtx-3090-gaming-trio-24g,کارت گرافیک RTX 3090 GAMING TRIO 24G,1.0,high,model+title
https://mahamprint.com/product/2753/all-in-one-dell-9010-core-i5-3,0,14,https://mahamprint.com/products/all-in-one-dell-9010-core-i5-3,all in one dell 9010 core i5-3,1.0,high,model+title
https://mahamprint.com/product/2980/%D9%BE%D8%B1%DB%8C%D9%86%D8%AA%D8%B1-canon-pixima-G3430,0,14,https://mahamprint.com/products/-canon-pixima-g3430,پرینتر canon pixim G3430,0.663,high,model+title
https://mahamprint.com/product/2957/%D8%A8%D8%A7%D8%B1%DA%A9%D8%AF-%20%D8%A7%D8%B3%DA%A9%D9%86%D8%B1-%20%D9%85%D8%AF%D9%84-%20CBON%20-CB-N220DH,0,14,https://mahamprint.com/products/------cbon--cb-n220dh,بارکد اسکنر مدل CBON CB-N220DH,1.0,high,model+title
https://mahamprint.com/product/2983/%D8%A8%D8%A7%D8%B1%DA%A9%D8%AF-%20%D8%A7%D8%B3%DA%A9%D9%86%D8%B1-%20%D8%A8%D8%B1%D9%86%D8%AF-%20CBON%20-CB-N210,0,14,https://mahamprint.com/products/------cbon--cb-n210,بارکد اسکنر برند CBON CB-N210,1.0,high,model+title
https://mahamprint.com/product/3113/%D9%BE%D8%B1%DB%8C%D9%86%D8%AA%D8%B1%20-%D8%B3%D9%87-%20%DA%A9%D8%A7%D8%B1%D9%87-%20%D9%84%DB%8C%D8%B2%D8%B1%DB%8C-%20HP-%20MFP-%20M681dh,0,14,https://mahamprint.com/products/--------hp--mfp--m681dh,پرینتر سه کاره لیزری HP MFP M681dh,1.0,high,model+title
https://mahamprint.com/product/454/%D8%A7%D8%B3%DA%A9%D9%86%D8%B1-Plustek-PS30D,0,14,https://mahamprint.com/products/-plustek-ps30d,اسکنر Plustek PS30D,1.0,high,model+title
https://mahamprint.com/product/327/%D9%BE%D8%B1%DB%8C%D9%86%D8%AA%D8%B1%D8%AA%DA%A9-%DA%A9%D8%A7%D8%B1%D9%87-%D9%84%DB%8C%D8%B2%D8%B1%DB%8C-HP-M651DN,0,14,https://mahamprint.com/products/---hp-m651dn,پرینترتک کاره لیزری HP M651DN,1.0,high,model+title
https://mahamprint.com/product/49/PRINTER-PROTHER-T710W,0,14,https://mahamprint.com/products/printer-prother-t710w,پرینتر  BROTHER DCP-T710W,0.557,high,model+title
https://mahamprint.com/product/757/%DA%A9%D8%A7%D8%BA%D8%B0-%D8%AE%D8%B1%D8%AF%DA%A9%D9%86-Kobra-260-HS-2,0,14,https://mahamprint.com/products/--kobra-260-hs-2,کاغذ خردکن Kobra 260 HS-2,1.0,high,model+title
https://mahamprint.com/product/821/%D8%A8%D8%A7%D8%B1%DA%A9%D8%AF-%D8%A7%D8%B3%DA%A9%D9%86%D8%B1-ZEBRA-Symbol-ls-2208,0,14,https://mahamprint.com/products/--zebra-symbol-ls-2208,بارکد اسکنر ZEBRA Symbol ls 2208,1.0,high,model+title
https://mahamprint.com/product/854/%D8%A7%D8%B3%DA%A9%D9%86%D8%A7%D8%B3-%D8%B4%D9%85%D8%A7%D8%B1-%D8%AF%DB%8C%D8%AA%DA%A9-%D9%85%D8%AF%D9%84-%DB%B2%DB%B0%DB%B9,0,14,https://mahamprint.com/products/-----900,دستگاه اسکناس شمار دیتک مدل 900,0.21,low,title-only
https://mahamprint.com/product/955/%D9%85%D8%A7%D8%B4%DB%8C%D9%86-%D8%AD%D8%B3%D8%A7%D8%A8-CASIO-GX-16B,0,14,https://mahamprint.com/products/--casio-gx-16b,ماشین حساب CASIO GX-16B,1.0,high,model+title
https://mahamprint.com/product/1525/%D8%AA%D9%88%D9%86%D8%B1-RICOH-885400,4,13,https://mahamprint.com/products/-ricoh-885400,تونر RICOH 885400,1.0,high,model+title
https://mahamprint.com/product/1526/%D8%AA%D9%88%D9%86%D8%B1-RICOH-841332,3,13,https://mahamprint.com/products/-ricoh-841332,تونر RICOH 841332,1.0,high,model+title
https://mahamprint.com/product/2556/%D9%BE%D8%B1%DB%8C%D9%86%D8%AA%D8%B1-%D8%B3%D9%87-%DA%A9%D8%A7%D8%B1%D9%87-%D9%84%DB%8C%D8%B2%D8%B1%DB%8C-CANON-MF453dw,3,13,https://mahamprint.com/products/----canon-mf453dw,پرینتر سه کاره لیزری CANON MF453dw,1.0,high,model+title
https://mahamprint.com/product/737/%DA%A9%D8%A7%D8%BA%D8%B0-%D8%AE%D8%B1%D8%AF%DA%A9%D9%86-Nikita-SD-9671,3,13,https://mahamprint.com/products/--nikita-sd-9671,کاغذ خردکن Nikita SD 9671,1.0,high,model+title
https://mahamprint.com/product/2069/%D8%A8%D8%B1%D8%AF-%D9%BE%D8%A7%D9%88%D8%B1-M402-hp,2,13,https://mahamprint.com/products/--m402-hp,برد پاور M402 hp,1.0,high,model+title
https://mahamprint.com/product/212/%D9%BE%D8%B1%DB%8C%D9%86%D8%AA%D8%B1-%DA%86%D9%86%D8%AF%DA%A9%D8%A7%D8%B1%D9%87-%D9%84%DB%8C%D8%B2%D8%B1%DB%8C-%D8%A8%D8%B1%D9%86%D8%AF-HP-M436NDA,2,13,https://mahamprint.com/products/----hp-m436nda,پرینتر چندکاره لیزری  برند HP M436NDA,1.0,high,model+title
https://mahamprint.com/product/1061/%D8%AF%D8%B3%D8%AA%DA%AF%D8%A7%D9%87-%DA%A9%D9%BE%DB%8C-SHARP-AR-6023N,1,13,https://mahamprint.com/products/--sharp-ar-6023n,دستگاه کپی SHARP AR-6023N,1.0,high,model+title
https://mahamprint.com/product/1283/%D8%AF%DB%8C%D8%AA%D8%A7-%D9%88%DB%8C%D8%AF%D8%A6%D9%88-%D9%BE%D8%B1%D9%88%DA%98%DA%A9%D8%AA%D9%88%D8%B1-PANASONIC-PT-LB385,1,13,https://mahamprint.com/products/---panasonic-pt-lb385,دیتا ویدئو پروژکتور PANASONIC PT-LB385,1.0,high,model+title
https://mahamprint.com/product/1350/%D8%AA%D9%88%D9%86%D8%B1-hp-11-cmy,1,13,https://mahamprint.com/products/-hp-11-cmy,تونر hp 11 cmy,0.35,medium,title-only
https://mahamprint.com/product/1432/%D8%AA%D9%88%D9%86%D8%B1-Epson-410-CMYK,1,13,https://mahamprint.com/products/-epson-410-cmyk,تونر Epson 410 CMYK,1.0,high,model+title
https://mahamprint.com/product/1470/%D8%AA%D9%88%D9%86%D8%B1-%DA%A9%D8%A7%D8%B1%D8%AA%D8%B1%DB%8C%D8%AC-CANON-FX3,1,13,https://mahamprint.com/products/--canon-fx3,تونر کارتریج CANON FX3,1.0,high,model+title
https://mahamprint.com/product/1750/%D8%B1%DB%8C%D8%A8%D9%88%D9%86-%D8%AF%D8%B1%D8%A7%DB%8C%D9%88-Olivetti-PR2,1,13,https://mahamprint.com/products/--olivetti-pr2,سوزن پرینتر Olivetti  PR2,0.79,high,model+title
https://mahamprint.com/product/1960/%D9%86%D9%88%D8%A7%D8%B1-%D9%84%DB%8C%D8%A8%D9%84-%D9%BE%D8%B1%DB%8C%D9%86%D8%AA%D8%B1-brother-TZE-831-%D8%BA%DB%8C%D8%B1-%D8%A7%D9%88%D8%B1%D8%AC%DB%8C%D9%86%D8%A7%D9%84,1,13,https://mahamprint.com/products/---brother-tze-831--,نوار لیبل پرینتر brother TZE-831 غیر اورجینال,1.0,high,model+title
https://mahamprint.com/product/2102/%D8%AF%D8%B1%D8%A7%D9%85-%DA%A9%D8%A7%D8%B1%D8%AA%D8%B1%DB%8C%D8%AC-%D8%A8%D8%B1%D9%86%D8%AF-Samsung-101,1,13,https://mahamprint.com/products/---samsung-101,درام کارتریج برند Samsung 101,1.0,high,model+title
https://mahamprint.com/product/2229/%D9%81%DB%8C%D9%84%D9%85-%D9%81%DB%8C%D9%88%D8%B2%DB%8C%D9%86%DA%AF-hp-P1505,1,13,https://mahamprint.com/products/--hp-p1505,فیلم فیوزینگ hp P1505,1.0,high,model+title
https://mahamprint.com/product/2508/%D9%BE%D8%B1%DB%8C%D9%86%D8%AA%D8%B1-%DA%86%D9%87%D8%A7%D8%B1%DA%A9%D8%A7%D8%B1%D9%87-epson-L6290,1,13,https://mahamprint.com/products/--epson-l6290,پرینتر چهارکاره epson L6290w,0.608,high,model+title
https://mahamprint.com/product/2887/%D9%BE%D8%B1%DB%8C%D9%86%D8%AA%D8%B1-%D9%84%DB%8C%D8%B2%D8%B1%DB%8C-%D8%AA%DA%A9-%DA%A9%D8%A7%D8%B1%D9%87-%D8%A7%D8%B3%D8%AA%D9%88%DA%A9-%D8%A8%D8%B1%D9%86%D8%AF-hp-p1006,1,13,https://mahamprint.com/products/------hp-p1006,پرینتر لیزری تک کاره استوک برند hp p1006,1.0,high,model+title
https://mahamprint.com/product/2921/%D9%84%DB%8C%D8%A8%D9%84-%D9%BE%D8%B1%DB%8C%D9%86%D8%AA%D8%B1-Godex-G500,1,13,https://mahamprint.com/products/--godex-g500,لیبل پرینتر Godex G500,1.0,high,model+title
https://mahamprint.com/product/2979/%D8%A8%D8%A7%D8%B1%DA%A9%D8%AF-%20%D8%A7%D8%B3%DA%A9%D9%86%D8%B1-%20%D9%85%D8%AF%D9%84-%20ZEBRA-%20Symbol-%20LI2208,1,13,https://mahamprint.com/products/------zebra--symbol--li2208,بارکد اسکنر مدل ZEBRA Symbol LI2208,1.0,high,model+title
https://mahamprint.com/product/3032/%D8%A7%D8%B3%DA%A9%D9%86%D8%B1-%20Avision%20-360W,1,13,https://mahamprint.com/products/--avision--360w,اسکنر Avision 360W,1.0,high,model+title
https://mahamprint.com/product/3038/%D9%BE%D8%B1%DB%8C%D9%86%D8%AA%D8%B1-%D8%B3%D9%87-%DA%A9%D8%A7%D8%B1%D9%87-%D8%AC%D9%88%D9%87%D8%B1%D8%A7%D9%81%D8%B4%D8%A7%D9%86-CANON-PIXIMA-G2430,1,13,https://mahamprint.com/products/-------canon--pixima--g2430,پرینتر سه کاره جوهرافشان CANON PIXIMA G2430,1.0,high,model+title
https://mahamprint.com/product/319/%D9%BE%D8%B1%DB%8C%D9%86%D8%AA%D8%B1-HP-M404dw,1,13,https://mahamprint.com/products/-----hp-m404dw,پرینتر تک کاره لیزری برند HP M404dw,0.79,high,model+title
https://mahamprint.com/product/1050/%D9%81%D8%AA%D9%88%DA%A9%D9%BE%DB%8C-RICOH-M2701DN,0,13,https://mahamprint.com/products/-ricoh-m2701dn,فتوکپی RICOH M2701DN,1.0,high,model+title
https://mahamprint.com/product/1133/%D8%AC%D9%88%D9%87%D8%B1-epson-%D9%85%D8%AF%D9%84-4-%D8%B1%D9%86%DA%AF-t66,0,13,https://mahamprint.com/products/-epson--4--t66,جوهر epson مدل 4 رنگ t66,1.0,high,model+title
https://mahamprint.com/product/1313/%D8%AF%DB%8C%D8%AA%D8%A7-%D9%88%DB%8C%D8%AF%D8%A6%D9%88-%D9%BE%D8%B1%D9%88%DA%98%DA%A9%D8%AA%D9%88%D8%B1-BENQ-MS506,0,13,https://mahamprint.com/products/---benq-ms506,دیتا ویدئو پروژکتور BENQ MS506,1.0,high,model+title
https://mahamprint.com/product/1348/%D8%AA%D9%88%D9%86%D8%B1-%DA%A9%D8%A7%D8%B1%D8%AA%D8%B1%DB%8C%D8%AC-HP-85-CMYK,0,13,https://mahamprint.com/products/--hp-85-cmyk,تونر کارتریج HP 85 ,0.93,high,model+title
https://mahamprint.com/product/184/%D9%BE%D8%B1%DB%8C%D9%86%D8%AA%D8%B1-%D9%84%DB%8C%D8%B2%D8%B1%DB%8C-%DA%86%D9%87%D8%A7%D8%B1%DA%A9%D8%A7%D8%B1%D9%87-HP-M521DN,0,13,https://mahamprint.com/products/---hp-m521dn,پرینتر لیزری چهارکاره HP M521DN,1.0,high,model+title
https://mahamprint.com/product/1450/%D8%AA%D9%88%D9%86%D8%B1-%DA%A9%D8%A7%D8%B1%D8%AA%D8%B1%DB%8C%D8%AC-EPSON-T092,0,13,https://mahamprint.com/products/--epson-t092,تونر کارتریج EPSON T092,1.0,high,model+title
https://mahamprint.com/product/1668/%D8%AF%DB%8C%D8%AA%D8%A7-%D9%BE%D8%B1%D9%88%DA%98%DA%A9%D8%AA%D9%88%D8%B1-EPSON-X51,0,13,https://mahamprint.com/products/--epson-x51,دیتا پروژکتور EPSON X51,1.0,high,model+title
https://mahamprint.com/product/192/%D9%BE%D8%B1%DB%8C%D9%86%D8%AA%D8%B1-%DA%86%D9%86%D8%AF%DA%A9%D8%A7%D8%B1%D9%87-%D9%84%DB%8C%D8%B2%D8%B1%DB%8C-%D8%A8%D8%B1%D9%86%D8%AF-HP-M177FW,0,13,https://mahamprint.com/products/----hp-m177fw,پرینتر چندکاره لیزری  برند HP M177FW,1.0,high,model+title
https://mahamprint.com/product/2090/%D8%AF%D8%B1%D8%A7%D9%85-Samsung-1610-Drum,0,13,https://mahamprint.com/products/-samsung-1610-drum,درام  Samsung 1610 Drum,1.0,high,model+title
https://mahamprint.com/product/1980/%D9%86%D9%88%D8%A7%D8%B1-%D9%84%DB%8C%D8%A8%D9%84-%D9%BE%D8%B1%DB%8C%D9%86%D8%AA%D8%B1-%D9%85%D8%AF%D9%84-%D8%A8%D8%B1%D8%A7%D8%AF%D8%B1-TZE-421,0,13,https://mahamprint.com/products/-----tze-421,نوار لیبل پرینتر مدل برادر TZE-421,1.0,high,model+title
https://mahamprint.com/product/2307/%D8%B1%D9%88%D9%84-%D9%BE%D8%B1%D8%B3-HP-1100,0,13,https://mahamprint.com/products/--hp-1100,فیلم فیوزینگ hp 1100,0.767,high,model+title
https://mahamprint.com/product/2374/%DA%86%D8%B1%D8%AE-%D8%AF%D9%86%D8%AF%D9%87-30-T-72-T-%D8%B1%D8%A7%D8%A8%D8%B7%D9%87-%D8%A8%D8%A7-%D9%85%D9%88%D8%AA%D9%88%D8%B1-%D8%A7%D8%B5%D9%84%DB%8C-toshiba-E-Studio-35-3500,0,13,https://mahamprint.com/products/--30-t-72-t-----toshiba-e-studio-35-3500,چرخ دنده 30 T\/72 T رابطه با موتور اصلی toshiba E Studio 35\/3500,1.0,high,model+title
https://mahamprint.com/product/241/%D9%BE%D8%B1%DB%8C%D9%86%D8%AA%D8%B1-%DA%86%D9%87%D8%A7%D8%B1%DA%A9%D8%A7%D8%B1%D9%87-%D8%A8%D8%B1%D9%86%D8%AF-CANON-MF267DW,0,13,https://mahamprint.com/products/---canon-mf267dw,پرینتر چهارکاره برند CANON  MF267DW,1.0,high,model+title
https://mahamprint.com/product/2657/%D8%A7%D8%B3%DA%A9%D9%86%D8%B1-plustek-ps188,0,13,https://mahamprint.com/products/-plustek-ps188,اسکنر plustek ps188,1.0,high,model+title
https://mahamprint.com/product/2662/%D8%A7%D8%B3%DA%A9%D9%86%D8%B1-HP-SCANJET-3600-F1,0,13,https://mahamprint.com/products/-hp-scanjet-3600-f1,اسکنر HP SCANJET 3600 F1,1.0,high,model+title
https://mahamprint.com/product/2736/%DA%A9%D8%A7%D8%B1%D8%AA-%DA%AF%D8%B1%D8%A7%D9%81%DB%8C%DA%A9-MSI-RTX-3070-TI-VENTUS-3X-OC-8G,0,13,https://mahamprint.com/products/--msi-rtx-3070-ti-ventus-3x-oc-8g,کارت گرافیک MSI RTX 3070 TI VENTUS 3X OC 8G,1.0,high,model+title
https://mahamprint.com/product/2755/%D9%84%DB%8C%D8%A8%D9%84-%D9%BE%D8%B1%DB%8C%D9%86%D8%AA%D8%B1-ZEC-zp200,0,13,https://mahamprint.com/products/--zec-zp200,لیبل پرینتر ZEC zp200,1.0,high,model+title
https://mahamprint.com/product/285/%D9%BE%D8%B1%DB%8C%D9%86%D8%AA%D8%B1-%DA%86%D9%86%D8%AF%DA%A9%D8%A7%D8%B1%D9%87-%D9%84%DB%8C%D8%B2%D8%B1%DB%8C-%D8%A8%D8%B1%D9%86%D8%AF-BROTHER-%D9%85%D8%AF%D9%84-MFC-9140CDN,0,13,https://mahamprint.com/products/----brother--mfc-9140cdn,پرینتر چندکاره لیزری برند BROTHER مدل MFC-9140CDN,1.0,high,model+title
https://mahamprint.com/product/2876/%D9%BE%D8%B1%DB%8C%D9%86%D8%AA%D8%B1-%D8%AC%D9%88%D9%87%D8%B1%D8%A7%D9%81%D8%B4%D8%A7%D9%86-%D8%B3%D9%87-%DA%A9%D8%A7%D8%B1%D9%87-EPSON-L6270dnw,0,13,https://mahamprint.com/products/----epson-l6270dnw,پرینتر جوهرافشان سه کاره EPSON L6270dnw,1.0,high,model+title
https://mahamprint.com/product/2888/%D9%BE%D8%B1%DB%8C%D9%86%D8%AA%D8%B1-%DA%86%D9%87%D8%A7%D8%B1%DA%A9%D8%A7%D8%B1%D9%87-%D9%84%DB%8C%D8%B2%D8%B1%DB%8C-%D8%A7%D8%B3%D8%AA%D9%88%DA%A9-%D8%A8%D8%B1%D9%86%D8%AF-hp-127fn,0,13,https://mahamprint.com/products/-----hp-127fn,پرینتر چهارکاره لیزری استوک برند hp 127fn,1.0,high,model+title
https://mahamprint.com/product/2997/%D9%BE%D8%B1%DB%8C%D9%86%D8%AA%D8%B1%20-%D8%B3%D9%87%20%DA%A9%D8%A7%D8%B1%D9%87%20-%D8%AC%D9%88%D9%87%D8%B1%D8%A7%D9%81%D8%B4%D8%A7%D9%86%20-CANON%20-PIXIMA-%20G2430,0,13,https://mahamprint.com/products/-------canon--pixima--g2430,پرینتر سه کاره جوهرافشان CANON PIXIMA G2430,1.0,high,model+title
https://mahamprint.com/product/465/%D8%A7%D8%B3%DA%A9%D9%86%D8%B1-CANON-DR-G1130,0,13,https://mahamprint.com/products/-canon-dr-m1060,اسکنر CANON DR-M1060,0.427,medium,model+title
https://mahamprint.com/product/347/%D9%BE%D8%B1%DB%8C%D9%86%D8%AA%D8%B1-%DA%86%D9%86%D8%AF%DA%A9%D8%A7%D8%B1%D9%87-%D9%84%DB%8C%D8%B2%D8%B1%DB%8C-HP-M283fdn,0,13,https://mahamprint.com/products/---hp-m283fdn,پرینتر چندکاره لیزری HP M283fdn,1.0,high,model+title
https://mahamprint.com/product/588/%D8%B5%D9%86%D8%AF%D9%88%D9%82-%D9%81%D8%B1%D9%88%D8%B4%DA%AF%D8%A7%D9%87%DB%8C-Beiyang-BPS-8600,0,13,https://mahamprint.com/products/--beiyang-bps-8600,صندوق فروشگاهی Beiyang BPS 8600,1.0,high,model+title
https://mahamprint.com/product/468/%D8%A7%D8%B3%DA%A9%D9%86%D8%B1-CANON-UNIT-201,0,13,https://mahamprint.com/products/-canon-drf120,اسکنر Canon DRF120,0.302,low,model+title
https://mahamprint.com/product/624/%D8%AF%D8%B3%D8%AA%DA%AF%D8%A7%D9%87-%D8%AD%D8%B6%D9%88%D8%B1-%D9%88-%D8%BA%DB%8C%D8%A7%D8%A8-ZKTeco-MB-960,0,13,https://mahamprint.com/products/----zkteco-mb-960,دستگاه حضور و غیاب ZKTeco MB-960,1.0,high,model+title
https://mahamprint.com/product/716/%DA%A9%D8%A7%D8%BA%D8%B0-%D8%AE%D8%B1%D8%AF%DA%A9%D9%86-Mehr-MM-812,0,13,https://mahamprint.com/products/--mehr-mm-812,کاغذ خردکن Mehr MM-812,1.0,high,model+title
https://mahamprint.com/product/718/%DA%A9%D8%A7%D8%BA%D8%B0-%D8%AE%D8%B1%D8%AF%DA%A9%D9%86-Protech-SD-9522,0,13,https://mahamprint.com/products/--protech-sd-9522,کاغذ خردکن Protech SD 9522,1.0,high,model+title
https://mahamprint.com/product/2540/%D9%BE%D8%B1%DB%8C%D9%86%D8%AA%D8%B1-%D8%AA%DA%A9-%DA%A9%D8%A7%D8%B1%D9%87-HP-M611dn,3,12,https://mahamprint.com/products/---hp-m611dn,پرینتر تک کاره HP M611dn,1.0,high,model+title
https://mahamprint.com/product/1572/%D8%AA%D9%88%D9%86%D8%B1-%DA%A9%D8%A7%D8%B1%D8%AA%D8%B1%DB%8C%D8%AC-RICOH-40754,2,12,https://mahamprint.com/products/--ricoh-40754,تونر کارتریج RICOH 40754,1.0,high,model+title
https://mahamprint.com/product/1695/%D8%AC%D9%88%D9%87%D8%B1-%D9%BE%D8%B1%DB%8C%D9%86%D8%AA%D8%B1-%D8%A8%D8%B1%D9%86%D8%AF-Epson-%D9%85%D8%AF%D9%84-6733,2,12,https://mahamprint.com/products/---epson--6733,جوهر پرینتر برند Epson مدل 6733,1.0,high,model+title
https://mahamprint.com/product/1823/%D9%84%DB%8C%D8%A8%D9%84-%D8%A8%D8%B1%DA%86%D8%B3%D8%A8-pvc-%D8%AF%D9%88-%D8%B1%D8%AF%DB%8C%D9%81%D9%87-%D9%86%D8%A7%D8%B1%D9%86%D8%AC%DB%8C-51%C3%9734,2,12,https://mahamprint.com/products/--pvc----51-34,لیبل (برچسب) pvc دو ردیفه نارنجی 51×34,0.35,medium,title-only
https://mahamprint.com/product/2688/%D8%A7%D8%B3%DA%A9%D9%86%D8%B1-%D8%A7%D8%AB%D8%B1-%D8%A7%D9%86%DA%AF%D8%B4%D8%AA-Futronic-%D9%85%D8%AF%D9%84-FS88HS,2,12,https://mahamprint.com/products/---futronic--fs88hs,اسکنر اثر انگشت  Futronic مدل FS88HS,1.0,high,model+title
https://mahamprint.com/product/985/%D9%85%D8%A7%D8%B4%DB%8C%D9%86-%D8%AD%D8%B3%D8%A7%D8%A8-Sharp-EL-2135,2,12,https://mahamprint.com/products/--sharp-el-2135,ماشین حساب Sharp EL-2135,1.0,high,model+title
https://mahamprint.com/product/900/%D8%A7%D8%B3%DA%A9%D9%86%D8%A7%D8%B3-%D8%B4%D9%85%D8%A7%D8%B1-AX-510,2,12,https://mahamprint.com/products/--ax-510,اسکناس شمار AX 510,1.0,high,model+title
https://mahamprint.com/product/1597/%D9%BE%D8%B1%DB%8C%D9%86%D8%AA%D8%B1-%D8%AC%D9%88%D9%87%D8%B1%D8%A7%D9%81%D8%B4%D8%A7%D9%86-%D8%B3%D9%87-%DA%A9%D8%A7%D8%B1%D9%87-PIXMA-MG2140,1,12,https://mahamprint.com/products/----pixma-mg2140,پرینتر جوهرافشان سه کاره PIXMA MG2140,1.0,high,model+title
https://mahamprint.com/product/1783/%D8%AF%D9%88%D9%84%D9%88%D9%BE%D8%B1-%D8%A8%D8%B1%D9%86%D8%AF-Sharp-%D8%A7%D9%88%D8%B1%D8%AC%DB%8C%D9%86%D8%A7%D9%84-AR-202SD,1,12,https://mahamprint.com/products/--sharp--ar-202sd,دولوپر برند  Sharp اورجینال  AR-202SD,1.0,high,model+title
https://mahamprint.com/product/2158/%D8%AA%D8%B1%D9%85%DB%8C%D8%B3%D8%AA%D9%88%D8%B1-%D9%85%D8%AF%D9%84-SHARP-AR-5316,1,12,https://mahamprint.com/products/--sharp-ar-5316,ترمیستور مدل SHARP AR-5316,1.0,high,model+title
https://mahamprint.com/product/2088/%D8%AF%D8%B1%D8%A7%D9%85-%D8%A7%DA%86-%D9%BE%DB%8C-HP-26A-Drum,1,12,https://mahamprint.com/products/---hp-26a-drum,درام اچ پی HP 26A Drum,1.0,high,model+title
https://mahamprint.com/product/2406/%D9%BE%DB%8C%DA%A9%D8%A7%D9%BE-%D8%B1%D9%88%D9%84%D8%B1-%DA%A9%D8%A7%D8%B3%D8%AA-%D8%B1%DB%8C%DA%A9%D9%88-AF-1060,1,12,https://mahamprint.com/products/----af-1060,پیکاپ رولر کاست ریکو AF-1060,1.0,high,model+title
https://mahamprint.com/product/2549/%D9%BE%D9%84%D8%A7%D8%AA%D8%B1-EPSON-SureColor-SC-F7200,1,12,https://mahamprint.com/products/-epson-surecolor-sc-f7200,پلاتر  EPSON  SureColor SC-F7200,1.0,high,model+title
https://mahamprint.com/product/257/%D9%BE%D8%B1%DB%8C%D9%86%D8%AA%D8%B1-CANON-Selphy-CP1300,1,12,https://mahamprint.com/products/-canon-selphy-cp1300,پرینتر Canon SELPHY CP1300,1.0,high,model+title
https://mahamprint.com/product/754/%DA%A9%D8%A7%D8%BA%D8%B0-%D8%AE%D8%B1%D8%AF%DA%A9%D9%86-Kobra-1SS4,1,12,https://mahamprint.com/products/--kobra-1ss4,کاغذ خردکن Kobra +1SS4,1.0,high,model+title
https://mahamprint.com/product/567/%D9%84%DB%8C%D8%A8%D9%84-%D9%BE%D8%B1%DB%8C%D9%86%D8%AA%D8%B1-%D9%85%D8%AF%D9%84-ZEC-RP400USB,1,12,https://mahamprint.com/products/---zec-rp400usb,لیبل پرینتر مدل ZEC RP400USB,1.0,high,model+title
https://mahamprint.com/product/1271/%D9%88%DB%8C%D8%AF%D8%A6%D9%88-%D9%BE%D8%B1%D9%88%DA%98%DA%A9%D8%AA%D9%88%D8%B1-EPSON-EB-2247U,0,12,https://mahamprint.com/products/--epson-eb-2247u,ویدئو پروژکتور EPSON EB-2247U,1.0,high,model+title
https://mahamprint.com/product/1197/%D9%84%D9%BE-%D8%AA%D8%A7%D9%BE-13-%D8%A7%DB%8C%D9%86%DA%86%DB%8C-%D8%A7%D9%BE%D9%84-MacBook-Pro-MWP82-2020,0,12,https://mahamprint.com/products/--13---macbook-pro-mwp82-2020,لپ تاپ 13 اینچی اپل MacBook Pro MWP82 2020,1.0,high,model+title
https://mahamprint.com/product/1316/%D9%85%D8%A7%D9%86%DB%8C%D8%AA%D9%88%D8%B1-BENQ-EL2870U-28-Inch,0,12,https://mahamprint.com/products/-benq-el2870u-28-inch,مانیتور BENQ EL2870U 28 Inch,1.0,high,model+title
https://mahamprint.com/product/1498/%DA%A9%D8%A7%D8%B1%D8%AA%D8%B1%DB%8C%D8%AC-SAMSUNG-MLT-D707,0,12,https://mahamprint.com/products/-samsung-mlt-d707,کارتریج SAMSUNG MLT-D707,1.0,high,model+title
https://mahamprint.com/product/1593/%DA%A9%D8%A7%D8%B1%D8%AA%D8%B1%DB%8C%D8%AC-HP-410A,0,12,https://mahamprint.com/products/-hp-410a,کارتریج HP 410A,1.0,high,model+title
https://mahamprint.com/product/1768/%DA%A9%D8%A7%D8%B1%D8%A8%D9%86-%D9%81%DA%A9%D8%B3-%D9%BE%D8%A7%D9%86%D8%A7%D8%B3%D9%88%D9%86%DB%8C%DA%A9-Panasonic-KX-FA57E,0,12,https://mahamprint.com/products/---panasonic-kx-fa57e,کاربن فکس پاناسونیک Panasonic KX-FA57E,1.0,high,model+title
https://mahamprint.com/product/1664/%D9%BE%D8%B1%DB%8C%D9%86%D8%AA%D8%B1-%D8%AC%D9%88%D9%87%D8%B1-%D8%A7%D9%81%D8%B4%D8%A7%D9%86-3415w-canon,0,12,https://mahamprint.com/products/---3415w-canon,پرینتر جوهر افشان 3415w canon ,1.0,high,model+title
https://mahamprint.com/product/1948/%D9%86%D9%88%D8%A7%D8%B1-%D9%84%DB%8C%D8%A8%D9%84-%D9%BE%D8%B1%DB%8C%D9%86%D8%AA%D8%B1-%D8%A8%D8%B1%D8%A7%D8%AF%D8%B1-TZE-135-%D8%BA%DB%8C%D8%B1-%D8%A7%D9%88%D8%B1%D8%AC%DB%8C%D9%86%D8%A7%D9%84,0,12,https://mahamprint.com/products/---brother-tze-135--,نوار لیبل پرینتر brother TZE-135 غیر اورجینال,0.587,high,model+title
https://mahamprint.com/product/1773/%DA%A9%D8%A7%D8%B1%D8%A8%D9%86-%D9%81%DA%A9%D8%B3-Panasonic-KX-FA136A,0,12,https://mahamprint.com/products/--panasonic-kx-fa136a,کاربن فکس Panasonic KX-FA136A,1.0,high,model+title
https://mahamprint.com/product/1865/%D8%B1%D9%88%D9%84-%D9%84%DB%8C%D8%A8%D9%84-%D8%A8%D8%B1%DA%86%D8%B3%D8%A8-%DA%A9%D8%A7%D8%BA%D8%B0%DB%8C-%D8%AA%DA%A9-%D8%B1%D8%AF%DB%8C%D9%81%D9%87-30-70,0,12,https://mahamprint.com/products/------30-70,رول لیبل (برچسب) کاغذی تک ردیفه 30×70,0.35,medium,title-only
https://mahamprint.com/product/1977/%D9%86%D9%88%D8%A7%D8%B1-%D9%84%DB%8C%D8%A8%D9%84-%D9%BE%D8%B1%DB%8C%D9%86%D8%AA%D8%B1-%D9%85%D8%AF%D9%84-%D8%A8%D8%B1%D8%A7%D8%AF%D8%B1-TZE-721,0,12,https://mahamprint.com/products/-----tze-721,نوار لیبل پرینتر مدل برادر TZE-721,1.0,high,model+title
https://mahamprint.com/product/2202/%DA%AF%D8%B1%DB%8C%D8%AF-%D8%AA%D9%88%D8%B1%DB%8C-%D8%B4%D8%A7%D8%B1%DA%98%D8%B1-Sharp-AR420U-350-450,0,12,https://mahamprint.com/products/---sharp-ar420u-350-450,"گرید توری شارژر Sharp AR420U, 350, 450",1.0,high,model+title
https://mahamprint.com/product/2151/%D9%84%D9%88%D9%84%D8%A7%DB%8C-%D9%81%DB%8C%D8%AF%D8%B1-HP-M425,0,12,https://mahamprint.com/products/--hp-m425,لولای فیدر HP M425,1.0,high,model+title
https://mahamprint.com/product/2121/%D8%AF%D8%B1%D8%A7%D9%85-%D8%A7%DA%86-%D9%BE%DB%8C-HP-42A-Drum-4200,0,12,https://mahamprint.com/products/---hp-42a-drum-4200,درام اچ پی HP 42A Drum 4200,1.0,high,model+title
https://mahamprint.com/product/2306/%D8%B1%D9%88%D9%84-%D9%BE%D8%B1%D8%B3-HP-1022,0,12,https://mahamprint.com/products/--hp-1022,رول پرس HP 1022,1.0,high,model+title
https://mahamprint.com/product/2214/%D9%82%D8%A7%D8%A8-%D9%86%D8%A7%D8%AE%D9%86%DA%A9-%D9%BE%D8%B1%D8%B3-Sharp-MX500-363-452U,0,12,https://mahamprint.com/products/---sharp-mx500-363-452u,"قاب ناخنک پرس Sharp MX500, 363, 452U",1.0,high,model+title
https://mahamprint.com/product/2397/%D9%BE%DB%8C%DA%A9%D8%A7%D9%BE-%D8%B5%D8%A7%D9%81-%DA%A9%D8%A7%D8%B3%D8%AA-%D8%AF%D8%B3%D8%AA%DB%8C-AR-5631,0,12,https://mahamprint.com/products/----ar-5631,پیکاپ صاف کاست دستی AR-5631,1.0,high,model+title
https://mahamprint.com/product/2395/%D9%BE%DB%8C%DA%A9%D8%A7%D9%BE-%DA%98%D9%84%D9%87-%D8%A7%DB%8C-toshiba-E-S350,0,12,https://mahamprint.com/products/---toshiba-e-s350,پیکاپ ژله ای toshiba E-S350,1.0,high,model+title
https://mahamprint.com/product/2754/all-in-one-%D9%85%D8%AF%D9%84-dell-9020-core-i5-4,0,12,https://mahamprint.com/products/all-in-one--dell-9020-core-i5-4,all in one مدل dell 9020 core i5-4,1.0,high,model+title
https://mahamprint.com/product/39/i-SENSYS%20MF744Cdw,0,12,https://mahamprint.com/products/i-sensys-mf744cdw,پرینتر لیزری CANON MF744Cdw,0.503,medium,model+title
https://mahamprint.com/product/564/%D9%84%DB%8C%D8%A8%D9%84-%D9%BE%D8%B1%DB%8C%D9%86%D8%AA%D8%B1-HoneywELL-PC42T,0,12,https://mahamprint.com/products/--honeywell-pc42t,لیبل پرینتر HoneywELL PC42T,1.0,high,model+title
https://mahamprint.com/product/592/%D8%B5%D9%86%D8%AF%D9%88%D9%82-%D9%81%D8%B1%D9%88%D8%B4%DA%AF%D8%A7%D9%87%DB%8C-OKPOS-Zed-7,0,12,https://mahamprint.com/products/--okpos-zed-7,صندوق فروشگاهی OKPOS Zed-7,1.0,high,model+title
https://mahamprint.com/product/60/%D9%BE%D8%B1%DB%8C%D9%86%D8%AA%D8%B1-%D8%AA%DA%A9-%DA%A9%D8%A7%D8%B1%D9%87-%D9%84%DB%8C%D8%B2%D8%B1%DB%8C-HP-M102A,0,12,https://mahamprint.com/products/----hp-m102a,پرینتر تک کاره لیزری HP M102A,1.0,high,model+title
https://mahamprint.com/product/632/%D8%AF%D8%B3%D8%AA%DA%AF%D8%A7%D9%87-%D8%AD%D8%B6%D9%88%D8%B1-%D9%88%D8%BA%DB%8C%D8%A7%D8%A8-%D8%A8%D8%B1%D9%86%D8%AF-ZKTeco-%D9%85%D8%AF%D9%84-EB-109,0,12,https://mahamprint.com/products/----zkteco--eb-109,دستگاه حضور وغیاب برند  ZKTeco مدل EB-109,1.0,high,model+title
https://mahamprint.com/product/651/%DA%A9%D8%A7%D8%BA%D8%B0-%D8%AE%D8%B1%D8%AF%DA%A9%D9%86-Sunwood-SD9670,0,12,https://mahamprint.com/products/--sunwood-sd9520,کاغذ خردکن Sunwood SD9520,0.427,medium,model+title
https://mahamprint.com/product/708/%DA%A9%D8%A7%D8%BA%D8%B0-%D8%AE%D8%B1%D8%AF%DA%A9%D9%86-Mehr-MM-350c,0,12,https://mahamprint.com/products/--mehr-mm-350c,کاغذ خردکن Mehr MM-350c,1.0,high,model+title
https://mahamprint.com/product/810/%D8%A8%D8%A7%D8%B1%DA%A9%D8%AF-%D8%A7%D8%B3%DA%A9%D9%86%D8%B1-Oscar-OS-60CBS,0,12,https://mahamprint.com/products/--oscar-os-60cbs,بارکد اسکنر Oscar OS-60CBS,1.0,high,model+title
https://mahamprint.com/product/2249/%D9%81%DB%8C%D9%88%D8%B2%DB%8C%D9%86%DA%AF-%D8%A7%DA%86-%D9%BE%DB%8C-HP-P3015,4,11,https://mahamprint.com/products/-----p3015,فیلم فیوزینگ غیراورجینال اچ پی P3015,0.85,high,model+title
https://mahamprint.com/product/1761/%D8%B1%DB%8C%D8%A8%D9%88%D9%86-%D9%85%D8%B4%DA%A9%DB%8C-1000%D8%B9%DA%A9%D8%B3-Evolis%D9%85%D8%AF%D9%84-R2011-Black-Ribbon-%D8%A7%D9%88%D8%B1%D8%AC%DB%8C%D9%86%D8%A7%D9%84,2,11,https://mahamprint.com/products/--1000-evolis-r2011-black-ribbon-,ریبون مشکی 1000عکس  Evolisمدل  R2011 Black Ribbon اورجینال,1.0,high,model+title
https://mahamprint.com/product/2133/%D8%AF%D8%B1%D8%A7%D9%85-%DA%A9%D8%A7%D8%B1%D8%AA%D8%B1%DB%8C%D8%AC-%D8%A8%D8%B1%D9%86%D8%AF-HP-%D9%85%D8%AF%D9%84-43X-9000,2,11,https://mahamprint.com/products/---hp--43x-9000,درام کارتریج برند HP مدل 43X 9000,1.0,high,model+title
https://mahamprint.com/product/2354/%DA%86%D8%B1%D8%AE-%D8%AF%D9%86%D8%AF%D9%87-%D8%B1%D8%A7%D8%A8%D8%B7-%D9%87%DB%8C%D8%AA%D8%B1-sharp-%D9%85%D8%AF%D9%84-AR-452,2,11,https://mahamprint.com/products/----sharp--ar-452,چرخ دنده رابط هیتر  sharp مدل AR-452,1.0,high,model+title
https://mahamprint.com/product/2664/%D9%85%D8%A7%D9%86%DB%8C%D8%AA%D9%88%D8%B1-XVISION-S-610,2,11,https://mahamprint.com/products/-xvision-24xs460,مانیتور xvision 24xs460,0.357,medium,model+title
https://mahamprint.com/product/2628/%D9%BE%D8%B1%DB%8C%D9%86%D8%AA%D8%B1-%D8%AA%DA%A9-%DA%A9%D8%A7%D8%B1%D9%87-brother-HL-3150cdn,2,11,https://mahamprint.com/products/---brother-hl-3150cdn,پرینتر تک کاره brother HL-3150cdn,1.0,high,model+title
https://mahamprint.com/product/692/%DA%A9%D8%A7%D8%BA%D8%B0-%D8%AE%D8%B1%D8%AF%DA%A9%D9%86-Atlas-CC0660,2,11,,,0.117,none,
https://mahamprint.com/product/331/%D9%BE%D8%B1%DB%8C%D9%86%D8%AA%D8%B1-%D8%B1%D9%86%DA%AF%DB%8C-%DA%86%D9%87%D8%A7%D8%B1%DA%A9%D8%A7%D8%B1%D9%87-BROTHER-MFC-L8690CDW,2,11,https://mahamprint.com/products/---brother-mfc-l8690cdw,پرینتر رنگی چهارکاره BROTHER MFC-L8690CDW,1.0,high,model+title
https://mahamprint.com/product/883/%D8%A7%D8%B3%DA%A9%D9%86%D8%A7%D8%B3-%D8%B4%D9%85%D8%A7%D8%B1-NIKITA-LD-409A,2,11,https://mahamprint.com/products/--nikita-ld-409a,اسکناس شمار NIKITA LD-409A,1.0,high,model+title
https://mahamprint.com/product/892/%D8%A7%D8%B3%DA%A9%D9%86%D8%A7%D8%B3-%D8%B4%D9%85%D8%A7%D8%B1-%D8%B1%D9%88%D9%85%DB%8C%D8%B2%DB%8C-MAX-BS-210,2,11,https://mahamprint.com/products/---max-bs-210,اسکناس شمار رومیزی MAX BS-210,1.0,high,model+title
https://mahamprint.com/product/115/%D9%BE%D8%B1%DB%8C%D9%86%D8%AA%D8%B1-%D8%AA%DA%A9-%DA%A9%D8%A7%D8%B1%D9%87-%D9%84%DB%8C%D8%B2%D8%B1%DB%8C-%D9%85%D8%AF%D9%84-RICOH-SP-C320DN,1,11,https://mahamprint.com/products/-----ricoh-sp-c320dn,پرینتر تک کاره لیزری مدل RICOH  SP C320DN,1.0,high,model+title
https://mahamprint.com/product/1196/%D9%84%D9%BE-%D8%AA%D8%A7%D9%BE-13-%D8%A7%DB%8C%D9%86%DA%86%DB%8C-%D8%A7%D9%BE%D9%84-MacBook-Pro-MWP42,1,11,https://mahamprint.com/products/--13---macbook-pro-mwp42,لپ تاپ 13 اینچی اپل MacBook Pro MWP42,1.0,high,model+title
https://mahamprint.com/product/1837/%D8%B1%D9%88%D9%84-%D9%84%DB%8C%D8%A8%D9%84-%DA%A9%D8%A7%D8%BA%D8%B0-%DA%86%D9%87%D8%A7%D8%B1-%D8%B1%D8%AF%DB%8C%D9%81%D9%87-25%C3%9712,1,11,https://mahamprint.com/products/-----25-12,رول لیبل کاغذ چهار ردیفه 25×12,0.35,medium,title-only
https://mahamprint.com/product/193/%D9%BE%D8%B1%DB%8C%D9%86%D8%AA%D8%B1-%D9%84%DB%8C%D8%B2%D8%B1%DB%8C-%DA%86%D9%87%D8%A7%D8%B1%DA%A9%D8%A7%D8%B1%D9%87-%D8%A8%D8%B1%D9%86%D8%AF-HP-M181FW,1,11,https://mahamprint.com/products/----hp-m181fw,پرینتر لیزری چهارکاره برند HP M181FW,1.0,high,model+title
https://mahamprint.com/product/1802/%D8%B1%D9%88%D9%84-%DA%A9%D8%A7%D8%BA%D8%B0-%D8%AD%D8%B1%D8%A7%D8%B1%D8%AA%DB%8C-Top1-8cm,1,11,https://mahamprint.com/products/---top1-8cm,رول کاغذ حرارتی Top1 8cm,1.0,high,model+title
https://mahamprint.com/product/1983/%D9%86%D9%88%D8%A7%D8%B1-%D9%84%DB%8C%D8%A8%D9%84-%D9%BE%D8%B1%DB%8C%D9%86%D8%AA%D8%B1-brother-TZE-315-%D8%BA%DB%8C%D8%B1-%D8%A7%D9%88%D8%B1%D8%AC%DB%8C%D9%86%D8%A7%D9%84,1,11,https://mahamprint.com/products/---brother-tze-315--,نوار لیبل پرینتر brother TZE-315 غیر اورجینال,1.0,high,model+title
https://mahamprint.com/product/1991/%DA%A9%D8%A7%D8%B1%D8%AA-%D9%BE%DB%8C-%D9%88%DB%8C-%D8%B3%DB%8C-%D8%B1%DB%8C%D8%AF%D8%A7%D9%86%D9%84%DB%8C-200-%D8%B9%D8%AF%D8%AF%DB%8C-R-O-PVC-125K-Card,1,11,https://mahamprint.com/products/-----200--r-o-pvc-125k-card,کارت پی وی سی ریدانلی 200 عددی R\/O PVC 125K Card,1.0,high,model+title
https://mahamprint.com/product/2225/%D9%81%DB%8C%D9%84%D9%85-%D9%81%DB%8C%D9%88%D8%B2%DB%8C%D9%86%DA%AF-%D8%BA%DB%8C%D8%B1%D8%A7%D9%88%D8%B1%D8%AC%DB%8C%D9%86%D8%A7%D9%84-%D8%A7%DA%86-%D9%BE%DB%8C-P3015,1,11,https://mahamprint.com/products/-----p3015,فیلم فیوزینگ غیراورجینال اچ پی P3015,1.0,high,model+title
https://mahamprint.com/product/2252/%D9%81%DB%8C%D9%88%D8%B2%DB%8C%D9%86%DA%AF-%D8%A7%DA%86-%D9%BE%DB%8C-HP-1022,1,11,https://mahamprint.com/products/---hp-1022,فیوزینگ اچ پی HP 1022,1.0,high,model+title
https://mahamprint.com/product/236/%D9%BE%D8%B1%DB%8C%D9%86%D8%AA%D8%B1-%D8%B3%D9%87-%DA%A9%D8%A7%D8%B1%D9%87-%D9%84%DB%8C%D8%B2%D8%B1%DB%8C-Canon-MF411DW,1,11,https://mahamprint.com/products/----canon-mf411dw,پرینتر سه کاره لیزری Canon MF411DW,1.0,high,model+title
https://mahamprint.com/product/2422/%DA%A9%D8%A7%D8%BA%D8%B0%DA%A9%D8%B4-ADF-%D8%A8%D8%A7-%D9%85%D8%BA%D8%B2%DB%8C-%D8%A8%D9%84%D8%A8%D8%B1%DB%8C%D9%86%DA%AF%DB%8C-%D8%AA%D9%88%D8%B4%DB%8C%D8%A8%D8%A7-E-S452,1,11,https://mahamprint.com/products/-adf-----e-s452,کاغذکش ADF با مغزی بلبرینگی توشیبا E-S452,1.0,high,model+title
https://mahamprint.com/product/281/%D9%BE%D8%B1%DB%8C%D9%86%D8%AA%D8%B1-%D8%AA%DA%A9-%DA%A9%D8%A7%D8%B1%D9%87-%D9%84%DB%8C%D8%B2%D8%B1%DB%8C-RICOH-SP-C240DN,1,11,https://mahamprint.com/products/----ricoh-sp-c240dn,پرینتر تک کاره لیزری  RICOH SP C240DN,1.0,high,model+title
https://mahamprint.com/product/2822/%D9%BE%D8%B1%D8%AF%D9%87-%D9%86%D9%85%D8%A7%DB%8C%D8%B4-%D9%85%D8%B4%DA%A9%DB%8C-%D8%A8%D8%B1%D9%82%DB%8C-%D9%85%D8%AF%D9%84-CSB200A,1,11,,,0.15,none,
https://mahamprint.com/product/2987/%D8%B5%D9%86%D8%AF%D9%88%D9%82-%20%D9%81%D8%B1%D9%88%D8%B4%DA%AF%D8%A7%D9%87%DB%8C-%20CBON-%20%D9%85%D8%AF%D9%84-%20CP-P260AS,1,11,https://mahamprint.com/products/----cbon----cp-p260as,صندوق فروشگاهی CBON مدل CP-P260AS,1.0,high,model+title
https://mahamprint.com/product/3114/%D9%BE%D8%B1%DB%8C%D9%86%D8%AA%D8%B1-%20%D8%AA%DA%A9-%20%DA%A9%D8%A7%D8%B1%D9%87-%20%D8%B1%D9%86%DA%AF%DB%8C%20-HP-%20755DN,1,11,https://mahamprint.com/products/--------hp--755dn,پرینتر چندکاره رنگی HP 755DN,0.825,high,model+title
https://mahamprint.com/product/397/%D8%A7%D8%B3%DA%A9%D9%86%D8%B1-CANON-%D9%85%D8%AF%D9%84-LIDE-220,1,11,https://mahamprint.com/products/-canon--lide-220,اسکنر CANON مدل LIDE 220,1.0,high,model+title
https://mahamprint.com/product/606/%D8%B5%D9%86%D8%AF%D9%88%D9%82-%D9%81%D8%B1%D9%88%D8%B4%DA%AF%D8%A7%D9%87%DB%8C-PAR-EverServ-500,1,11,https://mahamprint.com/products/--par-everserv-500,صندوق فروشگاهی PAR EverServ 500,1.0,high,model+title
https://mahamprint.com/product/860/%D8%AF%D8%B3%D8%AA%DA%AF%D8%A7%D9%87-%D8%A7%D8%B3%DA%A9%D9%86%D8%A7%D8%B3-%D8%B4%D9%85%D8%A7%D8%B1-%D8%B3%D8%A7%DB%8C%D8%A7%D9%86-3639,1,11,https://mahamprint.com/products/----3639,دستگاه اسکناس شمار سایان 3639,1.0,high,model+title
https://mahamprint.com/product/951/%D9%85%D8%A7%D8%B4%DB%8C%D9%86-%D8%AD%D8%B3%D8%A7%D8%A8-Sharp-EL-145T,1,11,https://mahamprint.com/products/--sharp-el-145t,ماشین حساب Sharp EL-145T,1.0,high,model+title
https://mahamprint.com/product/1034/%D9%85%D8%A7%D8%B4%DB%8C%D9%86-%D8%AD%D8%B3%D8%A7%D8%A8-Citizen-SR-270XOR,0,11,https://mahamprint.com/products/--citizen-sr-270xor,ماشین حساب Citizen SR-270XOR,1.0,high,model+title
https://mahamprint.com/product/1141/%D8%AC%D9%88%D9%87%D8%B1-Canon-GI-290-CMYK,0,11,https://mahamprint.com/products/-canon-gi-290-cmyk,جوهر Canon GI-290 CMYK ,1.0,high,model+title
https://mahamprint.com/product/157/%D9%BE%D8%B1%DB%8C%D9%86%D8%AA%D8%B1-%D8%AA%DA%A9-%DA%A9%D8%A7%D8%B1%D9%87-%D9%84%DB%8C%D8%B2%D8%B1%DB%8C-HP-P1102W,0,11,https://mahamprint.com/products/----hp-p1102w,پرینتر  تک کاره لیزری HP P1102W,1.0,high,model+title
https://mahamprint.com/product/165/%D9%BE%D8%B1%DB%8C%D9%86%D8%AA%D8%B1-%D9%84%DB%8C%D8%B2%D8%B1%DB%8C-HP-M401DW,0,11,https://mahamprint.com/products/--hp-m401dw,پرینتر لیزری HP M401DW,1.0,high,model+title
https://mahamprint.com/product/1665/%D8%AF%DB%8C%D8%AA%D8%A7-%D9%BE%D8%B1%D9%88%DA%98%DA%A9%D8%AA%D9%88%D8%B1-Benq-Mh560,0,11,https://mahamprint.com/products/--benq-mh560-2,دیتا پروژکتور Benq Mh560,1.0,high,model+title
https://mahamprint.com/product/1705/%D9%85%D9%88%D8%A8%D8%A7%DB%8C%D9%84-%D9%BE%D8%B1%DB%8C%D9%86%D8%AA%D8%B1-%D8%AA%DA%A9-%DA%A9%D8%A7%D8%B1%D9%87-%D8%AC%D9%88%D9%87%D8%B1%D8%A7%D9%81%D8%B4%D8%A7%D9%86-202-hp,0,11,https://mahamprint.com/products/-----202-hp,موبایل پرینتر تک کاره جوهرافشان 202 hp,1.0,high,model+title
https://mahamprint.com/product/1760/%D8%B1%DB%8C%D8%A8%D9%88%D9%86-%D9%85%D8%B4%DA%A9%DB%8C-1000-%D8%B9%DA%A9%D8%B3-Evolis-R2011-Black-Ribbon,0,11,https://mahamprint.com/products/--1000--evolis-r2011-black-ribbon,ریبون مشکی 1000 عکس  Evolis R2011 Black Ribbon,1.0,high,model+title
https://mahamprint.com/product/1870/%D9%84%DB%8C%D8%A8%D9%84-%D8%A8%D8%B1%DA%86%D8%B3%D8%A8-%D9%BE%DB%8C-%D9%88%DB%8C-%D8%B3%DB%8C-%D8%AF%D9%88-%D8%B1%D8%AF%DB%8C%D9%81%D9%87-51-34,0,11,https://mahamprint.com/products/-------51-34,لیبل (برچسب) پی وی سی تک ردیفه 51×34,0.28,low,title-only
https://mahamprint.com/product/1944/%D9%86%D9%88%D8%A7%D8%B1-%D9%84%DB%8C%D8%A8%D9%84-%D9%BE%D8%B1%DB%8C%D9%86%D8%AA%D8%B1-brother-TZE-261-%D8%BA%DB%8C%D8%B1-%D8%A7%D9%88%D8%B1%D8%AC%DB%8C%D9%86%D8%A7%D9%84,0,11,https://mahamprint.com/products/---brother-tze-261--,نوار لیبل پرینتر brother TZE-261 غیر اورجینال,1.0,high,model+title
https://mahamprint.com/product/2084/%D8%A8%D8%B1%D8%AF-%D9%BE%D8%A7%D9%88%D8%B1-printer-hp-P2014-P2015,0,11,https://mahamprint.com/products/--printer-hp-p2014-p2015,برد پاور printer hp P2014 P2015,1.0,high,model+title
https://mahamprint.com/product/2224/%D9%81%DB%8C%D9%84%D9%85-%D9%81%DB%8C%D9%88%D8%B2%DB%8C%D9%86%DA%AF-%D8%A7%D9%88%D8%B1%D8%AC%DB%8C%D9%86%D8%A7%D9%84-hp-1320,0,11,https://mahamprint.com/products/-hp-1320,مگنت HP 1320,0.767,high,model+title
https://mahamprint.com/product/2238/%D9%81%DB%8C%D9%88%D8%B2%DB%8C%D9%86%DA%AF-%D8%B3%D8%A7%D9%85%D8%B3%D9%88%D9%86%DA%AF-Samsung-2825,0,11,https://mahamprint.com/products/--samsung-2825,فیوزینگ سامسونگ Samsung 2825,1.0,high,model+title
https://mahamprint.com/product/2296/%D8%B1%D9%88%D9%84-%D9%BE%D8%B1%D8%B3-%D8%A8%D8%B1%D9%86%D8%AF-Sharp-MX-M452U,0,11,https://mahamprint.com/products/---sharp-mx-m452u,رول پرس برند Sharp MX-M452U,1.0,high,model+title
https://mahamprint.com/product/2302/%D8%B1%D9%88%D9%84-%D9%BE%D8%B1%D8%B3-Toshiba-E350-450,0,11,https://mahamprint.com/products/--toshiba-e350-450,رول پرس Toshiba E350-450,1.0,high,model+title
https://mahamprint.com/product/2400/%D9%BE%DB%8C%DA%A9%D8%A7%D9%BE-%D9%81%DB%8C%D8%AF%D8%B1-%D8%A7%DA%86-%D9%BE%DB%8C-%D9%84%DB%8C%D8%B2%D8%B1%D8%AC%D8%AA-mfp1214,0,11,https://mahamprint.com/products/-----mfp1214,پیکاپ فیدر اچ پی لیزرجت mfp1214,1.0,high,model+title
https://mahamprint.com/product/2403/%D9%BE%DB%8C%DA%A9%D8%A7%D9%BE-%D8%B5%D8%A7%D9%81-%DA%98%D9%84%D9%87-%D8%A7%DB%8C-%D8%A8%D8%A7-%D9%85%D8%BA%D8%B2%DB%8C-%D8%B1%DB%8C%DA%A9%D9%88-AF2060,0,11,https://mahamprint.com/products/-------af2060,پیکاپ صاف ژله ای با مغزی ریکو AF2060,1.0,high,model+title
https://mahamprint.com/product/2667/%D8%AF%DB%8C%D8%AA%D8%A7-%D9%BE%D8%B1%D9%88%DA%98%DA%A9%D8%AA%D9%88%D8%B1-epson-l200f,0,11,https://mahamprint.com/products/--epson-l200f,دیتا پروژکتور epson l200f,1.0,high,model+title
https://mahamprint.com/product/3009/%D9%BE%D8%B1%DB%8C%D9%86%D8%AA%D8%B1%20-%D8%B3%D9%87%20%DA%A9%D8%A7%D8%B1%D9%87%20-%D8%AC%D9%88%D9%87%D8%B1%D8%A7%D9%81%D8%B4%D8%A7%D9%86%20-CANON-%20PIXMA%20-G3416,0,11,https://mahamprint.com/products/-------canon--pixma--g3416,پرینتر سه کاره جوهرافشان CANON PIXMA G3416,1.0,high,model+title
https://mahamprint.com/product/671/%DA%A9%D8%A7%D8%BA%D8%B0-%D8%AE%D8%B1%D8%AF%DA%A9%D9%86-ProTech-SD-9680,0,11,https://mahamprint.com/products/--protech-sd-9680,کاغذ خردکن ProTech SD 9680,1.0,high,model+title
https://mahamprint.com/product/764/%DA%A9%D8%A7%D8%BA%D8%B0-%D8%AE%D8%B1%D8%AF-%DA%A9%D9%86-Alborz-AZE8,0,11,https://mahamprint.com/products/---alborz-aze8,کاغذ خرد کن Alborz AZE8,1.0,high,model+title
https://mahamprint.com/product/350/%D9%BE%D8%B1%DB%8C%D9%86%D8%AA%D8%B1-%D8%AC%D9%88%D9%87%D8%B1-%D8%A7%D9%81%D8%B4%D8%A7%D9%86-%D8%B3%D9%87-%DA%A9%D8%A7%D8%B1%D9%87-EPSON-ET-M2170,0,11,https://mahamprint.com/products/-----epson-et-m2170,پرینتر جوهر افشان سه کاره EPSON ET-M2170,1.0,high,model+title
https://mahamprint.com/product/446/%D8%A7%D8%B3%DA%A9%D9%86%D8%B1-PLUSTEK-PN2040,0,11,https://mahamprint.com/products/-plustek-pn2040,اسکنر Plustek PN2040,1.0,high,model+title
https://mahamprint.com/product/836/%D8%A8%D8%A7%D8%B1%DA%A9%D8%AF-%D8%A7%D8%B3%DA%A9%D9%86%D8%B1-%D8%A8%D8%B1%D9%86%D8%AF-DATALOGIC-GFS4470,0,11,https://mahamprint.com/products/---datalogic-gfs4470,بارکد اسکنر برند DATALOGIC GFS4470,1.0,high,model+title
https://mahamprint.com/product/905/%D8%A7%D8%B3%DA%A9%D9%86%D8%A7%D8%B3-%D8%B4%D9%85%D8%A7%D8%B1-AX-2200,0,11,https://mahamprint.com/products/--ax-2200,اسکناس شمار AX 2200,1.0,high,model+title
https://mahamprint.com/product/926/%D9%85%D8%A7%D8%B4%DB%8C%D9%86-%D8%AD%D8%B3%D8%A7%D8%A8-%DA%A9%D8%A7%DA%A9%D9%88%D8%B4%DB%8C%D8%A7%D8%A6%D9%88%D9%85%DB%8C-lemo-k1412,0,11,https://mahamprint.com/products/----lemo-k1412,ماشین حساب کاکو(شیائومی) lemo k1412,0.85,high,model+title
https://mahamprint.com/product/986/%D9%85%D8%A7%D8%B4%DB%8C%D9%86-%D8%AD%D8%B3%D8%A7%D8%A8-SHARP-EL-123N,0,11,https://mahamprint.com/products/--sharp-el-123n,ماشین حساب SHARP EL-123N,1.0,high,model+title
https://mahamprint.com/product/808/%D8%A8%D8%A7%D8%B1%DA%A9%D8%AF-%D8%A7%D8%B3%DA%A9%D9%86%D8%B1-%D8%A8%D8%B1%D9%86%D8%AF-Tyson-TY-2216,3,10,https://mahamprint.com/products/---tyson-ty-2216,بارکد اسکنر برند Tyson TY-2216,1.0,high,model+title
https://mahamprint.com/product/1212/%D9%BE%D8%B1%D8%AF%D9%87-%D9%86%D9%85%D8%A7%DB%8C%D8%B4-%D8%A8%D8%B1%D9%82%DB%8C-%D9%BE%D8%B1%D9%88%DA%98%DA%A9%D8%AA%D9%88%D8%B1-scope-200x200CM,2,10,https://mahamprint.com/products/----scope-200x200cm,پرده نمایش برقی پروژکتور scope 200x200CM,1.0,high,model+title
https://mahamprint.com/product/1968/%D9%86%D9%88%D8%A7%D8%B1-%D9%84%DB%8C%D8%A8%D9%84-%D9%BE%D8%B1%DB%8C%D9%86%D8%AA%D8%B1-%D8%A8%D8%B1%D8%A7%D8%AF%D8%B1-%DA%A9%D8%AF-TZE-223-%D8%BA%DB%8C%D8%B1-%D8%A7%D9%88%D8%B1%D8%AC%DB%8C%D9%86%D8%A7%D9%84,2,10,https://mahamprint.com/products/-----tze-223--,نوار لیبل پرینتر برادر کد TZE-223 غیر اورجینال,1.0,high,model+title
https://mahamprint.com/product/1693/%D9%BE%D8%B1%DB%8C%D9%86%D8%AA%D8%B1-%D8%AC%D9%88%D9%87%D8%B1%D8%A7%D9%81%D8%B4%D8%A7%D9%86-EPSON-L3111,1,10,https://mahamprint.com/products/--epson-l3111,پرینتر جوهرافشان EPSON L3111,1.0,high,model+title
https://mahamprint.com/product/1863/%D9%84%DB%8C%D8%A8%D9%84-%D9%BE%DB%8C-%D9%88%DB%8C-%D8%B3%DB%8C-%D8%AF%D9%88-%D8%B1%D8%AF%DB%8C%D9%81%D9%87-45-30-Label-PVC-two-rows,1,10,https://mahamprint.com/products/------45-30-label-pvc-two-rows,لیبل پی وی سی دو ردیفه 45×30 Label PVC two rows,1.0,high,model+title
https://mahamprint.com/product/229/%D9%BE%D8%B1%DB%8C%D9%86%D8%AA%D8%B1-%D9%84%DB%8C%D8%B2%D8%B1%DB%8C-CANON-LBP113W,1,10,https://mahamprint.com/products/--canon-lbp113w,پرینتر لیزری  CANON LBP113W,1.0,high,model+title
https://mahamprint.com/product/2261/%D9%86%D8%A7%D8%AE%D9%86%DA%A9-%D9%87%D8%A7%D8%AA%D8%B1%D9%88%D9%84-AR-235-%D8%B4%D8%A7%D8%B1%D9%BE,1,10,https://mahamprint.com/products/--ar-235-,ناخنک هاترول AR-235 شارپ,1.0,high,model+title
https://mahamprint.com/product/243/%D9%BE%D8%B1%DB%8C%D9%86%D8%AA%D8%B1-%DA%86%D9%87%D8%A7%D8%B1%DA%A9%D8%A7%D8%B1%D9%87-%D9%84%DB%8C%D8%B2%D8%B1%DB%8C-%D8%A8%D8%B1%D9%86%D8%AF-CANON-%D9%85%D8%AF%D9%84-MF426DW,1,10,https://mahamprint.com/products/----canon--mf426dw,پرینتر چهارکاره لیزری برند CANON مدل MF426DW,1.0,high,model+title
https://mahamprint.com/product/2465/%D9%BE%D8%B1%DB%8C%D9%86%D8%AA%D8%B1-%DA%86%D9%87%D8%A7%D8%B1%DA%A9%D8%A7%D8%B1%D9%87-%D9%84%DB%8C%D8%B2%D8%B1%DB%8C-%D8%A8%D8%B1%D9%86%D8%AF-CANON-%D9%85%D8%AF%D9%84-429X,1,10,https://mahamprint.com/products/----canon--429x,پرینتر چهارکاره لیزری برند CANON مدل 429X,1.0,high,model+title
https://mahamprint.com/product/2649/%D9%84%D9%BE-%D8%AA%D8%A7%D9%BE-%DA%AF%DB%8C%D9%85%DB%8C%D9%86%DA%AF-%D8%A8%D8%B1%D9%86%D8%AF-asus-%D9%85%D8%AF%D9%84-GA503RS-R7,1,10,https://mahamprint.com/products/----asus--ga503rs-r7,لپ تاپ گیمینگ برند asus مدل GA503RS R7,1.0,high,model+title
https://mahamprint.com/product/2722/%DA%A9%D8%A7%D8%B1%D8%AA-%DA%AF%D8%B1%D8%A7%D9%81%DB%8C%DA%A9-GTX-1650-VENTUS-XS-OC-D5-4G,1,10,https://mahamprint.com/products/--gtx-1650-ventus-xs-oc-d5-4g,کارت گرافیک GTX 1650 VENTUS XS OC D5 4G,1.0,high,model+title
https://mahamprint.com/product/3072/%D9%BE%D8%B1%DB%8C%D9%86%D8%AA%D8%B1-%D9%84%DB%8C%D8%B2%D8%B1%DB%8C-%D8%AA%DA%A9-%DA%A9%D8%A7%D8%B1%D9%87-%D8%A8%D8%B1%D9%86%D8%AF-HP-%D9%85%D8%AF%D9%84-4003dn,1,10,https://mahamprint.com/products/-----hp--4003dn,پرینتر لیزری تک کاره برند HP مدل 4003dn,1.0,high,model+title
https://mahamprint.com/product/3116/%D9%81%DB%8C%D8%B4-%D9%BE%D8%B1%DB%8C%D9%86%D8%AA%D8%B1%20-OSCAR%20-%D9%85%D8%AF%D9%84-%20POS88c,1,10,https://mahamprint.com/products/---oscar----pos88c,فیش پرینتر OSCAR مدل POS88c,1.0,high,model+title
https://mahamprint.com/product/3146/%D9%BE%D8%B1%DB%8C%D9%86%D8%AA%D8%B1%20-%D9%84%DB%8C%D8%B2%D8%B1%DB%8C-%20Brother-%20mfc-L6710DW,1,10,https://mahamprint.com/products/----brother--mfc-l6710dw,پرینتر لیزری Brother mfc-L6710DW,1.0,high,model+title
https://mahamprint.com/product/722/%DA%A9%D8%A7%D8%BA%D8%B0-%D8%AE%D8%B1%D8%AF%DA%A9%D9%86-Fellowes-460Ms,1,10,https://mahamprint.com/products/--fellowes-460ms,کاغذ خردکن Fellowes 460Ms,1.0,high,model+title
https://mahamprint.com/product/1286/%D9%88%DB%8C%D8%AF%D8%A6%D9%88-%D9%BE%D8%B1%D9%88%DA%98%DA%A9%D8%AA%D9%88%D8%B1-EPSON-X41,0,10,https://mahamprint.com/products/--epson-x41,ویدئو پروژکتور EPSON  X41,1.0,high,model+title
https://mahamprint.com/product/146/%D9%BE%D8%B1%DB%8C%D9%86%D8%AA%D8%B1-%DA%86%D9%86%D8%AF%DA%A9%D8%A7%D8%B1%D9%87-%D9%84%DB%8C%D8%B2%D8%B1%DB%8C-%D8%A8%D8%B1%D9%86%D8%AF-HP-PRO-MFP-M28W,0,10,https://mahamprint.com/products/----hp-pro-mfp-m28w,پرینتر چندکاره لیزری برند HP PRO MFP M28W,1.0,high,model+title
https://mahamprint.com/product/1616/%D9%BE%D8%B1%DB%8C%D9%86%D8%AA%D8%B1-%D9%84%DB%8C%D8%B2%D8%B1%DB%8C-%D9%85%D8%AF%D9%84-HP-MFP-M442dn,0,10,https://mahamprint.com/products/---hp-mfp-m442dn,پرینتر لیزری مدل HP  MFP M442dn,1.0,high,model+title
https://mahamprint.com/product/1852/%D9%84%DB%8C%D8%A8%D9%84-%D8%A8%D8%B1%DA%86%D8%B3%D8%A8-%D9%BE%DB%8C-%D9%88%DB%8C-%D8%B3%DB%8C-%D8%AA%DA%A9-%D8%B1%D8%AF%DB%8C%D9%81%D9%87-150-100,0,10,https://mahamprint.com/products/-------150-100,لیبل (برچسب) پی وی سی تک ردیفه 150×100,1.0,high,model+title
https://mahamprint.com/product/2010/%D8%A8%D8%A7%D8%AA%D8%B1%DB%8C-%D8%B3%DA%A9%D9%87-%D8%A7%DB%8C-Kodak-CR2025,0,10,https://mahamprint.com/products/---kodak-cr2025,باتری سکه ای Kodak CR2025,1.0,high,model+title
https://mahamprint.com/product/202/%D9%BE%D8%B1%DB%8C%D9%86%D8%AA%D8%B1-%DA%86%D9%87%D8%A7%D8%B1-%DA%A9%D8%A7%D8%B1%D9%87-%D8%A8%D8%B1%D9%86%D8%AF-HP-M680Z,0,10,https://mahamprint.com/products/----hp-m680z,پرینتر چهار کاره برند HP M680Z,1.0,high,model+title
https://mahamprint.com/product/2051/%D8%A8%D8%B1%D8%AF-%D9%81%D8%B1%D9%85%D8%AA%D8%B1-%D8%A7%DA%86-%D9%BE%DB%8C-M1536dnf,0,10,https://mahamprint.com/products/----m1536dnf,برد فرمتر اچ پی M1536dnf,1.0,high,model+title
https://mahamprint.com/product/2140/%D8%B3%D9%BE%D8%B1%DB%8C%D8%B4%D9%86-%D9%BE%D8%AF-HP-1200-%D8%A7%D9%88%D8%B1%D8%AC%DB%8C%D9%86%D8%A7%D9%84,0,10,https://mahamprint.com/products/--hp-1200-,سپریشن پد HP 1200 اورجینال,1.0,high,model+title
https://mahamprint.com/product/2243/%D9%81%DB%8C%D9%88%D8%B2%DB%8C%D9%86%DA%AF-%D8%A7%DA%86-%D9%BE%DB%8C-HP-1215,0,10,https://mahamprint.com/products/---hp-1215,فیوزینگ اچ پی HP 1215,1.0,high,model+title
https://mahamprint.com/product/2268/%D9%87%D8%A7%D8%AA-%D8%B1%D9%88%D9%84-%D8%B1%DB%8C%DA%A9%D9%88-%D9%85%D8%AF%D9%84-MP-7000,0,10,https://mahamprint.com/products/----mp-7000,هات رول ریکو مدل MP 7000,1.0,high,model+title
https://mahamprint.com/product/2309/%D8%B1%D9%88%D9%84-%D9%BE%D8%B1%D8%B3-hp-4100,0,10,https://mahamprint.com/products/--hp-4100,رول پرس hp 4100,1.0,high,model+title
https://mahamprint.com/product/2450/%D9%84%DB%8C%D8%A8%D9%84-%D9%BE%D8%B1%DB%8C%D9%86%D8%AA%D8%B1-%D9%85%D8%AF%D9%84-brother-PT-E300VP,0,10,https://mahamprint.com/products/---brother-pt-e300vp,لیبل پرینتر مدل brother PT-E300VP,1.0,high,model+title
https://mahamprint.com/product/2559/%D9%84%DB%8C%D8%A8%D9%84-%D9%BE%D8%B1%DB%8C%D9%86%D8%AA%D8%B1-ZEBRA-ZT411-203dpi,0,10,https://mahamprint.com/products/--zebra-zt411-203dpi,لیبل پرینتر ZEBRA ZT411 203dpi,1.0,high,model+title
https://mahamprint.com/product/2672/%D8%AF%DB%8C%D8%AA%D8%A7-%D9%BE%D8%B1%D9%88%DA%98%DA%A9%D8%AA%D9%88%D8%B1-epson-2250u,0,10,https://mahamprint.com/products/--epson-2250u,دیتا پروژکتور epson 2250u,1.0,high,model+title
https://mahamprint.com/product/28/Canon-800D-18-135-IS-STM,0,10,https://mahamprint.com/products/--canon--g,هد پرینتر Canon سری G,0.256,low,model+title
https://mahamprint.com/product/2803/%D9%BE%D8%B1%DB%8C%D9%86%D8%AA%D8%B1-%D8%AC%D9%88%D9%87%D8%B1%D8%A7%D9%81%D8%B4%D8%A7%D9%86-%DA%86%D9%87%D8%A7%D8%B1%DA%A9%D8%A7%D8%B1%D9%87-EPSON-%D9%85%D8%AF%D9%84-L5296w,0,10,https://mahamprint.com/products/---epson--l5296w,پرینتر جوهرافشان چهارکاره  EPSON مدل L5296w,1.0,high,model+title
https://mahamprint.com/product/2874/%D9%BE%D8%B1%D8%AF%D9%87-%D9%86%D9%85%D8%A7%DB%8C%D8%B4-%D9%BE%D8%A7%DB%8C%D9%87-%D8%AF%D8%A7%D8%B1-%DA%A9%D8%B1%D9%88%D9%85%D8%A7%DA%A9%DB%8C-%D9%85%D8%AF%D9%84-CSG150T,0,10,,,0.156,none,
https://mahamprint.com/product/3147/%D8%A7%D8%B3%DA%A9%D9%86%D8%B1-%20%D8%A7%DB%8C%20-%D9%88%DB%8C%DA%98%D9%86%20-%D9%85%D8%AF%D9%84%20-ad380,0,10,https://mahamprint.com/products/--------ad380,اسکنر ای ویژن مدل ad380,1.0,high,model+title
https://mahamprint.com/product/2884/%D9%BE%D8%B1%DB%8C%D9%86%D8%AA%D8%B1-%D8%AA%DA%A9-%DA%A9%D8%A7%D8%B1%D9%87-%D8%A7%D8%B3%D8%AA%D9%88%DA%A9-hp-1102w,0,10,https://mahamprint.com/products/----hp-1102w,پرینتر تک کاره استوک hp 1102w,1.0,high,model+title
https://mahamprint.com/product/335/%D9%BE%D8%B1%DB%8C%D9%86%D8%AA%D8%B1-%DA%86%D9%86%D8%AF%DA%A9%D8%A7%D8%B1%D9%87-BROTHER-MFC-J3530cdw,0,10,https://mahamprint.com/products/--brother-mfc-j3530cdw,پرینتر چندکاره BROTHER MFC-J3530cdw,1.0,high,model+title
https://mahamprint.com/product/516/%D8%AA%D8%B3%D8%AA-%D8%A7%D8%B3%DA%A9%D9%86%D8%A7%D8%B3-%D9%85%D8%AF%D9%84DFS-220,0,10,https://mahamprint.com/products/--dfs-220,تست اسکناس مدلDFS-220,1.0,high,model+title
https://mahamprint.com/product/601/%D8%B5%D9%86%D8%AF%D9%88%D9%82-%D9%81%D8%B1%D9%88%D8%B4%DA%AF%D8%A7%D9%87%DB%8C-OKPOS-Z-D2550,0,10,https://mahamprint.com/products/--okpos-z-d2550,صندوق فروشگاهی OKPOS Z-D2550,1.0,high,model+title
https://mahamprint.com/product/673/%DA%A9%D8%A7%D8%BA%D8%B0-%D8%AE%D8%B1%D8%AF%DA%A9%D9%86-Protech-SD-9360,0,10,https://mahamprint.com/products/--protech-sd-9360,کاغذ خردکن Protech SD 9360,1.0,high,model+title
https://mahamprint.com/product/779/%D8%A8%D8%A7%D8%B1%DA%A9%D8%AF-%D8%AE%D9%88%D8%A7%D9%86-Datalogic-QM2430,0,10,https://mahamprint.com/products/--datalogic-qm2430,بارکد خوان Datalogic QM2430,1.0,high,model+title
https://mahamprint.com/product/792/%D8%A8%D8%A7%D8%B1%DA%A9%D8%AF-%D8%AE%D9%88%D8%A7%D9%86-Unitech-PS800R,0,10,https://mahamprint.com/products/--unitech-ps800r,بارکد خوان Unitech PS800R,1.0,high,model+title
https://mahamprint.com/product/797/%D8%A8%D8%A7%D8%B1%DA%A9%D8%AF-%D8%A7%D8%B3%DA%A9%D9%86%D8%B1-%D8%A8%D8%B1%D9%86%D8%AF-Zebex-Z-3192BT,0,10,https://mahamprint.com/products/---zebex-z-3192bt,بارکد اسکنر برند Zebex Z-3192BT,1.0,high,model+title
https://mahamprint.com/product/91/%D9%BE%D8%B1%DB%8C%D9%86%D8%AA%D8%B1-%D8%AA%DA%A9-%DA%A9%D8%A7%D8%B1%D9%87-%D9%84%DB%8C%D8%B2%D8%B1%DB%8C-HP-M452NW,0,10,https://mahamprint.com/products/----hp-m452nw,پرینتر تک کاره لیزری  HP M452NW,1.0,high,model+title
https://mahamprint.com/product/805/%D8%A8%D8%A7%D8%B1%DA%A9%D8%AF-%D8%A7%D8%B3%DA%A9%D9%86%D8%B1-%D8%A8%D8%B1%D9%86%D8%AF-DATALOGIC-%D9%85%D8%AF%D9%84-Cobalto-CO5300,3,9,https://mahamprint.com/products/---datalogic--cobalto-co5300,بارکد اسکنر برند DATALOGIC مدل Cobalto CO5300,1.0,high,model+title
https://mahamprint.com/product/1329/%D9%85%D8%A7%D9%86%DB%8C%D8%AA%D9%88%D8%B1-Samsung-S19C325N-Plus-18-5-%D8%A7%DB%8C%D9%86%DA%86,2,9,https://mahamprint.com/products/-samsung-s19c325n-plus-18-5-,مانیتور Samsung S19C325N Plus 18.5 اینچ,1.0,high,model+title
https://mahamprint.com/product/1110/%D8%AA%D9%88%D9%86%D8%B1-%D8%B4%D8%A7%D8%B1%DA%98-%D9%85%D8%AF%D9%84-100gr-panasonic,2,9,https://mahamprint.com/products/---100gr-panasonic,تونر شارژ مدل 100gr panasonic,1.0,high,model+title
https://mahamprint.com/product/1424/%D8%AA%D9%88%D9%86%D8%B1-EPSON-T159-CMYK,2,9,https://mahamprint.com/products/-epson-t159-cmyk,تونر EPSON T159 CMYK,1.0,high,model+title
https://mahamprint.com/product/139/%D9%BE%D8%B1%DB%8C%D9%86%D8%AA%D8%B1-%D9%84%DB%8C%D8%B2%D8%B1%DB%8C-BROTHER-%D9%85%D8%AF%D9%84-MFC-L5575DW,2,9,https://mahamprint.com/products/--brother--mfc-l5575dw,پرینتر لیزری BROTHER مدل MFC-L5575DW,1.0,high,model+title
https://mahamprint.com/product/533/%D8%AA%D8%B3%D8%AA-%D8%A7%D8%B3%DA%A9%D9%86%D8%A7%D8%B3-%D9%85%D8%AF%D9%84-NIKITA-UV9,2,9,https://mahamprint.com/products/---nikita-uv9,تست اسکناس مدل NIKITA  UV9,1.0,high,model+title
https://mahamprint.com/product/1116/%D8%AA%D9%88%D9%86%D8%B1-brother-%D9%85%D8%AF%D9%84-100gr,1,9,https://mahamprint.com/products/-brother--100gr,تونر brother مدل 100gr,1.0,high,model+title
https://mahamprint.com/product/1296/%D8%AF%DB%8C%D8%AA%D8%A7-%D9%88%DB%8C%D8%AF%D8%A6%D9%88-%D9%BE%D8%B1%D9%88%DA%98%DA%A9%D8%AA%D9%88%D8%B1-EPSON-EH-TW5600,1,9,https://mahamprint.com/products/---epson-eh-tw5600,دیتا ویدئو پروژکتور EPSON EH-TW5600,1.0,high,model+title
https://mahamprint.com/product/1629/%D8%AF%D8%B3%D8%AA%DA%AF%D8%A7%D9%87-%D9%81%DA%A9%D8%B3-CANON-%D9%85%D8%AF%D9%84-L170,1,9,https://mahamprint.com/products/--canon--l170,دستگاه فکس CANON مدل L170‎,1.0,high,model+title
https://mahamprint.com/product/1482/%D8%AA%D9%88%D9%86%D8%B1-%DA%A9%D8%A7%D8%B1%D8%AA%D8%B1%DB%8C%D8%AC-HP-38A,1,9,https://mahamprint.com/products/--hp-38a,تونر کارتریج HP 38A,1.0,high,model+title
https://mahamprint.com/product/1697/%D8%AC%D9%88%D9%87%D8%B1-%D9%85%D8%B4%DA%A9%DB%8C-Epson-T6731,1,9,https://mahamprint.com/products/--epson-t6731,جوهر مشکی Epson T6731,1.0,high,model+title
https://mahamprint.com/product/194/%D9%BE%D8%B1%DB%8C%D9%86%D8%AA%D8%B1-%DA%86%D9%86%D8%AF%DA%A9%D8%A7%D8%B1%D9%87-%D9%84%DB%8C%D8%B2%D8%B1%DB%8C-HP-M281FDN,1,9,https://mahamprint.com/products/---hp-m281fdn,پرینتر چندکاره لیزری HP M281FDN,1.0,high,model+title
https://mahamprint.com/product/2016/%D8%A8%D8%A7%D8%AA%D8%B1%DB%8C-%D9%86%DB%8C%D9%85-%D9%82%D9%84%D9%85%DB%8C-%D9%85%D8%AF%D9%84-maxell-M-06,1,9,https://mahamprint.com/products/----maxell-m-06,باتری نیم قلمی مدل maxell M-06,1.0,high,model+title
https://mahamprint.com/product/332/%D9%BE%D8%B1%DB%8C%D9%86%D8%AA%D8%B1-%DA%86%D9%86%D8%AF%DA%A9%D8%A7%D8%B1%D9%87-%D9%84%DB%8C%D8%B2%D8%B1%DB%8C-BROTHER-MFC-L9570CDW,1,9,https://mahamprint.com/products/---brother-mfc-l9570cdw,پرینتر چندکاره لیزری BROTHER MFC-L9570CDW,1.0,high,model+title
https://mahamprint.com/product/2405/%D9%BE%DB%8C%DA%A9%D8%A7%D9%BE-%D8%B5%D8%A7%D9%81-ADF-ricoh-AF-1060,1,9,https://mahamprint.com/products/--adf-ricoh-af-1060-2,پیکاپ صاف ADF ricoh AF-1060,1.0,high,model+title
https://mahamprint.com/product/68/%D9%BE%D8%B1%DB%8C%D9%86%D8%AA%D8%B1-%D9%84%DB%8C%D8%B2%D8%B1%DB%8C-%D8%AA%DA%A9-%DA%A9%D8%A7%D8%B1%D9%87-HP-M604N,1,9,https://mahamprint.com/products/----hp-m604n,پرینتر لیزری تک کاره HP M604N,1.0,high,model+title
https://mahamprint.com/product/1048/%D9%81%D8%AA%D9%88%DA%A9%D9%BE%DB%8C-RICOH-M2700DN,0,9,https://mahamprint.com/products/-ricoh-m2700dn,فتوکپی RICOH M2700DN,1.0,high,model+title
https://mahamprint.com/product/1104/%D8%AF%D8%B1%D8%A7%D9%85-%D8%B1%D9%86%DA%AF%DB%8C-HP-2035,0,9,https://mahamprint.com/products/--hp-2035,بلید کارتریج HP 2035,0.767,high,model+title
https://mahamprint.com/product/114/%D9%BE%D8%B1%DB%8C%D9%86%D8%AA%D8%B1-%D9%84%DB%8C%D8%B2%D8%B1%DB%8C-%D8%AA%DA%A9-%DA%A9%D8%A7%D8%B1%D9%87-RICOH-SP-325DNW,0,9,https://mahamprint.com/products/----ricoh-sp-325dnw,پرینتر لیزری تک کاره RICOH SP 325DNW,1.0,high,model+title
https://mahamprint.com/product/1177/%DA%A9%D9%86%D8%B3%D9%88%D9%84-%D8%A8%D8%A7%D8%B2%DB%8C-Playstation-3-Slim,0,9,https://mahamprint.com/products/--playstation-3-slim,کنسول بازی Playstation 3 Slim,1.0,high,model+title
https://mahamprint.com/product/127/%D9%BE%D8%B1%DB%8C%D9%86%D8%AA%D8%B1-%D8%AA%DA%A9-%DA%A9%D8%A7%D8%B1%D9%87-%D9%84%DB%8C%D8%B2%D8%B1%DB%8C-BROTHER-HL-L2320D,0,9,https://mahamprint.com/products/----brother-hl-l2320d,پرینتر تک کاره لیزری  BROTHER HL-L2320D,1.0,high,model+title
https://mahamprint.com/product/1458/%D8%AA%D9%88%D9%86%D8%B1-HP-564-CMYK,0,9,https://mahamprint.com/products/-hp-564-cmyk,تونر HP 564 CMYK,1.0,high,model+title
https://mahamprint.com/product/1474/%DA%A9%D8%A7%D8%B1%D8%AA%D8%B1%DB%8C%D8%AC-CANON-712,0,9,https://mahamprint.com/products/-canon-712,کارتریج CANON 712,1.0,high,model+title
https://mahamprint.com/product/1485/%DA%A9%D8%A7%D8%B1%D8%AA%D8%B1%DB%8C%D8%AC-HP-49A,0,9,https://mahamprint.com/products/-hp-49a,کارتریج  HP 49A,1.0,high,model+title
https://mahamprint.com/product/151/%D9%BE%D8%B1%DB%8C%D9%86%D8%AA%D8%B1-%D9%84%DB%8C%D8%B2%D8%B1%DB%8C-HP-MFP1200A,0,9,https://mahamprint.com/products/--hp-mfp1200a,پرینتر لیزری HP MFP1200A,1.0,high,model+title
https://mahamprint.com/product/156/%D9%BE%D8%B1%DB%8C%D9%86%D8%AA%D8%B1-%D8%AA%DA%A9-%DA%A9%D8%A7%D8%B1%D9%87-%D9%84%DB%8C%D8%B2%D8%B1%DB%8C-HP-M15W,0,9,https://mahamprint.com/products/----hp-m15w,پرینتر تک کاره لیزری HP M15W,1.0,high,model+title
https://mahamprint.com/product/1630/%D8%AF%D8%B3%D8%AA%DA%AF%D8%A7%D9%87-%D9%81%DA%A9%D8%B3-panasonic-%D9%85%D8%AF%D9%84-FP711CX-W,0,9,https://mahamprint.com/products/--panasonic--fp711cx-w,دستگاه فکس panasonic مدل FP711CX-W,1.0,high,model+title
https://mahamprint.com/product/1685/%D9%84%DB%8C%D8%A8%D9%84-%D9%BE%D8%B1%DB%8C%D9%86%D8%AA%D8%B1-Godex-EZ-120,0,9,https://mahamprint.com/products/--godex-ez-120,لیبل پرینتر Godex EZ-120,1.0,high,model+title
https://mahamprint.com/product/1708/%D8%B1%DB%8C%D8%A8%D9%88%D9%86-Wax-110-75,0,9,https://mahamprint.com/products/-wax-110-75,ریبون Wax 110×75,1.0,high,model+title
https://mahamprint.com/product/1817/%D8%AA%D8%A7%D9%86%DA%A9-%D8%AC%D9%88%D9%87%D8%B1-Canon-221-220,0,9,https://mahamprint.com/products/--canon-221-220,"تانک جوهر Canon 221, 220",1.0,high,model+title
https://mahamprint.com/product/1942/%D9%86%D9%88%D8%A7%D8%B1-%D9%84%DB%8C%D8%A8%D9%84-%D9%BE%D8%B1%DB%8C%D9%86%D8%AA%D8%B1-%D8%A7%D9%85%D9%86%DB%8C%D8%AA%DB%8C-brother-TZE-SE2-%D8%BA%DB%8C%D8%B1-%D8%A7%D9%88%D8%B1%D8%AC%DB%8C%D9%86%D8%A7%D9%84,0,9,https://mahamprint.com/products/----brother-tze-se2--,نوار لیبل پرینتر امنیتی brother TZE-SE2 غیر اورجینال,1.0,high,model+title
https://mahamprint.com/product/1950/%D9%86%D9%88%D8%A7%D8%B1-%D9%84%DB%8C%D8%A8%D9%84-%D9%BE%D8%B1%DB%8C%D9%86%D8%AA%D8%B1-brother-TZE-335-%D8%BA%DB%8C%D8%B1-%D8%A7%D9%88%D8%B1%D8%AC%DB%8C%D9%86%D8%A7%D9%84,0,9,https://mahamprint.com/products/---brother-tze-335--,نوار لیبل پرینتر brother TZE-335 غیر اورجینال,1.0,high,model+title
https://mahamprint.com/product/1970/%D9%86%D9%88%D8%A7%D8%B1-%D9%84%DB%8C%D8%A8%D9%84-%D9%BE%D8%B1%DB%8C%D9%86%D8%AA%D8%B1-%D9%85%D8%AF%D9%84-%D8%A8%D8%B1%D8%A7%D8%AF%D8%B1-TZE-622,0,9,https://mahamprint.com/products/-----tze-622,نوار لیبل پرینتر مدل برادر TZE-622,1.0,high,model+title
https://mahamprint.com/product/2014/%D8%A8%D8%A7%D8%AA%D8%B1%DB%8C-%D8%B3%DA%A9%D9%87-%D8%A7%DB%8C-Maxell-%D9%85%D8%AF%D9%84-CR2016,0,9,https://mahamprint.com/products/---maxell--cr2016,باتری سکه ای Maxell مدل CR2016,1.0,high,model+title
https://mahamprint.com/product/2017/%D8%A8%D8%A7%D8%AA%D8%B1%DB%8C-%D9%86%DB%8C%D9%85-%D9%82%D9%84%D9%85%DB%8C-duracell%D9%85%D8%AF%D9%84-plus-lr3,0,9,https://mahamprint.com/products/---duracell-plus-lr3,باتری نیم قلمی duracellمدل plus-lr3,1.0,high,model+title
https://mahamprint.com/product/2106/%D8%AF%D8%B1%D8%A7%D9%85-%DA%A9%D8%A7%D8%B1%D8%AA%D8%B1%DB%8C%D8%AC-Samsung-1710-Drum,0,9,https://mahamprint.com/products/--samsung-1710-drum,درام کارتریج Samsung 1710 Drum,1.0,high,model+title
https://mahamprint.com/product/2146/%D8%B3%D9%BE%D8%B1%DB%8C%D8%B4%D9%86-%D9%BE%D8%AF-HP-LaserJet-5000-5100-%D8%A7%D9%88%D8%B1%D8%AC%DB%8C%D9%86%D8%A7%D9%84,0,9,https://mahamprint.com/products/--hp-laserjet-5000-5100-,سپریشن پد HP LaserJet 5000\/5100 اورجینال,1.0,high,model+title
https://mahamprint.com/product/2356/%DA%86%D8%B1%D8%AE-%D8%AF%D9%86%D8%AF%D9%87-%D8%B3%D8%B1-%D9%87%D8%A7%D8%AA%D8%B1%D9%88%D9%84-%D8%A8%D8%B1%D9%86%D8%AF-sharp-AR-452-%D9%81%D8%A7%D8%A8%D8%B1%DB%8C%DA%A9,0,9,https://mahamprint.com/products/-----sharp-ar-452-,چرخ دنده سر هاترول برند sharp AR-452 فابریک,1.0,high,model+title
https://mahamprint.com/product/2376/%D9%BE%DB%8C%DA%A9%D8%A7%D9%BE-%D9%BE%D8%B1%DB%8C%D9%86%D8%AA%D8%B1-%D8%A7%DA%86-%D9%BE%DB%8C-2035,0,9,https://mahamprint.com/products/----2035,پیکاپ پرینتر اچ پی 2035,1.0,high,model+title
https://mahamprint.com/product/2377/hp-1320-printer-pickup,0,9,https://mahamprint.com/products/hp-1320-printer-pickup,hp 1320 printer pickup,1.0,high,model+title
https://mahamprint.com/product/2414/%D9%81%DB%8C%D8%AF%D8%B1%D9%88%D9%84%D8%B1%D8%AF%D8%B3%D8%AA%DB%8C-ricoh-2060,0,9,https://mahamprint.com/products/-ricoh-2060,فیدرولردستی ricoh 2060,1.0,high,model+title
https://mahamprint.com/product/2543/%D9%BE%D9%84%D8%A7%D8%AA%D8%B1-%D8%A8%D8%B1%D9%86%D8%AF-Epson-SC-T5200,0,9,https://mahamprint.com/products/--epson-sc-t5200,پلاتر برند Epson SC-T5200,1.0,high,model+title
https://mahamprint.com/product/2599/%DA%AF%D9%88%D8%B4%DB%8C-SAMSUNG-GALAXY-S20-PLUSE-5G,0,9,https://mahamprint.com/products/-samsung-galaxy-s20-pluse-5g,گوشی SAMSUNG GALAXY S20 PLUSE 5G,1.0,high,model+title
https://mahamprint.com/product/2701/%D8%B3%D9%88%D8%A6%DB%8C%DA%86-%D8%B4%D8%A8%DA%A9%D9%87-%D8%B3%DB%8C%D8%B3%DA%A9%D9%88-C9200-24T-A,0,9,https://mahamprint.com/products/---c9200-24t-a,سوئیچ شبکه سیسکو C9200-24T-A,1.0,high,model+title
https://mahamprint.com/product/2890/%D9%BE%D8%B1%DB%8C%D9%86%D8%AA%D8%B1%D9%84%DB%8C%D8%B2%D8%B1%DB%8C-%DA%86%D9%86%D8%AF-%DA%A9%D8%A7%D8%B1%D9%87-%D8%B1%D9%86%DA%AF%DB%8C-%D8%A7%D8%B3%D8%AA%D9%88%DA%A9-%D8%A8%D8%B1%D9%86%D8%AF-hp-%D9%85%D8%AF%D9%84-176n,0,9,https://mahamprint.com/products/------hp--176n,پرینترلیزری چند کاره رنگی استوک  برند hp مدل 176n,1.0,high,model+title
https://mahamprint.com/product/2905/%D9%BE%D8%B1%DB%8C%D9%86%D8%AA%D8%B1-%DA%86%D9%86%D8%AF%DA%A9%D8%A7%D8%B1%D9%87-%D9%84%DB%8C%D8%B2%D8%B1%DB%8C-%D8%B1%D9%86%DA%AF%DB%8C-HP-M479dw,0,9,https://mahamprint.com/products/----hp-m479dw,پرینتر چندکاره لیزری رنگی HP M479dw,1.0,high,model+title
https://mahamprint.com/product/2932/%D9%BE%D8%B1%DB%8C%D9%86%D8%AA%D8%B1%D8%AA%DA%A9-%DA%A9%D8%A7%D8%B1%D9%87-%D8%B1%D9%86%DA%AF%DB%8C-%D9%85%D8%AF%D9%84-HP-CP5525N,0,9,https://mahamprint.com/products/hp-cp5525n,پرینترتک کاره رنگی مدل HP CP5525N,1.0,high,model+title
https://mahamprint.com/product/3015/%D8%A8%D8%A7%D8%B1%DA%A9%D8%AF-%D8%A7%D8%B3%DA%A9%D9%86%D8%B1-%D9%85%D8%AF%D9%84-ZEBRA-Symbol-LI2208,0,9,https://mahamprint.com/products/------zebra--symbol--li2208,بارکد اسکنر مدل ZEBRA Symbol LI2208,1.0,high,model+title
https://mahamprint.com/product/3105/%D9%81%DB%8C%D8%B4-%D9%BE%D8%B1%DB%8C%D9%86%D8%AA%D8%B1-%D8%A8%D8%B1%D9%86%D8%AF-grandmi-%D9%85%D8%AF%D9%84-MI-R230SN,0,9,https://mahamprint.com/products/------grandmi----mi-r230sn,فیش پرینتر برند grandmi مدل MI-R230SN,1.0,high,model+title
https://mahamprint.com/product/3108/%D9%BE%D8%B1%DB%8C%D9%86%D8%AA%D8%B1%20-%D8%B3%D9%87%20-%DA%A9%D8%A7%D8%B1%D9%87%20-%D9%84%DB%8C%D8%B2%D8%B1%DB%8C%20-HP-%20MFP578DN,0,9,https://mahamprint.com/products/--------hp--mfp578dn,پرینتر سه کاره لیزری HP MFP578DN,1.0,high,model+title
https://mahamprint.com/product/608/%D8%B5%D9%86%D8%AF%D9%88%D9%82-%D9%81%D8%B1%D9%88%D8%B4%DA%AF%D8%A7%D9%87%DB%8C-Posiflex-XT-3114,0,9,https://mahamprint.com/products/--posiflex-xt-3114,صندوق فروشگاهی Posiflex XT-3114,1.0,high,model+title
https://mahamprint.com/product/621/%D8%AF%D8%B3%D8%AA%DA%AF%D8%A7%D9%87-%D8%AD%D8%B6%D9%88%D8%B1-%D9%88-%D8%BA%DB%8C%D8%A7%D8%A8-ZKTeco-F-400,0,9,https://mahamprint.com/products/----zkteco-f-400,دستگاه حضور و غیاب  ZKTeco F-400,1.0,high,model+title
https://mahamprint.com/product/769/%D8%AF%D8%B3%D8%AA%DA%AF%D8%A7%D9%87-%D8%A8%D8%B1%D8%B4-%DA%A9%D8%A7%D8%BA%D8%B0-AX4606RT,0,9,https://mahamprint.com/products/---ax4606rt,دستگاه برش کاغذ AX4606RT,1.0,high,model+title
https://mahamprint.com/product/77/%D9%BE%D8%B1%DB%8C%D9%86%D8%AA%D8%B1-%D8%B3%D9%87-%DA%A9%D8%A7%D8%B1%D9%87-%D9%84%DB%8C%D8%B2%D8%B1%DB%8C-%D8%A8%D8%B1%D9%86%D8%AF-HP-%D9%85%D8%AF%D9%84-MFP-M130A,0,9,https://mahamprint.com/products/-----hp--mfp-m130a,پرینتر سه کاره لیزری برند HP مدل MFP M130A,1.0,high,model+title
https://mahamprint.com/product/777/%D8%A8%D8%A7%D8%B1%DA%A9%D8%AF-%D8%A7%D8%B3%DA%A9%D9%86%D8%B1-%D8%A8%D8%B1%D9%86%D8%AF-Datalogic-8500,0,9,https://mahamprint.com/products/---datalogic-8500,بارکد اسکنر برند Datalogic 8500,1.0,high,model+title
https://mahamprint.com/product/770/%D8%AF%D8%B3%D8%AA%DA%AF%D8%A7%D9%87-%D8%A8%D8%B1%D8%B4-%DA%A9%D8%A7%D8%BA%D8%B0-%DB%B4%DB%B5%DB%B0VG,0,9,https://mahamprint.com/products/---vg,دستگاه برش کاغذ ۴۵۰VG,0.35,medium,title-only
https://mahamprint.com/product/784/%D8%A8%D8%A7%D8%B1%DA%A9%D8%AF-%D8%A7%D8%B3%DA%A9%D9%86%D8%B1-Honeywell-Youjie-YJ3300,0,9,https://mahamprint.com/products/--honeywell-youjie-yj3300,بارکد اسکنر Honeywell Youjie YJ3300,1.0,high,model+title
https://mahamprint.com/product/826/%D8%A8%D8%A7%D8%B1%DA%A9%D8%AF-%D8%AE%D9%88%D8%A7%D9%86-Datalogic-%D9%85%D8%AF%D9%84-magellan-2D-800i,0,9,https://mahamprint.com/products/--datalogic--magellan-2d-800i,بارکد خوان Datalogic مدل magellan 2D 800i,1.0,high,model+title
https://mahamprint.com/product/858/%D8%A7%D8%B3%DA%A9%D9%86%D8%A7%D8%B3-%D8%B4%D9%85%D8%A7%D8%B1-%D9%86%D8%A7%D9%85%DB%8C-%D8%AA%D8%B1%D8%A7%D8%B2-NT100,0,9,https://mahamprint.com/products/----nt100,اسکناس شمار نامی تراز NT100,1.0,high,model+title
https://mahamprint.com/product/864/%D8%AF%D8%B3%D8%AA%DA%AF%D8%A7%D9%87-%D8%A7%D8%B3%DA%A9%D9%86%D8%A7%D8%B3-%D8%B4%D9%85%D8%A7%D8%B1-%D8%A2%D9%81%D8%A7%D9%82-BJ-82series,0,9,https://mahamprint.com/products/----bj-82series,دستگاه اسکناس شمار آفاق BJ-82series,1.0,high,model+title
https://mahamprint.com/product/916/%D9%85%D8%A7%D8%B4%DB%8C%D9%86-%D8%AD%D8%B3%D8%A7%D8%A8-CASIC-DJ-8824NC,0,9,https://mahamprint.com/products/--casic-dj-8824nc,ماشین حساب CASIC DJ-8824NC,1.0,high,model+title
https://mahamprint.com/product/977/%D9%85%D8%A7%D8%B4%DB%8C%D9%86-%D8%AD%D8%B3%D8%A7%D8%A8-CASIO-HR-8RC,0,9,https://mahamprint.com/products/--casio-hr-8rc,ماشین حساب CASIO HR-8RC,1.0,high,model+title
https://mahamprint.com/product/1052/%D8%AF%D8%B3%D8%AA%DA%AF%D8%A7%D9%87-%DA%A9%D9%BE%DB%8C-CANON-C7500i,3,8,https://mahamprint.com/products/--canon-c7500i,دستگاه کپی CANON C7500i,1.0,high,model+title
https://mahamprint.com/product/294/%D9%BE%D8%B1%DB%8C%D9%86%D8%AA%D8%B1-%D9%84%DB%8C%D8%B2%D8%B1%DB%8C-CANON-I-SENSYS-MF3010,3,8,https://mahamprint.com/products/---canon--i-sensys-mf3010,پرینتر چند کاره  CANON مدل I-SENSYS MF3010,0.85,high,model+title
https://mahamprint.com/product/861/%D8%A7%D8%B3%DA%A9%D9%86%D8%A7%D8%B3-%D8%B4%D9%85%D8%A7%D8%B1-%D8%B1%D9%88%D9%85%DB%8C%D8%B2%DB%8C-MAX-BS-110,3,8,https://mahamprint.com/products/---max-bs-110,اسکناس شمار رومیزی MAX BS-110,1.0,high,model+title
https://mahamprint.com/product/1150/%D8%AC%D9%88%D9%87%D8%B1-HP-30-Black,2,8,https://mahamprint.com/products/-hp-30-black,جوهر HP 30 Black,1.0,high,model+title
https://mahamprint.com/product/1629/%D9%81%DA%A9%D8%B3-CANON-L170,2,8,https://mahamprint.com/products/--canon--l170,دستگاه فکس CANON مدل L170‎,1.0,high,model+title
https://mahamprint.com/product/2668/%D9%84%DB%8C%D8%A8%D9%84-%D9%BE%D8%B1%DB%8C%D9%86%D8%AA%D8%B1-brother-pt-s110,2,8,https://mahamprint.com/products/--brother-pt-s110,لیبل پرینتر brother pt-s110,1.0,high,model+title
https://mahamprint.com/product/2916/%D9%BE%D8%B1%DB%8C%D9%86%D8%AA%D8%B1-%D8%AA%DA%A9-%DA%A9%D8%A7%D8%B1%D9%87-%D9%84%DB%8C%D8%B2%D8%B1%DB%8C-4014n,2,8,https://mahamprint.com/products/----4014n,پرینتر تک کاره لیزری 4014n,1.0,high,model+title
https://mahamprint.com/product/383/%D8%A7%D8%B3%DA%A9%D9%86%D8%B1-Plustek-550-plus,2,8,https://mahamprint.com/products/-plustek-550-plus,اسکنر Plustek 550 plus,1.0,high,model+title
https://mahamprint.com/product/697/%DA%A9%D8%A7%D8%BA%D8%B0-%D8%AE%D8%B1%D8%AF%DA%A9%D9%86-Fellowes-63cb,2,8,https://mahamprint.com/products/--fellowes-63cb,کاغذ خردکن Fellowes 63cb,1.0,high,model+title
https://mahamprint.com/product/964/%D9%85%D8%A7%D8%B4%DB%8C%D9%86-%D8%AD%D8%B3%D8%A7%D8%A8-CASIO-FX-CP400,2,8,https://mahamprint.com/products/--casio-fx-cp400,ماشین حساب CASIO FX-CP400,1.0,high,model+title
https://mahamprint.com/product/1089/%D9%85%DA%AF%D9%86%D8%AA-HP-17A,1,8,https://mahamprint.com/products/-hp-17a,مگنت HP 17A,1.0,high,model+title
https://mahamprint.com/product/1637/%D9%BE%D8%B1%DB%8C%D9%86%D8%AA%D8%B1-L3116-EPSON,1,8,https://mahamprint.com/products/-l3116-epson,پرینتر L3116 EPSON,1.0,high,model+title
https://mahamprint.com/product/1869/%D9%84%DB%8C%D8%A8%D9%84-%D8%A8%D8%B1%DA%86%D8%B3%D8%A8-%D9%BE%DB%8C-%D9%88%DB%8C-%D8%B3%DB%8C-%D8%AA%DA%A9-%D8%B1%D8%AF%DB%8C%D9%81%D9%87-80-50,1,8,https://mahamprint.com/products/-------80-50,لیبل (برچسب) پی وی سی تک ردیفه 80×50,0.35,medium,title-only
https://mahamprint.com/product/2134/%D8%AF%D8%B1%D8%A7%D9%85-%DA%A9%D8%A7%D8%B1%D8%AA%D8%B1%DB%8C%D8%AC-hp-2300-drum,1,8,https://mahamprint.com/products/--hp-2300-drum,درام کارتریج hp 2300 drum,1.0,high,model+title
https://mahamprint.com/product/2670/%D8%AF%DB%8C%D8%AA%D8%A7-%D9%BE%D8%B1%D9%88%DA%98%DA%A9%D8%AA%D9%88%D8%B1-Benq-Mh560-2,1,8,https://mahamprint.com/products/--benq-mh560-2,دیتا پروژکتور Benq Mh560,0.93,high,model+title
https://mahamprint.com/product/2947/%D8%A7%D8%B3%DA%A9%D9%86%D8%B1%20-%D8%A8%D8%A7%D8%B1%DA%A9%D8%AF-%20%D8%AA%DA%A9%20%D8%A8%D8%B9%D8%AF%DB%8C-%20DATALOGIC-%20%D9%85%D8%AF%D9%84-%20QD2220%20QuickScan,1,8,https://mahamprint.com/products/-------datalogic----qd2220-quickscan,اسکنر بارکد تک بعدی DATALOGIC مدل QD2220 QuickScan,1.0,high,model+title
https://mahamprint.com/product/297/%D9%BE%D8%B1%DB%8C%D9%86%D8%AA%D8%B1-%D8%AA%DA%A9-%DA%A9%D8%A7%D8%B1%D9%87-%D9%84%DB%8C%D8%B2%D8%B1%DB%8C-HP-107A,1,8,https://mahamprint.com/products/----hp-107a,پرینتر تک کاره لیزری HP 107A,1.0,high,model+title
https://mahamprint.com/product/3127/%D9%BE%D8%B1%DB%8C%D9%86%D8%AA%D8%B1%D9%84%DB%8C%D8%B2%D8%B1%DB%8C-%20HP-%20M126nw,1,8,https://mahamprint.com/products/--hp--m126nw,پرینترلیزری HP M126nw,1.0,high,model+title
https://mahamprint.com/product/508/%D8%A7%D8%B3%DA%A9%D9%86%D8%B1-Canon-DR-FB201,1,8,https://mahamprint.com/products/-canon-dr-m1060,اسکنر CANON DR-M1060,0.427,medium,model+title
https://mahamprint.com/product/785/%D8%A8%D8%A7%D8%B1%DA%A9%D8%AF-%D8%A7%D8%B3%DA%A9%D9%86%D8%B1-%D8%A8%D8%B1%D9%86%D8%AF-DATALOGIC-GD4430,1,8,https://mahamprint.com/products/---datalogic-gd4430,بارکد اسکنر برند DATALOGIC GD4430,1.0,high,model+title
https://mahamprint.com/product/879/%D8%A7%D8%B3%DA%A9%D9%86%D8%A7%D8%B3-%D8%B4%D9%85%D8%A7%D8%B1-Protech-BS-600,1,8,https://mahamprint.com/products/--protech-bs-600,اسکناس شمار Protech BS-600,1.0,high,model+title
https://mahamprint.com/product/1087/%D9%85%DA%AF%D9%86%D8%AA-%D9%85%D8%AF%D9%84-hp-1215,0,8,https://mahamprint.com/products/--hp-1215,بلید کارتریج HP 1215,0.79,high,model+title
https://mahamprint.com/product/1289/%D9%88%DB%8C%D8%AF%D8%A6%D9%88-%D9%BE%D8%B1%D9%88%DA%98%DA%A9%D8%AA%D9%88%D8%B1-OPTOMA-X343E,0,8,https://mahamprint.com/products/--optoma-x343e,ویدئو پروژکتور OPTOMA X343E,1.0,high,model+title
https://mahamprint.com/product/1332/%D9%85%D8%A7%D9%86%DB%8C%D8%AA%D9%88%D8%B1-XVISION-XL2020AI-19-5-Inch,0,8,https://mahamprint.com/products/-xvision-xl2020ai-19-5-inch,مانیتور XVISION XL2020AI 19.5 Inch,1.0,high,model+title
https://mahamprint.com/product/1388/%D8%AA%D9%88%D9%86%D8%B1-EPSON-73N-Magenta,0,8,https://mahamprint.com/products/-epson-73n-magenta,تونر EPSON 73N Magenta,1.0,high,model+title
https://mahamprint.com/product/1337/%D9%85%D8%A7%D9%86%DB%8C%D8%AA%D9%88%D8%B1-%D8%A7%D9%84-%D8%AC%DB%8C-%D9%85%D8%AF%D9%84-%DB%B2%DB%B0MK400AB-%D8%B3%D8%A7%DB%8C%D8%B2-%DB%B1%DB%B9%DB%B5-%D8%A7%DB%8C%D9%86%DA%86,0,8,https://mahamprint.com/products/----mk400ab----,مانیتور ال جی مدل ۲۰MK400AB سایز ۱۹.۵ اینچ,0.883,high,model+title
https://mahamprint.com/product/1437/%D8%AA%D9%88%D9%86%D8%B1-Epson-320-CMYK,0,8,https://mahamprint.com/products/-epson-320-cmyk,تونر Epson 320 CMYK,1.0,high,model+title
https://mahamprint.com/product/1441/%D8%AA%D9%88%D9%86%D8%B1-Epson-68-CMY,0,8,https://mahamprint.com/products/-epson-68-cmy,تونر Epson 68 CMY,1.0,high,model+title
https://mahamprint.com/product/1457/%DA%A9%D8%A7%D8%B1%D8%AA%D8%B1%DB%8C%D8%AC-HP-932-Black,0,8,https://mahamprint.com/products/-hp-932-black,کارتریج HP 932 Black,1.0,high,model+title
https://mahamprint.com/product/1529/%D8%AA%D9%88%D9%86%D8%B1-RICOH-842128,0,8,https://mahamprint.com/products/-ricoh-842128,تونر RICOH 842128,1.0,high,model+title
https://mahamprint.com/product/1909/%D9%84%DB%8C%D8%A8%D9%84-%D8%A8%D8%B1%DA%86%D8%B3%D8%A8-%D9%85%D8%AA%D8%A7%D9%84-%D8%AF%D9%88-%D8%B1%D8%AF%DB%8C%D9%81%D9%87-Metal-Label-25%C3%9750,0,8,https://mahamprint.com/products/-----metal-label-25-50,لیبل (برچسب) متال دو ردیفه Metal Label 25×50,1.0,high,model+title
https://mahamprint.com/product/1839/%D9%84%DB%8C%D8%A8%D9%84-%D8%AC%D9%88%D8%A7%D9%87%D8%B1-%D8%AF%D9%85-%D8%B4%DB%8C%D8%B4%D9%87-%D8%A7%DB%8C,0,8,https://mahamprint.com/products/----enzo,لیبل جواهر دم شیشه  ENZO,0.233,low,title-only
https://mahamprint.com/product/168/%D9%BE%D8%B1%DB%8C%D9%86%D8%AA%D8%B1-%D9%84%DB%8C%D8%B2%D8%B1%DB%8C-%D8%AA%DA%A9-%DA%A9%D8%A7%D8%B1%D9%87-HP-M604DN,0,8,https://mahamprint.com/products/----hp-m604dn,پرینتر لیزری تک کاره HP M604DN,1.0,high,model+title
https://mahamprint.com/product/1580/%DA%A9%D8%A7%D8%B1%D8%AA%D8%B1%DB%8C%D8%AC-%D8%AA%D9%88%D9%86%D8%B1-HP-305A,0,8,https://mahamprint.com/products/--hp-305a,کارتریج تونر HP 305A,1.0,high,model+title
https://mahamprint.com/product/1947/%D9%86%D9%88%D8%A7%D8%B1-%D9%84%DB%8C%D8%A8%D9%84-%D9%BE%D8%B1%DB%8C%D9%86%D8%AA%D8%B1-brother-TZE-535-%D8%BA%DB%8C%D8%B1-%D8%A7%D9%88%D8%B1%D8%AC%DB%8C%D9%86%D8%A7%D9%84,0,8,https://mahamprint.com/products/---brother-tze-535--,نوار لیبل پرینتر brother TZE-535 غیر اورجینال,1.0,high,model+title
https://mahamprint.com/product/195/%D9%BE%D8%B1%DB%8C%D9%86%D8%AA%D8%B1-HP-M277N,0,8,https://mahamprint.com/products/-hp-m277n,پرینتر HP M277N,1.0,high,model+title
https://mahamprint.com/product/1951/%D9%86%D9%88%D8%A7%D8%B1-%D9%84%DB%8C%D8%A8%D9%84-%D9%BE%D8%B1%DB%8C%D9%86%D8%AA%D8%B1-brother-TZE-334-%D8%BA%DB%8C%D8%B1-%D8%A7%D9%88%D8%B1%D8%AC%DB%8C%D9%86%D8%A7%D9%84,0,8,https://mahamprint.com/products/---brother-tze-334--,نوار لیبل پرینتر brother TZE-334 غیر اورجینال,1.0,high,model+title
https://mahamprint.com/product/2013/%D8%A8%D8%A7%D8%AA%D8%B1%DB%8C-%D8%B3%DA%A9%D9%87-%D8%A7%DB%8C-maxell-CR2025,0,8,https://mahamprint.com/products/---maxell-cr2025,باتری سکه ای maxell CR2025,1.0,high,model+title
https://mahamprint.com/product/2176/%D9%BE%D9%86%D9%84-%D9%BE%D8%B1%DB%8C%D9%86%D8%AA%D8%B1-Compuprint-SP40,0,8,https://mahamprint.com/products/---compuprint-sp40,کابل پنل پرینتر Compuprint SP40,0.912,high,model+title
https://mahamprint.com/product/2118/%D8%AF%D8%B1%D8%A7%D9%85-%D9%85%D8%AF%D9%84-Toshiba-2006-Drum,0,8,https://mahamprint.com/products/--toshiba-2006-drum,درام مدل Toshiba 2006 Drum,1.0,high,model+title
https://mahamprint.com/product/221/%D9%BE%D8%B1%DB%8C%D9%86%D8%AA%D8%B1-HP-GT-5810,0,8,https://mahamprint.com/products/-hp-gt-5810,پرینتر HP GT-5810,1.0,high,model+title
https://mahamprint.com/product/2315/%D8%B1%D9%88%D9%84-%D9%BE%D8%B1%D8%B3-sharp-AR-5631,0,8,https://mahamprint.com/products/--sharp-ar-5631,فید دستی SHARP AR-5631,0.8,high,model+title
https://mahamprint.com/product/2360/%DA%86%D8%B1%D8%AE-%D8%AF%D9%86%D8%AF%D9%87-41T-%DB%8C%D9%88%D9%86%DB%8C%D8%AA-%D8%AF%D8%B1%D8%A7%DB%8C%D9%88%D8%B1-%D8%A7%D8%B5%D9%84%DB%8C-%D8%B4%D8%A7%D8%B1%D9%BE-AR-160,0,8,https://mahamprint.com/products/--41t-----ar-160,چرخ دنده 41T یونیت درایور اصلی شارپ AR-160,1.0,high,model+title
https://mahamprint.com/product/2895/%D9%BE%D8%B1%DB%8C%D9%86%D8%AA%D8%B1-%D9%84%DB%8C%D8%B2%D8%B1%DB%8C-%D8%A7%D8%B3%D8%AA%D9%88%DA%A9-hp-402dn,0,8,https://mahamprint.com/products/---hp-402dn,پرینتر لیزری استوک hp 402dn,1.0,high,model+title
https://mahamprint.com/product/2729/%DA%A9%D8%A7%D8%B1%D8%AA-%DA%AF%D8%B1%D8%A7%D9%81%DB%8C%DA%A9-MSI-RTX-3060-VENTUS-3X-OC-12G,0,8,https://mahamprint.com/products/--msi-rtx-3060-ventus-3x-oc-12g,کارت گرافیک MSI RTX 3060 VENTUS 3X OC 12G,1.0,high,model+title
https://mahamprint.com/product/2514/%D9%BE%D8%B1%DB%8C%D9%86%D8%AA%D8%B1-%D9%84%DB%8C%D8%B2%D8%B1%DB%8C-%D8%B3%D9%87-%DA%A9%D8%A7%D8%B1%D9%87-%D8%A8%D8%B1%D9%86%D8%AF-HP-MFP-M130NW,0,8,https://mahamprint.com/products/-----hp-mfp-m130nw,پرینتر لیزری سه کاره برند HP MFP M130NW,1.0,high,model+title
https://mahamprint.com/product/2424/%D9%BE%DB%8C%DA%A9%D8%A7%D9%BE-%D8%AF%D8%B3%D8%AA%DB%8C-%D8%AA%D9%88%D8%B4%DB%8C%D8%A8%D8%A7-E-S166,0,8,https://mahamprint.com/products/---e-s166,پیکاپ دستی توشیبا E-S166,1.0,high,model+title
https://mahamprint.com/product/2956/%D9%88%DB%8C%D8%AF%D8%A6%D9%88%20%D9%BE%D8%B1%D9%88%DA%98%DA%A9%D8%AA%D9%88%D8%B1%20-%C2%A0XIAOMI-%20%D9%85%D8%AF%D9%84%20-WANBO%20T6R%20MAX,0,8,https://mahamprint.com/products/----xiaomi----wanbo-t6r-max,ویدئو پروژکتور  XIAOMI مدل WANBO T6R MAX,1.0,high,model+title
https://mahamprint.com/product/3038/%D8%A8%D8%A7%D8%B1%DA%A9%D8%AF%D8%AE%D9%88%D8%A7%D9%86-%20%D8%A8%D8%A7%20-%D8%B3%DB%8C%D9%85-%20%D8%AF%D9%88%D8%A8%D8%B9%D8%AF%DB%8C%20-sky-s311,0,8,https://mahamprint.com/products/--------sky-s311,بارکدخوان با سیم دوبعدی sky-s311,1.0,high,model+title
https://mahamprint.com/product/3073/%D9%84%DB%8C%D8%A8%D9%84-%D9%BE%D8%B1%DB%8C%D9%86%D8%AA%D8%B1-%D8%A8%D8%B1%D9%86%D8%AF-GAINSCHA-%D9%85%D8%AF%D9%84-GS-2408D,0,8,https://mahamprint.com/products/------gainscha----gs-2408d,لیبل پرینتر برند GAINSCHA  مدل GS-2408D,1.0,high,model+title
https://mahamprint.com/product/3142/%D9%81%DB%8C%D8%B4-%20%D9%BE%D8%B1%DB%8C%D9%86%D8%AA%D8%B1%20-Mitsushida%20-%D9%85%D8%AF%D9%84%20-KC-80K,0,8,https://mahamprint.com/products/----mitsushida----kc-80k,فیش پرینتر Mitsushida مدل KC-80K,1.0,high,model+title
https://mahamprint.com/product/355/%D9%BE%D8%B1%DB%8C%D9%86%D8%AA%D8%B1%D9%84%DB%8C%D8%B2%D8%B1%DB%8C-%D8%B3%D9%87-%DA%A9%D8%A7%D8%B1%D9%87-%D8%A8%D8%B1%D9%86%D8%AFcanon-%D9%85%D8%AF%D9%84-i-SENSYS-MF428x,0,8,https://mahamprint.com/products/---canon--i-sensys-mf428x,پرینترلیزری سه کاره برندcanon مدل i-SENSYS MF428x,1.0,high,model+title
https://mahamprint.com/product/501/%D8%A7%D8%B3%DA%A9%D9%86%D8%B1-EPSON-DS-530,0,8,https://mahamprint.com/products/-epson-ds-530-2,اسکنر EPSON DS-530,1.0,high,model+title
https://mahamprint.com/product/560/%D9%84%DB%8C%D8%A8%D9%84-%D9%BE%D8%B1%DB%8C%D9%86%D8%AA%D8%B1-%D8%AD%D8%B1%D8%A7%D8%B1%D8%AA%DB%8C-WINCODE-C343C,0,8,https://mahamprint.com/products/---wincode-c343c,لیبل پرینتر حرارتی WINCODE C343C,1.0,high,model+title
https://mahamprint.com/product/638/%D8%AF%D8%B3%D8%AA%DA%AF%D8%A7%D9%87-%D8%AD%D8%B6%D9%88%D8%B1-%D9%88-%D8%BA%DB%8C%D8%A7%D8%A8-ZKTeco-%D9%85%D8%AF%D9%84-silk-FP-100TA,0,8,https://mahamprint.com/products/----zkteco--silk-fp-100ta,دستگاه حضور و غیاب  ZKTeco مدل silk FP-100TA,1.0,high,model+title
https://mahamprint.com/product/625/%D8%AF%D8%B3%D8%AA%DA%AF%D8%A7%D9%87-%D8%AD%D8%B6%D9%88%D8%B1-%D9%88-%D8%BA%DB%8C%D8%A7%D8%A8-%D9%85%D8%AF%D9%84-ZKTeco-%D9%85%D8%AF%D9%84-EB-141,0,8,https://mahamprint.com/products/-----zkteco--eb-141,دستگاه حضور و غیاب مدل ZKTeco مدل EB-141,1.0,high,model+title
https://mahamprint.com/product/81/%D9%BE%D8%B1%DB%8C%D9%86%D8%AA%D8%B1-%DA%86%D9%87%D8%A7%D8%B1-%DA%A9%D8%A7%D8%B1%D9%87-%D9%84%DB%8C%D8%B2%D8%B1%DB%8C-%D9%85%D8%AF%D9%84-HP-M127FS,0,8,https://mahamprint.com/products/-----hp-m127fs,پرینتر چهار کاره لیزری مدل HP M127FS,1.0,high,model+title
https://mahamprint.com/product/897/%D8%A7%D8%B3%DA%A9%D9%86%D8%A7%D8%B3-%D8%B4%D9%85%D8%A7%D8%B1-AX-2400,0,8,https://mahamprint.com/products/--ax-2400,اسکناس شمار AX 2400,1.0,high,model+title
https://mahamprint.com/product/950/%D9%85%D8%A7%D8%B4%DB%8C%D9%86-%D8%AD%D8%B3%D8%A7%D8%A8-Sharp-El-782C,0,8,https://mahamprint.com/products/--sharp-el-782c,ماشین حساب Sharp El-782C,1.0,high,model+title
https://mahamprint.com/product/960/%D9%85%D8%A7%D8%B4%DB%8C%D9%86-%D8%AD%D8%B3%D8%A7%D8%A8-Sharp-EL-2607P,0,8,https://mahamprint.com/products/--sharp-el-2607p,ماشین حساب Sharp EL-2607P,1.0,high,model+title
https://mahamprint.com/product/978/%D9%85%D8%A7%D8%B4%DB%8C%D9%86-%D8%AD%D8%B3%D8%A7%D8%A8-CASIO-LC-160LWE,0,8,https://mahamprint.com/products/--casio-lc-160lwe,ماشین حساب CASIO LC_160LWE,1.0,high,model+title
https://mahamprint.com/product/1151/%D8%AC%D9%88%D9%87%D8%B1-HP-31-CMY,3,7,https://mahamprint.com/products/-hp-31-cmy,جوهر HP 31 CMY,0.35,medium,title-only
https://mahamprint.com/product/1165/%DA%A9%D8%A7%D8%BA%D8%B0-%D8%B9%DA%A9%D8%B3-%DA%AF%D9%84%D8%A7%D8%B3%D9%87-MIRAUS,2,7,https://mahamprint.com/products/---miraus,کاغذ عکس گلاسه MIRAUS,1.0,high,model+title
https://mahamprint.com/product/3026/%D8%A7%D8%B3%DA%A9%D9%86%D8%B1-%D8%B1%D9%88%D9%85%DB%8C%D8%B2%DB%8C-%D8%A8%D8%B1%D9%86%D8%AF-kodak-%D9%85%D8%AF%D9%84-S3060F,2,7,https://mahamprint.com/products/-------kodak----s3060f,اسکنر رومیزی برند kodak مدل S3060F,1.0,high,model+title
https://mahamprint.com/product/740/%DA%A9%D8%A7%D8%BA%D8%B0-%D8%AE%D8%B1%D8%AF%DA%A9%D9%86-Nikita-SD-9330,2,7,https://mahamprint.com/products/--nikita-sd-9330,کاغذ خردکن Nikita SD 9330,1.0,high,model+title
https://mahamprint.com/product/1126/%D8%AC%D9%88%D9%87%D8%B1-%DB%B4-%D8%B1%D9%86%DA%AF-HP-1Lit,1,7,https://mahamprint.com/products/---hp-1lit,جوهر ۴ رنگ HP 1Lit,1.0,high,model+title
https://mahamprint.com/product/1237/%D9%85%DB%8C%D9%86%DB%8C-%D9%88%DB%8C%D8%AF%D8%A6%D9%88-%D9%BE%D8%B1%D9%88%DA%98%DA%A9%D8%AA%D9%88%D8%B1-%D9%82%D8%A7%D8%A8%D9%84-%D8%AD%D9%85%D9%84-T16,1,7,https://mahamprint.com/products/-----t16,مینی ویدئو پروژکتور قابل حمل T16,1.0,high,model+title
https://mahamprint.com/product/1383/%D8%AA%D9%88%D9%86%D8%B1-EPSON-T800-CMYK,1,7,https://mahamprint.com/products/-epson-t800-cmyk,تونر EPSON T800 CMYK,1.0,high,model+title
https://mahamprint.com/product/1409/%D8%AA%D9%88%D9%86%D8%B1-EPSON-27-CYAN,1,7,https://mahamprint.com/products/-epson-27-cyan,تونر EPSON 27 CYAN,1.0,high,model+title
https://mahamprint.com/product/1483/%D8%AA%D9%88%D9%86%D8%B1-%DA%A9%D8%A7%D8%B1%D8%AA%D8%B1%DB%8C%D8%AC-HP-29X,1,7,https://mahamprint.com/products/--hp-29x,تونر کارتریج HP 29X,1.0,high,model+title
https://mahamprint.com/product/200/%D9%BE%D8%B1%DB%8C%D9%86%D8%AA%D8%B1-%D9%84%DB%8C%D8%B2%D8%B1%DB%8C-%DA%86%D9%87%D8%A7%D8%B1%DA%A9%D8%A7%D8%B1%D9%87-%D8%A8%D8%B1%D9%86%D8%AF-HP-%D9%85%D8%AF%D9%84-M680F,1,7,https://mahamprint.com/products/----hp--m680f,پرینتر لیزری چهارکاره برند HP مدل M680F,1.0,high,model+title
https://mahamprint.com/product/2197/%D9%84%D9%88%D9%84%D8%A7%DB%8C-%D9%81%DB%8C%D8%AF%D8%B1-HP-pro-mfp-m127fw,1,7,https://mahamprint.com/products/--hp-pro-mfp-m127fw,لولای فیدر HP pro mfp m127fw,1.0,high,model+title
https://mahamprint.com/product/244/%D9%BE%D8%B1%DB%8C%D9%86%D8%AA%D8%B1-%DA%86%D9%86%D8%AF%DA%A9%D8%A7%D8%B1%D9%87-%D9%84%DB%8C%D8%B2%D8%B1%DB%8C-Canon-MF631CN,1,7,https://mahamprint.com/products/---canon-mf631cn,پرینتر چندکاره لیزری Canon MF631CN,1.0,high,model+title
https://mahamprint.com/product/2728/%DA%A9%D8%A7%D8%B1%D8%AA-%DA%AF%D8%B1%D8%A7%D9%81%DB%8C%DA%A9-MSI-RTX-3060-VENTUS-2X-OC-12G,1,7,https://mahamprint.com/products/--msi-rtx-3060-ventus-2x-oc-12g,کارت گرافیک MSI RTX 3060 VENTUS 2X OC 12G,1.0,high,model+title
https://mahamprint.com/product/2958/%D9%BE%D8%B1%DB%8C%D9%86%D8%AA%D8%B1-%D9%84%DB%8C%D8%B2%D8%B1%DB%8C-%D8%AA%DA%A9-%DA%A9%D8%A7%D8%B1%D9%87-%D8%A8%D8%B1%D9%86%D8%AF-HP-%D9%85%D8%AF%D9%84-4003dn,1,7,https://mahamprint.com/products/-----hp--4003dn,پرینتر لیزری تک کاره برند HP مدل 4003dn,1.0,high,model+title
https://mahamprint.com/product/1216/%D9%BE%D8%B1%D8%AF%D9%87-%D9%86%D9%85%D8%A7%DB%8C%D8%B4-%D9%BE%D8%A7%DB%8C%D9%87-%D8%AF%D8%A7%D8%B1-%D9%BE%D8%B1%D9%88%DA%98%DA%A9%D8%AA%D9%88%D8%B1-SCOPE-150x150-CM,0,7,https://mahamprint.com/products/-----scope-150x150-cm,پرده نمایش پایه دار پروژکتور SCOPE 150x150 CM,1.0,high,model+title
https://mahamprint.com/product/1224/%D9%BE%D8%B1%D8%AF%D9%87-%D9%86%D9%85%D8%A7%DB%8C%D8%B4-%D8%A8%D8%B1%D9%82%DB%8C-300-400-cm-escape,0,7,https://mahamprint.com/products/---300-400-cm-escape,پرده نمایش برقی 300*400 cm escape,1.0,high,model+title
https://mahamprint.com/product/1363/%D8%AA%D9%88%D9%86%D8%B1-CANON-550-Black,0,7,https://mahamprint.com/products/-canon-550-black,تونر CANON 550 Black,1.0,high,model+title
https://mahamprint.com/product/1225/%D9%BE%D8%B1%D8%AF%D9%87-%D9%86%D9%85%D8%A7%DB%8C%D8%B4-%D8%AF%D8%B3%D8%AA%DB%8C-scope-250-250-cm,0,7,https://mahamprint.com/products/---scope-250-250-cm,پرده نمایش دستی scope 250*250 cm,1.0,high,model+title
https://mahamprint.com/product/1416/%D8%AA%D9%88%D9%86%D8%B1-Epson-288-Magneta,0,7,https://mahamprint.com/products/-epson-288-magneta,تونر Epson 288 Magneta,1.0,high,model+title
https://mahamprint.com/product/1421/%D8%AA%D9%88%D9%86%D8%B1-EPSON-T324-CMYK,0,7,https://mahamprint.com/products/-epson-t324-cmyk,تونر EPSON T324 CMYK,1.0,high,model+title
https://mahamprint.com/product/1422/%D8%AA%D9%88%D9%86%D8%B1-EPSON-T850-CMYK,0,7,https://mahamprint.com/products/-epson-t850-cmyk,تونر EPSON T850 CMYK,1.0,high,model+title
https://mahamprint.com/product/1462/%D8%AA%D9%88%D9%86%D8%B1-%DA%A9%D8%A7%D8%B1%D8%AA%D8%B1%DB%8C%D8%AC-HP-43X,0,7,https://mahamprint.com/products/--hp-43x,تونر کارتریج HP 43X,1.0,high,model+title
https://mahamprint.com/product/1488/%DA%A9%D8%A7%D8%B1%D8%AA%D8%B1%DB%8C%D8%AC-HP-12A,0,7,https://mahamprint.com/products/-hp-12a,کارتریج HP 12A,1.0,high,model+title
https://mahamprint.com/product/1930/%D9%86%D9%88%D8%A7%D8%B1-%DB%8C%D8%AF%DA%A9-%D9%84%DB%8C%D8%A8%D9%84-%D8%B2%D9%86-%D8%AF%D8%B3%D8%AA%DB%8C-%D9%85%D8%AF%D9%84-DYMO-%D8%B1%D9%86%DA%AF-%D9%82%D9%87%D9%88%D9%87-%D8%A7%DB%8C-%D8%B7%D8%B1%D8%AD-%DA%86%D9%88%D8%A8,0,7,https://mahamprint.com/products/------dymo-----,نوار یدک لیبل زن دستی مدل DYMO رنگ قهوه ای طرح چوب,1.0,high,model+title
https://mahamprint.com/product/1934/%D9%86%D9%88%D8%A7%D8%B1-%DB%8C%D8%AF%DA%A9-%D9%84%DB%8C%D8%A8%D9%84-%D8%B2%D9%86-%D8%AF%D8%B3%D8%AA%DB%8C-%D8%A8%D8%B1%D9%86%D8%AF-dymo-%D8%B1%D9%86%DA%AF-%D8%A2%D8%A8%DB%8C,0,7,https://mahamprint.com/products/------dymo--,نوار یدک لیبل زن دستی برند DYMO رنگ قرمز,0.922,high,model+title
https://mahamprint.com/product/1964/%D9%86%D9%88%D8%A7%D8%B1-%D9%84%DB%8C%D8%A8%D9%84-%D9%BE%D8%B1%DB%8C%D9%86%D8%AA%D8%B1-%D9%85%D8%AF%D9%84-%D8%A8%D8%B1%D8%A7%D8%AF%D8%B1-TZE-425,0,7,https://mahamprint.com/products/-----tze-425,نوار لیبل پرینتر مدل برادر TZE-425,1.0,high,model+title
https://mahamprint.com/product/197/%D9%BE%D8%B1%DB%8C%D9%86%D8%AA%D8%B1-%DA%86%D9%87%D8%A7%D8%B1%DA%A9%D8%A7%D8%B1%D9%87-%D9%84%DB%8C%D8%B2%D8%B1%DB%8C-%D8%A8%D8%B1%D9%86%D8%AF-HP-M477FNW,0,7,https://mahamprint.com/products/----hp-m477fnw,پرینتر چهارکاره لیزری برند HP M477FNW,1.0,high,model+title
https://mahamprint.com/product/1981/%D9%86%D9%88%D8%A7%D8%B1-%D9%84%DB%8C%D8%A8%D9%84-%D9%BE%D8%B1%DB%8C%D9%86%D8%AA%D8%B1-%D8%A8%D8%B1%D8%A7%D8%AF%D8%B1-TZE-121-%D8%BA%DB%8C%D8%B1-%D8%A7%D9%88%D8%B1%D8%AC%DB%8C%D9%86%D8%A7%D9%84,0,7,https://mahamprint.com/products/----tze-121--,نوار لیبل پرینتر برادر TZE-121 غیر اورجینال,1.0,high,model+title
https://mahamprint.com/product/1997/%D8%A8%D8%A7%D8%AA%D8%B1%DB%8C-%D9%82%D9%84%D9%85%DB%8C-%D8%A2%D9%84%DA%A9%D8%A7%D9%84%D8%A7%DB%8C%D9%86-Kodak-%D9%85%D8%AF%D9%84-Max-Super,0,7,https://mahamprint.com/products/---kodak--max-super,باتری قلمی آلکالاین Kodak مدل Max Super,1.0,high,model+title
https://mahamprint.com/product/231/%D9%BE%D8%B1%DB%8C%D9%86%D8%AA%D8%B1-%D9%84%DB%8C%D8%B2%D8%B1%DB%8C-%D8%AA%DA%A9-%DA%A9%D8%A7%D8%B1%D9%87-CANON-LBP212DW,0,7,https://mahamprint.com/products/----canon-lbp212dw,پرینتر لیزری تک کاره  CANON LBP212DW,1.0,high,model+title
https://mahamprint.com/product/2567/%D9%87%D9%84%DB%8C-%D8%B4%D8%A7%D8%AA-%D9%85%D8%AF%D9%84-DJI-AVATA,0,7,,,0.0,none,
https://mahamprint.com/product/2483/%D8%A8%D8%A7%D8%B1%DA%A9%D8%AF-%D8%A7%D8%B3%DA%A9%D9%86%D8%B1-Honeywell-Voyager-1450g-2D,0,7,https://mahamprint.com/products/--honeywell-voyager-1450g-2d,بارکد اسکنر Honeywell Voyager 1450g-2D,1.0,high,model+title
https://mahamprint.com/product/2586/%DA%AF%D9%88%D8%B4%DB%8C-%D9%85%D9%88%D8%A8%D8%A7%DB%8C%D9%84-%D8%A7%D9%BE%D9%84-iphone-12-pro,0,7,https://mahamprint.com/products/---iphone-12-pro,گوشی موبایل اپل iphone 12 pro,1.0,high,model+title
https://mahamprint.com/product/2640/%D9%84%D9%BE-%D8%AA%D8%A7%D9%BE-ASUS-R565-I5-1135-12G-512SSD,0,7,https://mahamprint.com/products/--asus-r565-i5-1135-12g-512ssd,لپ تاپ ASUS R565 I5_1135 12G-512SSD,1.0,high,model+title
https://mahamprint.com/product/2646/%D8%A8%D8%A7%D8%B1%DA%A9%D8%AF%D8%AE%D9%88%D8%A7%D9%86-%D8%AF%D9%88-%D8%A8%D8%B9%D8%AF%DB%8C-%D8%A8%D8%A7-%D8%B3%DB%8C%D9%85-Datalogic-QW2520,0,7,https://mahamprint.com/products/-----datalogic-qw2520,بارکدخوان دو بعدی با سیم Datalogic QW2520,1.0,high,model+title
https://mahamprint.com/product/286/%D9%BE%D8%B1%DB%8C%D9%86%D8%AA%D8%B1-%D9%84%DB%8C%D8%B2%D8%B1%DB%8C-%DA%86%D9%86%D8%AF%DA%A9%D8%A7%D8%B1%D9%87-BROTHER-MFC-L9330CDW,0,7,https://mahamprint.com/products/---brother-mfc-l9330cdw,پرینتر لیزری چندکاره  BROTHER MFC-L9330CDW,1.0,high,model+title
https://mahamprint.com/product/3018/%D9%88%DB%8C%D8%AF%D8%A6%D9%88%20-%D9%BE%D8%B1%D9%88%DA%98%DA%A9%D8%AA%D9%88%D8%B1-%20Panasonic-%20LMX460,0,7,https://mahamprint.com/products/----panasonic--lmx460,ویدئو پروژکتور Panasonic LMX460,1.0,high,model+title
https://mahamprint.com/product/3058/%D9%BE%D8%B1%DB%8C%D9%86%D8%AA%D8%B1-%20%D8%B3%D9%87%20-%DA%A9%D8%A7%D8%B1%D9%87%20-%D8%AC%D9%88%D9%87%D8%B1%D8%A7%D9%81%D8%B4%D8%A7%D9%86-%20EPSON-%20L3215,0,7,https://mahamprint.com/products/--------epson--l3215,پرینتر سه کاره جوهرافشان EPSON L3215,1.0,high,model+title
https://mahamprint.com/product/321/%D9%BE%D8%B1%DB%8C%D9%86%D8%AA%D8%B1-%DA%86%D9%86%D8%AF-%DA%A9%D8%A7%D8%B1%D9%87-%D9%84%DB%8C%D8%B2%D8%B1%DB%8C-%D8%A8%D8%B1%D9%86%D8%AF-HP-M428DW,0,7,https://mahamprint.com/products/-----hp-m428dw,پرینتر چند کاره لیزری برند HP M428DW,1.0,high,model+title
https://mahamprint.com/product/384/%D8%A7%D8%B3%DA%A9%D9%86%D8%B1-PLUSTEK-3800L,0,7,https://mahamprint.com/products/-plustek-3800l,اسکنر PLUSTEK 3800L,1.0,high,model+title
https://mahamprint.com/product/573/%D9%81%DB%8C%D8%B4-%D9%BE%D8%B1%DB%8C%D9%86%D8%AA%D8%B1-Bixolon-SRP-350III,0,7,https://mahamprint.com/products/--bixolon-srp-350iii,فیش پرینتر Bixolon SRP-350III,1.0,high,model+title
https://mahamprint.com/product/56/%D9%BE%D8%B1%DB%8C%D9%86%D8%AA%D8%B1-%D8%AA%DA%A9-%DA%A9%D8%A7%D8%B1%D9%87-%D9%85%D8%AF%D9%84-HP-M12a,0,7,https://mahamprint.com/products/----hp-m12a,پرینتر تک کاره مدل HP M12a,1.0,high,model+title
https://mahamprint.com/product/580/%D9%84%DB%8C%D8%A8%D9%84-%D9%BE%D8%B1%DB%8C%D9%86%D8%AA%D8%B1-Wincode-%D9%85%D8%AF%D9%84-C342C,0,7,https://mahamprint.com/products/--wincode--c342c,لیبل پرینتر Wincode مدل C342C,1.0,high,model+title
https://mahamprint.com/product/668/%DA%A9%D8%A7%D8%BA%D8%B0-%D8%AE%D8%B1%D8%AF%DA%A9%D9%86-Kobra-310-TS-CC4,0,7,https://mahamprint.com/products/--kobra-1ss4,کاغذ خردکن Kobra +1SS4,0.312,low,model+title
https://mahamprint.com/product/677/%DA%A9%D8%A7%D8%BA%D8%B0-%D8%AE%D8%B1%D8%AF%DA%A9%D9%86-Remo-C-2100,0,7,https://mahamprint.com/products/--remo-c-2100,کاغذ خردکن Remo C-2100,1.0,high,model+title
https://mahamprint.com/product/85/%D9%BE%D8%B1%DB%8C%D9%86%D8%AA%D8%B1-%DA%86%D9%86%D8%AF%DA%A9%D8%A7%D8%B1%D9%87-%D9%85%D8%AF%D9%84-HP-MFP-M227FDN,0,7,https://mahamprint.com/products/---hp-mfp-m227fdn,پرینتر چندکاره مدل HP MFP M227FDN,1.0,high,model+title
https://mahamprint.com/product/998/%D9%85%D8%A7%D8%B4%DB%8C%D9%86-%D8%AD%D8%B3%D8%A7%D8%A8-SHARP-CS-2130,0,7,https://mahamprint.com/products/--sharp-cs-2130,ماشین حساب SHARP CS-2130,1.0,high,model+title
https://mahamprint.com/product/169/%D9%BE%D8%B1%DB%8C%D9%86%D8%AA%D8%B1-%D8%AA%DA%A9-%DA%A9%D8%A7%D8%B1%D9%87-%D9%84%DB%8C%D8%B2%D8%B1%DB%8C-HP-M605X,2,6,https://mahamprint.com/products/----hp-m605x,پرینتر تک کاره لیزری HP M605X,1.0,high,model+title
https://mahamprint.com/product/681/Fellowes-325Ci-Paper-Shredder,2,6,https://mahamprint.com/products/fellowes-325ci-paper-shredder,Fellowes 325Ci Paper Shredder,1.0,high,model+title
https://mahamprint.com/product/748/%DA%A9%D8%A7%D8%BA%D8%B0-%D8%AE%D8%B1%D8%AF%DA%A9%D9%86-Nikita-SD-9010,2,6,https://mahamprint.com/products/--nikita-sd-9010,کاغذ خردکن Nikita SD 9010,1.0,high,model+title
https://mahamprint.com/product/1022/%D9%85%D8%A7%D8%B4%DB%8C%D9%86-%D8%AD%D8%B3%D8%A7%D8%A8-Citizen-SDC-414N,1,6,https://mahamprint.com/products/--citizen-sdc-414n,ماشین حساب Citizen SDC-414N,1.0,high,model+title
https://mahamprint.com/product/1308/%D8%AF%DB%8C%D8%AA%D8%A7-%D9%88%DB%8C%D8%AF%D8%A6%D9%88-%D9%BE%D8%B1%D9%88%DA%98%DA%A9%D8%AA%D9%88%D8%B1-EPSON-X05,1,6,https://mahamprint.com/products/---epson-x05,دیتا ویدئو پروژکتور EPSON X05,1.0,high,model+title
https://mahamprint.com/product/1579/%DA%A9%D8%A7%D8%B1%D8%AA%D8%B1%DB%8C%D8%AC-%D8%AA%D9%88%D9%86%D8%B1-HP-205A,1,6,https://mahamprint.com/products/--hp-205a,کارتریج تونر HP 205A,1.0,high,model+title
https://mahamprint.com/product/1694/%D8%AC%D9%88%D9%87%D8%B1-%D9%BE%D8%B1%DB%8C%D9%86%D8%AA%D8%B1-%D8%A8%D8%B1%D9%86%D8%AF-Epson-T6734,1,6,https://mahamprint.com/products/---epson-t6734,جوهر پرینتر برند Epson T6734,1.0,high,model+title
https://mahamprint.com/product/2058/%D8%A8%D8%B1%D8%AF-%D9%81%D8%B1%D9%85%D8%AA%D8%B1-Hp-cp3525,1,6,https://mahamprint.com/products/--hp-cp3525,برد فرمتر Hp cp3525,1.0,high,model+title
https://mahamprint.com/product/2684/%D9%BE%D8%AF-%D8%A7%D9%85%D8%B6%D8%A7%D8%A1-%D8%AF%DB%8C%D8%AC%DB%8C%D8%AA%D8%A7%D9%84-%D8%A8%D8%B1%D9%86%D8%AF-WACOM-STU-540,1,6,https://mahamprint.com/products/----wacom-stu-540,پد امضاء دیجیتال برند WACOM STU-540,1.0,high,model+title
https://mahamprint.com/product/292/%D9%BE%D8%B1%DB%8C%D9%86%D8%AA%D8%B1-HP-1000w,1,6,https://mahamprint.com/products/-hp-1000w,پرینتر HP 1000w,1.0,high,model+title
https://mahamprint.com/product/2426/%D8%B3%D8%AA-%D9%84%D8%A7%D8%B3%D8%AA%DB%8C%DA%A9-%DA%A9%D8%A7%D8%BA%D8%B0%DA%A9%D8%B4-toshiba-e-Studio-160-166,1,6,https://mahamprint.com/products/---toshiba-e-studio-160-166,ست لاستیک کاغذکش toshiba e Studio 160 166,1.0,high,model+title
https://mahamprint.com/product/2945/%D9%84%DB%8C%D8%A8%D9%84-%D9%BE%D8%B1%DB%8C%D9%86%D8%AA%D8%B1-Sewoo-%D9%85%D8%AF%D9%84-LK-B24,1,6,https://mahamprint.com/products/------hsm--b24,کاغذ خردکن HSM B24,0.375,medium,model+title
https://mahamprint.com/product/1168/%DA%A9%D9%86%D8%B3%D9%88%D9%84-%D8%A8%D8%A7%D8%B2%DB%8C-%D9%85%D8%AF%D9%84-SONY-PlayStation-5-Digital,0,6,https://mahamprint.com/products/---sony-playstation-5-digital,کنسول بازی مدل SONY PlayStation 5 Digital,1.0,high,model+title
https://mahamprint.com/product/1260/%D9%88%DB%8C%D8%AF%D8%A6%D9%88-%D9%BE%D8%B1%D9%88%DA%98%DA%A9%D8%AA%D9%88%D8%B1-%D9%85%D8%AF%D9%84LG-PH300,0,6,https://mahamprint.com/products/--lg-ph300,ویدئو پروژکتور مدلLG PH300,1.0,high,model+title
https://mahamprint.com/product/1280/%D9%88%DB%8C%D8%AF%D8%A6%D9%88-%D9%BE%D8%B1%D9%88%DA%98%DA%A9%D8%AA%D9%88%D8%B1-%D9%82%D8%A7%D8%A8%D9%84-%D8%AD%D9%85%D9%84-PANASONIC-PT-LB425,0,6,https://mahamprint.com/products/----panasonic-pt-lb425,ویدئو پروژکتور قابل حمل PANASONIC PT-LB425,1.0,high,model+title
https://mahamprint.com/product/1358/%D8%AA%D9%88%D9%86%D8%B1-HP-764-CMYK,0,6,https://mahamprint.com/products/-hp-764-cmyk,تونر HP 764 CMYK,1.0,high,model+title
https://mahamprint.com/product/1378/%D8%AA%D9%88%D9%86%D8%B1-Epson-85-N-Light-CYAN,0,6,https://mahamprint.com/products/-epson-85-n-light-cyan,تونر Epson 85 N Light CYAN,1.0,high,model+title
https://mahamprint.com/product/1380/%DA%A9%D8%A7%D8%B1%D8%AA%D8%B1%DB%8C%D8%AC-Epson-85-N-Black,0,6,https://mahamprint.com/products/-epson-85-n-black,کارتریج Epson 85 N Black,1.0,high,model+title
https://mahamprint.com/product/1428/%D8%AA%D9%88%D9%86%D8%B1-%DA%A9%D8%A7%D8%B1%D8%AA%D8%B1%DB%8C%D8%AC-Epson-913-CMYK,0,6,https://mahamprint.com/products/--epson-913-cmyk,تونر کارتریج Epson 913 CMYK,1.0,high,model+title
https://mahamprint.com/product/1566/%DA%A9%D8%A7%D8%B1%D8%AA%D8%B1%DB%8C%D8%AC-%D8%AA%D9%88%D9%86%D8%B1-Canon-054,0,6,https://mahamprint.com/products/--canon-054,کارتریج تونر Canon 054,1.0,high,model+title
https://mahamprint.com/product/1513/%D8%AA%D9%88%D9%86%D8%B1-HP-44A,0,6,https://mahamprint.com/products/--hp-44a,تونر کارتریج HP 44A,0.912,high,model+title
https://mahamprint.com/product/159/%D9%BE%D8%B1%DB%8C%D9%86%D8%AA%D8%B1-%D8%AA%DA%A9-%DA%A9%D8%A7%D8%B1%D9%87-%D9%84%DB%8C%D8%B2%D8%B1%DB%8C-HP-M201DW,0,6,https://mahamprint.com/products/----hp-m201dw,پرینتر تک کاره لیزری  HP M201DW,1.0,high,model+title
https://mahamprint.com/product/1618/%D9%BE%D8%B1%DB%8C%D9%86%D8%AA%D8%B1-%D9%84%DB%8C%D8%B2%D8%B1%DB%8C-%DA%86%D9%86%D8%AF%DA%A9%D8%A7%D8%B1%D9%87-hp-MFP-M436n,0,6,https://mahamprint.com/products/---hp-mfp-m436n,پرینتر لیزری چندکاره  hp MFP M436n,1.0,high,model+title
https://mahamprint.com/product/1686/%D8%A8%D8%A7%D8%B1%DA%A9%D8%AF-%D8%A7%D8%B3%DA%A9%D9%86%D8%B1-%D8%AA%DA%A9-%D8%A8%D8%B9%D8%AF%DB%8C-Honeywell-Voyager-1470g,0,6,https://mahamprint.com/products/----honeywell-voyager-1470g,بارکد اسکنر تک بعدی Honeywell Voyager 1470g,1.0,high,model+title
https://mahamprint.com/product/167/%D9%BE%D8%B1%DB%8C%D9%86%D8%AA%D8%B1-%D9%84%DB%8C%D8%B2%D8%B1%DB%8C-HP-M602N,0,6,https://mahamprint.com/products/--hp-m602n,پرینتر لیزری HP M602N,1.0,high,model+title
https://mahamprint.com/product/1776/%DA%A9%D8%A7%D8%B1%D8%A8%D9%86-%D9%81%DA%A9%D8%B3-Panasonic-KX-FA54E,0,6,https://mahamprint.com/products/--panasonic-kx-fa54e,کاربن فکس Panasonic KX-FA54E,1.0,high,model+title
https://mahamprint.com/product/1850/%D8%B1%D9%88%D9%84-%D9%84%DB%8C%D8%A8%D9%84-%DA%A9%D8%A7%D8%BA%D8%B0%DB%8C-%D8%AF%D9%88-%D8%B1%D8%AF%DB%8C%D9%81%D9%87-15%C3%9745,0,6,https://mahamprint.com/products/-----15-45,رول لیبل کاغذی دو ردیفه 15×45,0.35,medium,title-only
https://mahamprint.com/product/1728/%D8%B1%DB%8C%D8%A8%D9%88%D9%86-Wax-Resin-110%C3%97300-%D8%B3%D8%A8%D8%B2,0,6,https://mahamprint.com/products/-wax-resin-110-300-,ریبون Wax Resin 110×300 سبز,1.0,high,model+title
https://mahamprint.com/product/1884/%D9%84%DB%8C%D8%A8%D9%84-%D8%A8%D8%B1%DA%86%D8%B3%D8%A8-%D9%BE%DB%8C-%D9%88%DB%8C-%D8%B3%DB%8C-%D8%B3%D9%87-%D8%B1%D8%AF%DB%8C%D9%81%D9%87-35%C3%9725,0,6,https://mahamprint.com/products/-------35-25,لیبل (برچسب) پی وی سی سه ردیفه 35×25,0.35,medium,title-only
https://mahamprint.com/product/2152/%D8%AF%DA%A9%D9%85%D9%87-%D8%A7%D8%B3%D8%AA%D8%A7%D8%B1%D8%AA-%DA%A9%D9%BE%DB%8C-TOSHIBA-%D9%85%D8%AF%D9%84-166,0,6,https://mahamprint.com/products/---toshiba--166,دکمه استارت کپی  TOSHIBA مدل 166,1.0,high,model+title
https://mahamprint.com/product/1915/%D9%84%DB%8C%D8%A8%D9%84-%D8%A8%D8%B1%DA%86%D8%B3%D8%A8-%D9%85%D8%AA%D8%A7%D9%84-%D8%AF%D9%88-%D8%B1%D8%AF%DB%8C%D9%81%D9%87-34%C3%9751,0,6,https://mahamprint.com/products/--pvc----51-34,لیبل (برچسب) pvc دو ردیفه نارنجی 51×34,0.233,low,title-only
https://mahamprint.com/product/1928/%D9%86%D9%88%D8%A7%D8%B1-%DB%8C%D8%AF%DA%A9-%D9%84%DB%8C%D8%A8%D9%84-%D8%B2%D9%86-%D8%AF%D8%B3%D8%AA%DB%8C-%D8%A8%D8%B1%D9%86%D8%AF-DYMO-%D8%B1%D9%86%DA%AF-%D8%B3%D8%A8%D8%B2-%D8%B2%DB%8C%D8%AA%D9%88%D9%86%DB%8C,0,6,https://mahamprint.com/products/------dymo---,نوار یدک لیبل زن دستی برند DYMO رنگ سبز زیتونی,1.0,high,model+title
https://mahamprint.com/product/213/%D9%BE%D8%B1%DB%8C%D9%86%D8%AA%D8%B1-%D8%AA%DA%A9-%DA%A9%D8%A7%D8%B1%D9%87-%D9%84%DB%8C%D8%B2%D8%B1%DB%8C-%D8%A8%D8%B1%D9%86%D8%AF-HP-M706N,0,6,https://mahamprint.com/products/-----hp-m706n,پرینتر  تک کاره لیزری برند HP M706N,1.0,high,model+title
https://mahamprint.com/product/2192/%D9%84%D9%88%D9%84%D8%A7%DB%8C-%D9%81%DB%8C%D8%AF%D8%B1-Canon-mf-8280cw-%D8%A8%D8%A7-%DA%A9%D8%AF-%D9%81%D9%86%DB%8C-FL3-2453-000,0,6,https://mahamprint.com/products/--canon-mf-8280cw----fl3-2453-000,لولای فیدر Canon mf 8280cw با کد فنی FL3-2453-000,1.0,high,model+title
https://mahamprint.com/product/2330/%DA%86%D8%B1%D8%AE-%D8%AF%D9%86%D8%AF%D9%87-%D9%81%D9%86%D8%B1-%D8%AE%D9%88%D8%B1-%DA%86%D8%A7%D9%BE%DA%AF%D8%B1-%D8%A8%D8%B1%D9%86%D8%AF-Epson-%D9%85%D8%AF%D9%84-LQ2180,0,6,https://mahamprint.com/products/------epson--lq2180,چرخ دنده فنر خور چاپگر برند Epson مدل LQ2180,1.0,high,model+title
https://mahamprint.com/product/2338/%DA%86%D8%B1%D8%AE-%D8%AF%D9%86%D8%AF%D9%87-%DA%A9%D9%84%D8%A7%DA%86-%D8%AF%D8%B3%D8%AA%DB%8C-%D8%A8%D8%B1%D9%86%D8%AF-HP-1320-2014,0,6,https://mahamprint.com/products/-----hp-1320-2014,چرخ دنده کلاچ دستی برند HP 1320\/2014,1.0,high,model+title
https://mahamprint.com/product/2362/%DA%86%D8%B1%D8%AE-%D8%AF%D9%86%D8%AF%D9%87-%D9%87%D8%A7%D8%AA%D8%B1%D9%88%D9%84-56T-%D8%AA%D9%88%D8%B4%DB%8C%D8%A8%D8%A7-E-S350,0,6,https://mahamprint.com/products/----toshiba-e-s350,چرخ دنده هاترول برند toshiba E-S350,0.435,medium,model+title
https://mahamprint.com/product/2384/%D9%BE%DB%8C%DA%A9%D8%A7%D9%BE-%D9%BE%D8%B1%DB%8C%D9%86%D8%AA%D8%B1-%D8%A7%DA%86-%D9%BE%DB%8C-1300,0,6,https://mahamprint.com/products/----1300,پیکاپ پرینتر اچ پی 1300,1.0,high,model+title
https://mahamprint.com/product/2435/%D9%81%DB%8C%D8%AF-%D8%AF%D8%B3%D8%AA%DB%8C-SHARP-AR-5631,0,6,https://mahamprint.com/products/--sharp-ar-5631,فید دستی SHARP AR-5631,1.0,high,model+title
https://mahamprint.com/product/2536/%D9%BE%D8%B1%DB%8C%D9%86%D8%AA%D8%B1-%D8%AA%DA%A9-%DA%A9%D8%A7%D8%B1%D9%87-%D9%84%DB%8C%D8%B2%D8%B1%DB%8C-%D8%A8%D8%B1%D9%86%D8%AF-HP-%D9%85%D8%AF%D9%84-M653dn,0,6,https://mahamprint.com/products/-----hp--m653dn,پرینتر تک کاره لیزری برند HP مدل M653dn,1.0,high,model+title
https://mahamprint.com/product/2590/%D9%81%DB%8C%D8%B4-%D9%BE%D8%B1%DB%8C%D9%86%D8%AA%D8%B1-Bixolon-350n-pluslll,0,6,https://mahamprint.com/products/--bixolon-350n-pluslll,فیش پرینتر Bixolon 350n pluslll,1.0,high,model+title
https://mahamprint.com/product/2639/%D9%84%D9%BE-%D8%AA%D8%A7%D9%BE-%D8%A8%D8%B1%D9%86%D8%AF-ASUS-R565EP-I3-1115G4,0,6,https://mahamprint.com/products/---asus-r565ep-i3-1115g4,لپ تاپ برند ASUS R565EP I3_1115G4,1.0,high,model+title
https://mahamprint.com/product/2576/%D8%AF%D9%88%D8%B1%D8%A8%DB%8C%D9%86-%DA%AF%DB%8C%D9%85%D8%A8%D8%A7%D9%84-DJI-RONIN-S,0,6,,,0.039,none,
https://mahamprint.com/product/2798/%D9%84%D9%BE-%D8%AA%D8%A7%D9%BE-asus-%D9%85%D8%AF%D9%84-G513QY-R9-5980HX,0,6,https://mahamprint.com/products/--asus--g513qy-r9-5980hx,لپ تاپ asus مدل G513QY R9 5980HX,1.0,high,model+title
https://mahamprint.com/product/2680/%D9%BE%D8%AF-%D8%A7%D9%85%D8%B6%D8%A7%DB%8C-%D8%AF%DB%8C%D8%AC%DB%8C%D8%AA%D8%A7%D9%84-WACOM-STU-430,0,6,https://mahamprint.com/products/---wacom-stu-430,پد امضای دیجیتال WACOM STU-430,1.0,high,model+title
https://mahamprint.com/product/2714/%DA%A9%D8%A7%D8%B1%D8%AA-%DA%AF%D8%B1%D8%A7%D9%81%DB%8C%DA%A9-RX-6600-MECH-OC-8G,0,6,https://mahamprint.com/products/--rx-6600-mech-oc-8g,کارت گرافیک RX 6600 MECH OC 8G,1.0,high,model+title
https://mahamprint.com/product/2852/%D9%81%D8%B1%DB%8C%D9%85-%D8%B3%DB%8C%D9%86%D9%85%D8%A7%DB%8C%DB%8C-%D8%AF%DA%A9%D9%88%D8%B1%D8%A7%D8%AA%DB%8C%D9%88-CF180W,0,6,,,0.05,none,
https://mahamprint.com/product/3034/%D9%84%DB%8C%D8%A8%D9%84%20-%D9%BE%D8%B1%DB%8C%D9%86%D8%AA%D8%B1-%20Gainscha%20-3405%20-t%20plus,0,6,https://mahamprint.com/products/----gainscha--3405--t-plus,لیبل پرینتر Gainscha 3405 t plus,1.0,high,model+title
https://mahamprint.com/product/339/%D9%BE%D8%B1%DB%8C%D9%86%D8%AA%D8%B1-%D8%AC%D9%88%D9%87%D8%B1%D8%A7%D9%81%D8%B4%D8%A7%D9%86-%D8%A8%D8%B1%D9%86%D8%AF-epson-%D9%85%D8%AF%D9%84-EcoTank-ET-M1170,0,6,https://mahamprint.com/products/---epson--ecotank-et-m1170,پرینتر جوهرافشان برند epson مدل EcoTank ET-M1170,1.0,high,model+title
https://mahamprint.com/product/2935/%D8%AF%D8%B3%D8%AA%DA%AF%D8%A7%D9%87-%DA%A9%D9%BE%DB%8C-%D8%B4%D8%A7%D8%B1%D9%BE-20m22,0,6,https://mahamprint.com/products/---20m22,دستگاه کپی شارپ 20m22,1.0,high,model+title
https://mahamprint.com/product/344/%D9%BE%D8%B1%DB%8C%D9%86%D8%AA%D8%B1-EPSON-WF-5190W,0,6,https://mahamprint.com/products/-epson-wf-5190w,پرینتر EPSON WF-5190W,1.0,high,model+title
https://mahamprint.com/product/620/%D8%AF%D8%B3%D8%AA%DA%AF%D8%A7%D9%87-%D8%AD%D8%B6%D9%88%D8%B1-%D9%88-%D8%BA%DB%8C%D8%A7%D8%A8-ZKTeco-WL50,0,6,https://mahamprint.com/products/----zkteco-wl50,دستگاه حضور و غیاب ZKTeco WL50,1.0,high,model+title
https://mahamprint.com/product/63/%D9%BE%D8%B1%DB%8C%D9%86%D8%AA%D8%B1-%D9%84%DB%8C%D8%B2%D8%B1%DB%8C-%D8%AA%DA%A9-%DA%A9%D8%A7%D8%B1%D9%87-HP-M402D,0,6,https://mahamprint.com/products/----hp-m402d,پرینتر لیزری تک کاره HP M402D,1.0,high,model+title
https://mahamprint.com/product/683/%DA%A9%D8%A7%D8%BA%D8%B0-%D8%AE%D8%B1%D8%AF%DA%A9%D9%86-Fellowes-ms-460CS,0,6,https://mahamprint.com/products/--fellowes-ms-460cs,کاغذ خردکن Fellowes ms-460CS,1.0,high,model+title
https://mahamprint.com/product/742/%DA%A9%D8%A7%D8%BA%D8%B0-%D8%AE%D8%B1%D8%AF%DA%A9%D9%86-Nikita-SD-9331,0,6,https://mahamprint.com/products/--nikita-sd-9331,کاغذ خردکن Nikita SD 9331,1.0,high,model+title
https://mahamprint.com/product/804/%D8%A8%D8%A7%D8%B1%DA%A9%D8%AF-%D8%A7%D8%B3%DA%A9%D9%86%D8%B1-Scope-%D9%85%D8%AF%D9%84-WNC-3080G,0,6,https://mahamprint.com/products/--scope--wnc-3080g,بارکد اسکنر Scope  مدل WNC 3080G,1.0,high,model+title
https://mahamprint.com/product/818/%D8%A8%D8%A7%D8%B1%DA%A9%D8%AF-%D8%A7%D8%B3%DA%A9%D9%86%D8%B1-Winson-WNC-6090g,0,6,https://mahamprint.com/products/--winson-wnc-6090g,بارکد اسکنر Winson WNC-6090g,1.0,high,model+title
https://mahamprint.com/product/841/%D8%A8%D8%A7%D8%B1%DA%A9%D8%AF-%D8%A7%D8%B3%DA%A9%D9%86%D8%B1-%D8%A8%D8%B1%D9%86%D8%AF-DATALOGIC-Quick-Scan-QM2130,0,6,https://mahamprint.com/products/---datalogic-quick-scan-qm2130,بارکد اسکنر برند DATALOGIC Quick Scan QM2130,1.0,high,model+title
https://mahamprint.com/product/857/%D8%AF%D8%B3%D8%AA%DA%AF%D8%A7%D9%87-%D8%A7%D8%B3%DA%A9%D9%86%D8%A7%D8%B3-%D8%B4%D9%85%D8%A7%D8%B1-%D8%AF%DB%8C%D8%AA%DA%A9-%D9%85%D8%AF%D9%84-900,0,6,https://mahamprint.com/products/-----900,دستگاه اسکناس شمار دیتک مدل 900,1.0,high,model+title
https://mahamprint.com/product/354/%D9%BE%D8%B1%DB%8C%D9%86%D8%AA%D8%B1-%D8%AA%DA%A9-%DA%A9%D8%A7%D8%B1%D9%87-%D9%84%DB%8C%D8%B2%D8%B1%DB%8C-HP-M304a,2,5,https://mahamprint.com/products/----hp-m304a,پرینتر تک کاره لیزری HP M304a,1.0,high,model+title
https://mahamprint.com/product/1049/%D8%AF%D8%B3%D8%AA%DA%AF%D8%A7%D9%87-%DA%A9%D9%BE%DB%8C-RICOH-MP2014DN,1,5,https://mahamprint.com/products/--ricoh-mp2014dn,دستگاه کپی RICOH MP2014DN,1.0,high,model+title
https://mahamprint.com/product/1113/%D8%AA%D9%88%D9%86%D8%B1-%D8%B4%D8%A7%D8%B1%DA%98-%D8%A8%D8%B1%D9%86%D8%AF-samsung-%D9%85%D8%AF%D9%84-100g,1,5,https://mahamprint.com/products/---samsung--100g,تونر شارژ برند samsung مدل 100g,1.0,high,model+title
https://mahamprint.com/product/1292/%D8%AF%DB%8C%D8%AA%D8%A7-%D9%88%DB%8C%D8%AF%D8%A6%D9%88-%D9%BE%D8%B1%D9%88%DA%98%DA%A9%D8%AA%D9%88%D8%B1-Panasonic-PT-EX800z,1,5,https://mahamprint.com/products/---panasonic-pt-ex800z,دیتا ویدئو پروژکتور Panasonic PT-EX800z,1.0,high,model+title
https://mahamprint.com/product/1300/%D8%AF%DB%8C%D8%AA%D8%A7-%D9%88%DB%8C%D8%AF%D8%A6%D9%88-%D9%BE%D8%B1%D9%88%DA%98%DA%A9%D8%AA%D9%88%D8%B1-BENQ-MX550-2,1,5,https://mahamprint.com/products/---benq-mx550-2,دیتا ویدئو پروژکتور BENQ MX550,0.942,high,model+title
https://mahamprint.com/product/1777/%DA%A9%D8%A7%D8%B1%D8%A8%D9%86-%D9%81%DA%A9%D8%B3-%D9%BE%D8%A7%D9%86%D8%A7%D8%B3%D9%88%D9%86%DB%8C%DA%A9-Panasonic-KX-FA55E,1,5,https://mahamprint.com/products/---panasonic-kx-fa55e,کاربن فکس پاناسونیک Panasonic KX-FA55E,1.0,high,model+title
https://mahamprint.com/product/183/%D9%BE%D8%B1%DB%8C%D9%86%D8%AA%D8%B1-%D9%84%DB%8C%D8%B2%D8%B1%DB%8C-%D9%85%D8%AF%D9%84-HP-M527Z,1,5,https://mahamprint.com/products/---hp-m527z,پرینتر لیزری مدل  HP M527Z,1.0,high,model+title
https://mahamprint.com/product/2407/%D9%BE%DB%8C%DA%A9%D8%A7%D9%BE-%D8%B1%D9%88%D9%84%D8%B1-%D8%B1%D8%AC%DB%8C%D8%B3%D8%AA%D8%B1-%D8%B1%DB%8C%DA%A9%D9%88-AF-1060,1,5,https://mahamprint.com/products/----af-1060,پیکاپ رولر کاست ریکو AF-1060,0.9,high,model+title
https://mahamprint.com/product/2474/%D8%A8%D8%A7%D8%B1%DA%A9%D8%AF%D8%AE%D9%88%D8%A7%D9%86-%D8%AF%D9%88-%D8%A8%D8%B9%D8%AF%DB%8C-%D8%A8%D8%A7%D8%B3%DB%8C%D9%85-Oscar-20DBW,1,5,https://mahamprint.com/products/----oscar-20dbw,بارکدخوان دو بعدی باسیم Oscar 20DBW,1.0,high,model+title
https://mahamprint.com/product/2534/%D9%BE%D8%B1%DB%8C%D9%86%D8%AA%D8%B1-%D9%84%DB%8C%D8%B2%D8%B1%DB%8C-%D8%B3%D9%87-%DA%A9%D8%A7%D8%B1%D9%87-%D9%85%D8%AF%D9%84-HP-1200n,1,5,https://mahamprint.com/products/-----hp-1200n,پرینتر  لیزری سه کاره مدل  HP 1200n,1.0,high,model+title
https://mahamprint.com/product/2920/%D9%84%DB%8C%D8%A8%D9%84-%D9%BE%D8%B1%DB%8C%D9%86%D8%AA%D8%B1-%D8%A8%D8%B1%D9%86%D8%AF-Zebra-GX420,1,5,https://mahamprint.com/products/----zebra--zd421t,لیبل پرینتر Zebra zd421t,0.392,medium,model+title
https://mahamprint.com/product/3115/%D9%81%DB%8C%D8%B4%20-%D9%BE%D8%B1%DB%8C%D9%86%D8%AA%D8%B1-%20%D8%A8%DB%8C-%20%D8%B3%DB%8C%D9%85%20-Oscar%20-POS%20-88W,1,5,https://mahamprint.com/products/--------oscar--pos--88w,فیش پرینتر بی سیم Oscar POS 88W,1.0,high,model+title
https://mahamprint.com/product/102/%D9%BE%D8%B1%DB%8C%D9%86%D8%AA%D8%B1-%DA%86%D9%86%D8%AF%DA%A9%D8%A7%D8%B1%D9%87-%D9%84%DB%8C%D8%B2%D8%B1%DB%8C-CANON-MF249DW,0,5,https://mahamprint.com/products/---canon-mf249dw,پرینتر چندکاره لیزری CANON MF249DW,1.0,high,model+title
https://mahamprint.com/product/117/%D9%BE%D8%B1%DB%8C%D9%86%D8%AA%D8%B1%DA%86%D9%86%D8%AF%DA%A9%D8%A7%D8%B1%D9%87-%D9%84%DB%8C%D8%B2%D8%B1%DB%8C-SAMSUNG-M2070F,0,5,https://mahamprint.com/products/--samsung-m2070f,پرینترچندکاره لیزری SAMSUNG M2070F,1.0,high,model+title
https://mahamprint.com/product/1171/%D8%AF%D8%B3%D8%AA%D9%87-%D8%A8%D8%A7%D8%B2%DB%8C-Microsoft-Wireless-Controller,0,5,https://mahamprint.com/products/--microsoft-wireless-controller,دسته بازی Microsoft Wireless Controller,1.0,high,model+title
https://mahamprint.com/product/1204/%D9%84%D9%BE-%D8%AA%D8%A7%D9%BE-%DB%B1%DB%B5-%D8%A7%DB%8C%D9%86%DA%86%DB%8C-Lenovo-ideapad-V130-H,0,5,https://mahamprint.com/products/----lenovo-ideapad-v130-h,لپ تاپ ۱۵ اینچی Lenovo ideapad V130 – H,1.0,high,model+title
https://mahamprint.com/product/1220/%D9%88%DB%8C%D8%AF%D8%A6%D9%88-%D9%BE%D8%B1%DA%98%DA%A9%D8%AA%D9%88%D8%B1-epson-EB-X06,0,5,https://mahamprint.com/products/--epson-eb-x06,ویدئو پرژکتور epson EB-X06,1.0,high,model+title
https://mahamprint.com/product/1255/%D9%88%DB%8C%D8%AF%D8%A6%D9%88-%D9%BE%D8%B1%D9%88%DA%98%DA%A9%D8%AA%D9%88%D8%B1-%D8%AC%DB%8C%D8%A8%DB%8C-ASUS-P3E,0,5,https://mahamprint.com/products/---asus-p3e,ویدئو پروژکتور جیبی ASUS P3E,1.0,high,model+title
https://mahamprint.com/product/1291/%D8%AF%DB%8C%D8%AA%D8%A7-%D9%88%DB%8C%D8%AF%D8%A6%D9%88-%D9%BE%D8%B1%D9%88%DA%98%DA%A9%D8%AA%D9%88%D8%B1-Optoma-S334,0,5,https://mahamprint.com/products/---optoma-s334,دیتا ویدئو پروژکتور Optoma S334,1.0,high,model+title
https://mahamprint.com/product/1354/%D8%AA%D9%88%D9%86%D8%B1-HP-761-CMYK,0,5,https://mahamprint.com/products/-hp-761-cmyk,تونر HP 761 CMYK,1.0,high,model+title
https://mahamprint.com/product/1374/%D8%AA%D9%88%D9%86%D8%B1-EPSON-T252-Yellow,0,5,https://mahamprint.com/products/-epson-t252-yellow,تونر EPSON T252 Yellow,1.0,high,model+title
https://mahamprint.com/product/1386/%D8%AA%D9%88%D9%86%D8%B1-EPSON-73N-CYAN,0,5,https://mahamprint.com/products/-epson-73n-cyan,تونر EPSON 73N CYAN,1.0,high,model+title
https://mahamprint.com/product/1387/%D8%AA%D9%88%D9%86%D8%B1-EPSON-73N-Yellow,0,5,https://mahamprint.com/products/-epson-73n-yellow,تونر EPSON 73N Yellow,1.0,high,model+title
https://mahamprint.com/product/1443/%D8%AA%D9%88%D9%86%D8%B1-Epson-34,0,5,https://mahamprint.com/products/-epson-34,تونر Epson 34,1.0,high,model+title
https://mahamprint.com/product/1486/%D8%AA%D9%88%D9%86%D8%B1-HP36A,0,5,https://mahamprint.com/products/-hp36a,تونر HP36A,1.0,high,model+title
https://mahamprint.com/product/1484/%D8%AA%D9%88%D9%86%D8%B1HP-51A,0,5,https://mahamprint.com/products/hp-51a,تونرHP 51A,1.0,high,model+title
https://mahamprint.com/product/179/%D9%BE%D8%B1%DB%8C%D9%86%D8%AA%D8%B1-%D9%84%DB%8C%D8%B2%D8%B1%DB%8C-%DA%86%D9%87%D8%A7%D8%B1%DA%A9%D8%A7%D8%B1%D9%87-%D8%A8%D8%B1%D9%86%D8%AF-HP-%D9%85%D8%AF%D9%84-M127FW,0,5,https://mahamprint.com/products/----hp--m127fw,پرینتر لیزری چهارکاره برند HP مدل M127FW,1.0,high,model+title
https://mahamprint.com/product/1852/%D9%84%DB%8C%D8%A8%D9%84-%D8%A8%D8%B1%DA%86%D8%B3%D8%A8-%D9%BE%DB%8C-%D9%88%DB%8C-%D8%B3%DB%8C-%D8%AA%DA%A9-%D8%B1%D8%AF%DB%8C%D9%81%D9%87-150%C3%97100,0,5,https://mahamprint.com/products/-------150-100,لیبل (برچسب) پی وی سی تک ردیفه 150×100,1.0,high,model+title
https://mahamprint.com/product/1859/%D9%84%DB%8C%D8%A8%D9%84-%D8%A8%D8%B1%DA%86%D8%B3%D8%A8-%D9%BE%DB%8C-%D9%88%DB%8C-%D8%B3%DB%8C-%D8%AA%DA%A9-%D8%B1%D8%AF%DB%8C%D9%81%D9%87-100%C3%9750,0,5,https://mahamprint.com/products/-------100-50,لیبل (برچسب) پی وی سی تک ردیفه 100×50,1.0,high,model+title
https://mahamprint.com/product/1868/%D9%84%DB%8C%D8%A8%D9%84-%D8%A8%D8%B1%DA%86%D8%B3%D8%A8-%D9%BE%DB%8C-%D9%88%DB%8C-%D8%B3%DB%8C-%D8%AA%DA%A9-%D8%B1%D8%AF%DB%8C%D9%81%D9%87-75-40,0,5,https://mahamprint.com/products/-------75-40,لیبل (برچسب) پی وی سی تک ردیفه 75×40,0.35,medium,title-only
https://mahamprint.com/product/1870/%D9%84%DB%8C%D8%A8%D9%84-%D8%A8%D8%B1%DA%86%D8%B3%D8%A8-%D9%BE%DB%8C-%D9%88%DB%8C-%D8%B3%DB%8C-%D8%AF%D9%88-%D8%B1%D8%AF%DB%8C%D9%81%D9%87-51%C3%9734,0,5,https://mahamprint.com/products/-------51-34,لیبل (برچسب) پی وی سی تک ردیفه 51×34,0.28,low,title-only
https://mahamprint.com/product/1876/%D9%84%DB%8C%D8%A8%D9%84-%D8%A8%D8%B1%DA%86%D8%B3%D8%A8-%D9%85%D8%AA%D8%A7%D9%84-%D8%AA%DA%A9-%D8%B1%D8%AF%DB%8C%D9%81%D9%87-Metal-Label-50%C3%9780,0,5,https://mahamprint.com/products/-----metal-label-50-80,لیبل (برچسب) متال تک ردیفه Metal Label 50×80,1.0,high,model+title
https://mahamprint.com/product/189/%D9%BE%D8%B1%DB%8C%D9%86%D8%AA%D8%B1-%D8%AA%DA%A9-%DA%A9%D8%A7%D8%B1%D9%87-%D9%84%DB%8C%D8%B2%D8%B1%DB%8C-HP-M451DN,0,5,https://mahamprint.com/products/----hp-m451dn,پرینتر  تک کاره لیزری HP M451DN,1.0,high,model+title
https://mahamprint.com/product/1978/%D9%86%D9%88%D8%A7%D8%B1-%D9%84%DB%8C%D8%A8%D9%84-%D9%BE%D8%B1%DB%8C%D9%86%D8%AA%D8%B1-%D8%A8%D8%B1%D8%A7%D8%AF%D8%B1-TZE-M31-%D8%BA%DB%8C%D8%B1-%D8%A7%D9%88%D8%B1%D8%AC%DB%8C%D9%86%D8%A7%D9%84,0,5,https://mahamprint.com/products/----tze-m31--,نوار لیبل پرینتر برادر TZE-M31 غیر اورجینال,1.0,high,model+title
https://mahamprint.com/product/2048/%D8%A8%D8%B1%D8%AF-%D9%81%D8%B1%D9%85%D8%AA%D8%B1-%D8%A7%DA%86-%D9%BE%DB%8C-M127FW,0,5,https://mahamprint.com/products/----m127fw,برد فرمتر اچ پی M127FW,1.0,high,model+title
https://mahamprint.com/product/2100/%D8%AF%D8%B1%D8%A7%D9%85-Sharp-450-Drum,0,5,https://mahamprint.com/products/-sharp-450-drum,درام Sharp 450 Drum,1.0,high,model+title
https://mahamprint.com/product/2124/%D8%AF%D8%B1%D8%A7%D9%85-Lexmark-230n-Drum,0,5,https://mahamprint.com/products/-lexmark-230n-drum,درام  Lexmark 230n Drum,1.0,high,model+title
https://mahamprint.com/product/2247/%D9%81%DB%8C%D9%88%D8%B2%DB%8C%D9%86%DA%AF-%DA%A9%D8%A7%D9%85%D9%84-%D8%A7%DA%86-%D9%BE%DB%8C-HP-1025,0,5,https://mahamprint.com/products/---hp-1025,فیوزینگ اچ پی HP 1025,0.942,high,model+title
https://mahamprint.com/product/2387/%D9%84%D8%A7%D8%B3%D8%AA%DB%8C%DA%A9-%DA%A9%D8%A7%D8%BA%D8%B0%DA%A9%D8%B4-ricoh-AF10351045,0,5,https://mahamprint.com/products/--ricoh-af10351045,لاستیک کاغذکش ricoh AF10351045,1.0,high,model+title
https://mahamprint.com/product/2410/%D9%BE%DB%8C%DA%A9%D8%A7%D9%BE-%D8%B5%D8%A7%D9%81-ADF-ricoh-AF-1060,0,5,https://mahamprint.com/products/--adf-ricoh-af-1060-2,پیکاپ صاف ADF ricoh AF-1060,1.0,high,model+title
https://mahamprint.com/product/2494/%DA%A9%D8%A7%D8%BA%D8%B0-%D8%AE%D8%B1%D8%AF%DA%A9%D9%86-%D8%A8%D8%B1%D9%86%D8%AF-protech-%D9%85%D8%AF%D9%84-SD-9355,0,5,https://mahamprint.com/products/---protech--sd-9355,کاغذ خردکن برند protech  مدل SD 9355,1.0,high,model+title
https://mahamprint.com/product/2575/%DA%AF%DB%8C%D9%85%D8%A8%D8%A7%D9%84-%D8%A8%D8%B1%D9%86%D8%AF-DJI-OSMO-POCKET-2,0,5,,,0.044,none,
https://mahamprint.com/product/2602/%DA%AF%D9%88%D8%B4%DB%8C-%D8%B3%D8%A7%D9%85%D8%B3%D9%88%D9%86%DA%AF-GALAXY-S21-PLUSE-5G,0,5,https://mahamprint.com/products/--galaxy-s21-pluse-5g,گوشی سامسونگ GALAXY S21 PLUSE 5G,1.0,high,model+title
https://mahamprint.com/product/2619/%D8%B3%D8%A7%D8%B9%D8%AA-%D9%87%D9%88%D8%B4%D9%85%D9%86%D8%AF-%D9%85%D8%AF%D9%84-Apple-watch-SE2,0,5,https://mahamprint.com/products/---apple-watch-se2,ساعت هوشمند مدل Apple watch SE2,1.0,high,model+title
https://mahamprint.com/product/2648/%D9%84%D9%BE-%D8%AA%D8%A7%D9%BE-ASUS-G713RM-R7-6800H-16G-1TSSD,0,5,https://mahamprint.com/products/--asus-g713rm-r7-6800h-16g-1tssd,لپ تاپ ASUS G713RM R7_6800H-16G 1TSSD,1.0,high,model+title
https://mahamprint.com/product/2711/%D8%B3%D9%88%D8%A6%DB%8C%DA%86-%D8%B4%D8%A8%DA%A9%D9%87-%D8%B3%DB%8C%D8%B3%DA%A9%D9%88-C2960X-24PS-L,0,5,https://mahamprint.com/products/---c2960x-24ps-l,سوئیچ شبکه سیسکو C2960X-24PS-L,1.0,high,model+title
https://mahamprint.com/product/274/%D9%BE%D8%B1%DB%8C%D9%86%D8%AA%D8%B1-%D8%AA%DA%A9-%DA%A9%D8%A7%D8%B1%D9%87-%D9%84%DB%8C%D8%B2%D8%B1%DB%8C-SAMSUNG-M2020W,0,5,https://mahamprint.com/products/----samsung-m2020w,پرینتر تک کاره لیزری  SAMSUNG M2020W,1.0,high,model+title
https://mahamprint.com/product/2751/all-in-one-lenovo-m900z-core-i5-6,0,5,https://mahamprint.com/products/all-in-one-lenovo-m900z-core-i5-6,all in one lenovo m900z core i5-6,1.0,high,model+title
https://mahamprint.com/product/2794/%D9%84%D9%BE-%D8%AA%D8%A7%D9%BE-%D8%A8%D8%B1%D9%86%D8%AF-asus-%D9%85%D8%AF%D9%84-GZ301ZE-i9-12900H,0,5,https://mahamprint.com/products/---asus--gz301ze-i9-12900h,لپ تاپ برند asus مدل GZ301ZE i9 12900H,1.0,high,model+title
https://mahamprint.com/product/2799/%D9%84%D9%BE-%D8%AA%D8%A7%D9%BE-%D8%A8%D8%B1%D9%86%D8%AF-asus-%D9%85%D8%AF%D9%84-G513QE-R9-5900HX,0,5,https://mahamprint.com/products/---asus--g513qe-r9-5900hx,لپ تاپ برند asus مدل G513QE R9 5900HX,1.0,high,model+title
https://mahamprint.com/product/2807/%D9%BE%D8%B1%D8%AF%D9%87-%D9%86%D9%85%D8%A7%DB%8C%D8%B4-%D9%88%D8%A7%DB%8C%D8%AF-%D8%A8%D8%B1%D9%82%DB%8C-%D9%85%D8%AF%D9%84-CW240A,0,5,,,0.15,none,
https://mahamprint.com/product/2865/%D9%BE%D8%B1%D8%AF%D9%87-%D9%86%D9%85%D8%A7%DB%8C%D8%B4-%DA%A9%D8%B1%D9%88%D9%85%D8%A7%DA%A9%DB%8C-%D9%BE%D8%A7%DB%8C%D9%87-%D8%AF%D8%A7%D8%B1-celexon-CSG250T,0,5,,,0.14,none,
https://mahamprint.com/product/2949/%D8%A8%D8%A7%D8%B1%DA%A9%D8%AF-%20%D8%AE%D9%88%D8%A7%D9%86-%20%D8%A8%D8%B1%D9%86%D8%AF-%20Datalogic%20-%D9%85%D8%AF%D9%84%20-Magellan%20-3410%202D,0,5,https://mahamprint.com/products/------datalogic----magellan--3410-2d,بارکد خوان برند Datalogic مدل Magellan 3410 2D,1.0,high,model+title
https://mahamprint.com/product/2961/%D9%88%DB%8C%D8%AF%D8%A6%D9%88%20-%D9%BE%D8%B1%D9%88%DA%98%DA%A9%D8%AA%D9%88%D8%B1-%20%D8%A8%D8%B1%D9%86%D8%AF-%20xiaomi%20-%D9%85%D8%AF%D9%84%20-%C2%A0Wanbo%20-XS01%20Mini,0,5,https://mahamprint.com/products/------xiaomi-----wanbo--xs01-mini,ویدئو پروژکتور برند xiaomi مدل  Wanbo XS01 Mini,1.0,high,model+title
https://mahamprint.com/product/2972/%D8%A8%D8%A7%D8%B1%DA%A9%D8%AF-%20%D8%AE%D9%88%D8%A7%D9%86-%20%D9%84%DB%8C%D8%B2%D8%B1%DB%8C-%20%D8%A8%D8%B1%D9%86%D8%AF-%20CBON-%20%D9%85%D8%AF%D9%84-%20CB-H2000H,0,5,https://mahamprint.com/products/--------cbon----cb-h2000h,بارکد خوان لیزری برند CBON مدل CB-H2000H,1.0,high,model+title
https://mahamprint.com/product/3021/%D8%B5%D9%86%D8%AF%D9%88%D9%82-%D9%81%D8%B1%D9%88%D8%B4%DA%AF%D8%A7%D9%87%DB%8C-%D9%84%D9%85%D8%B3%DB%8C-SAMA-POS-j1900,0,5,https://mahamprint.com/products/------sama--pos-j1900,صندوق فروشگاهی لمسی SAMA POS  j1900,1.0,high,model+title
https://mahamprint.com/product/3156/%D8%A8%D8%A7%D8%B1%DA%A9%D8%AF%D8%AE%D9%88%D8%A7%D9%86%20-mindeo%20-CS2290-RF,0,5,https://mahamprint.com/products/--mindeo--cs2290-rf,بارکدخوان mindeo CS2290-RF,1.0,high,model+title
https://mahamprint.com/product/305/%D9%BE%D8%B1%DB%8C%D9%86%D8%AA%D8%B1-%D8%AA%DA%A9-%DA%A9%D8%A7%D8%B1%D9%87-%D9%84%DB%8C%D8%B2%D8%B1%DB%8C-%D8%A8%D8%B1%D9%86%D8%AF-HP-M454DN,0,5,https://mahamprint.com/products/-----hp-m454dn,پرینتر تک کاره لیزری برند  HP M454DN,1.0,high,model+title
https://mahamprint.com/product/35/Nikon%20D3400%20%D8%A8%D8%A7%20%D9%84%D9%86%D8%B2%20%DB%B5%DB%B5-%DB%B1%DB%B8%20AF-P%20VR,0,5,,,0.032,none,
https://mahamprint.com/product/558/%D9%84%DB%8C%D8%A8%D9%84-%D9%BE%D8%B1%DB%8C%D9%86%D8%AA%D8%B1-TSC-TA210N,0,5,https://mahamprint.com/products/--tsc-ta210n,لیبل پرینتر TSC TA210N,1.0,high,model+title
https://mahamprint.com/product/378/%D8%A7%D8%B3%DA%A9%D9%86%D8%B1-EPSON-DS-410,0,5,https://mahamprint.com/products/-epson-ds-410,اسکنر EPSON DS-410,1.0,high,model+title
https://mahamprint.com/product/65/%D9%BE%D8%B1%DB%8C%D9%86%D8%AA%D8%B1-%D8%AA%DA%A9-%DA%A9%D8%A7%D8%B1%D9%87-%D9%84%DB%8C%D8%B2%D8%B1%DB%8C-HP-%D9%85%D8%AF%D9%84-M402DNE,0,5,https://mahamprint.com/products/----hp--m402dne,پرینتر  تک کاره لیزری HP مدل M402DNE,1.0,high,model+title
https://mahamprint.com/product/695/%DA%A9%D8%A7%D8%BA%D8%B0-%D8%AE%D8%B1%D8%AF%DA%A9%D9%86-Fellowes-%D9%85%D8%AF%D9%84-99-Ci,0,5,https://mahamprint.com/products/----fellowes-62-mc,دستگاه کاغذ خرد کن  Fellowes 62 MC,0.728,high,model+title
https://mahamprint.com/product/707/%DA%A9%D8%A7%D8%BA%D8%B0-%D8%AE%D8%B1%D8%AF%DA%A9%D9%86-Protech-SD-9310,0,5,https://mahamprint.com/products/---protech--sd-9355,کاغذ خردکن برند protech  مدل SD 9355,0.45,medium,model+title
https://mahamprint.com/product/71/%D9%BE%D8%B1%DB%8C%D9%86%D8%AA%D8%B1-%D9%84%DB%8C%D8%B2%D8%B1%DB%8C-HP-M605DN,0,5,https://mahamprint.com/products/--hp-m605dn,پرینتر لیزری HP M605DN,1.0,high,model+title
https://mahamprint.com/product/786/%D8%A8%D8%A7%D8%B1%DA%A9%D8%AF-%D8%A7%D8%B3%DA%A9%D9%86%D8%B1-Oscar-OS-60LBW,0,5,https://mahamprint.com/products/--oscar-os-60lbw,بارکد اسکنر Oscar OS-60LBW,1.0,high,model+title
https://mahamprint.com/product/840/%D8%A8%D8%A7%D8%B1%DA%A9%D8%AF-%D8%A7%D8%B3%DA%A9%D9%86%D8%B1-%D9%85%D8%AF%D9%84-DATALOGIC-Heron-HD3130,0,5,https://mahamprint.com/products/---datalogic-heron-hd3130,بارکد اسکنر مدل DATALOGIC Heron HD3130,1.0,high,model+title
https://mahamprint.com/product/831/%D8%A8%D8%A7%D8%B1%DA%A9%D8%AF-%D8%AE%D9%88%D8%A7%D9%86-%D9%85%D8%AF%D9%84-DATALOGIC-Lite-QW2100,0,5,https://mahamprint.com/products/---datalogic-lite-qw2100,بارکد خوان مدل DATALOGIC Lite QW2100,1.0,high,model+title
https://mahamprint.com/product/888/%D8%A7%D8%B3%DA%A9%D9%86%D8%A7%D8%B3-%D8%B4%D9%85%D8%A7%D8%B1-PARA-NCS-1200,0,5,https://mahamprint.com/products/--para-ncs-1200,اسکناس شمار PARA NCS-1200,1.0,high,model+title
https://mahamprint.com/product/952/%D9%85%D8%A7%D8%B4%DB%8C%D9%86-%D8%AD%D8%B3%D8%A7%D8%A8-Sharp-EL-128C,0,5,https://mahamprint.com/products/--sharp-el-128c,ماشین حساب Sharp EL-128C,1.0,high,model+title
https://mahamprint.com/product/983/%D9%85%D8%A7%D8%B4%DB%8C%D9%86-%D8%AD%D8%B3%D8%A7%D8%A8-Casio-120D-Plus,0,5,https://mahamprint.com/products/--casio-120d-plus,ماشین حساب Casio 120D Plus,1.0,high,model+title
https://mahamprint.com/product/134/%D9%BE%D8%B1%DB%8C%D9%86%D8%AA%D8%B1-%DA%86%D9%86%D8%AF-%DA%A9%D8%A7%D8%B1%D9%87-%D9%84%DB%8C%D8%B2%D8%B1%DB%8C-%D8%A8%D8%B1%D9%86%D8%AF-BROTHER-L2540DW,2,4,https://mahamprint.com/products/-----brother-l2540dw,پرینتر چند کاره لیزری برند BROTHER L2540DW,1.0,high,model+title
https://mahamprint.com/product/1029/%D9%85%D8%A7%D8%B4%DB%8C%D9%86-%D8%AD%D8%B3%D8%A7%D8%A8-Citizen-SDC-435N,1,4,https://mahamprint.com/products/--citizen-sdc-435n,ماشین حساب Citizen SDC-435N,1.0,high,model+title
https://mahamprint.com/product/196/%D9%BE%D8%B1%DB%8C%D9%86%D8%AA%D8%B1-%D9%84%DB%8C%D8%B2%D8%B1%DB%8C-%DA%86%D9%87%D8%A7%D8%B1%DA%A9%D8%A7%D8%B1%D9%87-%D8%A8%D8%B1%D9%86%D8%AF-HP-M277DW,1,4,https://mahamprint.com/products/----hp-m277dw,پرینتر لیزری چهارکاره برند HP M277DW,1.0,high,model+title
https://mahamprint.com/product/2025/%D9%88%DB%8C%D8%AF%D8%A6%D9%88-%D9%BE%D8%B1%D9%88%DA%98%DA%A9%D8%AA%D9%88%D8%B1-OPTOMA-X371,1,4,https://mahamprint.com/products/--optoma-x371,ویدئو پروژکتور OPTOMA X371,1.0,high,model+title
https://mahamprint.com/product/2161/%D8%A8%D9%88%D8%B4-%D8%AE%D8%B1%DA%AF%D9%88%D8%B4%DB%8C-%D9%BE%D8%B1%DB%8C%D9%86%D8%AA%D8%B1-%D8%A8%D8%B1%D9%86%D8%AF-EPSON-%D9%85%D8%AF%D9%84-LQ-2180,1,4,https://mahamprint.com/products/----epson--lq-2180,بوش خرگوشی پرینتر برند EPSON مدل LQ 2180,1.0,high,model+title
https://mahamprint.com/product/2367/%DA%86%D8%B1%D8%AE-%D8%AF%D9%86%D8%AF%D9%87-%D8%AF%D9%88%D9%84%D9%88%D9%BE%D8%B1-toshiba-%D8%AF%D9%88-%D8%B4%D8%A7%D8%AE-E-S-166,1,4,https://mahamprint.com/products/---toshiba---e-s-166,چرخ دنده دولوپر toshiba دو شاخ E-S 166,1.0,high,model+title
https://mahamprint.com/product/2606/%D9%BE%D8%B1%DB%8C%D9%86%D8%AA%D8%B1-%D8%B3%D9%87-%DA%A9%D8%A7%D8%B1%D9%87-%D8%B1%D9%86%DA%AF%DB%8C-281cdw-hp,1,4,https://mahamprint.com/products/----281cdw-hp,پرینتر سه کاره رنگی 281cdw hp,1.0,high,model+title
https://mahamprint.com/product/2695/%D9%BE%D8%B1%DB%8C%D9%86%D8%AA%D8%B1-%D8%AA%DA%A9-%DA%A9%D8%A7%D8%B1%D9%87-%D9%84%DB%8C%D8%B2%D8%B1%DB%8C-canon-LBP233dw,1,4,https://mahamprint.com/products/----canon-lbp233dw,پرینتر تک کاره لیزری  canon LBP233dw,1.0,high,model+title
https://mahamprint.com/product/88/%D9%BE%D8%B1%DB%8C%D9%86%D8%AA%D8%B1-%D9%84%DB%8C%D8%B2%D8%B1%DB%8C-%D8%AA%DA%A9-%DA%A9%D8%A7%D8%B1%D9%87-HP-1025NW,1,4,https://mahamprint.com/products/----hp-1025nw,پرینتر لیزری تک کاره  HP 1025NW,1.0,high,model+title
https://mahamprint.com/product/401/%D8%A7%D8%B3%DA%A9%D9%86%D8%B1-Canon-LIDE300,1,4,https://mahamprint.com/products/-canon-lide300,اسکنر Canon LIDE300,1.0,high,model+title
https://mahamprint.com/product/1221/%D8%AF%DB%8C%D8%AA%D8%A7-%D9%88%DB%8C%D8%AF%D8%A6%D9%88-%D9%BE%D8%B1%D9%88%DA%98%DA%A9%D8%AA%D9%88%D8%B1-PANASONIC-PT-EX620,0,4,https://mahamprint.com/products/---panasonic-pt-ex620,دیتا ویدئو پروژکتور PANASONIC PT-EX620,1.0,high,model+title
https://mahamprint.com/product/1185/%DA%A9%D9%86%D8%B3%D9%88%D9%84-%D8%A8%D8%A7%D8%B2%DB%8C-sony-Playstation-4-%E2%80%93-500GB,0,4,https://mahamprint.com/products/--sony-playstation-4-500gb,کنسول بازی  sony Playstation 4 – 500GB,1.0,high,model+title
https://mahamprint.com/product/1215/%D9%BE%D8%B1%D8%AF%D9%87-%D9%86%D9%85%D8%A7%DB%8C%D8%B4-%D8%AF%D8%B3%D8%AA%DB%8C-%D9%BE%D8%B1%D9%88%DA%98%DA%A9%D8%AA%D9%88%D8%B1-%D8%A7%D8%B3%DA%A9%D9%88%D9%BE180x180-CM,0,4,https://mahamprint.com/products/----180x180-cm,پرده نمایش دستی پروژکتور اسکوپ180x180 CM,1.0,high,model+title
https://mahamprint.com/product/1268/%D9%88%DB%8C%D8%AF%D8%A6%D9%88-%D9%BE%D8%B1%D9%88%DA%98%DA%A9%D8%AA%D9%88%D8%B1-VIEWSONIC-Pro8510L,0,4,https://mahamprint.com/products/--viewsonic-pro8510l,ویدئو پروژکتور VIEWSONIC Pro8510L,1.0,high,model+title
https://mahamprint.com/product/1290/%D8%AF%DB%8C%D8%AA%D8%A7-%D9%88%DB%8C%D8%AF%D8%A6%D9%88-%D9%BE%D8%B1%D9%88%DA%98%DA%A9%D8%AA%D9%88%D8%B1-Optoma-M565S,0,4,https://mahamprint.com/products/---optoma-m565s,دیتا ویدئو پروژکتور Optoma M565S,1.0,high,model+title
https://mahamprint.com/product/1403/%D8%AA%D9%88%D9%86%D8%B1-Epson-296-Black,0,4,https://mahamprint.com/products/-epson-296-black,تونر Epson 296 Black,1.0,high,model+title
https://mahamprint.com/product/1405/%D8%AA%D9%88%D9%86%D8%B1-Epson-220-Magenta,0,4,https://mahamprint.com/products/-epson-220-magenta,تونر Epson 220 Magenta,1.0,high,model+title
https://mahamprint.com/product/1471/%D8%AA%D9%88%D9%86%D8%B1-%DA%A9%D8%A7%D8%B1%D8%AA%D8%B1%DB%8C%D8%AC-CANON-715,0,4,https://mahamprint.com/products/--canon-715,تونر کارتریج CANON 715,1.0,high,model+title
https://mahamprint.com/product/161/%D9%BE%D8%B1%DB%8C%D9%86%D8%AA%D8%B1-%D8%AA%DA%A9-%DA%A9%D8%A7%D8%B1%D9%87-%D9%84%DB%8C%D8%B2%D8%B1%DB%8C-%D8%A8%D8%B1%D9%86%D8%AF-HP-M203DN,0,4,https://mahamprint.com/products/-----hp-m203dn,پرینتر تک کاره لیزری  برند HP M203DN,1.0,high,model+title
https://mahamprint.com/product/1631/%D9%81%DA%A9%D8%B3-panasonic-FP-701CX,0,4,https://mahamprint.com/products/-panasonic-fp-701cx,فکس panasonic FP-701CX,1.0,high,model+title
https://mahamprint.com/product/163/%D9%BE%D8%B1%DB%8C%D9%86%D8%AA%D8%B1-%D8%AA%DA%A9-%DA%A9%D8%A7%D8%B1%D9%87-%D9%84%DB%8C%D8%B2%D8%B1%DB%8C-%D8%A8%D8%B1%D9%86%D8%AF-HP-M401D,0,4,https://mahamprint.com/products/-----hp-m401d,پرینتر تک کاره لیزری برند HP M401D,1.0,high,model+title
https://mahamprint.com/product/1654/%D9%BE%D8%B1%DB%8C%D9%86%D8%AA%D8%B1%D8%AA%DA%A9-%DA%A9%D8%A7%D8%B1%D9%87-%D9%84%DB%8C%D8%B2%D8%B1%DB%8C-HP-M554DN,0,4,https://mahamprint.com/products/---hp-m554dn,پرینترتک کاره لیزری  HP M554DN,1.0,high,model+title
https://mahamprint.com/product/1688/%D9%BE%D8%B1%DB%8C%D9%86%D8%AA%D8%B1-%D9%84%DB%8C%D8%B2%D8%B1%DB%8C-%D8%AA%DA%A9-%DA%A9%D8%A7%D8%B1%D9%87-BROTHER-6180DW,0,4,https://mahamprint.com/products/----brother-6180dw,پرینتر لیزری تک کاره BROTHER  6180DW,1.0,high,model+title
https://mahamprint.com/product/1702/%D8%AF%D8%B3%D8%AA%DA%AF%D8%A7%D9%87-%D9%81%DA%A9%D8%B3-PANASONIC-365,0,4,https://mahamprint.com/products/--panasonic-365,دستگاه فکس PANASONIC 365,1.0,high,model+title
https://mahamprint.com/product/1710/%D8%B1%DB%8C%D8%A8%D9%88%D9%86-Wax-Resin-110-75,0,4,https://mahamprint.com/products/-wax-resin-110-75,ریبون Wax Resin 110×75,1.0,high,model+title
https://mahamprint.com/product/1725/%D8%B1%DB%8C%D8%A8%D9%88%D9%86-%D8%B1%D9%86%DA%AF%DB%8C-200-%D8%B9%DA%A9%D8%B3-Evolis-R3011-%D8%A7%D9%88%D8%B1%D8%AC%DB%8C%D9%86%D8%A7%D9%84,0,4,https://mahamprint.com/products/--200--evolis-r3011-,ریبون رنگی 200 عکس Evolis R3011 اورجینال,1.0,high,model+title
https://mahamprint.com/product/1743/%D8%B1%DB%8C%D8%A8%D9%88%D9%86-%D8%B1%D9%86%DA%AF-%D9%85%D8%B4%DA%A9%DB%8C-%D9%87%D8%A7%DB%8C%D8%AA%DB%8C-Hiti-CS-2-Black-1000-Prints-%D8%A7%D9%88%D8%B1%D8%AC%DB%8C%D9%86%D8%A7%D9%84,0,4,https://mahamprint.com/products/----hiti-cs-2-black-1000-prints-,ریبون رنگ مشکی هایتی Hiti CS-2 Black 1000 Prints اورجینال,1.0,high,model+title
https://mahamprint.com/product/1748/%D8%B1%DB%8C%D8%A8%D9%88%D9%86-Super-Resin-110%C3%97300-%D8%B3%D9%81%DB%8C%D8%AF,0,4,https://mahamprint.com/products/-super-resin-110-300-,ریبون Super Resin 110×300 سفید,1.0,high,model+title
https://mahamprint.com/product/177/%D9%BE%D8%B1%DB%8C%D9%86%D8%AA%D8%B1%DA%86%D9%86%D8%AF-%DA%A9%D8%A7%D8%B1%D9%87-%D8%A8%D8%B1%D9%86%D8%AF-HP-%D9%85%D8%AF%D9%84-M630H,0,4,https://mahamprint.com/products/---hp--m630h,پرینترچند کاره برند HP مدل M630H,1.0,high,model+title
https://mahamprint.com/product/1862/%D9%84%DB%8C%D8%A8%D9%84-%D8%A8%D8%B1%DA%86%D8%B3%D8%A8-%DA%A9%D8%A7%D8%BA%D8%B0%DB%8C-%D8%AA%DA%A9-%D8%B1%D8%AF%DB%8C%D9%81%D9%87-30-45,0,4,https://mahamprint.com/products/-----30-45,لیبل برچسب کاغذی تک ردیفه  30×45,0.35,medium,title-only
https://mahamprint.com/product/2110/%D8%AF%D8%B1%D8%A7%D9%85-%DA%A9%D8%A7%D8%B1%D8%AA%D8%B1%DB%8C%D8%AC-HP-201A-Drum,0,4,https://mahamprint.com/products/--hp-201a-drum,درام کارتریج HP 201A Drum,1.0,high,model+title
https://mahamprint.com/product/1943/%D9%86%D9%88%D8%A7%D8%B1-%D9%84%DB%8C%D8%A8%D9%84-%D9%BE%D8%B1%DB%8C%D9%86%D8%AA%D8%B1-brother-TZE-661-%D8%BA%DB%8C%D8%B1-%D8%A7%D9%88%D8%B1%D8%AC%DB%8C%D9%86%D8%A7%D9%84,0,4,https://mahamprint.com/products/---brother-tze-661--,نوار لیبل پرینتر brother TZE-661 غیر اورجینال,1.0,high,model+title
https://mahamprint.com/product/1848/%D9%84%DB%8C%D8%A8%D9%84-%D8%A8%D8%B1%DA%86%D8%B3%D8%A8-%D8%AD%D8%B1%D8%A7%D8%B1%D8%AA%DB%8C-%D8%AA%DA%A9-%D8%B1%D8%AF%DB%8C%D9%81%D9%87-40%C3%9757,0,4,https://mahamprint.com/products/-----40-57,لیبل (برچسب) حرارتی تک ردیفه 40×57,0.35,medium,title-only
https://mahamprint.com/product/206/%D9%BE%D8%B1%DB%8C%D9%86%D8%AA%D8%B1-%D9%84%DB%8C%D8%B2%D8%B1%DB%8C-HP-M180N,0,4,https://mahamprint.com/products/--hp-m180n,پرینتر لیزری HP M180N,1.0,high,model+title
https://mahamprint.com/product/2182/%D8%A8%D9%88%D8%B4-%D8%B3%D8%B1-%D8%AF%D8%B1%D8%A7%D9%85-Sharp-AR-350450,0,4,https://mahamprint.com/products/---sharp-ar-350-450,بوش سر درام Sharp AR-350،450,0.412,medium,model+title
https://mahamprint.com/product/2222/%D9%81%DB%8C%D9%84%D9%85-%D9%81%DB%8C%D9%88%D8%B2%DB%8C%D9%86%DA%AF-%D8%BA%DB%8C%D8%B1-%D8%A7%D9%88%D8%B1%D8%AC%DB%8C%D9%86%D8%A7%D9%84-hp-P2035,0,4,https://mahamprint.com/products/---hp-p2035,برد پاور پرینتر HP P2035,0.738,high,model+title
https://mahamprint.com/product/2310/%D8%B1%D9%88%D9%84-%D9%BE%D8%B1%D8%B3-Ricoh-SP4510,0,4,https://mahamprint.com/products/--ricoh-sp4510,هات رول Ricoh SP4510,0.86,high,model+title
https://mahamprint.com/product/2353/%DA%86%D8%B1%D8%AE-%D8%AF%D9%86%D8%AF%D9%87-%D8%B3%D8%B1-%D8%BA%D9%84%D8%AA%DA%A9-%D8%AA%D8%B1%D8%A7%D9%86%D8%B3%D9%81%D8%B1-%D9%85%D8%AF%D9%84-sharp-MX-3500,0,4,https://mahamprint.com/products/------sharp-mx-3500,چرخ دنده سر غلتک ترانسفر مدل sharp  MX-3500,1.0,high,model+title
https://mahamprint.com/product/2373/%DA%86%D8%B1%D8%AE-%D8%AF%D9%86%D8%AF%D9%87-%D8%AF%D8%B1%D8%A7%DB%8C%D9%88-%D9%85%D8%AD%D8%B1%DA%A9-%D9%87%DB%8C%D8%AA%D8%B1-%D8%AE%D8%A7%D8%B1%D8%AC%DB%8C-3%D9%BE%D9%84%D9%87-toshiba-E-S166,0,4,https://mahamprint.com/products/------3-toshiba-e-s166,چرخ دنده درایو محرک هیتر خارجی 3پله toshiba E-S166,1.0,high,model+title
https://mahamprint.com/product/2421/%D8%B3%D9%BE%D8%B1%DB%8C%D8%B4%D9%86-%D8%B1%D9%88%D9%84%D8%B1-Ricoh-AF-1060,0,4,https://mahamprint.com/products/--ricoh-af-1060,سپریشن رولر Ricoh AF-1060,1.0,high,model+title
https://mahamprint.com/product/2499/%D9%88%DB%8C%D8%AF%D8%A6%D9%88-%D9%BE%D8%B1%DA%98%DA%A9%D8%AA%D9%88%D8%B1-optoma-hd146x,0,4,https://mahamprint.com/products/--optoma-hd146x,ویدئو پرژکتور optoma hd146x,1.0,high,model+title
https://mahamprint.com/product/2569/%D9%87%D9%84%DB%8C-%D8%B4%D8%A7%D8%AA-DJI-%D9%85%D8%AF%D9%84-mavic-air-2,0,4,,,0.039,none,
https://mahamprint.com/product/2578/%D9%87%D9%84%DB%8C-%D8%B4%D8%A7%D8%AA-DJI-%D9%85%D8%AF%D9%84-MINI-2,0,4,https://mahamprint.com/products/------zec--mini,فیش پرینتر مدل ZEC MINI,0.7,high,model+title
https://mahamprint.com/product/2797/%D9%84%D9%BE-%D8%AA%D8%A7%D9%BE-asus-G513RW-R9-6900HX,0,4,https://mahamprint.com/products/--asus-g513rw-r9-6900hx,لپ تاپ asus G513RW R9 6900HX,1.0,high,model+title
https://mahamprint.com/product/2621/%D8%A7%DB%8C%D8%B1%D9%BE%D8%A7%D8%AF-Airpods-3,0,4,https://mahamprint.com/products/-airpods-3,ایرپاد Airpods 3,1.0,high,model+title
https://mahamprint.com/product/2641/%D9%84%D9%BE-%D8%AA%D8%A7%D9%BE-%D9%85%D8%AF%D9%84-ASUS-R528EP-I5-1135G7-8G-512SSD,0,4,https://mahamprint.com/products/---asus-r528ep-i5-1135g7-8g-512ssd,لپ تاپ مدل ASUS R528EP I5_1135G7 8G 512SSD,1.0,high,model+title
https://mahamprint.com/product/2839/%D9%BE%D8%B1%D8%AF%D9%87-%D9%86%D9%85%D8%A7%DB%8C%D8%B4-%D9%82%D9%87%D9%88%D9%87-%D8%A7%DB%8C-%D8%A8%D8%B1%D9%82%DB%8C-%D9%85%D8%AF%D9%84-CS250AU,0,4,,,0.131,none,
https://mahamprint.com/product/2816/%D9%BE%D8%B1%D8%AF%D9%87-%D9%86%D9%85%D8%A7%DB%8C%D8%B4-%D9%85%D8%B4%DA%A9%DB%8C-%D8%AF%D8%B3%D8%AA%DB%8C-%D9%85%D8%AF%D9%84-CSB300M,0,4,,,0.15,none,
https://mahamprint.com/product/3039/%D9%81%DB%8C%D8%B4-%20%D9%BE%D8%B1%DB%8C%D9%86%D8%AA%D8%B1%20-%D8%B3%DB%8C-%20%D8%A8%D9%88%D9%86-%20B826BW,0,4,https://mahamprint.com/products/--------b826bw,فیش پرینتر سی بون B826BW,1.0,high,model+title
https://mahamprint.com/product/295/%D9%BE%D8%B1%DB%8C%D9%86%D8%AA%D8%B1-%D9%84%DB%8C%D8%B2%D8%B1%DB%8C-HP-MFP-M135A,0,4,https://mahamprint.com/products/--hp-mfp-m135a,پرینتر لیزری HP MFP M135A,1.0,high,model+title
https://mahamprint.com/product/3059/%D9%BE%D8%B1%DB%8C%D9%86%D8%AA%D8%B1-%20%D8%AA%DA%A9%20-%DA%A9%D8%A7%D8%B1%D9%87%20-%D8%AC%D9%88%D9%87%D8%B1%D8%A7%D9%81%D8%B4%D8%A7%D9%86-%20EPSON%20-L11050,0,4,https://mahamprint.com/products/--------epson--l11050,پرینتر تک کاره جوهرافشان EPSON L11050,1.0,high,model+title
https://mahamprint.com/product/3120/%D9%BE%D8%B1%DB%8C%D9%86%D8%AA%D8%B1%D8%AA%DA%A9-%20%DA%A9%D8%A7%D8%B1%D9%87%20-%D9%84%DB%8C%D8%B2%D8%B1%DB%8C%20-HP-%20M452DW,0,4,https://mahamprint.com/products/------hp--m452dw,پرینترتک کاره لیزری HP M452DW,1.0,high,model+title
https://mahamprint.com/product/3124/%DA%A9%D8%A7%D8%BA%D8%B0-%20%D8%AE%D8%B1%D8%AF-%20%DA%A9%D9%86%20-HSM-%20B22,0,4,https://mahamprint.com/products/------hsm--b22,کاغذ خردکن HSM B22,0.825,high,model+title
https://mahamprint.com/product/521/%D8%AA%D8%B3%D8%AA-%D8%A7%D8%B3%DA%A9%D9%86%D8%A7%D8%B3-Protech-PBD-10s-Plus,0,4,https://mahamprint.com/products/--protech-pbd-10s-plus,تست اسکناس Protech PBD-10s Plus,1.0,high,model+title
https://mahamprint.com/product/544/%D9%84%DB%8C%D8%A8%D9%84-%D9%BE%D8%B1%DB%8C%D9%86%D8%AA%D8%B1-MEVA-MBP4300,0,4,https://mahamprint.com/products/--meva--mbp4300,لیبل پرینتر  MEVA مدل MBP4300,1.0,high,model+title
https://mahamprint.com/product/391/%D8%A7%D8%B3%DA%A9%D9%86%D8%B1-HP-4500-Fn1,0,4,https://mahamprint.com/products/-hp-4500-fn1,اسکنر HP 4500 Fn1,1.0,high,model+title
https://mahamprint.com/product/370/%D9%BE%D8%B1%DB%8C%D9%86%D8%AA%D8%B1-%DA%86%D9%86%D8%AF%DA%A9%D8%A7%D8%B1%D9%87-%D9%84%DB%8C%D8%B2%D8%B1%DB%8C-%D8%A7%DA%86-%D9%BE%DB%8C-M283fdw,0,4,https://mahamprint.com/products/-----m283fdw,پرینتر چندکاره لیزری اچ پی M283fdw,1.0,high,model+title
https://mahamprint.com/product/613/%D8%B5%D9%86%D8%AF%D9%88%D9%82-%D9%81%D8%B1%D9%88%D8%B4%DA%AF%D8%A7%D9%87%DB%8C-Posiflex-KS-7215,0,4,https://mahamprint.com/products/--posiflex-ks-7215,صندوق فروشگاهی Posiflex KS-7215,1.0,high,model+title
https://mahamprint.com/product/639/%D8%AF%D8%B3%D8%AA%DA%AF%D8%A7%D9%87-%D8%AD%D8%B6%D9%88%D8%B1%D9%88%D8%BA%DB%8C%D8%A7%D8%A8-ZKTeco-MB-201,0,4,https://mahamprint.com/products/--zkteco-mb-201,دستگاه حضوروغیاب ZKTeco MB-201,1.0,high,model+title
https://mahamprint.com/product/678/%DA%A9%D8%A7%D8%BA%D8%B0-%D8%AE%D8%B1%D8%AF%DA%A9%D9%86-Fellowes-500C,0,4,https://mahamprint.com/products/--fellowes-500c,کاغذ خردکن Fellowes 500C,1.0,high,model+title
https://mahamprint.com/product/642/%D8%AF%D8%B3%D8%AA%DA%AF%DB%8C%D8%B1%D9%87-%D9%87%D9%88%D8%B4%D9%85%D9%86%D8%AF-ZKTeco-L9000L,0,4,https://mahamprint.com/products/--zkteco-l9000l,دستگیره هوشمند ZKTeco L9000L,1.0,high,model+title
https://mahamprint.com/product/752/%DA%A9%D8%A7%D8%BA%D8%B0-%D8%AE%D8%B1%D8%AF%DA%A9%D9%86-Kobra-400-WD,0,4,https://mahamprint.com/products/--kobra-1ss4,کاغذ خردکن Kobra +1SS4,0.392,medium,model+title
https://mahamprint.com/product/686/%DA%A9%D8%A7%D8%BA%D8%B0-%D8%AE%D8%B1%D8%AF%DA%A9%D9%86-Fellowes-DS-1,0,4,https://mahamprint.com/products/----fellowes-62-mc,دستگاه کاغذ خرد کن  Fellowes 62 MC,0.728,high,model+title
https://mahamprint.com/product/1435/%D8%AA%D9%88%D9%86%D8%B1-%DA%A9%D8%A7%D8%B1%D8%AA%D8%B1%DB%8C%D8%AC-Epson-T060-CMYK,1,3,https://mahamprint.com/products/--epson-t060-cmyk,تونر کارتریج Epson T060 CMYK,1.0,high,model+title
https://mahamprint.com/product/1559/%D8%AA%D9%88%D9%86%D8%B1-HP-79A,1,3,https://mahamprint.com/products/-hp-79a,تونر HP 79A,1.0,high,model+title
https://mahamprint.com/product/1651/%D9%BE%D8%B1%DB%8C%D9%86%D8%AA%D8%B1-%D8%AA%DA%A9-%DA%A9%D8%A7%D8%B1%D9%87-%D9%84%DB%8C%D8%B2%D8%B1%DB%8C-%D8%A8%D8%B1%D9%86%D8%AF-HP-M608X,1,3,https://mahamprint.com/products/-----hp-m608x,پرینتر تک کاره لیزری برند HP M608X,1.0,high,model+title
https://mahamprint.com/product/1953/%D9%86%D9%88%D8%A7%D8%B1-%D9%84%DB%8C%D8%A8%D9%84-%D9%BE%D8%B1%DB%8C%D9%86%D8%AA%D8%B1-brother-TZE-133-%D8%BA%DB%8C%D8%B1-%D8%A7%D9%88%D8%B1%D8%AC%DB%8C%D9%86%D8%A7%D9%84,1,3,https://mahamprint.com/products/---brother-tze-133--,نوار لیبل پرینتر brother TZE-133 غیر اورجینال,1.0,high,model+title
https://mahamprint.com/product/2077/%D8%A8%D8%B1%D8%AF-%D8%AA%D8%BA%D8%B0%DB%8C%D9%87-%D9%BE%D8%A7%D9%88%D8%B1-%D9%BE%D8%B1%DB%8C%D9%86%D8%AA%D8%B1wincor-4915,1,3,https://mahamprint.com/products/---wincor-4915,برد تغذیه پاور پرینترwincor 4915,1.0,high,model+title
https://mahamprint.com/product/2188/%D9%81%DB%8C%D8%AF%D8%B1-%D8%A7%D8%B3%D9%85%D8%A8%D9%84%DB%8C-%D9%85%D8%AF%D9%84-hp-mfp1522fn,1,3,https://mahamprint.com/products/---hp-mfp1522fn,فیدر اسمبلی مدل hp mfp1522fn,1.0,high,model+title
https://mahamprint.com/product/2298/%D8%B1%D9%88%D9%84-%D9%BE%D8%B1%D8%B3-%DA%A9%D9%88%D9%86%DB%8C%DA%A9%D8%A7-%D9%85%DB%8C%D9%86%D9%88%D9%84%D8%AA%D8%A7-Konica-Minolta-C350,1,3,https://mahamprint.com/products/----konica-minolta-c350,رول پرس کونیکا مینولتا Konica Minolta C350,1.0,high,model+title
https://mahamprint.com/product/2357/%DA%86%D8%B1%D8%AE-%D8%B2%DB%8C%D8%B1%DB%8C%D9%86-%D8%B1%D8%A7%D8%A8%D8%B7-%D9%81%DB%8C%D9%88%D8%B2%DB%8C%D9%86%DA%AF-AR-122-203-%D9%81%D8%A7%D8%A8%D8%B1%DB%8C%DA%A9,1,3,https://mahamprint.com/products/----ar-122-203-,چرخ زیرین رابط فیوزینگ AR-122\/203 فابریک,1.0,high,model+title
https://mahamprint.com/product/2361/%DA%A9%D9%88%D9%BE%D9%84%DB%8C%D9%86%DA%AF-%D8%AF%D8%B1%D8%A7%DB%8C%D9%88%D8%B1-%D8%A7%D8%B5%D9%84%DB%8C-%D8%A8%D8%B1%D9%86%D8%AF-%D8%AA%D9%88%D8%B4%DB%8C%D8%A8%D8%A7-E-S166,1,3,https://mahamprint.com/products/-----e-s166,کوپلینگ درایور اصلی برند توشیبا E-S166,1.0,high,model+title
https://mahamprint.com/product/2768/hard-hdd-wd-500-GB-16MB-blue,1,3,https://mahamprint.com/products/hard-hdd-wd-500-gb-16mb-blue,hard hdd wd 500 GB 16MB blue,1.0,high,model+title
https://mahamprint.com/product/2952/%D8%AF%D8%B3%D8%AA%DA%AF%D8%A7%D9%87-%DA%A9%D9%BE%DB%8C-%D8%B3%D9%87-%DA%A9%D8%A7%D8%B1%D9%87-%D8%A8%D8%B1%D9%86%D8%AF-TOSHIBA-%D9%85%D8%AF%D9%84-e-STUDIO-2329a,1,3,https://mahamprint.com/products/toshiba--e-studio--2329a--copier,دستگاه کپی TOSHIBA e-STUDIO 2329A,0.738,high,model+title
https://mahamprint.com/product/3118/%D9%BE%D8%B1%DB%8C%D9%86%D8%AA%D8%B1%20-%D8%B3%D9%87%20-%DA%A9%D8%A7%D8%B1%D9%87%20-%D9%84%DB%8C%D8%B2%D8%B1%DB%8C-%20HP-%20M126A,1,3,https://mahamprint.com/products/--------hp--m126a,پرینتر سه کاره لیزری HP M126A,1.0,high,model+title
https://mahamprint.com/product/882/%D8%A7%D8%B3%DA%A9%D9%86%D8%A7%D8%B3-%D8%B4%D9%85%D8%A7%D8%B1-NIKITA-LD-2000,1,3,https://mahamprint.com/products/--nikita-ld-2000,اسکناس شمار NIKITA LD-2000,1.0,high,model+title
https://mahamprint.com/product/1020/%D9%85%D8%A7%D8%B4%DB%8C%D9%86-%D8%AD%D8%B3%D8%A7%D8%A8-Casio-MH-12,0,3,https://mahamprint.com/products/--casio-mh-12,ماشین حساب CASIO MH-12,1.0,high,model+title
https://mahamprint.com/product/1276/%D8%AF%DB%8C%D8%AA%D8%A7-%D9%88%DB%8C%D8%AF%D8%A6%D9%88-%D9%BE%D8%B1%D9%88%DA%98%DA%A9%D8%AA%D9%88%D8%B1-RICOH-PJ-X4340,0,3,https://mahamprint.com/products/---ricoh-pj-x4340,دیتا ویدئو پروژکتور RICOH PJ X4340,1.0,high,model+title
https://mahamprint.com/product/1281/%D9%88%DB%8C%D8%AF%D8%A6%D9%88-%D9%BE%D8%B1%D9%88%DA%98%DA%A9%D8%AA%D9%88%D8%B1-PANASONIC-LW375,0,3,https://mahamprint.com/products/--panasonic-lw375,ویدئو پروژکتور PANASONIC LW375,1.0,high,model+title
https://mahamprint.com/product/1368/%D8%AA%D9%88%D9%86%D8%B1-%DA%A9%D8%A7%D8%B1%D8%AA%D8%B1%DB%8C%D8%AC-EPSON-T0814-Yellow,0,3,https://mahamprint.com/products/--epson-t0814-yellow,تونر کارتریج EPSON T0814 Yellow,1.0,high,model+title
https://mahamprint.com/product/1382/%D8%AA%D9%88%D9%86%D8%B1-EPSON-T692-CMYK,0,3,https://mahamprint.com/products/-epson-t692-cmyk,تونر EPSON T692 CMYK,1.0,high,model+title
https://mahamprint.com/product/1412/%D8%AA%D9%88%D9%86%D8%B1-Epson-27-BLACK,0,3,https://mahamprint.com/products/-epson-27-black,تونر Epson 27 BLACK,1.0,high,model+title
https://mahamprint.com/product/1414/%DA%A9%D8%A7%D8%B1%D8%AA%D8%B1%DB%8C%D8%AC-%D8%AA%D9%88%D9%86%D8%B1-Epson-288-CYAN,0,3,https://mahamprint.com/products/--epson-288-cyan,کارتریج تونر Epson 288 CYAN,1.0,high,model+title
https://mahamprint.com/product/1117/%D8%AA%D9%88%D9%86%D8%B1-%D8%B4%D8%A7%D8%B1%DA%98-%D8%A8%D8%B1%D9%86%D8%AF-samsung-%D9%85%D8%AF%D9%841kg,0,3,https://mahamprint.com/products/---samsung-1kg,تونر شارژ برند samsung  مدل1kg,1.0,high,model+title
https://mahamprint.com/product/1419/%D8%AA%D9%88%D9%86%D8%B1-Epson-T6163-Magneta,0,3,https://mahamprint.com/products/-epson-t6163-magneta,تونر Epson T6163 Magneta,1.0,high,model+title
https://mahamprint.com/product/1440/%DA%A9%D8%A7%D8%B1%D8%AA%D8%B1%DB%8C%D8%AC-EPSON-T-948-CMYK,0,3,https://mahamprint.com/products/-epson-t-948-cmyk,کارتریج EPSON T 948 CMYK,1.0,high,model+title
https://mahamprint.com/product/1444/%D8%AA%D9%88%D9%86%D8%B1-Epson-378-cmyk,0,3,https://mahamprint.com/products/-epson-378-cmyk,تونر Epson 378 cmyk,1.0,high,model+title
https://mahamprint.com/product/1451/%D8%AA%D9%88%D9%86%D8%B1-EPSON-T-089,0,3,https://mahamprint.com/products/-epson-t-089,تونر EPSON T 089,1.0,high,model+title
https://mahamprint.com/product/1452/%DA%A9%D8%A7%D8%B1%D8%AA%D8%B1%DB%8C%D8%AC-%D8%AA%D9%88%D9%86%D8%B1-EPSON-T694-CMYK,0,3,https://mahamprint.com/products/--epson-t694-cmyk,کارتریج تونر EPSON T694 CMYK,1.0,high,model+title
https://mahamprint.com/product/1487/%DA%A9%D8%A7%D8%B1%D8%AA%D8%B1%DB%8C%D8%AC-HP-35A,0,3,https://mahamprint.com/products/-hp-35a,کارتریج HP 35A,1.0,high,model+title
https://mahamprint.com/product/1518/%D8%AA%D9%88%D9%86%D8%B1-%DA%A9%D8%A7%D8%B1%D8%AA%D8%B1%DB%8C%D8%AC-%D9%84%DB%8C%D8%B2%D8%B1-%D9%85%D8%B4%DA%A9%DB%8C-%D8%B1%DB%8C%DA%A9%D9%88-406997,0,3,https://mahamprint.com/products/-----406997,تونر کارتریج لیزر مشکی ریکو 406997,1.0,high,model+title
https://mahamprint.com/product/1583/%D8%AA%D9%88%D9%86%D8%B1-%DA%A9%D8%A7%D8%B1%D8%AA%D8%B1%DB%8C%D8%AC-RICOH-841927-Magenta,0,3,https://mahamprint.com/products/--ricoh-841927-magenta,تونر کارتریج RICOH 841927 Magenta,1.0,high,model+title
https://mahamprint.com/product/1612/%D9%BE%D8%B1%DB%8C%D9%86%D8%AA%D8%B1-%D8%AA%DA%A9-%DA%A9%D8%A7%D8%B1%D9%87-HP-M551n,0,3,https://mahamprint.com/products/---hp-m551n,پرینتر تک کاره HP M551n,1.0,high,model+title
https://mahamprint.com/product/166/%D9%BE%D8%B1%DB%8C%D9%86%D8%AA%D8%B1-%D9%84%DB%8C%D8%B2%D8%B1%DB%8C-%D8%AA%DA%A9-%DA%A9%D8%A7%D8%B1%D9%87-HP-M506DN,0,3,https://mahamprint.com/products/----hp-m506dn,پرینتر لیزری تک کاره  HP M506DN,1.0,high,model+title
https://mahamprint.com/product/1673/%D9%BE%D8%B1%D9%88%DA%98%DA%A9%D8%AA%D9%88%D8%B1-EPOSON-FH06,0,3,https://mahamprint.com/products/-eposon-fh06,پروژکتور EPOSON FH06,1.0,high,model+title
https://mahamprint.com/product/1719/%D8%B1%DB%8C%D8%A8%D9%88%D9%86-Wax-Resin-110%C3%97300-%D9%82%D8%B1%D9%85%D8%B2,0,3,https://mahamprint.com/products/-wax-resin-110-300,ریبون Wax Resin 110×300,0.942,high,model+title
https://mahamprint.com/product/1744/%D8%B1%DB%8C%D8%A8%D9%88%D9%86-Wax-Resin-160%C3%97300,0,3,https://mahamprint.com/products/-wax-resin-160-300,ریبون Wax Resin 160×300,1.0,high,model+title
https://mahamprint.com/product/175/%D9%BE%D8%B1%DB%8C%D9%86%D8%AA%D8%B1%D9%84%DB%8C%D8%B2%D8%B1%DB%8C-%DA%86%D9%86%D8%AF%DA%A9%D8%A7%D8%B1%D9%87-%D8%A8%D8%B1%D9%86%D8%AF-HP-M227SDN,0,3,https://mahamprint.com/products/---hp-m227sdn,پرینترلیزری چندکاره برند HP M227SDN,1.0,high,model+title
https://mahamprint.com/product/1754/%D8%B1%DB%8C%D8%A8%D9%88%D9%86-%D9%85%D8%B4%DA%A9%DB%8C-3000-%D8%B9%DA%A9%D8%B3-%D9%85%D8%AF%D9%84-Fargo-Black-Ribbon,0,3,https://mahamprint.com/products/--3000---fargo-black-ribbon,ریبون مشکی 3000 عکس مدل Fargo Black Ribbon,1.0,high,model+title
https://mahamprint.com/product/1847/%D8%B1%D9%88%D9%84-%D8%A8%D8%B1%DA%86%D8%B3%D8%A8-%DA%A9%D8%A7%D8%BA%D8%B0%DB%8C-%D8%B3%D9%87-%D8%B1%D8%AF%DB%8C%D9%81%D9%87-34%C3%9715,0,3,https://mahamprint.com/products/-----34-15,رول برچسب کاغذی سه ردیفه 34×15,0.35,medium,title-only
https://mahamprint.com/product/1867/%D9%84%DB%8C%D8%A8%D9%84-%D8%A8%D8%B1%DA%86%D8%B3%D8%A8-%D9%BE%DB%8C-%D9%88%DB%8C-%D8%B3%DB%8C-%D8%AF%D9%88-%D8%B1%D8%AF%DB%8C%D9%81%D9%87-%D9%86%D8%A7%D8%B1%D9%86%D8%AC%DB%8C-30%C3%9745,0,3,https://mahamprint.com/products/--------30-45,لیبل (برچسب) پی وی سی دو ردیفه نارنجی 30×45,0.35,medium,title-only
https://mahamprint.com/product/1869/%D9%84%DB%8C%D8%A8%D9%84-%D8%A8%D8%B1%DA%86%D8%B3%D8%A8-%D9%BE%DB%8C-%D9%88%DB%8C-%D8%B3%DB%8C-%D8%AA%DA%A9-%D8%B1%D8%AF%DB%8C%D9%81%D9%87-80%C3%9750,0,3,https://mahamprint.com/products/-------80-50,لیبل (برچسب) پی وی سی تک ردیفه 80×50,0.35,medium,title-only
https://mahamprint.com/product/1871/%D9%84%DB%8C%D8%A8%D9%84-%D8%A8%D8%B1%DA%86%D8%B3%D8%A8-%D9%BE%DB%8C-%D9%88%DB%8C-%D8%B3%DB%8C-%D8%AA%DA%A9-%D8%B1%D8%AF%DB%8C%D9%81%D9%87-100-100-PVC-label-single-row,0,3,https://mahamprint.com/products/-------100-100-pvc-label-single-row,لیبل(برچسب) پی وی سی تک ردیفه 100×100 PVC label single-row,1.0,high,model+title
https://mahamprint.com/product/188/%D9%BE%D8%B1%DB%8C%D9%86%D8%AA%D8%B1-%D8%AA%DA%A9-%DA%A9%D8%A7%D8%B1%D9%87-%D9%84%DB%8C%D8%B2%D8%B1%DB%8C-%D8%A8%D8%B1%D9%86%D8%AF-HP-M254NW,0,3,https://mahamprint.com/products/-----hp-m254nw,پرینتر تک کاره لیزری برند HP  M254NW,1.0,high,model+title
https://mahamprint.com/product/1916/%D9%84%DB%8C%D8%A8%D9%84-%D8%A8%D8%B1%DA%86%D8%B3%D8%A8-pvc-%D8%B3%D9%87-%D8%B1%D8%AF%DB%8C%D9%81%D9%87-34%C3%9715,0,3,https://mahamprint.com/products/--pvc---34-15,لیبل (برچسب) pvc سه ردیفه 34×15,0.35,medium,title-only
https://mahamprint.com/product/1918/%D9%84%DB%8C%D8%A8%D9%84-%D8%A8%D8%B1%DA%86%D8%B3%D8%A8-%D8%A7%D9%85%D9%88%D8%A7%D9%84-50%C3%9725,0,3,https://mahamprint.com/products/---50-25,لیبل (برچسب) اموال 50×25,0.35,medium,title-only
https://mahamprint.com/product/1945/%D9%86%D9%88%D8%A7%D8%B1-%D9%84%DB%8C%D8%A8%D9%84-%D9%BE%D8%B1%DB%8C%D9%86%D8%AA%D8%B1-brother-TZE-735-%D8%BA%DB%8C%D8%B1-%D8%A7%D9%88%D8%B1%D8%AC%DB%8C%D9%86%D8%A7%D9%84,0,3,https://mahamprint.com/products/---brother-tze-735--,نوار لیبل پرینتر brother TZE-735 غیر اورجینال,1.0,high,model+title
https://mahamprint.com/product/2015/%D8%A8%D8%A7%D8%AA%D8%B1%DB%8C-%D8%B3%DA%A9%D9%87-%D8%A7%DB%8C-maxell-%D9%85%D8%AF%D9%84-CR2032,0,3,https://mahamprint.com/products/---maxell--cr2032,باتری سکه ای maxell مدل CR2032,1.0,high,model+title
https://mahamprint.com/product/2172/%D8%B3%D9%86%D8%B3%D9%88%D8%B1-%D9%85%D8%BA%D9%86%D8%A7%D8%B7%DB%8C%D8%B3%DB%8C-%D8%A8%D8%B1%D9%86%D8%AF-Compuprint-SP40,0,3,https://mahamprint.com/products/--compuprint-sp40,مادربرد پرینتر Compuprint SP40,0.79,high,model+title
https://mahamprint.com/product/2193/%D9%BE%D9%88%D9%84%DB%8C-%DB%8C%D9%88%D9%86%DB%8C%D8%AA-%D8%AF%D8%B1%D8%A7%D9%85-%D9%81%D8%AA%D9%88%DA%A9%D9%BE%DB%8C-sharp-NCPL-0003QSZZ,0,3,https://mahamprint.com/products/----sharp-ncpl-0003qszz,پولی یونیت درام فتوکپی sharp NCPL-0003QSZZ,1.0,high,model+title
https://mahamprint.com/product/2210/%D8%AA%D8%A7%D9%86%DA%A9-%D8%AF%D9%88%D9%84%D9%88%D9%BE%D8%B1-Sharp-MX-452,0,3,https://mahamprint.com/products/--sharp-mx-452,تانک دولوپر Sharp MX-452,1.0,high,model+title
https://mahamprint.com/product/2219/%D8%B3%DB%8C%D9%86%DB%8C-%D8%AE%D8%B1%D9%88%D8%AC%DB%8C-hp-%D8%B3%D8%B1%DB%8C-RM1-6903,0,3,https://mahamprint.com/products/--hp--rm1-6903,سینی خروجی hp سری RM1-6903,1.0,high,model+title
https://mahamprint.com/product/2239/%D9%81%DB%8C%D9%88%D8%B2%DB%8C%D9%86%DA%AF-%D8%B3%D8%A7%D9%85%D8%B3%D9%88%D9%86%DA%AF-Samsung-2955,0,3,https://mahamprint.com/products/--samsung-2955,فیوزینگ سامسونگ Samsung 2955,1.0,high,model+title
https://mahamprint.com/product/2283/%D9%87%D8%A7%D8%AA-%D8%B1%D9%88%D9%84-Ricoh-SP4510,0,3,https://mahamprint.com/products/--ricoh-sp4510,هات رول Ricoh SP4510,1.0,high,model+title
https://mahamprint.com/product/2370/%DA%86%D8%B1%D8%AE-%D8%AF%D9%86%D8%AF%D9%87-%D8%AF%D9%88%D9%84%D9%88%D9%BE%D8%B1-20T-%D8%A8%D8%B1%D9%86%D8%AF-toshiba-E-S-550,0,3,https://mahamprint.com/products/---20t--toshiba-e-s-550,چرخ دنده دولوپر 20T برند toshiba E-S 550,1.0,high,model+title
https://mahamprint.com/product/2371/%DA%86%D8%B1%D8%AE-%D8%AF%D9%86%D8%AF%D9%87-%D8%AF%D9%88%D9%84%D9%88%D9%BE%D8%B1-17-%D8%AF%D9%86%D8%AF%D9%87-toshiba-E-S-550,0,3,https://mahamprint.com/products/---17--toshiba-e-s-550,چرخ دنده دولوپر 17 دنده toshiba E-S 550,1.0,high,model+title
https://mahamprint.com/product/238/%D9%BE%D8%B1%DB%8C%D9%86%D8%AA%D8%B1-%DA%86%D9%86%D8%AF%DA%A9%D8%A7%D8%B1%D9%87-%D9%84%DB%8C%D8%B2%D8%B1%DB%8C-CANON-%D9%85%D8%AF%D9%84-MF244DW,0,3,https://mahamprint.com/products/---canon--mf244dw,پرینتر چندکاره لیزری CANON مدل MF244DW,1.0,high,model+title
https://mahamprint.com/product/2408/%D9%84%D8%A7%D8%B3%D8%AA%DB%8C%DA%A9-%DA%A9%D8%A7%D8%BA%D8%B0%DA%A9%D8%B4-ricoh-AF10151018,0,3,https://mahamprint.com/products/--ricoh-af10151018,لاستیک کاغذکش ricoh AF10151018,1.0,high,model+title
https://mahamprint.com/product/2425/%D9%81%DB%8C%D8%AF-toshiba-E-S160-6,0,3,https://mahamprint.com/products/-toshiba-e-s160-6,فید toshiba E-S160  6,1.0,high,model+title
https://mahamprint.com/product/257/%D9%BE%D8%B1%DB%8C%D9%86%D8%AA%D8%B1-%D9%84%DB%8C%D8%B2%D8%B1%DB%8C-CANON-Selphy-CP1300,0,3,https://mahamprint.com/products/--canon-selphy-cp1300,پرینتر لیزری CANON Selphy CP1300,1.0,high,model+title
https://mahamprint.com/product/2618/%D8%B3%D8%A7%D8%B9%D8%AA-%D9%87%D9%88%D8%B4%D9%85%D9%86%D8%AF-%D9%85%D8%AF%D9%84-apple-watch-SE,0,3,https://mahamprint.com/products/---apple-watch-se,ساعت هوشمند مدل apple watch SE,1.0,high,model+title
https://mahamprint.com/product/2633/%D9%85%DA%A9-%D8%A8%D9%88%DA%A9-MNEW3-M2-24G-1TB,0,3,https://mahamprint.com/products/--mnew3-m2-24g-1tb,مک بوک MNEW3_M2\\/24G\\/1TB,1.0,high,model+title
https://mahamprint.com/product/2723/%DA%A9%D8%A7%D8%B1%D8%AA-%DA%AF%D8%B1%D8%A7%D9%81%DB%8C%DA%A9-MSI-GTX-1660-SUPER-VENTUS-XS-OC-6G,0,3,https://mahamprint.com/products/--msi-gtx-1660-super-ventus-xs-oc-6g,کارت گرافیک MSI GTX 1660 SUPER VENTUS XS OC 6G,1.0,high,model+title
https://mahamprint.com/product/2758/all-in-one-%D8%A8%D8%B1%D9%86%D8%AF-dell-9030-core-i3,0,3,https://mahamprint.com/products/all-in-one--dell-9030-core-i3,all in one برند dell 9030 core i3,1.0,high,model+title
https://mahamprint.com/product/2769/hard-hdd-wd-1tb-64MB-blue,0,3,https://mahamprint.com/products/hard-hdd-wd-1tb-64mb-blue,hard hdd wd 1tb 64MB blue,1.0,high,model+title
https://mahamprint.com/product/2772/hard-hdd-wd-14tb-red-plus,0,3,https://mahamprint.com/products/hard-hdd-wd-14tb-red-plus,hard hdd wd 14tb red plus,1.0,high,model+title
https://mahamprint.com/product/2782/hard-hdd-wd-1tb-element,0,3,https://mahamprint.com/products/hard-hdd-wd-1tb-element,hard hdd wd 1tb element,1.0,high,model+title
https://mahamprint.com/product/2795/%D9%84%D9%BE-%D8%AA%D8%A7%D9%BE-asus-GU603ZW-i9-12900H,0,3,https://mahamprint.com/products/--asus-gu603zw-i9-12900h,لپ تاپ asus GU603ZW i9 12900H,1.0,high,model+title
https://mahamprint.com/product/2851/%D9%81%D8%B1%DB%8C%D9%85-%D8%B3%DB%8C%D9%86%D9%85%D8%A7%DB%8C%DB%8C-%D8%AF%DA%A9%D9%88%D8%B1%D8%A7%D8%AA%DB%8C%D9%88-%D9%85%D8%AF%D9%84-CF180WZ,0,3,,,0.05,none,
https://mahamprint.com/product/2861/%D9%81%D9%88%D9%86-%D8%B9%DA%A9%D8%A7%D8%B3%DB%8C-%DA%A9%D8%B1%D9%88%D9%85%D8%A7%DA%A9%DB%8C-%D8%B3%D9%84%DA%A9%D8%B3%D9%88%D9%86-%D9%85%D8%AF%D9%84-CFG-300-200,0,3,https://mahamprint.com/products/-hp-200,اسکنر HP 200,0.364,medium,model+title
https://mahamprint.com/product/2904/Canon-i-SENSYS-LBP631Cw,0,3,https://mahamprint.com/products/--------canon-i-sensys--lbp631cw,پرینتر تک کاره لیزری Canon i-SENSYS LBP631Cw,0.85,high,model+title
https://mahamprint.com/product/3020/%DA%A9%D8%A7%D8%BA%D8%B0-%D8%AE%D8%B1%D8%AF%DA%A9%D9%86-Nikita-9108,0,3,https://mahamprint.com/products/----nikita--9108,کاغذ خردکن Nikita 9108,1.0,high,model+title
https://mahamprint.com/product/2955/%D8%A8%D8%A7%D8%B1%DA%A9%D8%AF%D8%AE%D9%88%D8%A7%D9%86-%D8%AF%DB%8C%D8%AA%D8%A7%D9%84%D8%A7%D8%AC%DB%8C%DA%A9-%D9%85%D8%AF%D9%84-QBT2590,0,3,https://mahamprint.com/products/-datalogic-qbt2590,بارکدخوان Datalogic QBT2590,0.5,medium,model+title
https://mahamprint.com/product/3080/%D9%BE%D8%B1%DB%8C%D9%86%D8%AA%D8%B1-%D8%B3%D9%87-%DA%A9%D8%A7%D8%B1%D9%87-%D9%84%DB%8C%D8%B2%D8%B1%DB%8C-HP-MFP-M631dn,0,3,https://mahamprint.com/products/-------hp--mfp--m631dn,پرینتر سه کاره لیزری HP MFP M631dn,1.0,high,model+title
https://mahamprint.com/product/322/%D9%BE%D8%B1%DB%8C%D9%86%D8%AA%D8%B1-HP-M377DW,0,3,https://mahamprint.com/products/---hp--m377dw,پرینتر چندکاره برند HP مدل M377DW,0.883,high,model+title
https://mahamprint.com/product/33/Nikon-D810-%D8%A8%D8%A7-%D9%84%D9%86%D8%B2-%DB%B1%DB%B2%DB%B0-%DB%B2%DB%B4-VR,0,3,,,0.032,none,
https://mahamprint.com/product/357/%D9%BE%D8%B1%DB%8C%D9%86%D8%AA%D8%B1-%D8%B3%D9%87-%DA%A9%D8%A7%D8%B1%D9%87-%D9%84%DB%8C%D8%B2%D8%B1%DB%8C-CANON-MF641CW,0,3,https://mahamprint.com/products/----canon-mf641cw,پرینتر سه کاره لیزری CANON MF641CW,1.0,high,model+title
https://mahamprint.com/product/456/%D8%A7%D8%B3%DA%A9%D9%86%D8%B1-Mustek-P70,0,3,https://mahamprint.com/products/-mustek-p70,اسکنر Mustek P70,1.0,high,model+title
https://mahamprint.com/product/479/%D8%A7%D8%B3%DA%A9%D9%86%D8%B1-%D8%A7%D8%B3%DA%A9%D9%86-%D8%B2%DB%8C-BSQ020,0,3,https://mahamprint.com/products/---bsq020,اسکنر اسکن زی BSQ020,1.0,high,model+title
https://mahamprint.com/product/528/%D8%AA%D8%B3%D8%AA-%D8%A7%D8%B3%DA%A9%D9%86%D8%A7%D8%B3-%DA%A9%D8%AF-%DB%B6-%DB%B0%DB%B0%DB%B5,0,3,https://mahamprint.com/products/----,تست اسکناس کد ۶-۰۰۵,0.35,medium,title-only
https://mahamprint.com/product/675/%DA%A9%D8%A7%D8%BA%D8%B0-%D8%AE%D8%B1%D8%AF%DA%A9%D9%86-Remo-C-5100,0,3,https://mahamprint.com/products/--remo-c-5100,کاغذ خردکن Remo C-5100,1.0,high,model+title
https://mahamprint.com/product/714/%DA%A9%D8%A7%D8%BA%D8%B0-%D8%AE%D8%B1%D8%AF%DA%A9%D9%86-Mehr-MM-870,0,3,https://mahamprint.com/products/--mehr-mm-870,کاغذ خردکن Mehr MM-870,1.0,high,model+title
https://mahamprint.com/product/70/%D9%BE%D8%B1%DB%8C%D9%86%D8%AA%D8%B1-%D9%84%DB%8C%D8%B2%D8%B1%DB%8C-HP-M605N,0,3,https://mahamprint.com/products/--hp-m605n,پرینتر لیزری HP M605N,1.0,high,model+title
https://mahamprint.com/product/745/%DA%A9%D8%A7%D8%BA%D8%B0-%D8%AE%D8%B1%D8%AF%DA%A9%D9%86-Kobra-TSC2-270,0,3,https://mahamprint.com/products/--kobra-1ss4,کاغذ خردکن Kobra +1SS4,0.338,low,model+title
https://mahamprint.com/product/746/%DA%A9%D8%A7%D8%BA%D8%B0-%D8%AE%D8%B1%D8%AF%DA%A9%D9%86-Kobra-400-HS,0,3,https://mahamprint.com/products/--kobra-260-hs-2,کاغذ خردکن Kobra 260 HS-2,0.417,medium,model+title
https://mahamprint.com/product/783/%D8%A8%D8%A7%D8%B1%DA%A9%D8%AF-%D8%A7%D8%B3%DA%A9%D9%86%D8%B1-DATALOGIC-QD2131,0,3,https://mahamprint.com/products/--datalogic-qd2131,بارکد اسکنر DATALOGIC QD2131,1.0,high,model+title
https://mahamprint.com/product/787/%D8%A8%D8%A7%D8%B1%DA%A9%D8%AF-%D8%A7%D8%B3%DA%A9%D9%86%D8%B1-Honeywell-Voyager-1250g,0,3,https://mahamprint.com/products/--honeywell-voyager-1250g,بارکد اسکنر Honeywell Voyager 1250g,1.0,high,model+title
https://mahamprint.com/product/844/%D8%A8%D8%A7%D8%B1%DA%A9%D8%AF-%D8%A7%D8%B3%DA%A9%D9%86%D8%B1-DATALOGIC-QW2120,0,3,https://mahamprint.com/products/--datalogic-qw2120,بارکد اسکنر DATALOGIC QW2120,1.0,high,model+title
https://mahamprint.com/product/86/%D9%BE%D8%B1%DB%8C%D9%86%D8%AA%D8%B1-%D9%84%DB%8C%D8%B2%D8%B1%DB%8C-%DA%86%D9%87%D8%A7%D8%B1%DA%A9%D8%A7%D8%B1%D9%87-%D9%85%D8%AF%D9%84-HP-M426FDN,0,3,https://mahamprint.com/products/----hp-m426fdn,پرینتر لیزری چهارکاره مدل HP M426FDN,1.0,high,model+title
https://mahamprint.com/product/1584/%D8%AA%D9%88%D9%86%D8%B1-%DA%A9%D8%A7%D8%B1%D8%AA%D8%B1%DB%8C%D8%AC-RICOH-841926-Yellow,1,2,https://mahamprint.com/products/--ricoh-841926-yellow,تونر کارتریج RICOH 841926 Yellow,1.0,high,model+title
https://mahamprint.com/product/1912/%D9%84%DB%8C%D8%A8%D9%84-%D8%A8%D8%B1%DA%86%D8%B3%D8%A8-%D9%85%D8%AA%D8%A7%D9%84-%D8%B3%D9%87-%D8%B1%D8%AF%DB%8C%D9%81%D9%87-Metal-Label-21%C3%9731,1,2,https://mahamprint.com/products/-----metal-label-21-31,لیبل (برچسب) متال سه ردیفه Metal Label 21×31,1.0,high,model+title
https://mahamprint.com/product/2365/%DA%86%D8%B1%D8%AE-%D8%AF%D9%86%D8%AF%D9%87-%D8%B1%D8%A7%D8%A8%D8%B7-%D9%85%D9%88%D8%AA%D9%88%D8%B1-%D8%A7%D8%B5%D9%84%DB%8C-toshiba-%D9%85%D8%AF%D9%84-E-S163,1,2,https://mahamprint.com/products/-----toshiba--e-s163,چرخ دنده رابط موتور اصلی toshiba مدل E-S163,1.0,high,model+title
https://mahamprint.com/product/295/%D9%BE%D8%B1%DB%8C%D9%86%D8%AA%D8%B1-HP-LASERJET-MFP-M135A,1,2,https://mahamprint.com/products/--hp-mfp-m135a,پرینتر لیزری HP MFP M135A,0.535,medium,model+title
https://mahamprint.com/product/3017/%D8%A8%D8%A7%D8%B1%DA%A9%D8%AF-%D8%AE%D9%88%D8%A7%D9%86-%D8%A8%D8%B1%D9%86%D8%AF-CBON-%D9%85%D8%AF%D9%84-CB-N200DW,1,2,https://mahamprint.com/products/------cbon----cb-n200dw,بارکد خوان برند  CBON مدل CB-N200DW,1.0,high,model+title
https://mahamprint.com/product/690/%DA%A9%D8%A7%D8%BA%D8%B0-%D8%AE%D8%B1%D8%AF%DA%A9%D9%86-Atlas-C8245CD,1,2,,,0.117,none,
https://mahamprint.com/product/815/%D8%A8%D8%A7%D8%B1%DA%A9%D8%AF-%D8%A7%D8%B3%DA%A9%D9%86%D8%B1-%D8%A8%D8%B1%D9%86%D8%AF-Tyson-TY-2115W,1,2,https://mahamprint.com/products/---tyson-ty-2115w,بارکد اسکنر برند Tyson TY-2115W,1.0,high,model+title
https://mahamprint.com/product/1059/%D8%AF%D8%B3%D8%AA%DA%AF%D8%A7%D9%87-%DA%A9%D9%BE%DB%8C-SHARP-MX-2314N,0,2,https://mahamprint.com/products/--sharp-mx-2314n,دستگاه کپی SHARP MX-2314N,1.0,high,model+title
https://mahamprint.com/product/108/%D9%BE%D8%B1%DB%8C%D9%86%D8%AA%D8%B1-%D9%84%DB%8C%D8%B2%D8%B1%DB%8C-%D8%B3%D9%87-%DA%A9%D8%A7%D8%B1%D9%87-%D9%85%D8%AF%D9%84-CANON-MF633CDW,0,2,https://mahamprint.com/products/---------canon--mf656cdw,پرینتر سه کاره لیزری برند Canon MF656Cdw,0.45,medium,model+title
https://mahamprint.com/product/1090/%D9%85%DA%AF%D9%86%D8%AA-%D8%A8%D8%B1%D9%86%D8%AF-HP-26A,0,2,https://mahamprint.com/products/-hp-26a,تونر HP 26A,0.825,high,model+title
https://mahamprint.com/product/1107/%D8%AA%D9%88%D9%86%D8%B1-%D8%B4%D8%A7%D8%B1%DA%98-%D8%B1%D9%86%DA%AF%DB%8C-hp-5500-200gr,0,2,https://mahamprint.com/products/----hp--5500-200gr,تونر شارژ رنگی برند hp مدل 5500 200gr,1.0,high,model+title
https://mahamprint.com/product/1119/%D8%AA%D9%88%D9%86%D8%B1-%D8%B4%D8%A7%D8%B1%DA%98-Canon-%D9%85%D8%AF%D9%84-80gr,0,2,https://mahamprint.com/products/--canon--80gr,تونر شارژ Canon مدل 80gr,1.0,high,model+title
https://mahamprint.com/product/1172/%DA%A9%D9%86%D8%B3%D9%88%D9%84-%D8%A8%D8%A7%D8%B2%DB%8C-%D8%A8%D8%B1%D9%86%D8%AF-Xbox-360-E-500GB,0,2,https://mahamprint.com/products/---xbox-360-e-500gb,کنسول بازی برند Xbox  360 E – 500GB,1.0,high,model+title
https://mahamprint.com/product/1267/%D8%AF%DB%8C%D8%AA%D8%A7-%D9%88%DB%8C%D8%AF%D8%A6%D9%88-%D9%BE%D8%B1%D9%88%DA%98%DA%A9%D8%AA%D9%88%D8%B1-EPSON-EB-W42,0,2,https://mahamprint.com/products/---epson-eb-w42,دیتا ویدئو پروژکتور EPSON EB-W42,1.0,high,model+title
https://mahamprint.com/product/1300/%D8%AF%DB%8C%D8%AA%D8%A7-%D9%88%DB%8C%D8%AF%D8%A6%D9%88-%D9%BE%D8%B1%D9%88%DA%98%DA%A9%D8%AA%D9%88%D8%B1-BENQ-MX550,0,2,https://mahamprint.com/products/---benq-mx550-2,دیتا ویدئو پروژکتور BENQ MX550,1.0,high,model+title
https://mahamprint.com/product/134/%D9%BE%D8%B1%DB%8C%D9%86%D8%AA%D8%B1-BROTHER-L2540DW,0,2,https://mahamprint.com/products/-----brother-l2540dw,پرینتر چند کاره لیزری برند BROTHER L2540DW,0.79,high,model+title
https://mahamprint.com/product/1307/%D9%88%DB%8C%D8%AF%D8%A6%D9%88-%D9%BE%D8%B1%D9%88%DA%98%DA%A9%D8%AA%D9%88%D8%B1-%D9%82%D8%A7%D8%A8%D9%84-%D8%AD%D9%85%D9%84-PANASONIC-PT-LW333,0,2,https://mahamprint.com/products/----panasonic-pt-lw333,ویدئو پروژکتور قابل حمل PANASONIC PT-LW333,1.0,high,model+title
https://mahamprint.com/product/1360/%D8%AA%D9%88%D9%86%D8%B1-Canon-246-cmy,0,2,https://mahamprint.com/products/-canon-246-cmy,تونر Canon 246 cmy,1.0,high,model+title
https://mahamprint.com/product/1342/%D8%AA%D9%88%D9%86%D8%B1-HP-64-Black,0,2,https://mahamprint.com/products/-hp-64-black,تونر HP 64 Black,1.0,high,model+title
https://mahamprint.com/product/1343/%D8%AA%D9%88%D9%86%D8%B1-HP-711-CMYK,0,2,https://mahamprint.com/products/-hp-711-cmyk,تونر HP 711 CMYK,1.0,high,model+title
https://mahamprint.com/product/1372/%D8%AA%D9%88%D9%86%D8%B1-EPSON-T200-CYAN,0,2,https://mahamprint.com/products/-epson-t200-cyan,تونر EPSON T200 CYAN,1.0,high,model+title
https://mahamprint.com/product/1407/%D8%AA%D9%88%D9%86%D8%B1-EPSON-220-CYAN,0,2,https://mahamprint.com/products/-epson-220-cyan,تونر EPSON 220 CYAN,1.0,high,model+title
https://mahamprint.com/product/1398/%D8%AA%D9%88%D9%86%D8%B1-EPSON-24-Yellow,0,2,https://mahamprint.com/products/-epson-24-yellow,تونر EPSON 24 Yellow,1.0,high,model+title
https://mahamprint.com/product/1447/%D8%AA%D9%88%D9%86%D8%B1-%D9%85%D8%B4%DA%A9%DB%8C-Epson-18,0,2,https://mahamprint.com/products/--epson-18,تونر مشکی Epson 18,1.0,high,model+title
https://mahamprint.com/product/1521/%D8%AA%D9%88%D9%86%D8%B1-RICOH-841925-Black,0,2,https://mahamprint.com/products/-ricoh-841925-black,تونر RICOH 841925 Black,1.0,high,model+title
https://mahamprint.com/product/1503/%DA%A9%D8%A7%D8%B1%D8%AA%D8%B1%DB%8C%D8%AC-Canon-719,0,2,https://mahamprint.com/products/-canon-719,کارتریج Canon 719,1.0,high,model+title
https://mahamprint.com/product/1520/%DA%A9%D8%A7%D8%B1%D8%AA%D8%B1%DB%8C%D8%AC-%D8%AA%D9%88%D9%86%D8%B1-RICOH-406465,0,2,https://mahamprint.com/products/--ricoh-406465,کارتریج تونر RICOH 406465,1.0,high,model+title
https://mahamprint.com/product/1536/%DA%A9%D8%A7%D8%B1%D8%AA%D8%B1%DB%8C%D8%AC-SHARP-MX-238FT,0,2,https://mahamprint.com/products/-sharp-mx-238ft,کارتریج SHARP MX-238FT,1.0,high,model+title
https://mahamprint.com/product/1551/%D8%AA%D9%88%D9%86%D8%B1-CANON-725,0,2,https://mahamprint.com/products/-canon-725,کارتریج CANON 725,0.825,high,model+title
https://mahamprint.com/product/1594/%DA%A9%D8%A7%D8%B1%D8%AA%D8%B1%DB%8C%D8%AC-%D8%AA%D9%88%D9%86%D8%B1-HP-130A,0,2,https://mahamprint.com/products/--hp-130a,کارتریج تونر HP 130A,1.0,high,model+title
https://mahamprint.com/product/1714/%D8%B1%DB%8C%D8%A8%D9%88%D9%86-Wax-Resin-60-300,0,2,https://mahamprint.com/products/-wax-resin-60-300,ریبون Wax Resin 60×300,1.0,high,model+title
https://mahamprint.com/product/164/%D9%BE%D8%B1%DB%8C%D9%86%D8%AA%D8%B1-%D9%84%DB%8C%D8%B2%D8%B1%DB%8C-%D8%AA%DA%A9-%DA%A9%D8%A7%D8%B1%D9%87-HP-M401DN,0,2,https://mahamprint.com/products/----hp-m401dn,پرینتر  لیزری تک کاره  HP M401DN,1.0,high,model+title
https://mahamprint.com/product/1718/%D8%B1%DB%8C%D8%A8%D9%88%D9%86-Super-Resin-110-300,0,2,https://mahamprint.com/products/-super-resin-110-300,ریبون Super Resin 110×300,1.0,high,model+title
https://mahamprint.com/product/1730/%D8%B1%DB%8C%D8%A8%D9%88%D9%86-%D8%AA%DA%A9-%D8%B1%D9%86%DA%AF-%D9%85%D8%B4%DA%A9%DB%8C-1000-%D8%B9%DA%A9%D8%B3-%D9%85%D8%AC%DB%8C%DA%A9%D8%A7%D8%B1%D8%AF-Magicard-Ribbon-Black,0,2,https://mahamprint.com/products/----1000---magicard-ribbon-red,ریبون تک رنگ قرمز 1000 عکس مدل  Magicard Ribbon red,0.692,high,model+title
https://mahamprint.com/product/1735/%D8%B1%DB%8C%D8%A8%D9%88%D9%86-%D9%BE%D8%B1%D9%85%DB%8C%D9%88%D9%85-%D8%B1%D8%B2%DB%8C%D9%86-Wash-care-Permium-40%C3%97300,0,2,https://mahamprint.com/products/---wash-care-permium-40-300,ریبون پرمیوم رزین Wash care Permium 40×300,1.0,high,model+title
https://mahamprint.com/product/1753/%D8%B1%DB%8C%D8%A8%D9%88%D9%86-Wax-160%C3%97300,0,2,https://mahamprint.com/products/-wax-160-300,ریبون Wax 160×300,1.0,high,model+title
https://mahamprint.com/product/1757/%D9%81%DB%8C%D9%84%D9%85-%D8%A7%D9%86%D8%AA%D9%82%D8%A7%D9%84-500-%D8%B9%DA%A9%D8%B3-%D9%86%DB%8C%D8%B3%DA%A9%D8%A7-Nisca-Transfer-Film-500-Images,0,2,https://mahamprint.com/products/--500--nisca,فیلم انتقال 500 عکس nisca,0.454,medium,model+title
https://mahamprint.com/product/1769/%DA%A9%D8%A7%D8%B1%D8%A8%D9%86-%D9%81%DA%A9%D8%B3-Sharp-FO-6CR,0,2,https://mahamprint.com/products/--sharp-fo-6cr,کاربن فکس Sharp FO-6CR,1.0,high,model+title
https://mahamprint.com/product/1786/%D8%AF%D9%88%D9%84%D9%88%D9%BE%D8%B1-Sharp-MX-500GV,0,2,https://mahamprint.com/products/-sharp-mx-500gv,دولوپر Sharp MX-500GV,1.0,high,model+title
https://mahamprint.com/product/1775/%DA%A9%D8%A7%D8%B1%D8%A8%D9%86-%D9%81%DA%A9%D8%B3-Brother-PC-302RF,0,2,https://mahamprint.com/products/--brother-pc-302rf,کاربن فکس Brother PC-302RF,1.0,high,model+title
https://mahamprint.com/product/1788/%D8%AF%D9%88%D9%84%D9%88%D9%BE%D8%B1-Samsung-707s,0,2,https://mahamprint.com/products/-samsung-707s,دولوپر Samsung 707s,1.0,high,model+title
https://mahamprint.com/product/1794/%D9%85%D8%B1%DA%A9%D8%A8-Risograph-RP,0,2,https://mahamprint.com/products/-risograph-rp,مرکب Risograph RP,1.0,high,model+title
https://mahamprint.com/product/1835/%D8%B1%D9%88%D9%84-%D9%84%DB%8C%D8%A8%D9%84-%DA%A9%D8%A7%D8%BA%D8%B0%DB%8C-%D8%B3%D9%87-%D8%B1%D8%AF%DB%8C%D9%81%D9%87-30%C3%9710,0,2,https://mahamprint.com/products/-----30-10,رول لیبل کاغذی سه ردیفه 30×10,0.35,medium,title-only
https://mahamprint.com/product/1845/%D9%84%DB%8C%D8%A8%D9%84-%D8%A8%D8%B1%DA%86%D8%B3%D8%A8-%D9%BE%DB%8C-%D9%88%DB%8C-%D8%B3%DB%8C-%D8%B3%D9%87-%D8%B1%D8%AF%DB%8C%D9%81%D9%87-31-21,0,2,https://mahamprint.com/products/-------31-21,لیبل (برچسب) پی وی سی سه ردیفه 31×21,0.35,medium,title-only
https://mahamprint.com/product/1829/%D8%B1%D9%88%D9%84-%D8%A8%D8%B1%DA%86%D8%B3%D8%A8-%DA%A9%D8%A7%D8%BA%D8%B0%DB%8C-%D8%AF%D9%88-%D8%B1%D8%AF%DB%8C%D9%81%D9%87-45%C3%9730,0,2,https://mahamprint.com/products/-----45-30,رول برچسب کاغذی دو ردیفه 45×30,0.35,medium,title-only
https://mahamprint.com/product/1872/%D9%84%DB%8C%D8%A8%D9%84-%D8%A8%D8%B1%DA%86%D8%B3%D8%A8-%D9%85%D8%AA%D8%A7%D9%84-%D8%AF%D9%88-%D8%B1%D8%AF%DB%8C%D9%81%D9%87-Metal-Label-30%C3%9745,0,2,https://mahamprint.com/products/-----metal-label-30-45,لیبل (برچسب) متال دو ردیفه Metal Label 30×45,1.0,high,model+title
https://mahamprint.com/product/1910/%D9%84%DB%8C%D8%A8%D9%84-%D8%A8%D8%B1%DA%86%D8%B3%D8%A8-%D9%BE%D8%B4%D8%AA-%D9%85%D8%AA%D8%A7%D9%84-%D8%B3%D9%87-%D8%B1%D8%AF%DB%8C%D9%81%D9%87-21%C3%9731,0,2,https://mahamprint.com/products/------21-31,لیبل (برچسب) پشت متال سه ردیفه  21×31,0.35,medium,title-only
https://mahamprint.com/product/1974/%D9%86%D9%88%D8%A7%D8%B1-%D9%84%DB%8C%D8%A8%D9%84-%D9%BE%D8%B1%DB%8C%D9%86%D8%AA%D8%B1-brother-921-%D8%BA%DB%8C%D8%B1-%D8%A7%D9%88%D8%B1%D8%AC%DB%8C%D9%86%D8%A7%D9%84,0,2,https://mahamprint.com/products/---brother-921--,نوار لیبل پرینتر brother-921 غیر اورجینال,1.0,high,model+title
https://mahamprint.com/product/1999/%D8%A8%D8%A7%D8%AA%D8%B1%DB%8C-%D9%82%D9%84%D9%85%DB%8C-Duracell-Plus-Power,0,2,https://mahamprint.com/products/--duracell-plus-power,باتری قلمی Duracell Plus Power,1.0,high,model+title
https://mahamprint.com/product/2018/%D8%A8%D8%A7%D8%AA%D8%B1%DB%8C-%D9%82%D9%84%D9%85%DB%8C-%D9%85%D8%AF%D9%84-MAX-M-03,0,2,https://mahamprint.com/products/---max-m-03,باتری قلمی مدل MAX M-03,0.35,medium,title-only
https://mahamprint.com/product/2218/%D8%B3%DB%8C%D9%86%DB%8C-%D8%AE%D8%B1%D9%88%D8%AC%DB%8C-%D8%A7%DA%86-%D9%BE%DB%8C-%D8%B3%D8%B1%DB%8C-RM1-7498,0,2,https://mahamprint.com/products/-----rm1-7498,سینی خروجی اچ پی سری RM1-7498,1.0,high,model+title
https://mahamprint.com/product/2187/%D9%85%D9%88%D8%AA%D9%88%D8%B1-%D8%A7%D8%B5%D9%84%DB%8C-SHARP-AR-420,0,2,https://mahamprint.com/products/--sharp-ar-420,موتور اصلی SHARP AR-420,1.0,high,model+title
https://mahamprint.com/product/2305/%D8%B1%D9%88%D9%84-%D9%BE%D8%B1%D8%B3-%D8%B4%D8%A7%D8%B1%D9%BE-Sharp-ARM-350-450,0,2,https://mahamprint.com/products/--sharp-arm-350-450,رول پرس Sharp ARM 350-450,0.95,high,model+title
https://mahamprint.com/product/2305/%D8%B1%D9%88%D9%84-%D9%BE%D8%B1%D8%B3-Sharp-ARM-350-450,0,2,https://mahamprint.com/products/--sharp-arm-350-450,رول پرس Sharp ARM 350-450,1.0,high,model+title
https://mahamprint.com/product/2317/%D8%B1%D9%88%D9%84-%D9%BE%D8%B1%D8%B3-HP-P3005,0,2,https://mahamprint.com/products/--hp-p3005,برد فرمتر HP P3005,0.767,high,model+title
https://mahamprint.com/product/2351/%DA%86%D8%B1%D8%AE-%D8%AF%D9%86%D8%AF%D9%87-%D8%B3%D8%B1-%D9%87%D8%A7%D8%AA%D8%B1%D9%88%D9%84-%D8%A8%D8%B1%D9%86%D8%AF-sharp-AR-5127-235-275-%D9%81%D8%A7%D8%A8%D8%B1%DB%8C%DA%A9,0,2,https://mahamprint.com/products/-----sharp-ar-5127-235-275-,چرخ دنده سر هاترول برند sharp AR-5127\/235\/275 فابریک,1.0,high,model+title
https://mahamprint.com/product/2363/%DA%86%D8%B1%D8%AE-%D8%AF%D9%86%D8%AF%D9%87-%D9%81%DB%8C%D9%88%D8%B2%DB%8C%D9%86%DA%AF-%D8%AF%D9%88%D9%82%D9%84%D9%88-toshiba-%D9%85%D8%AF%D9%84-E-Studio-163-168,0,2,https://mahamprint.com/products/-----toshiba--e-studio-163-168,چرخ دنده فیوزینگ دوقلو برند toshiba مدل E Studio 163\/168,1.0,high,model+title
https://mahamprint.com/product/2386/%D9%84%D8%A7%D8%B3%D8%AA%DB%8C%DA%A9-%DA%A9%D8%A7%D8%BA%D8%B0%DA%A9%D8%B4-%D8%B1%DB%8C%DA%A9%D9%88-AF1060-1075,0,2,https://mahamprint.com/products/---af1060-1075,لاستیک کاغذکش ریکو AF1060\/1075,1.0,high,model+title
https://mahamprint.com/product/2419/%D8%B3%D9%BE%D8%B1%DB%8C%D8%B4%D9%86-%D8%B5%D8%A7%D9%81-ADF-ricoh-AF-1060,0,2,https://mahamprint.com/products/--adf-af-1060-ricoh,غلتک سپریشن ADF AF-1060 Ricoh,0.9,high,model+title
https://mahamprint.com/product/2427/%DA%A9%D8%A7%D8%BA%D8%B0%DA%A9%D8%B4-%DA%A9%D8%A7%D8%B3%D8%AA-234-%D8%A8%D8%A7-%D9%85%D8%BA%D8%B2%DB%8C-%D8%B5%D8%A7%D9%81-%DA%A9%D9%88%D9%86%DB%8C%DA%A9%D8%A7-%D9%85%DB%8C%D9%86%D9%88%D9%84%D8%AA%D8%A7-350-450-%D8%B7%D8%B1%D8%AD,0,2,https://mahamprint.com/products/--2-3-4------350-450-,کاغذکش کاست 2.3.4 با مغزی صاف کونیکا مینولتا 350\/450 طرح,0.676,high,model+title
https://mahamprint.com/product/2430/%D9%BE%DB%8C%DA%A9%D8%A7%D9%BE-%D8%A2%D8%AC%D8%AF%D8%A7%D8%B1-sharp-AR-531651271267,0,2,https://mahamprint.com/products/--sharp-ar-531651271267,پیکاپ آجدار sharp AR-531651271267,1.0,high,model+title
https://mahamprint.com/product/2486/%D9%BE%D8%B1%DB%8C%D9%86%D8%AA%D8%B1-HP-%D9%85%D8%AF%D9%84-LaserJet-M111A,0,2,https://mahamprint.com/products/----hp-m111a,پرینتر تک کاره لیزری HP M111A,0.442,medium,model+title
https://mahamprint.com/product/2568/%D9%87%D9%84%DB%8C-%D8%B4%D8%A7%D8%AA-%D9%85%D8%AF%D9%84-DJI-MAVIC-3,0,2,,,0.05,none,
https://mahamprint.com/product/2570/%D9%87%D9%84%DB%8C-%D8%B4%D8%A7%D8%AA-%D8%A8%D8%B1%D9%86%D8%AF-DJI-%D9%85%D8%AF%D9%84-AIR-2S,0,2,,,0.032,none,
https://mahamprint.com/product/2608/%DA%AF%D9%88%D8%B4%DB%8C-samsung-S22-PLUS-5G,0,2,https://mahamprint.com/products/-samsung-s22-plus-5g,گوشی samsung S22 PLUS 5G,1.0,high,model+title
https://mahamprint.com/product/2610/%D9%BE%D8%B1%DB%8C%D9%86%D8%AA%D8%B1-%D8%B3%D9%87-%DA%A9%D8%A7%D8%B1%D9%87-EPSON-L3251W,0,2,https://mahamprint.com/products/---epson-l3251w,پرینتر سه کاره EPSON L3251W,1.0,high,model+title
https://mahamprint.com/product/2614/%D8%B3%D8%A7%D8%B9%D8%AA-%D9%87%D9%88%D8%B4%D9%85%D9%86%D8%AF-%D8%A8%D8%B1%D9%86%D8%AF-samsung-%D9%85%D8%AF%D9%84-galaxy-watch-5-pro,0,2,https://mahamprint.com/products/---samsung--galaxy-watch-5-pro,ساعت هوشمند برند samsung مدل galaxy watch 5 pro,1.0,high,model+title
https://mahamprint.com/product/2623/%D8%A7%DB%8C%D8%B1%D9%BE%D8%A7%D8%AF-apple-Airpods-2-pro,0,2,https://mahamprint.com/products/-apple-airpods-2-pro,ایرپاد apple Airpods 2 pro,1.0,high,model+title
https://mahamprint.com/product/2630/%D9%84%D9%BE-%D8%AA%D8%A7%D9%BE-%D8%A7%D9%BE%D9%84-%D9%85%D8%AF%D9%84-MK1E3-M1-PRO-16G-512G,0,2,https://mahamprint.com/products/----mk1e3-m1-pro-16g-512g,لپ تاپ اپل مدل MK1E3_M1-PRO\/16G\/512G,1.0,high,model+title
https://mahamprint.com/product/2637/Mac-Studio-MJMW3-M1-ULTRA-64G-1TB,0,2,https://mahamprint.com/products/mac-studio-mjmw3-m1-ultra-64g-1tb,Mac Studio MJMW3_M1-ULTRA\/64G\/1TB,1.0,high,model+title
https://mahamprint.com/product/2634/Macbook-%D8%A8%D8%B1%D9%86%D8%AF-apple-%D9%85%D8%AF%D9%84-Air-MGN63-M1-8G-256G,0,2,https://mahamprint.com/products/macbook--apple--air-mgn63-m1-8g-256g,Macbook برند apple مدل Air MGN63_M1\/8G\/256G,1.0,high,model+title
https://mahamprint.com/product/2712/%DA%A9%D8%A7%D8%B1%D8%AA-%DA%AF%D8%B1%D8%A7%D9%81%DB%8C%DA%A9-RX-6400AERO-ITX-4G,0,2,https://mahamprint.com/products/--rx-6400aero-itx-4g,کارت گرافیک RX 6400AERO ITX 4G,1.0,high,model+title
https://mahamprint.com/product/2720/%DA%A9%D8%A7%D8%B1%D8%AA-%DA%AF%D8%B1%D8%A7%D9%81%DB%8C%DA%A9-GTX-1050-TI-OCV1-4G,0,2,https://mahamprint.com/products/--gtx-1050-ti-ocv1-4g,کارت گرافیک GTX 1050 TI OCV1 4G,1.0,high,model+title
https://mahamprint.com/product/2749/all-in-one-lenovo-M93z-core-i5-4-8GB,0,2,https://mahamprint.com/products/all-in-one-lenovo-m93z-core-i5-4-8gb,all in one lenovo M93z core i5-4 8GB,1.0,high,model+title
https://mahamprint.com/product/2764/hard-hdd-wd-4tb-purple-64-MB,0,2,https://mahamprint.com/products/hard-hdd-wd-4tb-purple-64-mb,hard hdd wd 4tb purple 64 MB,1.0,high,model+title
https://mahamprint.com/product/2770/hard-hdd-wd-2tb-64MB-blue,0,2,https://mahamprint.com/products/hard-hdd-wd-2tb-64mb-blue,hard hdd wd 2tb 64MB blue,1.0,high,model+title
https://mahamprint.com/product/2767/hard-hdd-wd-10tb-purple-256-MB,0,2,https://mahamprint.com/products/hard-hdd-wd-10tb-purple-256-mb,hard hdd wd 10tb purple 256 MB,1.0,high,model+title
https://mahamprint.com/product/2773/hard-hdd-4tb-Barracuda-256mb,0,2,https://mahamprint.com/products/hard-hdd-4tb-barracuda-256mb,hard hdd 4tb Barracuda 256mb,1.0,high,model+title
https://mahamprint.com/product/2821/%D9%BE%D8%B1%D8%AF%D9%87-%D9%86%D9%85%D8%A7%DB%8C%D8%B4-%D9%85%D8%B4%DA%A9%DB%8C-%D8%AF%D8%B3%D8%AA%DB%8C-CSB250M,0,2,,,0.15,none,
https://mahamprint.com/product/2793/all-in-one-asus-V222FAK-i3-10110U,0,2,https://mahamprint.com/products/all-in-one-asus-v222fak-i3-10110u,all in one asus V222FAK i3 10110U,1.0,high,model+title
https://mahamprint.com/product/2786/hard-hdd-wd-8tb-purple-256MB,0,2,https://mahamprint.com/products/hard-hdd-wd-8tb-purple-256mb,hard hdd wd 8tb purple 256MB,1.0,high,model+title
https://mahamprint.com/product/2856/%D9%BE%D8%B1%D8%AF%D9%87-%D9%86%D9%85%D8%A7%DB%8C%D8%B4-%D9%BE%D8%A7%DB%8C%D9%87-%D8%AF%D8%A7%D8%B1-%D9%85%D8%AF%D9%84-CST200,0,2,,,0.175,none,
https://mahamprint.com/product/2837/%D9%BE%D8%B1%D8%AF%D9%87-%D9%86%D9%85%D8%A7%DB%8C%D8%B4-%D8%AF%D8%B3%D8%AA%DB%8C-%D9%85%D8%AF%D9%84-CS150M,0,2,,,0.175,none,
https://mahamprint.com/product/2962/%D9%81%DB%8C%D8%B4%20-%D9%BE%D8%B1%DB%8C%D9%86%D8%AA%D8%B1%20-%D9%85%D8%AF%D9%84-%20ZEC-%20MINI,0,2,https://mahamprint.com/products/------zec--mini,فیش پرینتر مدل ZEC MINI,1.0,high,model+title
https://mahamprint.com/product/2908/%D9%BE%D8%B1%DB%8C%D9%86%D8%AA%D8%B1-%D9%84%DB%8C%D8%B2%D8%B1%DB%8C-%D8%AA%DA%A9-%DA%A9%D8%A7%D8%B1%D9%87-%D8%A8%D8%B1%D9%86%D8%AF-HP-%D9%85%D8%AF%D9%84-4003N,0,2,https://mahamprint.com/products/-----hp--4003n,پرینتر لیزری تک کاره برند HP مدل 4003N,1.0,high,model+title
https://mahamprint.com/product/3029/%D9%84%DB%8C%D8%A8%D9%84-%20%D9%BE%D8%B1%DB%8C%D9%86%D8%AA%D8%B1-%20%D8%A8%D8%B1%D9%86%D8%AF-%20GAINSCHA-%C2%A0%20%D9%85%D8%AF%D9%84-%20GS-2408D,0,2,https://mahamprint.com/products/------gainscha----gs-2408d,لیبل پرینتر برند GAINSCHA  مدل GS-2408D,1.0,high,model+title
https://mahamprint.com/product/3024/%D8%A7%D8%B3%DA%A9%D9%86%D8%B1-%20fujitsu%20-SP-1120N,0,2,https://mahamprint.com/products/--fujitsu--sp-1120n,اسکنر fujitsu SP-1120N,1.0,high,model+title
https://mahamprint.com/product/2868/%D9%BE%D8%B1%D8%AF%D9%87-%D9%86%D9%85%D8%A7%DB%8C%D8%B4-%D9%BE%D8%A7%DB%8C%D9%87-%D8%AF%D8%A7%D8%B1-%DA%A9%D8%B1%D9%88%D9%85%D8%A7%DA%A9%DB%8C-%D9%85%D8%AF%D9%84-CSG200T,0,2,,,0.156,none,
https://mahamprint.com/product/3031/%D8%A7%D8%B3%DA%A9%D9%86%D8%B1-%20%D9%85%D8%AF%D9%84-%20FUJITSU-%20SP-1125N,0,2,https://mahamprint.com/products/----fujitsu--sp-1125n,اسکنر مدل FUJITSU SP-1125N,1.0,high,model+title
https://mahamprint.com/product/3043/%D8%A7%D8%B3%DA%A9%D9%86%D8%B1%20-%D9%81%D9%88%D8%AC%DB%8C%D8%AA%D8%B3%D9%88%20-%D9%85%D8%AF%D9%84%20-fi6240z,0,2,https://mahamprint.com/products/------fi6240z,اسکنر فوجیتسو مدل fi6240z,1.0,high,model+title
https://mahamprint.com/product/304/%D9%BE%D8%B1%DB%8C%D9%86%D8%AA%D8%B1-%D8%AA%DA%A9-%DA%A9%D8%A7%D8%B1%D9%87-%D9%84%DB%8C%D8%B2%D8%B1%DB%8C-HP-M254DW,0,2,https://mahamprint.com/products/----hp-m254dw,پرینتر تک کاره  لیزری HP M254DW,1.0,high,model+title
https://mahamprint.com/product/3061/%D9%88%DB%8C%D8%AF%D8%A6%D9%88-%D9%BE%D8%B1%D9%88%DA%98%DA%A9%D8%AA%D9%88%D8%B1-Panasonic-PT-LB356,0,2,https://mahamprint.com/products/----panasonic--pt-lb356,ویدئو پروژکتور Panasonic PT-LB356,1.0,high,model+title
https://mahamprint.com/product/3088/%D8%A7%D8%B3%DA%A9%D9%86%D8%B1-%D9%81%D9%88%D8%AC%DB%8C%D8%AA%D8%B3%D9%88-%D9%85%D8%AF%D9%84-fi6010n,0,2,https://mahamprint.com/products/------fi6010n,اسکنر فوجیتسو مدل fi6010n,1.0,high,model+title
https://mahamprint.com/product/3129/%D9%BE%D8%B1%DB%8C%D9%86%D8%AA%D8%B1%D8%A7%D9%BE%D8%B3%D9%88%D9%86-%20EcoTank-%20M1180,0,2,https://mahamprint.com/products/--ecotank--m1180,پرینتراپسون EcoTank M1180,1.0,high,model+title
https://mahamprint.com/product/316/%D9%BE%D8%B1%DB%8C%D9%86%D8%AA%D8%B1-Brother-HL-2370DN,0,2,https://mahamprint.com/products/-brother-hl-2370dn,پرینترلیزری Brother HL-2370DN,0.912,high,model+title
https://mahamprint.com/product/35/Nikon-D3400-%D8%A8%D8%A7-%D9%84%D9%86%D8%B2-%DB%B5%DB%B5-%DB%B1%DB%B8-AF-P-VR,0,2,,,0.032,none,
https://mahamprint.com/product/356/%D9%BE%D8%B1%DB%8C%D9%86%D8%AA%D8%B1-%DA%86%D9%86%D8%AF%DA%A9%D8%A7%D8%B1%D9%87-%D8%A8%D8%B1%D9%86%D8%AF-Canon-%D9%85%D8%AF%D9%84-MF734cdw,0,2,https://mahamprint.com/products/---canon--mf734cdw,پرینتر  چندکاره برند Canon مدل MF734cdw,1.0,high,model+title
https://mahamprint.com/product/39/i-SENSYS-MF744Cdw,0,2,https://mahamprint.com/products/i-sensys-mf744cdw,پرینتر لیزری CANON MF744Cdw,0.503,medium,model+title
https://mahamprint.com/product/488/%D8%A7%D8%B3%DA%A9%D9%86%D8%B1-FUJITSU-FI7600-LOW,0,2,https://mahamprint.com/products/-fujitsu-fi7600-low,اسکنر FUJITSU FI7600 LOW,1.0,high,model+title
https://mahamprint.com/product/469/%D8%A7%D8%B3%DA%A9%D9%86%D8%B1-hp-8420n,0,2,https://mahamprint.com/products/-hp-8420n,اسکنر hp 8420n,1.0,high,model+title
https://mahamprint.com/product/646/%DA%A9%D8%A7%D8%BA%D8%B0-%D8%AE%D8%B1%D8%AF%DA%A9%D9%86-Sunwood-SD9522,0,2,https://mahamprint.com/products/--sunwood-sd9520,کاغذ خردکن Sunwood SD9520,0.427,medium,model+title
https://mahamprint.com/product/715/%DA%A9%D8%A7%D8%BA%D8%B0-%D8%AE%D8%B1%D8%AF%DA%A9%D9%86-Mehr-MM-520,0,2,https://mahamprint.com/products/--mehr-mm-520,کاغذ خردکن Mehr MM-520,1.0,high,model+title
https://mahamprint.com/product/721/%DA%A9%D8%A7%D8%BA%D8%B0-%D8%AE%D8%B1%D8%AF%DA%A9%D9%86-Nikita-SD-9210,0,2,https://mahamprint.com/products/--nikita-sd-9210,کاغذ خردکن Nikita SD 9210,1.0,high,model+title
https://mahamprint.com/product/735/%DA%A9%D8%A7%D8%BA%D8%B0-%D8%AE%D8%B1%D8%AF%DA%A9%D9%86-Kobra-2cc2,0,2,https://mahamprint.com/products/--kobra-1ss4,کاغذ خردکن Kobra +1SS4,0.427,medium,model+title
https://mahamprint.com/product/778/%D8%A8%D8%A7%D8%B1%DA%A9%D8%AF%D8%AE%D9%88%D8%A7%D9%86-DATALOGIC-GD-4132,0,2,https://mahamprint.com/products/--datalogic--gd-4132,بارکد اسکنر برندDATALOGIC مدل GD 4132,0.75,high,model+title
https://mahamprint.com/product/76/%D9%BE%D8%B1%DB%8C%D9%86%D8%AA%D8%B1-%D9%84%DB%8C%D8%B2%D8%B1%DB%8C-%DA%86%D9%86%D8%AF-%DA%A9%D8%A7%D8%B1%D9%87-%D8%A8%D8%B1%D9%86%D8%AF-HP-M125A,0,2,https://mahamprint.com/products/-----hp-m125a,پرینتر لیزری چند کاره  برند HP M125A,1.0,high,model+title
https://mahamprint.com/product/807/%D8%A8%D8%A7%D8%B1%DA%A9%D8%AF-%D8%A7%D8%B3%DA%A9%D9%86%D8%B1-%D8%A8%D8%B1%D9%86%D8%AF-DATALOGIC-%D9%85%D8%AF%D9%84-Quickscan-QD2170,0,2,https://mahamprint.com/products/---datalogic--quickscan-qd2170,بارکد اسکنر برند DATALOGIC مدل Quickscan QD2170,1.0,high,model+title
https://mahamprint.com/product/816/%D8%A8%D8%A7%D8%B1%DA%A9%D8%AF-%D8%A7%D8%B3%DA%A9%D9%86%D8%B1-DATALOGIC-CO5330,0,2,https://mahamprint.com/products/--datalogic-co5330,بارکد اسکنر DATALOGIC CO5330,1.0,high,model+title
https://mahamprint.com/product/824/%D8%A8%D8%A7%D8%B1%DA%A9%D8%AF-%D8%A7%D8%B3%DA%A9%D9%86%D8%B1-DATALOGIC-Magellan-2D-3450,0,2,https://mahamprint.com/products/---datalogic--magellan-3450,بارکد اسکنر برند DATALOGIC مدل Magellan 3450,0.942,high,model+title
https://mahamprint.com/product/942/%D9%85%D8%A7%D8%B4%DB%8C%D9%86-%D8%AD%D8%B3%D8%A7%D8%A8-Citizen-LC-210N,0,2,https://mahamprint.com/products/--citizen-lc-210n,ماشین حساب Citizen LC-210N,1.0,high,model+title
https://mahamprint.com/product/1202/%D9%84%D9%BE-%D8%AA%D8%A7%D9%BE-%DB%B1%DB%B5-%D8%A7%DB%8C%D9%86%DA%86%DB%8C-Lenovo-ideapad130-15IKB,1,1,https://mahamprint.com/products/----lenovo-ideapad130-15ikb,لپ تاپ ۱۵ اینچی Lenovo ideapad130 – 15IKB,1.0,high,model+title
https://mahamprint.com/product/1885/%D8%A7%D8%B3%DA%A9%D9%86%D8%B1-CS610-PRO-hp,1,1,,,0.175,none,
https://mahamprint.com/product/1530/%D8%AA%D9%88%D9%86%D8%B1-RICOH-842135,1,1,https://mahamprint.com/products/-ricoh-842135,تونر RICOH 842135,1.0,high,model+title
https://mahamprint.com/product/445/%D8%A7%D8%B3%DA%A9%D9%86%D8%B1-PLUSTEK-PL2550,1,1,https://mahamprint.com/products/-plustek-pl2550,اسکنر Plustek PL2550,1.0,high,model+title
https://mahamprint.com/product/574/%D9%81%DB%8C%D8%B4-%D9%BE%D8%B1%DB%8C%D9%86%D8%AA%D8%B1-%D8%AD%D8%B1%D8%A7%D8%B1%D8%AA%DB%8C-BIXOLON-%D9%85%D8%AF%D9%84-SRP-330III,1,1,https://mahamprint.com/products/---bixolon--srp-330iii,فیش پرینتر حرارتی  BIXOLON مدل SRP-330III,1.0,high,model+title
https://mahamprint.com/product/100/%D9%BE%D8%B1%DB%8C%D9%86%D8%AA%D8%B1-CANON-MF237W,0,1,https://mahamprint.com/products/--canon-mf237w,پرینتر لیزری CANON MF237W,0.883,high,model+title
https://mahamprint.com/product/1009/%D9%85%D8%A7%D8%B4%DB%8C%D9%86-%D8%AD%D8%B3%D8%A7%D8%A8-Citizen-MJ-100D-PLUS,0,1,https://mahamprint.com/products/--citizen-mj-100d-plus,ماشین حساب Citizen MJ-100D PLUS,1.0,high,model+title
https://mahamprint.com/product/1027/%D9%85%D8%A7%D8%B4%DB%8C%D9%86-%D8%AD%D8%B3%D8%A7%D8%A8-Citizen-FC-600NGR,0,1,https://mahamprint.com/products/--citizen-fc-600ngr,ماشین حساب Citizen FC-600NGR,1.0,high,model+title
https://mahamprint.com/product/1144/%D8%AC%D9%88%D9%87%D8%B1-%D8%A8%D8%B1%D9%86%D8%AF-Canon-%D9%85%D8%AF%D9%84-GI-20-CMYK,0,1,https://mahamprint.com/products/--canon--gi-20-cmyk,جوهر برند Canon مدل GI-20 CMYK,1.0,high,model+title
https://mahamprint.com/product/1179/%DA%A9%D9%86%D8%B3%D9%88%D9%84-%D8%A8%D8%A7%D8%B2%DB%8C-Playstation-%D9%85%D8%AF%D9%84-4-CUH-500GB,0,1,https://mahamprint.com/products/--playstation--4-cuh-500gb,کنسول بازی Playstation مدل 4 CUH – 500GB,1.0,high,model+title
https://mahamprint.com/product/1190/%D9%84%D9%BE%E2%80%8C%D8%AA%D8%A7%D9%BE-%DB%B1%DB%B3-%D8%A7%DB%8C%D9%86%DA%86%DB%8C-%D8%A7%D9%BE%D9%84-%D9%85%D8%AF%D9%84-MacBook-Air-MVH42,0,1,https://mahamprint.com/products/--13---macbook-air-mvh42,لپ تاپ 13 اینچی اپل MacBook Air MVH42,0.922,high,model+title
https://mahamprint.com/product/1193/%D9%84%D9%BE-%D8%AA%D8%A7%D9%BE-13-%D8%A7%DB%8C%D9%86%DA%86%DB%8C-%D8%A7%D9%BE%D9%84-MacBook-Pro-MXK62,0,1,https://mahamprint.com/products/--13---macbook-pro-mxk62,لپ تاپ 13 اینچی اپل MacBook Pro MXK62,1.0,high,model+title
https://mahamprint.com/product/1195/%D9%84%D9%BE-%D8%AA%D8%A7%D9%BE-%DB%B1%DB%B3-%D8%A7%DB%8C%D9%86%DA%86%DB%8C-%D8%A7%D9%BE%D9%84-%D9%85%D8%AF%D9%84-MacBook-Pro-MXK72-2020,0,1,https://mahamprint.com/products/------macbook-pro-mxk72-2020,لپ تاپ ۱۳ اینچی اپل مدل MacBook Pro MXK72 2020,1.0,high,model+title
https://mahamprint.com/product/1201/%D9%84%D9%BE-%D8%AA%D8%A7%D9%BE-13-%D8%A7%DB%8C%D9%86%DA%86%DB%8C-%D8%A7%D9%BE%D9%84-MacBook-Pro-MYD82,0,1,https://mahamprint.com/products/--13---macbook-pro-myd82,لپ تاپ 13 اینچی اپل MacBook Pro MYD82,1.0,high,model+title
https://mahamprint.com/product/1214/%D9%BE%D8%B1%D8%AF%D9%87-%D9%86%D9%85%D8%A7%DB%8C%D8%B4-%D8%A8%D8%B1%D9%82%DB%8C-scope-180x180CM,0,1,https://mahamprint.com/products/---scope-180x180cm,پرده نمایش برقی scope 180x180CM,1.0,high,model+title
https://mahamprint.com/product/1211/%D9%BE%D8%B1%D8%AF%D9%87-%D9%86%D9%85%D8%A7%DB%8C%D8%B4-%D9%BE%D8%A7%DB%8C%D9%87-%D8%AF%D8%A7%D8%B1-%D9%BE%D8%B1%D9%88%DA%98%DA%A9%D8%AA%D9%88%D8%B1-SCOPE-200x200-CM,0,1,https://mahamprint.com/products/-----scope-200x200-cm,پرده نمایش پایه دار پروژکتور SCOPE 200x200 CM,1.0,high,model+title
https://mahamprint.com/product/1255/%D9%88%DB%8C%D8%A6%D9%88-%D9%BE%D8%B1%D9%88%DA%98%DA%A9%D8%AA%D9%88%D8%B1-%D8%AC%DB%8C%D8%A8%DB%8C-ASUS-P3E,0,1,https://mahamprint.com/products/---asus-p3e,ویدئو پروژکتور جیبی ASUS P3E,0.883,high,model+title
https://mahamprint.com/product/1244/%D8%AF%DB%8C%D8%AA%D8%A7-%D9%88%DB%8C%D8%AF%D8%A6%D9%88-%D9%BE%D8%B1%D9%88%DA%98%DA%A9%D8%AA%D9%88%D8%B1-Aiptek-i20,0,1,https://mahamprint.com/products/---aiptek-i20,دیتا ویدئو پروژکتور Aiptek i20,1.0,high,model+title
https://mahamprint.com/product/1309/%D8%AF%DB%8C%D8%AA%D8%A7-%D9%88%DB%8C%D8%AF%D8%A6%D9%88-%D9%BE%D8%B1%D9%88%DA%98%DA%A9%D8%AA%D9%88%D8%B1-EPSON-S41,0,1,https://mahamprint.com/products/---epson-s41,دیتا ویدئو پروژکتور EPSON S41,1.0,high,model+title
https://mahamprint.com/product/1331/%D9%85%D8%A7%D9%86%DB%8C%D8%AA%D9%88%D8%B1-%D8%A7%DB%8C%DA%A9%D8%B3-%D9%88%DB%8C%DA%98%D9%86-%D9%85%D8%AF%D9%84-XK2410H-%D8%B3%D8%A7%DB%8C%D8%B2-%DB%B2%DB%B3%DB%B8-%D8%A7%DB%8C%D9%86%DA%86,0,1,https://mahamprint.com/products/----xk2410h----,مانیتور ایکس ویژن مدل XK2410H سایز ۲۳.۸ اینچ,0.883,high,model+title
https://mahamprint.com/product/1370/%D8%AA%D9%88%D9%86%D8%B1-EPSON-T200-Yellow,0,1,https://mahamprint.com/products/-epson-t200-yellow,تونر EPSON T200 Yellow,1.0,high,model+title
https://mahamprint.com/product/1373/%D8%AA%D9%88%D9%86%D8%B1-EPSON-T200-Black,0,1,https://mahamprint.com/products/-epson-t200-black,تونر EPSON T200 Black,1.0,high,model+title
https://mahamprint.com/product/1391/%D8%AA%D9%88%D9%86%D8%B1-%DA%A9%D8%A7%D8%B1%D8%AA%D8%B1%DB%8C%D8%AC-EPSON-T0794-Yellow,0,1,https://mahamprint.com/products/--epson-t0794-yellow,تونر کارتریج EPSON T0794 Yellow,1.0,high,model+title
https://mahamprint.com/product/1397/%D8%AA%D9%88%D9%86%D8%B1-Epson-24-Black,0,1,https://mahamprint.com/products/-epson-24-black,تونر Epson 24 Black,1.0,high,model+title
https://mahamprint.com/product/1399/%D8%AA%D9%88%D9%86%D8%B1-EPSON-24-Light-Magenta,0,1,https://mahamprint.com/products/-epson-24-light-magenta,تونر EPSON 24 Light Magenta,1.0,high,model+title
https://mahamprint.com/product/1404/%D8%AA%D9%88%D9%86%D8%B1-Epson-223-Black,0,1,https://mahamprint.com/products/-epson-223-black,تونر Epson 223 Black,1.0,high,model+title
https://mahamprint.com/product/1410/%D8%AA%D9%88%D9%86%D8%B1-Epson-27-Yellow,0,1,https://mahamprint.com/products/-epson-27-yellow,تونر Epson 27 Yellow,1.0,high,model+title
https://mahamprint.com/product/1417/%D8%AA%D9%88%D9%86%D8%B1-EPSON-T6162-CYAN,0,1,https://mahamprint.com/products/-epson-t6162-cyan,تونر EPSON T6162 CYAN,1.0,high,model+title
https://mahamprint.com/product/1434/%D8%AA%D9%88%D9%86%D8%B1-Epson-33-CMYK,0,1,https://mahamprint.com/products/-epson-33-cmyk,تونر Epson 33 CMYK,1.0,high,model+title
https://mahamprint.com/product/1426/%D8%AA%D9%88%D9%86%D8%B1-Epson-T741-CMYK,0,1,https://mahamprint.com/products/-epson-t741-cmyk,تونر Epson T741 CMYK,1.0,high,model+title
https://mahamprint.com/product/1439/%D8%AA%D9%88%D9%86%D8%B1-%DA%A9%D8%A7%D8%B1%D8%AA%D8%B1%DB%8C%D8%AC-EPSON-T902-CMYK,0,1,https://mahamprint.com/products/--epson-t902-cmyk,تونر کارتریج EPSON T902 CMYK,1.0,high,model+title
https://mahamprint.com/product/1423/%D8%AA%D9%88%D9%86%D8%B1-%DA%A9%D8%A7%D8%B1%D8%AA%D8%B1%DB%8C%D8%AC-EPSON-T157-CMYK,0,1,https://mahamprint.com/products/--epson-t157-cmyk,تونر کارتریج EPSON T157 CMYK,1.0,high,model+title
https://mahamprint.com/product/1453/%D8%AA%D9%88%D9%86%D8%B1-EPSON-T312-CMYK,0,1,https://mahamprint.com/products/-epson-t312-cmyk,تونر EPSON T312 CMYK,1.0,high,model+title
https://mahamprint.com/product/1464/%DA%A9%D8%A7%D8%B1%D8%AA%D8%B1%DB%8C%D8%AC-HP-16A,0,1,https://mahamprint.com/products/-hp-16a,کارتریج HP 16A,1.0,high,model+title
https://mahamprint.com/product/149/%D9%BE%D8%B1%DB%8C%D9%86%D8%AA%D8%B1-%DA%86%D9%86%D8%AF%DA%A9%D8%A7%D8%B1%DA%A9%D9%87-%D8%A8%D8%B1%D9%86%D8%AF-HP-M-131A,0,1,https://mahamprint.com/products/---hp-m-131a,پرینتر چندکاره  برند HP M 131A,0.86,high,model+title
https://mahamprint.com/product/1519/%D8%AA%D9%88%D9%86%D8%B1-%DA%A9%D8%A7%D8%B1%D8%AA%D8%B1%DB%8C%D8%AC-RICOH-402809,0,1,https://mahamprint.com/products/--ricoh-402809,تونر کارتریج RICOH 402809,1.0,high,model+title
https://mahamprint.com/product/1532/%D8%AA%D9%88%D9%86%D8%B1-RICOH-418132,0,1,https://mahamprint.com/products/-ricoh-418132,تونر RICOH 418132,1.0,high,model+title
https://mahamprint.com/product/1548/%D8%AA%D9%88%D9%86%D8%B1-RICOH-407165,0,1,https://mahamprint.com/products/-ricoh-407165,تونر RICOH 407165,1.0,high,model+title
https://mahamprint.com/product/156/%D9%BE%D8%B1%DB%8C%D9%86%D8%AA%D8%B1-HP-M15W,0,1,https://mahamprint.com/products/----hp-m15w,پرینتر تک کاره لیزری HP M15W,0.79,high,model+title
https://mahamprint.com/product/1644/%D9%BE%D8%B1%DB%8C%D9%86%D8%AA%D8%B1-%D8%B3%99%DA%A9%D8%A7%D8%B1%D9%87-HP-%D9%85%D8%AF%D9%84-MFP-M236dw,0,1,https://mahamprint.com/products/---hp--mfp-m236dw,پرینتر سه کاره HP مدل MFP M236dw,0.883,high,model+title
https://mahamprint.com/product/1678/%D9%88%DB%8C%D8%AF%D8%A6%D9%88-%D9%BE%D8%B1%DA%98%DA%A9%D8%AA%D9%88%D8%B1-FH52-EPSON,0,1,https://mahamprint.com/products/--fh52-epson,ویدئو پرژکتور FH52 EPSON,1.0,high,model+title
https://mahamprint.com/product/1707/%D8%B1%DB%8C%D8%A8%D9%88%D9%86-Wax-Resin-60-75,0,1,https://mahamprint.com/products/-wax-resin-60-75,ریبون Wax Resin 60×75,1.0,high,model+title
https://mahamprint.com/product/1644/%D9%BE%D8%B1%DB%8C%D9%86%D8%AA%D8%B1-%D8%B3%D9%87-%DA%A9%D8%A7%D8%B1%987-HP-%D9%85%D8%AF%D9%84-MFP-M236dw,0,1,https://mahamprint.com/products/---hp--mfp-m236dw,پرینتر سه کاره HP مدل MFP M236dw,0.85,high,model+title
https://mahamprint.com/product/1706/%D8%B1%DB%8C%D8%A8%D9%88%D9%86-Wax-110%C3%97300,0,1,https://mahamprint.com/products/-wax-110-300,ریبون Wax 110×300,1.0,high,model+title
https://mahamprint.com/product/1709/%D8%B1%DB%8C%D8%A8%D9%88%D9%86-Wax-60-75,0,1,https://mahamprint.com/products/-wax-60-75,ریبون Wax 60×75,0.35,medium,title-only
https://mahamprint.com/product/1717/%D8%B1%DB%8C%D8%A8%D9%88%D9%86-Wax-Resin-110-300-%D8%A2%D8%A8%DB%8C,0,1,https://mahamprint.com/products/-wax-resin-110-300,ریبون Wax Resin 110×300,0.942,high,model+title
https://mahamprint.com/product/1717/%D8%B1%DB%8C%D8%A8%D9%88%D9%86-Wax-Resin-110%C3%97300-%D8%A2%D8%A8%DB%8C,0,1,https://mahamprint.com/products/-wax-resin-110-300,ریبون Wax Resin 110×300,0.942,high,model+title
https://mahamprint.com/product/1718/%D8%B1%DB%8C%D8%A8%D9%88%D9%86-Super-Resin-110%C3%97300,0,1,https://mahamprint.com/products/-super-resin-110-300,ریبون Super Resin 110×300,1.0,high,model+title
https://mahamprint.com/product/1737/%D8%B1%DB%8C%D8%A8%D9%88%D9%86-Wax-Resin-110%C3%97300-%D8%B2%D8%B1%D8%AF,0,1,https://mahamprint.com/products/-wax-resin-110-300,ریبون Wax Resin 110×300,0.942,high,model+title
https://mahamprint.com/product/1722/%D8%B1%DB%8C%D8%A8%D9%88%D9%86-Wax-Resin-60-300-%D8%A2%D9%86%D8%B2%DB%8C%D9%85-%D8%B4%D9%88%DB%8C%DB%8C,0,1,https://mahamprint.com/products/-wax-resin-60-300--,ریبون Wax Resin 60×300 آنزیم شویی,1.0,high,model+title
https://mahamprint.com/product/174/%D9%BE%D8%B1%DB%8C%D9%86%D8%AA%D8%B1-HP-pro-mfp-M28A,0,1,https://mahamprint.com/products/----hp-pro-mfp-m28a,پرینتر چندکاره لیزری برند HP PRO MFP M28A,0.883,high,model+title
https://mahamprint.com/product/1745/%D8%B1%DB%8C%D8%A8%D9%88%D9%86-%D8%B1%D8%B2%DB%8C%D9%86-300%C3%9730-Wash-care-permium,0,1,https://mahamprint.com/products/--300-30-wash-care-permium,ریبون رزین 300×30 Wash care permium,1.0,high,model+title
https://mahamprint.com/product/1757/%D9%81%DB%8C%D9%84%D9%85-%D8%A7%D9%86%D8%AA%D9%82%D8%A7%D9%84-500-%D8%B9%DA%A9%D8%B3-nisca,0,1,https://mahamprint.com/products/--500--nisca,فیلم انتقال 500 عکس nisca,1.0,high,model+title
https://mahamprint.com/product/1753/%D8%B1%DB%8C%D8%A8%D9%88%D9%86-Wax-160-300,0,1,https://mahamprint.com/products/-wax-160-300,ریبون Wax 160×300,1.0,high,model+title
https://mahamprint.com/product/1770/%DA%A9%D8%A7%D8%B1%D8%A8%D9%86-%D9%81%DA%A9%D8%B3-Panasonic-KX-FA52E,0,1,https://mahamprint.com/products/--panasonic-kx-fa52e,کاربن فکس Panasonic KX-FA52E,1.0,high,model+title
https://mahamprint.com/product/1821/%D8%B1%D9%88%D9%84-%D9%84%DB%8C%D8%A8%D9%84-%DA%A9%D8%A7%D8%BA%D8%B0%DB%8C-%D8%AA%DA%A9-%D8%B1%D8%AF%DB%8C%D9%81%D9%87-75%C3%9740,0,1,https://mahamprint.com/products/-----75-40,رول لیبل کاغذی تک ردیفه 75×40,0.35,medium,title-only
https://mahamprint.com/product/1822/%D8%B1%D9%88%D9%84-%D9%84%DB%8C%D8%A8%D9%84-%DA%A9%D8%A7%D8%BA%D8%B0%DB%8C-%D8%AA%DA%A9-%D8%B1%D8%AF%DB%8C%D9%81%D9%87-100%C3%97150,0,1,https://mahamprint.com/products/-----100-150,رول لیبل کاغذی تک ردیفه 100×150,1.0,high,model+title
https://mahamprint.com/product/1828/%D9%84%DB%8C%D8%A8%D9%84-%D8%A8%D8%B1%DA%86%D8%B3%D8%A8-%DA%A9%D8%A7%D8%BA%D8%B0%DB%8C-%D8%AA%DA%A9-%D8%B1%D8%AF%DB%8C%D9%81%D9%87-20%C3%9740,0,1,https://mahamprint.com/products/-----20-40,لیبل (برچسب) کاغذی تک ردیفه 20×40,0.35,medium,title-only
https://mahamprint.com/product/1855/%D8%B1%D9%88%D9%84-%D8%A8%D8%B1%DA%86%D8%B3%D8%A8-%DA%A9%D8%A7%D8%BA%D8%B0%DB%8C-%D8%AF%D9%88-%D8%B1%D8%AF%DB%8C%D9%81%D9%87-40%C3%9720,0,1,https://mahamprint.com/products/-----40-20,رول برچسب کاغذی دو ردیفه 40×20,0.35,medium,title-only
https://mahamprint.com/product/1851/%D8%B1%D9%88%D9%84-%D9%84%DB%8C%D8%A8%D9%84-%DA%A9%D8%A7%D8%BA%D8%B0%DB%8C-%D8%AA%DA%A9-%D8%B1%D8%AF%DB%8C%D9%81%D9%87-70%C3%97100,0,1,https://mahamprint.com/products/-----70-100,رول لیبل کاغذی تک ردیفه 70×100,1.0,high,model+title
https://mahamprint.com/product/1842/%D9%84%DB%8C%D8%A8%D9%84-%D8%A8%D8%B1%DA%86%D8%B3%D8%A8-%DA%A9%D8%A7%D8%BA%D8%B0%DB%8C-%D8%AA%DA%A9-%D8%B1%D8%AF%DB%8C%D9%81%D9%87-34%C3%9751,0,1,https://mahamprint.com/products/-----34-51,لیبل (برچسب) کاغذی تک ردیفه  34×51,0.35,medium,title-only
https://mahamprint.com/product/1864/%D9%84%DB%8C%D8%A8%D9%84-Tyvek-%D8%B9%D8%B1%D8%B6-2-5-%D8%B3%D8%A7%D9%86%D8%AA,0,1,https://mahamprint.com/products/-tyvek--2-5-,لیبل Tyvek عرض 2.5 سانت,1.0,high,model+title
https://mahamprint.com/product/1864/%D9%84%DB%8C%D8%A8%D9%84-Tyvek-%D8%B9%D8%B1%D8%B6-25-%D8%B3%D8%A7%D9%86%D8%AA,0,1,https://mahamprint.com/products/-tyvek--6-,لیبل Tyvek عرض 6 سانت,0.883,high,model+title
https://mahamprint.com/product/1914/%D9%84%DB%8C%D8%A8%D9%84-%D8%A8%D8%B1%DA%86%D8%B3%D8%A8-%D9%85%D8%AA%D8%A7%D9%84-%D8%AA%DA%A9-%D8%B1%D8%AF%DB%8C%D9%81%D9%87-Metal-Label-50%C3%97100,0,1,https://mahamprint.com/products/-----metal-label-50-100,لیبل (برچسب) متال تک ردیفه Metal Label 50×100,1.0,high,model+title
https://mahamprint.com/product/1917/%D9%84%DB%8C%D8%A8%D9%84-%D8%A8%D8%B1%DA%86%D8%B3%D8%A8-%D8%A7%D9%85%D9%88%D8%A7%D9%84-Security-Label-15%C3%9745,0,1,https://mahamprint.com/products/---security-label-15-45,لیبل (برچسب) اموال Security Label 15×45,1.0,high,model+title
https://mahamprint.com/product/1954/%D9%86%D9%88%D8%A7%D8%B1-%D9%84%DB%8C%D8%A8%D9%84-%D9%BE%D8%B1%DB%8C%D9%86%D8%AA%D8%B1-brother-TZE-632-%D8%BA%DB%8C%D8%B1-%D8%A7%D9%88%D8%B1%D8%AC%DB%8C%D9%86%D8%A7%D9%84,0,1,https://mahamprint.com/products/---brother-tze-632--,نوار لیبل پرینتر brother TZE-632 غیر اورجینال,1.0,high,model+title
https://mahamprint.com/product/1952/%D9%86%D9%88%D8%A7%D8%B1-%D9%84%DB%8C%D8%A8%D9%84-%D9%BE%D8%B1%DB%8C%D9%86%D8%AA%D8%B1-berother-TZE-233-%D8%BA%DB%8C%D8%B1-%D8%A7%D9%88%D8%B1%D8%AC%DB%8C%D9%86%D8%A7%D9%84,0,1,https://mahamprint.com/products/---berother-tze-233--,نوار لیبل پرینتر berother TZE-233 غیر اورجینال,1.0,high,model+title
https://mahamprint.com/product/1956/%D9%86%D9%88%D8%A7%D8%B1-%D9%84%DB%8C%D8%A8%D9%84-%D9%BE%D8%B1%DB%8C%D9%86%D8%AA%D8%B1-Brother-TZE-132-%D8%BA%DB%8C%D8%B1-%D8%A7%D9%88%D8%B1%D8%AC%DB%8C%D9%86%D8%A7%D9%84,0,1,https://mahamprint.com/products/---brother-tze-132--,نوار لیبل پرینتر Brother TZE-132 غیر اورجینال,1.0,high,model+title
https://mahamprint.com/product/1971/%D9%86%D9%88%D8%A7%D8%B1-%D9%84%DB%8C%D8%A8%D9%84-%D9%BE%D8%B1%DB%8C%D9%86%D8%AA%D8%B1-brother-TZE-222-%D8%BA%DB%8C%D8%B1-%D8%A7%D9%88%D8%B1%D8%AC%DB%8C%D9%86%D8%A7%D9%84,0,1,https://mahamprint.com/products/---brother-tze-222--,نوار لیبل پرینتر brother TZE-222 غیر اورجینال,1.0,high,model+title
https://mahamprint.com/product/1972/%D9%86%D9%88%D8%A7%D8%B1-%D9%84%DB%8C%D8%A8%D9%84-%D9%BE%D8%B1%DB%8C%D9%86%D8%AA%D8%B1-%D8%A8%D8%B1%D8%A7%D8%AF%D8%B1-TZE-122-%D8%BA%DB%8C%D8%B1-%D8%A7%D9%88%D8%B1%D8%AC%DB%8C%D9%86%D8%A7%D9%84,0,1,https://mahamprint.com/products/----tze-122--,نوار لیبل پرینتر برادر TZE-122 غیر اورجینال,1.0,high,model+title
https://mahamprint.com/product/1988/%D9%86%D9%88%D8%A7%D8%B1-%D9%84%DB%8C%D8%A8%D9%84-%D9%BE%D8%B1%DB%8C%D9%86%D8%AA%D8%B1-%D8%A8%D8%B1%D8%A7%D8%AF%D8%B1-TZE-651,0,1,https://mahamprint.com/products/----tze-651,نوار لیبل پرینتر برادر TZE-651,1.0,high,model+title
https://mahamprint.com/product/2003/%D8%A8%D8%A7%D8%AA%D8%B1%DB%8C-%D9%82%D9%84%D9%85%DB%8C-%D9%82%D8%A7%D8%A8%D9%84-%D8%B4%D8%A7%D8%B1%DA%98-%D9%85%D8%AF%D9%84-Panasonic-Eneloop,0,1,https://mahamprint.com/products/-----panasonic-eneloop,باتری قلمی قابل شارژ مدل Panasonic Eneloop,1.0,high,model+title
https://mahamprint.com/product/2004/%D8%A8%D8%A7%D8%AA%D8%B1%DB%8C-%D9%82%D9%84%D9%85%DB%8C-kodak-Super-Heavy-Duty,0,1,https://mahamprint.com/products/--kodak-super-heavy-duty,باتری قلمی kodak  Super Heavy Duty,1.0,high,model+title
https://mahamprint.com/product/2093/%D8%AF%D8%B1%D8%A7%D9%85-%D8%A7%DA%86-%D9%BE%DB%8C-HP-19A-Drum,0,1,https://mahamprint.com/products/---hp-19a-drum,درام اچ پی HP 19A Drum,1.0,high,model+title
https://mahamprint.com/product/214/%D9%BE%D8%B1%DB%8C%D9%86%D8%AA%D8%B1-%D8%AA%DA%A9-%DA%A9%D8%A7%D8%B1%D9%87-%D9%84%DB%8C%D8%B2%D8%B1%DB%8C-HP-M712DN,0,1,https://mahamprint.com/products/----hp-m712dn,پرینتر تک کاره  لیزری HP M712DN,1.0,high,model+title
https://mahamprint.com/product/216/%D9%BE%D8%B1%DB%8C%D9%86%D8%AA%D8%B1-%D8%AA%DA%A9-%DA%A9%D8%A7%D8%B1%D9%87-%D9%84%DB%8C%D8%B2%D8%B1%DB%8C-HP-5225DN,0,1,https://mahamprint.com/products/----hp-5225dn,پرینتر تک کاره لیزری  HP  5225DN,1.0,high,model+title
https://mahamprint.com/product/2148/%D9%81%DB%8C%D9%88%D8%B2-%DA%A9%D8%A7%D8%B1%D8%AA%D8%B1%DB%8C%D8%AC-samsung-4521,0,1,https://mahamprint.com/products/--samsung-4521,فیوز کارتریج samsung 4521,1.0,high,model+title
https://mahamprint.com/product/216/%D9%BE%D8%B1%DB%8C%D9%86%D8%AA%D8%B1-HP-5225DN,0,1,https://mahamprint.com/products/----hp-5225dn,پرینتر تک کاره لیزری  HP  5225DN,0.79,high,model+title
https://mahamprint.com/product/2160/%D8%A8%DA%86%DA%AF%DB%8C-%D8%A7%D9%87%D8%B1%D9%85-EPSON-LQ2180,0,1,https://mahamprint.com/products/--epson-lq2180,بچگی اهرم EPSON  LQ2180,1.0,high,model+title
https://mahamprint.com/product/2173/%D9%85%D9%88%D8%AA%D9%88%D8%B1-%DA%A9%D8%B1%DB%8C%D8%AC-%D9%BE%D8%B1%DB%8C%D9%86%D8%AA%D8%B1-Compuprint-SP40,0,1,https://mahamprint.com/products/----compuprint-sp40,تسمه کریج پرینتر برند Compuprint SP40,0.86,high,model+title
https://mahamprint.com/product/2185/%D8%A7%D9%87%D8%B1%D9%85-%D8%A8%D8%A7%DB%8C-%D9%BE%D8%B3-%DA%A9%D9%BE%DB%8C-Sharp-AR-160,0,1,https://mahamprint.com/products/----sharp-ar-160,اهرم بای پس کپی Sharp AR-160,1.0,high,model+title
https://mahamprint.com/product/2198/%D9%82%D8%A7%D8%A8-%D8%A8%D8%BA%D9%84-Sharp-AR-350-450,0,1,https://mahamprint.com/products/--sharp-ar-350-450,قاب بغل Sharp AR 350 ، 450,0.95,high,model+title
https://mahamprint.com/product/227/%D9%BE%D8%B1%DB%8C%D9%86%D8%AA%D8%B1-%D8%AC%D9%88%D9%87%D8%B1-%D8%A7%D9%81%D8%B4%D8%A7%D9%86-HP-251DW,0,1,https://mahamprint.com/products/---hp-251dw,پرینتر جوهر افشان HP 251DW,1.0,high,model+title
https://mahamprint.com/product/2319/%DA%86%D8%B1%D8%AE-%D8%AF%D9%86%D8%AF%D9%87-%D9%87%D8%A7%D8%AA%D8%B1%D9%88%D9%84-%D8%AA%D9%88%D8%B4%DB%8C%D8%A8%D8%A7-E-S-166,0,1,https://mahamprint.com/products/---toshiba-e-s-166,چرخ دنده هاترول toshiba E-S 166,0.587,high,model+title
https://mahamprint.com/product/2321/%DA%86%D8%B1%D8%AE-%D8%AF%D9%86%D8%AF%D9%87-%D8%B3%D8%B1-%D8%BA%D9%84%D8%B7%DA%A9-%D8%AE%D8%B1%D9%88%D8%AC%DB%8C-%D9%81%DB%8C%D9%88%D8%B2%DB%8C%D9%86%DA%AF-%D8%A8%D8%B1%D9%86%D8%AF-HP-20352055,0,1,https://mahamprint.com/products/-------hp-2035-2055,چرخ دنده سر غلطک خروجی فیوزینگ برند HP  2035.2055,0.245,low,title-only
https://mahamprint.com/product/2329/%DA%86%D8%B1%D8%AE-%D8%AF%D9%86%D8%AF%D9%87-%DA%86%D9%BE%D9%82%DB%8C-%DA%86%D8%A7%D9%BE%DA%AF%D8%B1-Epson-LQ-2170-Gear,0,1,https://mahamprint.com/products/----epson-lq-2170-gear,چرخ دنده چپقی چاپگر Epson LQ 2170 Gear,1.0,high,model+title
https://mahamprint.com/product/2358/%DA%86%D8%B1%D8%AE-%D8%AF%D9%86%D8%AF%D9%87-%D8%B1%D8%A7%D8%A8%D8%B7-%D9%87%DB%8C%D8%AA%D8%B1-%D8%A8%D8%B1%D9%86%D8%AF-sharp-%D9%85%D8%AF%D9%84-AR-5316-%D9%81%D8%A7%D8%A8%D8%B1%DB%8C%DA%A9,0,1,https://mahamprint.com/products/-----sharp--ar-5316-,چرخ دنده رابط هیتر برند sharp مدل AR-5316 فابریک,1.0,high,model+title
https://mahamprint.com/product/2366/%DA%86%D8%B1%D8%AE-%D8%AF%D9%86%D8%AF%D9%87-%D8%AF%D9%88%D9%84%D9%88%D9%BE%D8%B1-%D8%B3%D8%B1%D9%85%D8%A7%D8%B1%D9%BE%DB%8C%DA%86-%D8%A8%D8%B1%D9%86%D8%AF-toshiba-E-S-166,0,1,https://mahamprint.com/products/-----toshiba-e-s-166,چرخ دنده دولوپر سرمارپیچ برند toshiba E-S 166,1.0,high,model+title
https://mahamprint.com/product/2369/%DA%86%D8%B1%D8%AE-%D8%AF%D9%86%D8%AF%D9%87-%D8%AF%D9%88%D9%84%D9%88%D9%BE%D8%B1-27%D8%AF%D9%86%D8%AF%D9%87-%D8%A8%D8%B1%D9%86%D8%AF-toshiba-%D9%85%D8%AF%D9%84-E-Studio-550,0,1,https://mahamprint.com/products/---27--toshiba--e-studio-550,چرخ دنده دولوپر 27دنده برند toshiba مدل E Studio 550,1.0,high,model+title
https://mahamprint.com/product/2574/%D8%AF%D9%88%D8%B1%D8%A8%DB%8C%D9%86-%D9%87%D9%84%DB%8C-%D8%B4%D8%A7%D8%AA-DJI-OSMO-ACTION-3,0,1,,,0.039,none,
https://mahamprint.com/product/2502/%D9%88%DB%8C%D8%AF%D8%A6%D9%88-%D9%BE%D8%B1%DA%98%DA%A9%D8%AA%D9%88%D8%B1-panasonic-LB426,0,1,https://mahamprint.com/products/--panasonic-lb426,ویدئو پرژکتور panasonic LB426,1.0,high,model+title
https://mahamprint.com/product/2529/%DA%A9%D8%A7%D8%BA%D8%B0-%D8%AE%D8%B1%D8%AF%DA%A9%D9%86-mehr-MM-250,0,1,https://mahamprint.com/products/--mehr-mm-250,کاغذ خردکن mehr MM-250,1.0,high,model+title
https://mahamprint.com/product/2583/%DA%AF%D9%88%D8%B4%DB%8C-%D9%85%D9%88%D8%A8%D8%A7%DB%8C%D9%84-%D8%A7%D9%BE%D9%84-iphone-13pro,0,1,https://mahamprint.com/products/---iphone-13pro,گوشی موبایل اپل iphone 13pro,1.0,high,model+title
https://mahamprint.com/product/2585/%DA%AF%D9%88%D8%B4%DB%8C-%D9%85%D9%88%D8%A8%D8%A7%DB%8C%D9%84-%D8%A7%D9%BE%D9%84-iphone-12,0,1,https://mahamprint.com/products/---iphone-12,گوشی موبایل اپل iphone 12,1.0,high,model+title
https://mahamprint.com/product/2615/%D8%B3%D8%A7%D8%B9%D8%AA-%D9%87%D9%88%D8%B4%D9%85%D9%86%D8%AF-%D8%A8%D8%B1%D9%86%D8%AF-SAMSUNG-Galaxy-Watch-4-Classic,0,1,https://mahamprint.com/products/---samsung-galaxy-watch-4-classic,ساعت هوشمند برند SAMSUNG Galaxy Watch 4 Classic,1.0,high,model+title
https://mahamprint.com/product/2600/%DA%AF%D9%88%D8%B4%DB%8C-%D8%B3%D8%A7%D9%85%D8%B3%D9%88%D9%86%DA%AF-GALAXY-S20-ULTRA,0,1,https://mahamprint.com/products/--galaxy-s20-ultra,گوشی سامسونگ GALAXY S20 ULTRA,1.0,high,model+title
https://mahamprint.com/product/2643/%D9%84%D9%BE-%D8%AA%D8%A7%D9%BE-%D8%A8%D8%B1%D9%86%D8%AF-ASUS-%D9%85%D8%AF%D9%84-R465EP-I7-1165G7-8G-512SSD,0,1,https://mahamprint.com/products/---asus--r465ep-i7-1165g7-8g-512ssd,لپ تاپ برند ASUS مدل R465EP I7_1165G7-8G 512SSD,1.0,high,model+title
https://mahamprint.com/product/2594/%DA%AF%D9%88%D8%B4%DB%8C-samsung-a52s-5g,0,1,https://mahamprint.com/products/-samsung-a52s-5g,گوشی samsung a52s 5g,1.0,high,model+title
https://mahamprint.com/product/2650/%D9%84%D9%BE-%D8%AA%D8%A7%D9%BE-IP5-I51135G7,0,1,https://mahamprint.com/products/--ip5-i5-1135g7,لپ تاپ IP5  I5(1135G7),0.392,medium,model+title
https://mahamprint.com/product/267/%D9%BE%D8%B1%DB%8C%D9%86%D8%AA%D8%B1-%D8%B3%D9%87-%DA%A9%D8%A7%D8%B1%D9%87-%D8%AC%D9%88%D9%87%D8%B1%D8%A7%D9%81%D8%B4%D8%A7%D9%86-EPSON-ET-L3160,0,1,https://mahamprint.com/products/----epson-et-l3160,پرینتر سه کاره جوهرافشان EPSON ET-L3160,1.0,high,model+title
https://mahamprint.com/product/2699/%D8%B3%D9%88%D8%A6%DB%8C%DA%86-%D8%B4%D8%A8%DA%A9%D9%87-cisco-C2960X-48TS-L,0,1,https://mahamprint.com/products/--cisco-c2960x-48ts-l,سوئیچ شبکه cisco C2960X-48TS-L,1.0,high,model+title
https://mahamprint.com/product/271/%D9%BE%D8%B1%DB%8C%D9%86%D8%AA%D8%B1-%D8%AC%D9%88%D9%87%D8%B1-%D8%A7%D9%81%D8%B4%D8%A7%D9%86-%DA%86%D9%87%D8%A7%D8%B1-%DA%A9%D8%A7%D8%B1%D9%87-EPSON-L6190,0,1,https://mahamprint.com/products/-----epson-l6190,پرینتر جوهر افشان چهار کاره EPSON L6190,1.0,high,model+title
https://mahamprint.com/product/2731/%DA%A9%D8%A7%D8%B1%D8%AA-%DA%AF%D8%B1%D8%A7%D9%81%DB%8C%DA%A9-RTX-3060-TI-VENTUS-2X-OC-8G,0,1,https://mahamprint.com/products/--rtx-3060-ti-ventus-2x-oc-8g,کارت گرافیک RTX 3060 TI VENTUS 2X OC 8G,1.0,high,model+title
https://mahamprint.com/product/2710/%D8%B3%D9%88%D8%A6%DB%8C%DA%86-%D8%B4%D8%A8%DA%A9%D9%87-%D8%B3%DB%8C%D8%B3%DA%A9%D9%88-C2960-24PC-L,0,1,https://mahamprint.com/products/---c2960-24pc-l,سوئیچ شبکه سیسکو C2960-24PC-L,1.0,high,model+title
https://mahamprint.com/product/2774/hard-hdd-4tb-iron-wolf-256mb,0,1,https://mahamprint.com/products/hard-hdd-4tb-iron-wolf-256mb,hard hdd 4tb iron wolf 256mb,1.0,high,model+title
https://mahamprint.com/product/2781/hard-hdd-wd-1tb-blue-2-5-laptop-slim,0,1,https://mahamprint.com/products/hard-hdd-wd-1tb-blue-2-5-laptop-slim,hard hdd wd 1tb blue 2.5 laptop slim,1.0,high,model+title
https://mahamprint.com/product/2790/all-in-one-asus-V241EAK-i7-1165G7,0,1,https://mahamprint.com/products/all-in-one-asus-v241eak-i7-1165g7,all in one asus V241EAK i7 1165G7,1.0,high,model+title
https://mahamprint.com/product/2830/%D9%BE%D8%B1%D8%AF%D9%87-%D9%86%D9%85%D8%A7%DB%8C%D8%B4-%D8%A8%D8%B1%D9%82%DB%8C-celexon-CS200A,0,1,,,0.15,none,
https://mahamprint.com/product/2791/all-in-one-asus-V222FAK-i5-10210U,0,1,https://mahamprint.com/products/all-in-one-asus-v222fak-i5-10210u,all in one asus V222FAK i5 10210U,1.0,high,model+title
https://mahamprint.com/product/2809/%D9%BE%D8%B1%D8%AF%D9%87-%D9%86%D9%85%D8%A7%DB%8C%D8%B4-%D9%88%D8%A7%DB%8C%D8%AF-%D8%AF%D8%B3%D8%AA%DB%8C-%D9%85%D8%AF%D9%84-CW300M,0,1,,,0.15,none,
https://mahamprint.com/product/2833/%D9%BE%D8%B1%D8%AF%D9%87-%D9%86%D9%85%D8%A7%DB%8C%D8%B4-CELEXON-CS180A,0,1,,,0.1,none,
https://mahamprint.com/product/2845/%D9%BE%D8%B1%D8%AF%D9%87-%D9%86%D9%85%D8%A7%DB%8C%D8%B4-%D8%B7%D9%84%D8%A7%DB%8C%DB%8C-%D8%A8%D8%B1%D9%82%DB%8C-%D9%85%D8%AF%D9%84-CS250AG,0,1,,,0.15,none,
https://mahamprint.com/product/2849/%D9%BE%D8%B1%D8%AF%D9%87-%D9%86%D9%85%D8%A7%DB%8C%D8%B4-%D8%A2%D8%A8%DB%8C-%D9%85%D8%AF%D9%84-celexon-CS200AB,0,1,,,0.087,none,
https://mahamprint.com/product/2848/%D9%BE%D8%B1%D8%AF%D9%87-%D9%86%D9%85%D8%A7%DB%8C%D8%B4-%D8%A2%D8%A8%DB%8C-%D8%A8%D8%B1%D9%82%DB%8C-%D9%85%D8%AF%D9%84-CS250AB,0,1,,,0.15,none,
https://mahamprint.com/product/2872/%D9%BE%D8%B1%D8%AF%D9%87-%D9%86%D9%85%D8%A7%DB%8C%D8%B4-%DA%A9%D8%B1%D9%88%D9%85%D8%A7%DA%A9%DB%8C-%D8%AF%D8%B3%D8%AA%DB%8C-%D8%B3%D9%84%DA%A9%D8%B3%D9%88%D9%86-CSG180M,0,1,,,0.131,none,
https://mahamprint.com/product/2855/%D9%BE%D8%B1%D8%AF%D9%87-%D9%86%D9%85%D8%A7%DB%8C%D8%B4-%D9%BE%D8%A7%DB%8C%D9%87-%D8%AF%D8%A7%D8%B1-%D9%85%D8%AF%D9%84-CST250,0,1,,,0.175,none,
https://mahamprint.com/product/293/%D9%BE%D8%B1%DB%8C%D9%86%D8%AA%D8%B1-HP-MFP179fnw,0,1,https://mahamprint.com/products/---hp--mfp179fnw,پرینتر لیزری برند HP مدل MFP179FNW,0.883,high,model+title
https://mahamprint.com/product/2960/%D9%84%DB%8C%D8%A8%D9%84-%D9%BE%D8%B1%DB%8C%D9%86%D8%AA%D8%B1%20-%D8%A8%D8%B1%D9%86%D8%AF-%20%20zenpert-%20%D9%85%D8%AF%D9%84-%204T520,0,1,https://mahamprint.com/products/---zenpert-4t520,لیبل پرینتر مدل Zenpert 4T520,1.0,high,model+title
https://mahamprint.com/product/2926/%D9%BE%D8%B1%DB%8C%D9%86%D8%AA%D8%B1-%D8%AA%DA%A9-%DA%A9%D8%A7%D8%B1%D9%87-%D8%B1%D9%86%DA%AF%DB%8C-%D8%A8%D8%B1%D9%86%D8%AF-CANON-LBP613CDW,0,1,https://mahamprint.com/products/-----canon-lbp613cdw,پرینتر تک کاره رنگی برند CANON LBP613CDW,1.0,high,model+title
https://mahamprint.com/product/2944/%D8%A8%D8%A7%D8%B1%DA%A9%D8%AF-%D8%AE%D9%88%D8%A7%D9%86-%20cbon-CB-N210w,0,1,https://mahamprint.com/products/---cbon-cb-n210w,بارکدخوان cbon CB-N210w,0.825,high,model+title
https://mahamprint.com/product/2963/%D9%BE%D8%B1%DB%8C%D9%86%D8%AA%D8%B1%20-%D9%84%DB%8C%D8%B2%D8%B1%DB%8C%20-%D8%A8%D8%B1%D9%86%D8%AF-%20HP-%20%D9%85%D8%AF%D9%84-%20M806dn,0,1,https://mahamprint.com/products/------hp----m806dn,پرینتر لیزری برند HP مدل M806dn,1.0,high,model+title
https://mahamprint.com/product/29/Canon-850D-18-135-IS-USM,0,1,https://mahamprint.com/products/--canon--g,هد پرینتر Canon سری G,0.256,low,model+title
https://mahamprint.com/product/2992/%D9%84%DB%8C%D8%A8%D9%84-%D9%BE%D8%B1%DB%8C%D9%86%D8%AA%D8%B1-%D8%A8%D8%B1%D9%86%D8%AF-ZEBRA-%D9%85%D8%AF%D9%84-GX430t,0,1,https://mahamprint.com/products/------zebra----gx430t,لیبل پرینتر برند ZEBRA مدل GX430t,1.0,high,model+title
https://mahamprint.com/product/2997/%D9%BE%D8%B1%DB%8C%D9%86%D8%AA%D8%B1-%D9%84%DB%8C%D8%B2%D8%B1%DB%8C-%D8%AA%DA%A9-%DA%A9%D8%A7%D8%B1%D9%87-%D8%A8%D8%B1%D9%86%D8%AF-201N-HP,0,1,https://mahamprint.com/products/----------201n--hp,پرینتر لیزری تک کاره  برند 201N HP,1.0,high,model+title
https://mahamprint.com/product/30/Canon-1300D-%D8%A8%D8%A7-%D9%84%D9%86%D8%B2-%DB%B5%DB%B5-%DB%B1%DB%B8-IS-II,0,1,https://mahamprint.com/products/--canon--g,هد پرینتر Canon سری G,0.36,medium,model+title
https://mahamprint.com/product/3005/%D9%88%DB%8C%D8%AF%D8%A6%D9%88-%D9%BE%D8%B1%D9%88%DA%98%DA%A9%D8%AA%D9%88%D8%B1-%D8%A8%D8%B1%D9%86%D8%AF-xiaomi-%D9%85%D8%AF%D9%84-Wanbo-T6-Max,0,1,https://mahamprint.com/products/------xiaomi----wanbo--t6-max,ویدئو پروژکتور برند xiaomi مدل Wanbo T6 Max,1.0,high,model+title
https://mahamprint.com/product/3002/%D9%BE%D8%B1%DB%8C%D9%86%D8%AA%D8%B1%20-%D9%84%DB%8C%D8%B2%D8%B1%DB%8C%20-Brother%20-8220,0,1,https://mahamprint.com/products/----brother--8220,پرینتر لیزری Brother 8220,1.0,high,model+title
https://mahamprint.com/product/2971/%D9%BE%D8%B1%DB%8C%D9%86%D8%AA%D8%B1-%20%D9%84%DB%8C%D8%B2%D8%B1-%20%D8%B1%D9%86%DA%AF%DB%8C-%20%D8%AA%DA%A9%20%DA%A9%D8%A7%D8%B1%D9%87-%20%D8%A8%D8%B1%D9%86%D8%AF-%20hp-%20%D9%85%D8%AF%D9%84%20-351n,0,1,https://mahamprint.com/products/hp-351n,پرینتر رنگی تک کاره hp 351n,0.942,high,model+title
https://mahamprint.com/product/3008/%D9%84%DB%8C%D8%A8%D9%84-%D9%BE%D8%B1%DB%8C%D9%86%D8%AA%D8%B1-%D9%82%D8%A7%D8%A8%D9%84-%D8%AD%D9%85%D9%84-TSC-Alpha-4L,0,1,https://mahamprint.com/products/----------alpha-2r,پرینتر چاپ لیبل و فیش Alpha-2R,0.728,high,model+title
https://mahamprint.com/product/3027/%D9%84%DB%8C%D8%A8%D9%84-%D9%BE%D8%B1%DB%8C%D9%86%D8%AA%D8%B1-%20Gainscha%20-2406t,0,1,https://mahamprint.com/products/---gainscha--2406t,لیبل پرینتر Gainscha 2406t,1.0,high,model+title
https://mahamprint.com/product/3028/%D9%84%DB%8C%D8%A8%D9%84-%20%D9%BE%D8%B1%DB%8C%D9%86%D8%AA%D8%B1-%20Gainscha-%202406t%20-plus,0,1,https://mahamprint.com/products/----gainscha--2406t--plus,لیبل پرینتر Gainscha 2406t plus,1.0,high,model+title
https://mahamprint.com/product/3041/%D9%BE%D8%B1%DB%8C%D9%86%D8%AA%D8%B1-%D8%AA%DA%A9-%DA%A9%D8%A7%D8%B1%D9%87-%D9%84%DB%8C%D8%B2%D8%B1%DB%8C-Canon-325x,0,1,https://mahamprint.com/products/--------canon--325x,پرینتر تک کاره لیزری Canon 325x,1.0,high,model+title
https://mahamprint.com/product/345/%D9%BE%D8%B1%DB%8C%D9%86%D8%AA%D8%B1-%DA%86%D9%86%D8%AF%DA%A9%D8%A7%D8%B1%D9%87-CANON-G4411,0,1,https://mahamprint.com/products/--canon-g4411,پرینتر چندکاره CANON G4411,1.0,high,model+title
https://mahamprint.com/product/346/%D9%BE%D8%B1%DB%8C%D9%86%D8%AA%D8%B1-Hp-MFP-M183fw,0,1,https://mahamprint.com/products/----hp-mfp-m183fw,پرینتر چندکاره لیزری برند HP MFP M183FW,0.86,high,model+title
https://mahamprint.com/product/353/%D9%BE%D8%B1%DB%8C%D9%86%D8%AA%D8%B1-%D8%AA%DA%A9-%DA%A9%D8%A7%D8%B1%D9%87-%D9%84%DB%8C%D8%B2%D8%B1%DB%8C-CANON-LBP162DW,0,1,https://mahamprint.com/products/----canon-lbp162dw,پرینتر تک کاره لیزری  CANON LBP162DW,1.0,high,model+title
https://mahamprint.com/product/56/%D9%BE%D8%B1%DB%8C%D9%86%D8%AA%D8%B1-HP-M12a,0,1,https://mahamprint.com/products/----hp-m12a,پرینتر تک کاره مدل HP M12a,0.825,high,model+title
https://mahamprint.com/product/330/%D9%BE%D8%B1%DB%8C%D9%86%D8%AA%D8%B1-%D8%B3%D9%87-%DA%A9%D8%A7%D8%B1%D9%87-%D9%84%DB%8C%D8%B2%D8%B1%DB%8C-BROTHER-DCP-L2535D,0,1,https://mahamprint.com/products/---brother-dcp-l2535d,پرینترچند کاره لیزری  BROTHER  DCP-L2535D,0.9,high,model+title
https://mahamprint.com/product/54/RICOH-SP-330SFN,0,1,https://mahamprint.com/products/ricoh-sp-330sfn,پرینتر چهارکاره RICOH SP 330 SFN,0.55,high,model+title
https://mahamprint.com/product/662/%DA%A9%D8%A7%D8%BA%D8%B0-%D8%AE%D8%B1%D8%AF%DA%A9%D9%86-Remo-C-1500,0,1,https://mahamprint.com/products/--remo-c-1500,کاغذ خردکن Remo C-1500,1.0,high,model+title
https://mahamprint.com/product/657/%DA%A9%D8%A7%D8%BA%D8%B0-%D8%AE%D8%B1%D8%AF%DA%A9%D9%86-Nikita-SD9310,0,1,https://mahamprint.com/products/--nikita-sd9310,کاغذ خردکن Nikita SD9310,1.0,high,model+title
https://mahamprint.com/product/602/%D8%B5%D9%86%D8%AF%D9%88%D9%82-%D9%81%D8%B1%D9%88%D8%B4%DA%AF%D8%A7%D9%87%DB%8C-MEVA-MP-3615,0,1,https://mahamprint.com/products/--meva-mp-3615,صندوق فروشگاهی MEVA MP-3615,1.0,high,model+title
https://mahamprint.com/product/644/%DA%A9%D8%A7%D8%BA%D8%B0-%D8%AE%D8%B1%D8%AF%DA%A9%D9%86-Fellowes-3250HS,0,1,https://mahamprint.com/products/--fellowes-3250hs,کاغذ خردکن Fellowes 3250HS,1.0,high,model+title
https://mahamprint.com/product/72/%D9%BE%D8%B1%DB%8C%D9%86%D8%AA%D8%B1-%D9%84%DB%8C%D8%B2%D8%B1%DB%8C-%D8%AA%DA%A9-%DA%A9%D8%A7%D8%B1%D9%87-HP-M608DN,0,1,https://mahamprint.com/products/----hp-m608dn,پرینتر لیزری تک کاره  HP M608DN,1.0,high,model+title
https://mahamprint.com/product/691/%DA%A9%D8%A7%D8%BA%D8%B0-%D8%AE%D8%B1%D8%AF%DA%A9%D9%86-ATLAS-CC2040,0,1,,,0.117,none,
https://mahamprint.com/product/726/%DA%A9%D8%A7%D8%BA%D8%B0-%D8%AE%D8%B1%D8%AF%DA%A9%D9%86-King-H4BX,0,1,,,0.117,none,
https://mahamprint.com/product/729/%DA%A9%D8%A7%D8%BA%D8%B0-%D8%AE%D8%B1%D8%AF%DA%A9%D9%86-Kobra-400-C2,0,1,https://mahamprint.com/products/--kobra-1ss4,کاغذ خردکن Kobra +1SS4,0.392,medium,model+title
https://mahamprint.com/product/730/%DA%A9%D8%A7%D8%BA%D8%B0-%D8%AE%D8%B1%D8%AF%DA%A9%D9%86-Kobra-Cyclone-HS,0,1,https://mahamprint.com/products/--kobra-260-hs-2,کاغذ خردکن Kobra 260 HS-2,0.417,medium,model+title
https://mahamprint.com/product/881/%D8%A7%D8%B3%DA%A9%D9%86%D8%A7%D8%B3-%D8%B4%D9%85%D8%A7%D8%B1-NIKITA-LD-4000,0,1,https://mahamprint.com/products/--nikita-ld-4000,اسکناس شمار NIKITA LD-4000,1.0,high,model+title
https://mahamprint.com/product/853/%D8%AF%D8%B3%D8%AA%DA%AF%D8%A7%D9%87-%D8%A7%D8%B3%DA%A9%D9%86%D8%A7%D8%B3-%D8%B4%D9%85%D8%A7%D8%B1-%DB%B5%DB%B1%DB%B0-%D8%AF%DB%8C%D8%AA%DA%A9,0,1,https://mahamprint.com/products/-----900,دستگاه اسکناس شمار دیتک مدل 900,0.21,low,title-only
https://mahamprint.com/product/927/%D9%85%D8%A7%D8%B4%DB%8C%D9%86-%D8%AD%D8%B3%D8%A7%D8%A8-%D9%BE%D8%A7%D8%B1%D8%B3-PD-16L,0,1,https://mahamprint.com/products/---pd-16l,ماشین حساب پارس PD-16L,1.0,high,model+title
https://mahamprint.com/product/953/%D9%85%D8%A7%D8%B4%DB%8C%D9%86-%D8%AD%D8%B3%D8%A7%D8%A8-Sharp-EL-124T,0,1,https://mahamprint.com/products/--sharp-el-124t,ماشین حساب Sharp EL-124T,1.0,high,model+title
https://mahamprint.com/product/96/%D9%BE%D8%B1%DB%8C%D9%86%D8%AA%D8%B1-%D8%AA%DA%A9-%DA%A9%D8%A7%D8%B1%99-0%81%D9%88%DB%8C%D8%B2%D8%B1%DB%8C-CANON-%D9%85%D8%AF%D9%84-LBP251DW,0,1,https://mahamprint.com/products/----canon--lbp251dw,پرینتر تک کاره لیزری CANON مدل LBP251DW,0.781,high,model+title
