url,clicks,impressions,position,status,final_url,hops,secs
https://mahamprint.com/,1844,15028,36.11511844556827,200,https://mahamprint.com/,0,4.77
https://mahamprint.com/category/71/Label-Printer,157,10825,24.749376443418015,301->200,https://mahamprint.com/categories/label-printer,1,8.31
https://mahamprint.com/category/51/Printer,42,11213,44.773744760545796,301->200,https://mahamprint.com/categories/printer,1,10.79
https://mahamprint.com/product/58/%D9%BE%D8%B1%DB%8C%D9%86%D8%AA%D8%B1-%D9%84%DB%8C%D8%B2%D8%B1%DB%8C-%D8%AA%DA%A9-%DA%A9%D8%A7%D8%B1%D9%87-HP-P1102,26,4387,6.79735582402553,404,,0,6.54
https://mahamprint.com/category/98/%D8%B1%D9%86%DA%AF%DB%8C-2,343,9577,13.647279941526573,301->200,https://mahamprint.com/categories/printer,1,11.56
https://mahamprint.com/category/75/3-job,844,25568,7.011420525657071,301->200,https://mahamprint.com/categories/printer,1,11.58
https://mahamprint.com/category/138/%D9%BE%D8%AF-%D8%A7%D9%85%D8%B6%D8%A7%D8%A1,157,4258,7.313997181775481,404,,0,3.37
https://mahamprint.com/category/110/%D9%84%DB%8C%D8%A8%D9%84-%D8%A8%D8%B1%DA%86%D8%B3%D8%A8,157,10387,23.078463463945315,404,,0,12.36
https://mahamprint.com/category/96/%D8%B1%D9%86%DA%AF%DB%8C,101,3703,11.019713745611666,404,,0,5.34
https://mahamprint.com/category/84/calculator,6,4073,23.999754480726736,404,,0,6.37
https://mahamprint.com/product/147/%D9%BE%D8%B1%DB%8C%D9%86%D8%AA%D8%B1%DA%86%D9%86%D8%AF-%DA%A9%D8%A7%D8%B1%D9%87-%D9%84%DB%8C%D8%B2%D8%B1%DB%8C-%D8%A8%D8%B1%D9%86%D8%AF-HP-MFP-M-136-W,232,4029,6.180938198064036,404,,0,5.62
https://mahamprint.com/category/98/%D8%B1%D9%86%DA%AF%DB%8C,72,4053,16.450777202072537,404,,0,5.95
https://mahamprint.com/category/115/%D8%A8%D8%B1%D8%AF-%D9%81%D8%B1%D9%85%D8%AA%D8%B1,71,3434,7.953407105416424,404,,0,4.97
https://mahamprint.com/product/1644/%D9%BE%D8%B1%DB%8C%D9%86%D8%AA%D8%B1-%D8%B3%D9%87-%DA%A9%D8%A7%D8%B1%D9%87-HP-%D9%85%D8%AF%D9%84-MFP-M236dw,167,3744,7.443910256410256,404,,0,6.26
https://mahamprint.com/product/411/%D8%A7%D8%B3%DA%A9%D9%86%D8%B1-AVISION-AD250F,21,2828,30.89992927864215,404,,0,3.61
https://mahamprint.com/category/54/Office-machines,88,3395,7.7475699558173785,404,,0,4.54
https://mahamprint.com/category/50/scanner,18,3173,25.157579577686732,404,,0,4.42
https://mahamprint.com/mag/%D8%AA%D8%B3%D8%AA-%D9%BE%D8%B1%DB%8C%D9%86%D8%AA-%D8%B3%DB%8C%D8%A7%D9%87-%D8%B3%D9%81%DB%8C%D8%AF-%D9%88-%D8%B1%D9%86%DA%AF%DB%8C,24,3041,9.88983886879316,404,,0,4.53
https://mahamprint.com/category/105/%D8%B1%DB%8C%D8%A8%D9%88%D9%86,36,2728,21.265029325513197,404,,0,2.34
https://mahamprint.com/product/1176/%DA%A9%D9%86%D8%B3%D9%88%D9%84-%D8%A8%D8%A7%D8%B2%DB%8C-Sony-PlayStation-2,12,2556,4.307902973395931,404,,0,3.48
https://mahamprint.com/category/66/Shredder,9,2611,44.67636920720031,404,,0,3.64
https://mahamprint.com/mag/%D8%A7%D9%86%D9%88%D8%A7%D8%B9-%D9%82%D9%84%D9%85-%D9%86%D9%88%D8%B1%DB%8C,23,2498,7.896317053642914,404,,0,2.72
https://mahamprint.com/category/95/%D8%B3%DB%8C%D8%A7%D9%87-%D9%88-%D8%B3%D9%81%DB%8C%D8%AF,16,2366,26.119188503803887,404,,0,3.46
https://mahamprint.com/product/1480/%D8%AA%D9%88%D9%86%D8%B1-%DA%A9%D8%A7%D8%B1%D8%AA%D8%B1%DB%8C%D8%AC-HP-106A,70,2284,24.75262697022767,404,,0,2.74
https://mahamprint.com/category/61/Ink,18,2206,10.405711695376247,404,,0,7.43
https://mahamprint.com/category/65/Banknote-count,36,2657,18.792623259315018,404,,0,20.39
https://mahamprint.com/product/363/%D9%BE%D8%B1%DB%8C%D9%86%D8%AA%D8%B1-%D9%84%DB%8C%D8%B2%D8%B1%DB%8C-%D8%AA%DA%A9-%DA%A9%D8%A7%D8%B1%D9%87-hp-1320,76,2128,8.42669172932331,404,,0,2.78
https://mahamprint.com/category/119/%D8%A8%D8%B1%D8%AF-%D9%BE%D8%A7%D9%88%D8%B1,48,2131,7.053496011262318,404,,0,6.97
https://mahamprint.com/product/199/%D9%BE%D8%B1%DB%8C%D9%86%D8%AA%D8%B1-HP-PageWide-577z,170,2049,10.001464128843338,404,,0,2.52
https://mahamprint.com/category/121/%D8%B3%D8%A7%DB%8C%D8%B1-%D9%82%D8%B7%D8%B9%D8%A7%D8%AA,63,2795,11.396064400715563,404,,0,30.14
https://mahamprint.com/category/70/Money-Drawer,19,1994,15.455366098294885,404,,0,2.31
https://mahamprint.com/category/130/%DA%86%D8%B1%D8%AE-%D8%AF%D9%86%D8%AF%D9%87,83,2959,8.481919567421425,ERR:TimeoutError,,0,31.67
https://mahamprint.com/product/96/%D9%BE%D8%B1%DB%8C%D9%86%D8%AA%D8%B1-%D8%AA%DA%A9-%DA%A9%D8%A7%D8%B1%D9%87-%D9%84%DB%8C%D8%B2%D8%B1%DB%8C-CANON-%D9%85%D8%AF%D9%84-LBP251DW,125,1974,8.500506585612968,404,,0,2.46
https://mahamprint.com/category/112/%D9%86%D9%88%D8%A7%D8%B1-%D9%84%DB%8C%D8%A8%D9%84-%D9%BE%D8%B1%DB%8C%D9%86%D8%AA%D8%B1,34,1760,8.151136363636365,404,,0,2.73
https://mahamprint.com/category/69/Banknote-test,29,1797,11.33166388425153,404,,0,2.96
https://mahamprint.com/product/2897/%D9%BE%D8%B1%DB%8C%D9%86%D8%AA%D8%B1-%D9%84%DB%8C%D8%B2%D8%B1%DB%8C-%DA%86%D9%87%D8%A7%D8%B1%DA%A9%D8%A7%D8%B1%D9%87-Hp-1217w,62,1589,4.453744493392071,404,,0,2.62
https://mahamprint.com/category/72/Inkjet-print,19,1522,16.363994743758212,404,,0,2.42
https://mahamprint.com/mag/%D9%85%D8%B9%D8%B1%D9%81%DB%8C-%D8%A7%DB%8C%D8%B1%D9%BE%D8%A7%D8%AF,43,1570,7.115923566878981,404,,0,4.74
https://mahamprint.com/product/2931/%D8%A7%D8%B3%DA%A9%D9%86%D8%B1-%D8%A8%D8%B1%D9%86%D8%AF-KODAK-%D9%85%D8%AF%D9%84-E1040,142,2407,9.927295388450354,ERR:TimeoutError,,0,31.99
https://mahamprint.com/product/2674/%D9%BE%D8%B1%DB%8C%D9%86%D8%AA%D8%B1-%D9%84%DB%8C%D8%B2%D8%B1%DB%8C-%D8%B3%DB%8C%D8%A7%D9%87-%D9%88-%D8%B3%D9%81%DB%8C%D8%AF-SKY-p100nw,85,2356,7.330645161290323,ERR:TimeoutError,,0,31.73
https://mahamprint.com/category/131/%D9%BE%DB%8C%DA%A9%D8%A7%D9%BE,21,1512,7.544312169312169,404,,0,3.28
https://mahamprint.com/product/2478/%D8%A7%D8%B3%DA%A9%D9%86%D8%B1-AVISION-AD-130,58,1734,21.29296424452134,404,,0,11.33
https://mahamprint.com/product/907/%D9%85%D8%A7%D8%B4%DB%8C%D9%86-%D8%AD%D8%B3%D8%A7%D8%A8-%DA%A9%D8%A7%D8%B3%DB%8C%D9%88-DS-1L,68,1488,3.935483870967742,404,,0,3.53
https://mahamprint.com/category/97/%D8%B3%DB%8C%D8%A7%D9%87-%D9%88-%D8%B3%D9%81%DB%8C%D8%AF-2,17,1410,19.513475177304965,404,,0,3.56
https://mahamprint.com/category/73/Needle%20printer,17,1432,10,404,,0,4.12
https://mahamprint.com/product/1611/%D9%BE%D8%B1%DB%8C%D9%86%D8%AA%D8%B1-%D9%84%DB%8C%D8%B2%D8%B1%DB%8C-%DA%86%D9%86%D8%AF%DA%A9%D8%A7%D8%B1%D9%87-%D9%85%D8%AF%D9%84-HP-M430f,36,1405,7.154448398576513,404,,0,2.38
https://mahamprint.com/category/81/plater,17,1407,17.936034115138593,404,,0,3.36
https://mahamprint.com/category/127/%D9%87%D8%A7%D8%AA-%D8%B1%D9%88%D9%84,38,1368,6.228801169590644,404,,0,4.23
https://mahamprint.com/product/1575/%D8%AA%D9%88%D9%86%D8%B1-%DA%A9%D8%A7%D8%B1%D8%AA%D8%B1%DB%8C%D8%AC-HP-827A,56,1468,23.44482288828338,404,,0,16.35
https://mahamprint.com/category/114/%D8%A8%D8%A7%D8%AA%D8%B1%DB%8C,65,1289,5.693560899922421,404,,0,4.73
https://mahamprint.com/category/132/%D9%81%D9%88%D9%85-%D8%B1%D9%88%D9%84,28,1214,7.188632619439868,404,,0,4.48
https://mahamprint.com/product/1613/%D9%BE%D8%B1%DB%8C%D9%86%D8%AA%D8%B1-%D9%84%DB%8C%D8%B2%D8%B1%DB%8C-HP-570-DW,125,1236,6.122977346278317,404,,0,6.88
https://mahamprint.com/product/1879/%D9%84%DB%8C%D8%A8%D9%84-%D8%A8%D8%B1%DA%86%D8%B3%D8%A8-%D8%AC%D9%86%D8%B3-%D9%BE%DB%8C-%D9%88%DB%8C-%D8%B3%DB%8C-%DA%AF%D8%B1%D8%AF-%DB%8C%D8%A7-%D8%AF%D8%A7%DB%8C%D8%B1%D9%87-%D8%A8%D8%A7-%D9%82%D8%B7%D8%B1-16-%D9%85%DB%8C%D9%84%DB%8C-%D9%85%D8%AA%D8%B1,26,1203,18.228595178719868,404,,0,2.29
https://mahamprint.com/product/1603/%D9%BE%D8%B1%DB%8C%D9%86%D8%AA%D8%B1-%D8%AC%D9%88%D9%87%D8%B1%D8%A7%D9%81%D8%B4%D8%A7%D9%86-CANON-G3010,177,1527,4.307793058284217,ERR:TimeoutError,,0,31.71
https://mahamprint.com/page/call,37,1198,47.432387312186975,404,,0,2.8
https://mahamprint.com/product/483/%D8%A7%D8%B3%DA%A9%D9%86%D8%B1-Kodak-i1220,52,1148,10.059233449477352,404,,0,2.47
https://mahamprint.com/product/149/%D9%BE%D8%B1%DB%8C%D9%86%D8%AA%D8%B1-%DA%86%D9%86%D8%AF%DA%A9%D8%A7%D8%B1%D9%87-%D8%A8%D8%B1%D9%86%D8%AF-HP-M-131A,124,1141,9.76774758983348,404,,0,2.37
https://mahamprint.com/mag/%D8%A7%D9%86%D9%88%D8%A7%D8%B9-%D9%BE%D8%B1%D8%AF%D9%87-%D9%86%D9%85%D8%A7%DB%8C%D8%B4,5,1493,14.19490957803081,ERR:TimeoutError,,0,31.89
https://mahamprint.com/product/2565/%D9%BE%D8%B1%DB%8C%D9%86%D8%AA%D8%B1-%D9%84%DB%8C%D8%B2%D8%B1%DB%8C-%DA%86%D9%87%D8%A7%D8%B1%DA%A9%D8%A7%D8%B1%D9%87-%D9%85%D8%AF%D9%84-CANON-455DW,60,1326,6.935897435897436,404,,0,21.56
https://mahamprint.com/category/56/fax,4,1139,20.844600526777874,404,,0,6.63
https://mahamprint.com/category/59/Inkjet-cartridges,17,1138,21.187170474516694,404,,0,5.53
https://mahamprint.com/category/60/toner,17,1432,18.800977653631286,ERR:TimeoutError,,0,32.76
https://mahamprint.com/product/2730/%DA%A9%D8%A7%D8%B1%D8%AA-%DA%AF%D8%B1%D8%A7%D9%81%DB%8C%DA%A9-%D8%A8%D8%B1%D9%86%D8%AF-MSI-GeForce-RTX-3060-GAMING-X-12G,44,1087,9.084636614535418,404,,0,3.62
https://mahamprint.com/category/128/%D9%87%D8%AF-%D9%BE%D8%B1%DB%8C%D9%86%D8%AA%D8%B1,14,1102,14.677858439201453,404,,0,6.58
https://mahamprint.com/product/1328/%D9%85%D8%A7%D9%86%DB%8C%D8%AA%D9%88%D8%B1-Samsung-S20C325B-Plus-%D8%B3%D8%A7%DB%8C%D8%B2-%DB%B2%DB%B0-%D8%A7%DB%8C%D9%86%DA%86,44,1076,7.699814126394052,404,,0,2.58
https://mahamprint.com/product/148/%D9%BE%D8%B1%DB%8C%D9%86%D8%AA%D8%B1-%DA%86%D9%86%D8%AF%DA%A9%D8%A7%D8%B1%D9%87-%D9%84%DB%8C%D8%B2%D8%B1%DB%8C-%D8%A8%D8%B1%D9%86%D8%AF-HP-136A,58,1069,6.948550046772684,404,,0,2.89
https://mahamprint.com/mag/%DA%86%DA%AF%D9%88%D9%86%D9%87-%DA%AF%D9%88%D8%B4%DB%8C-%D8%A2%DB%8C%D9%81%D9%88%D9%86-%D8%B1%D8%A7-%D8%A8%D9%87-%D9%88%DB%8C%D8%AF%D8%A6%D9%88-%D9%BE%D8%B1%D9%88%DA%98%DA%A9%D8%AA%D9%88%D8%B1-%D9%85%D8%AA%D8%B5%D9%84-%DA%A9%D9%86%DB%8C%D9%85,19,1062,8.724105461393597,404,,0,3.19
https://mahamprint.com/product/2562/%D9%84%DB%8C%D8%A8%D9%84-%D9%BE%D8%B1%DB%8C%D9%86%D8%AA%D8%B1-%D9%85%D8%AF%D9%84-MEVA-MBP-4350,104,1056,7.097537878787879,404,,0,2.99
https://mahamprint.com/product/2656/%D8%A7%D8%B3%DA%A9%D9%86%D8%B1-%D9%BE%D8%A7%D8%B3%D9%BE%D9%88%D8%B1%D8%AA-%D8%AE%D9%88%D8%A7%D9%86-PLUSTEK-X50,47,993,7.05337361530715,404,,0,3.08
https://mahamprint.com/product/2437/%D9%BE%D8%B1%DB%8C%D9%86%D8%AA%D8%B1-%D8%B1%D9%86%DA%AF%DB%8C-%D8%B3%D9%87-%DA%A9%D8%A7%D8%B1%D9%87-EPSON-L3158W,7,1032,4.196705426356589,404,,0,4.06
https://mahamprint.com/product/407/%D8%A7%D8%B3%DA%A9%D9%86%D8%B1-AVISION-AD120,1,977,33.17400204708291,404,,0,3.72
https://mahamprint.com/mag/the-best-heli-shots-for-beginners-and-professionals,16,976,7.358606557377049,200,https://mahamprint.com/mag/the-best-heli-shots-for-beginners-and-professionals,0,2.85
https://mahamprint.com/category/89/laptop,17,940,2.4638297872340424,404,,0,2.29
https://mahamprint.com/product/3109/%D9%BE%D8%B1%DB%8C%D9%86%D8%AA%D8%B1-%D8%AC%D9%88%D9%87%D8%B1%D8%A7%D9%81%D8%B4%D8%A7%D9%86%20-CANON-%20PIXMA%20-TS3640,45,972,7.953703703703703,404,,0,3.72
https://mahamprint.com/product/932/%D9%85%D8%A7%D8%B4%DB%8C%D9%86-%D8%AD%D8%B3%D8%A7%D8%A8-Casio-DS-3B,52,974,6.825462012320329,404,,0,3.9
https://mahamprint.com/product/1058/%D8%AF%D8%B3%D8%AA%DA%AF%D8%A7%D9%87-%DA%A9%D9%BE%DB%8C-SHARP-AR-6131N,30,952,6.60609243697479,404,,0,3.62
https://mahamprint.com/category/108/%D9%85%D8%B1%DA%A9%D8%A8-%D8%B1%DB%8C%D8%B3%D9%88%DA%AF%D8%B1%D8%A7%D9%81,29,911,17.003293084522504,404,,0,2.4
https://mahamprint.com/product/1007/%D9%85%D8%A7%D8%B4%DB%8C%D9%86-%D8%AD%D8%B3%D8%A7%D8%A8-CASIO-DS-120TV,43,925,8.294054054054055,404,,0,3.52
https://mahamprint.com/product/265/%D9%BE%D8%B1%DB%8C%D9%86%D8%AA%D8%B1-%D8%AC%D9%88%D9%87%D8%B1%D8%A7%D9%81%D8%B4%D8%A7%D9%86-%D8%B3%D9%87-%DA%A9%D8%A7%D8%B1%D9%87-EPSON-L3050,82,888,8.643018018018019,404,,0,2.6
https://mahamprint.com/category/68/Barcode-reader,17,846,18.319148936170212,404,,0,2.47
https://mahamprint.com/product/995/%D9%85%D8%A7%D8%B4%DB%8C%D9%86-%D8%AD%D8%B3%D8%A7%D8%A8-PARS-DS-4130,6,844,7.9336492890995265,404,,0,2.89
https://mahamprint.com/product/3099/%D8%A7%D8%B3%DA%A9%D9%86%D8%B1-%20%D8%A7%D8%B3%D9%86%D8%A7%D8%AF-%20%D8%A7%DB%8C%E2%80%8C%20-%D9%88%DB%8C%DA%98%D9%86%20-%D9%85%D8%AF%D9%84%20-Avision-%20AD5800,2,829,61.47768395657418,404,,0,3.54
https://mahamprint.com/category/129/%D9%BE%D8%B1%D8%B3,21,881,7.509648127128263,404,,0,4.59
https://mahamprint.com/product/372/%D9%BE%D8%B1%DB%8C%D9%86%D8%AA%D8%B1-%D9%84%DB%8C%D8%B2%D8%B1%DB%8C-%D8%AA%DA%A9-%DA%A9%D8%A7%D8%B1%D9%87-hp-CP1215,58,825,9.081212121212122,404,,0,3.21
https://mahamprint.com/product/2467/%D9%BE%D8%B1%DB%8C%D9%86%D8%AA%D8%B1-%D9%84%DB%8C%D8%B2%D8%B1%DB%8C-%D8%AA%DA%A9-%DA%A9%D8%A7%D8%B1%D9%87-HP-751DN,68,818,6.319070904645477,404,,0,2.42
https://mahamprint.com/product/1013/%D9%85%D8%A7%D8%B4%DB%8C%D9%86-%D8%AD%D8%B3%D8%A7%D8%A8-Citizen-CT-612,55,820,6.458536585365854,404,,0,2.47
https://mahamprint.com/product/2609/%DA%AF%D9%88%D8%B4%DB%8C-%D8%B3%D8%A7%D9%85%D8%B3%D9%88%D9%86%DA%AF-GALAXY-S22-ULTRA-5G,18,814,7.615479115479116,404,,0,2.34
https://mahamprint.com/product/2675/%D9%BE%D8%B1%DB%8C%D9%86%D8%AA%D8%B1-%D8%B3%D9%87-%DA%A9%D8%A7%D8%B1%D9%87-%D9%84%DB%8C%D8%B2%D8%B1%DB%8CP300NW-sky,16,801,8.526841448189764,404,,0,2.56
https://mahamprint.com/product/562/%D9%84%DB%8C%D8%A8%D9%84-%D9%BE%D8%B1%DB%8C%D9%86%D8%AA%D8%B1-MEVA-MBP-1100P,95,778,8.37146529562982,404,,0,2.35
https://mahamprint.com/product/1038/%D9%85%D8%A7%D8%B4%DB%8C%D9%86-%D8%AD%D8%B3%D8%A7%D8%A8-Texas-Ti-84-Plus-CE,53,774,8.018087855297157,404,,0,2.37
https://mahamprint.com/product/2439/%D9%BE%D8%B1%DB%8C%D9%86%D8%AA%D8%B1-%D8%B1%D9%86%DA%AF%DB%8C-Epson-EcoTank-L14150,20,800,8.61625,404,,0,2.93
https://mahamprint.com/product/288/%D9%BE%D8%B1%DB%8C%D9%86%D8%AA%D8%B1-%D8%AA%DA%A9-%DA%A9%D8%A7%D8%B1%D9%87-%D9%84%DB%8C%D8%B2%D8%B1%DB%8C-HP-2055D,50,766,8.06135770234987,404,,0,2.39
https://mahamprint.com/mag/%D8%AA%D8%B9%D9%88%DB%8C%D8%B6-%DA%A9%D8%A7%D8%B1%D8%AA%D8%B1%DB%8C%D8%AC-%DA%A9%D8%A7%D9%86%D9%86,52,794,6.455919395465995,404,,0,4.6
https://mahamprint.com/category/92/Screens,2,732,48.42486338797814,404,,0,2.48
https://mahamprint.com/product/2284/%D9%87%D8%AF-%D9%BE%D8%B1%DB%8C%D9%86%D8%AA%D8%B1-Epson-P50-T50,45,736,8.748641304347826,404,,0,2.7
https://mahamprint.com/product/2504/%D8%AF%D8%B3%D8%AA%DA%AF%D8%A7%D9%87-%D8%A8%D8%A7%D8%B1%DA%A9%D8%AF-%D8%AE%D9%88%D8%A7%D9%86-%D8%AF%D9%88-%D8%A8%D8%B9%D8%AF%DB%8C-Datalogic-%D9%85%D8%AF%D9%84-QD-2590,17,725,8.441379310344828,404,,0,2.73
https://mahamprint.com/product/949/%D9%85%D8%A7%D8%B4%DB%8C%D9%86-%D8%AD%D8%B3%D8%A7%D8%A8-Canon-WS-1410TG,26,715,4.634965034965035,404,,0,2.71
https://mahamprint.com/product/2804/%D9%BE%D8%B1%DB%8C%D9%86%D8%AA%D8%B1-%D8%AC%D9%88%D9%87%D8%B1%D8%A7%D9%81%D8%B4%D8%A7%D9%86-%D8%B3%D9%87-%DA%A9%D8%A7%D8%B1%D9%87-EPSON-L3260,22,672,9.642857142857142,404,,0,2.26
https://mahamprint.com/product/486/%D8%A7%D8%B3%DA%A9%D9%86%D8%B1-%D8%AF%D8%B3%D8%AA%DB%8C-Avision-MiWand-2L,14,683,12.301610541727673,404,,0,2.56
https://mahamprint.com/product/392/%D8%A7%D8%B3%DA%A9%D9%86%D8%B1-HP-4010,49,764,7.37434554973822,404,,0,5.85
https://mahamprint.com/product/3095/%D8%A7%D8%B3%DA%A9%D9%86%D8%B1%20-KODAK%20-E%20-1030,2,686,32.606413994169095,404,,0,3.4
https://mahamprint.com/product/130/%D9%BE%D8%B1%DB%8C%D9%86%D8%AA%D8%B1-%D8%AA%DA%A9-%DA%A9%D8%A7%D8%B1%D9%87-%D9%84%DB%8C%D8%B2%D8%B1%DB%8C-BROTHER-HL-L6200DW,37,706,7.410764872521247,404,,0,4.05
https://mahamprint.com/product/1248/%D8%AA%D8%A8%D9%84%D8%AA-%D9%BE%D8%B1%D9%88%DA%98%DA%A9%D8%AA%D9%88%D8%B1-AIPTEK-P70,39,664,8.016566265060241,404,,0,2.89
https://mahamprint.com/category/86/PAPER,9,661,2.0075642965204237,404,,0,2.68
https://mahamprint.com/category/139/%D8%A7%D8%B3%DA%A9%D9%86%D8%B1-%D8%A7%D8%AB%D8%B1-%D8%A7%D9%86%DA%AF%D8%B4%D8%AA,11,664,10.68222891566265,404,,0,2.85
https://mahamprint.com/mag/how-to-choose-the-best-office-scanner,3,643,34.755832037325035,200,https://mahamprint.com/mag/how-to-choose-the-best-office-scanner,0,2.76
https://mahamprint.com/product/1873/%D9%84%DB%8C%D8%A8%D9%84-%D8%A8%D8%B1%DA%86%D8%B3%D8%A8-%D9%85%D8%AA%D8%A7%D9%84-%D9%BE%DB%8C%D9%88%D8%B3%D8%AA%D9%87-%D8%B9%D8%B1%D8%B6-100-%D9%85%DB%8C%D9%84%DB%8C%D9%85%D8%AA%D8%B1,3,632,36.05696202531646,404,,0,3.5
https://mahamprint.com/category/58/Laser-cartridge,3,650,39.72615384615385,404,,0,4.05
https://mahamprint.com/product/915/%D9%85%D8%A7%D8%B4%DB%8C%D9%86-%D8%AD%D8%B3%D8%A7%D8%A8-Casio-GY-140C,14,626,7.761980830670926,404,,0,3.46
https://mahamprint.com/index.php?productID=2960,21,622,7.676848874598071,404,,0,2.97
https://mahamprint.com/product/2024/%D9%81%DB%8C%D8%B4-%D9%BE%D8%B1%DB%8C%D9%86%D8%AA%D8%B1-REMO-RP-220,13,626,14.864217252396166,404,,0,3.22
https://mahamprint.com/product/874/%D8%A7%D8%B3%DA%A9%D9%86%D8%A7%D8%B3-%D8%B4%D9%85%D8%A7%D8%B1-Bill-Counter-V10,41,618,6.0792880258899675,404,,0,2.93
https://mahamprint.com/product/1326/%D9%85%D8%A7%D9%86%DB%8C%D8%AA%D9%88%D8%B1-%D8%B3%D8%A7%D9%85%D8%B3%D9%88%D9%86%DA%AF-S22R350FHM-%D8%B3%D8%A7%DB%8C%D8%B2-%DB%B2%DB%B2-%D8%A7%DB%8C%D9%86%DA%86,39,609,7.587848932676519,404,,0,2.51
https://mahamprint.com/product/3068/printer-chand-kare-lazeri-canon-model-275dw,27,606,7.641914191419142,404,,0,2.22
https://mahamprint.com/product/2445/%D9%84%DB%8C%D8%A8%D9%84-%D9%BE%D8%B1%DB%8C%D9%86%D8%AA%D8%B1-%D8%A8%D8%B1%D9%86%D8%AF-brother-Pt-e850tkw,59,611,6.741407528641571,404,,0,3.67
https://mahamprint.com/categories/printer,10,587,15.233390119250426,200,https://mahamprint.com/categories/printer,0,2.58
https://mahamprint.com/product/2917/%D8%A7%D8%B3%DA%A9%D9%86%D8%B1-hp-5590,16,583,9.051457975986278,404,,0,2.56
https://mahamprint.com/product/1341/%D8%AA%D9%88%D9%86%D8%B1-HP-680-CMY,38,581,6.461273666092943,404,,0,2.53
https://mahamprint.com/product/95/%D9%BE%D8%B1%DB%8C%D9%86%D8%AA%D8%B1-%D9%84%DB%8C%D8%B2%D8%B1%DB%8C-%D8%AA%DA%A9-%DA%A9%D8%A7%D8%B1%D9%87-CANON-6230DW,19,581,7.760757314974183,404,,0,2.67
https://mahamprint.com/product/962/%D9%85%D8%A7%D8%B4%DB%8C%D9%86-%D8%AD%D8%B3%D8%A7%D8%A8-%D8%B3%DB%8C%D8%AA%DB%8C%D8%B2%D9%86-CT-780,26,576,7.869791666666667,404,,0,2.69
https://mahamprint.com/mag/%D9%BE%D8%B1%DB%8C%D9%86%D8%AA%D8%B1-%D9%84%DB%8C%D8%B2%D8%B1%DB%8C-%D8%A7%DA%86-%D9%BE%DB%8C-%D9%85%D8%AF%D9%84-m402n-%D9%88-%D9%BE%D8%B1%DB%8C%D9%86%D8%AA%D8%B1-%D8%AA%DA%A9-%DA%A9%D8%A7%D8%B1%D9%87,54,570,6.28421052631579,404,,0,2.87
https://mahamprint.com/product/1896/%D8%A7%D8%B3%DA%A9%D9%86%D8%B1-AVISION-ad-220-d2,28,568,8.121478873239436,404,,0,2.78
https://mahamprint.com/product/308/%D9%BE%D8%B1%DB%8C%D9%86%D8%AA%D8%B1-hp-479-fdn,18,561,7.670231729055258,404,,0,2.84
https://mahamprint.com/product/1617/%D9%BE%D8%B1%DB%8C%D9%86%D8%AA%D8%B1-%DA%86%D9%86%D8%AF%DA%A9%D8%A7%D8%B1%D9%87-%D8%A8%D8%B1%D9%86%D8%AF-hp-436dn,27,560,6.916071428571429,404,,0,3.19
https://mahamprint.com/product/911/%D9%85%D8%A7%D8%B4%DB%8C%D9%86-%D8%AD%D8%B3%D8%A7%D8%A8-Canuo-cn-107,28,545,7.284403669724771,404,,0,3.39
https://mahamprint.com/product/412/%D8%A7%D8%B3%DA%A9%D9%86%D8%B1-AVISION-AV5400,7,533,44.431519699812384,404,,0,3.56
https://mahamprint.com/product/490/%D8%A7%D8%B3%DA%A9%D9%86%D8%B1-Canon-DRF120,15,528,22.884469696969695,404,,0,2.64
https://mahamprint.com/product/2561/%D9%84%DB%8C%D8%A8%D9%84-%D9%BE%D8%B1%DB%8C%D9%86%D8%AA%D8%B1-MEVA-MBP-4250,56,539,8.653061224489797,404,,0,4.65
https://mahamprint.com/product/554/%D9%84%DB%8C%D8%A8%D9%84-%D9%BE%D8%B1%DB%8C%D9%86%D8%AA%D8%B1-TSC-TA210,22,560,9.60892857142857,404,,0,6.2
https://mahamprint.com/product/2732/%DA%A9%D8%A7%D8%B1%D8%AA-%DA%AF%D8%B1%D8%A7%D9%81%DB%8C%DA%A9-MSI-GeForce-RTX-3060-Ti-GAMING-X-8G,14,521,7.8291746641074855,404,,0,4.49
https://mahamprint.com/brand/62/DYMO-2,0,524,77.25954198473282,404,,0,5.64
https://mahamprint.com/product/3098/%D8%A7%D8%B3%DA%A9%D9%86%D8%B1%20-%D8%B1%DB%8C%DA%A9%D9%88%20-fi-8250,0,526,30.771863117870723,404,,0,6.38
https://mahamprint.com/product/1043/%D8%AF%D8%B3%D8%AA%DA%AF%D8%A7%D9%87-%DA%A9%D9%BE%DB%8C-Toshiba-355,10,527,9.026565464895636,404,,0,7.89
https://mahamprint.com/category/123/%D8%B3%DB%8C%D9%86%DB%8C-%D9%88%D8%B1%D9%88%D8%AF%DB%8C-%D9%BE%D8%B1%DB%8C%D9%86%D8%AA%D8%B1,37,532,7.0169172932330826,404,,0,9.83
https://mahamprint.com/category/107/%D8%AF%D9%88%D9%84%D9%88%D9%BE%D8%B1,12,516,7.4476744186046515,404,,0,2.47
https://mahamprint.com/category/93/monitor,4,517,54.375241779497095,404,,0,6.64
https://mahamprint.com/product/410/%D8%A7%D8%B3%DA%A9%D9%86%D8%B1-%E2%80%8C%E2%80%8C%E2%80%8C%E2%80%8CAVISION-AD250,0,511,42.980430528375734,404,,0,2.65
https://mahamprint.com/product/1684/%D8%AF%D8%B3%D8%AA%DA%AF%D8%A7%D9%87-%D9%81%DA%A9%D8%B3-%DA%86%D9%87%D8%A7%D8%B1-%DA%A9%D8%A7%D8%B1%D9%87-%D8%A8%D8%B1%D9%86%D8%AF-CANON-%D9%85%D8%AF%D9%84-L410,22,503,8.240556660039761,404,,0,2.25
https://mahamprint.com/product/672/%D8%AF%D8%B3%D8%AA%DA%AF%D8%A7%D9%87-%DA%A9%D8%A7%D8%BA%D8%B0-%D8%AE%D8%B1%D8%AF%DA%A9%D9%86-protech-%D9%85%D8%AF%D9%84-468,0,511,40.54794520547945,404,,0,2.71
https://mahamprint.com/product/2996/%D9%BE%D8%B1%DB%8C%D9%86%D8%AA%D8%B1%20-%D9%84%DB%8C%D8%B2%D8%B1%DB%8C%20-%D8%B3%D9%87%20%DA%A9%D8%A7%D8%B1%D9%87%20-canon-%20272dw,10,502,7.221115537848606,404,,0,3.58
https://mahamprint.com/product/943/%D9%85%D8%A7%D8%B4%DB%8C%D9%86-%D8%AD%D8%B3%D8%A7%D8%A8-PARS-PR-8420-LP,30,501,7.3293413173652695,404,,0,2.75
https://mahamprint.com/mag/aerial-photography-techniques-with-helishot,1,498,9.580321285140561,200,https://mahamprint.com/mag/aerial-photography-techniques-with-helishot,0,2.79
https://mahamprint.com/product/1554/%DA%A9%D8%A7%D8%B1%D8%AA%D8%B1%DB%8C%D8%AC-%D8%AA%D9%88%D9%86%D8%B1-HP-37A,26,497,11.338028169014084,404,,0,2.97
https://mahamprint.com/brand/37/sharp,13,501,9.886227544910179,404,,0,4.17
https://mahamprint.com/mag/%D8%AA%D8%B9%D9%85%DB%8C%D8%B1-%D8%A7%D8%B3%DA%A9%D9%86%D8%B1,12,496,21.076612903225808,404,,0,2.95
https://mahamprint.com/category/82/cart%20print,0,495,13.141414141414142,404,,0,2.68
https://mahamprint.com/product/126/%D9%BE%D8%B1%DB%8C%D9%86%D8%AA%D8%B1-%D9%84%DB%8C%D8%B2%D8%B1%DB%8C-BROTHER-HL-1210W,34,494,7.145748987854251,404,,0,2.4
https://mahamprint.com/category/133/Helishot,6,494,23.28744939271255,404,,0,2.45
https://mahamprint.com/search?search=,6,492,1.4979674796747968,200,https://mahamprint.com/search?search=,0,2.35
https://mahamprint.com/product/2690/%DA%86%DA%A9-%D8%A7%D8%B3%DA%A9%D9%86%D8%B1-%D8%A8%D8%B1%D9%86%D8%AF-Glory-%D9%85%D8%AF%D9%84-FB-30,53,489,7.155419222903886,404,,0,2.54
https://mahamprint.com/product/937/%D9%85%D8%A7%D8%B4%DB%8C%D9%86-%D8%AD%D8%B3%D8%A7%D8%A8-CASIO-DJ-220,20,472,7.315677966101695,404,,0,2.01
https://mahamprint.com/brand/33/kodak,7,480,14.445833333333333,404,,0,3.56
https://mahamprint.com/category/118/%D9%85%DA%AF%D9%86%D8%AA,16,474,6.845991561181434,404,,0,3.34
https://mahamprint.com/product/1610/%D9%BE%D8%B1%DB%8C%D9%86%D8%AA%D8%B1-%D9%84%DB%8C%D8%B2%D8%B1%DB%8C-%DA%86%D9%86%D8%AF%DA%A9%D8%A7%D8%B1%D9%87-%D8%A8%D8%B1%D9%86%D8%AF-HP-%D9%85%D8%AF%D9%84-426M,35,467,6.918629550321199,404,,0,2.53
https://mahamprint.com/product/1699/%D8%AA%D9%88%D9%86%D8%B1-%DA%A9%D8%A7%D8%B1%D8%AA%D8%B1%DB%8C%D8%AC-HP-134A,3,464,14.303879310344827,404,,0,2.79
https://mahamprint.com/category/91/video%20projector1,12,467,33.04496788008565,404,,0,3.42
https://mahamprint.com/product/894/%D8%A7%D8%B3%DA%A9%D9%86%D8%A7%D8%B3-%D8%B4%D9%85%D8%A7%D8%B1-%D8%B1%D9%88%D9%85%DB%8C%D8%B2%DB%8C-AX-5800D,35,462,6.32034632034632,404,,0,3.19
https://mahamprint.com/product/94/%D9%BE%D8%B1%DB%8C%D9%86%D8%AA%D8%B1-%D9%84%DB%8C%D8%B2%D8%B1%DB%8C-%D8%AA%DA%A9-%DA%A9%D8%A7%D8%B1%D9%87-CANON-6030,11,454,8.669603524229075,404,,0,2.64
https://mahamprint.com/product/461/%D8%A7%D8%B3%DA%A9%D9%86%D8%B1-Canon-DR-M160II,10,462,23.372294372294373,404,,0,3.16
https://mahamprint.com/product/505/%D8%A7%D8%B3%DA%A9%D9%86%D8%B1-Kodak-Alaris-i2000,25,457,9.980306345733041,404,,0,3.29
https://mahamprint.com/mag/how-to-use-spatial-audio-features-in-airpods,11,449,6.939866369710468,200,https://mahamprint.com/mag/how-to-use-spatial-audio-features-in-airpods,0,2.66
https://mahamprint.com/product/936/%D9%85%D8%A7%D8%B4%DB%8C%D9%86-%D8%AD%D8%B3%D8%A7%D8%A8-Casio-ALGEBRA-FX20-PLUS,31,441,24.621315192743765,404,,0,2.65
https://mahamprint.com/product/3022/%D9%BE%D8%B1%DB%8C%D9%86%D8%AA%D8%B1%20-%D8%B3%D9%87%20-%DA%A9%D8%A7%D8%B1%D9%87%20-%D9%84%DB%8C%D8%B2%D8%B1%DB%8C-%20Canon-%20MF-%20232%20nw,21,441,6.163265306122449,404,,0,2.77
https://mahamprint.com/mag/%D9%85%D8%AE%D8%AA%D8%B1%D8%B9-%D9%BE%D8%B1%DB%8C%D9%86%D8%AA%D8%B1-%D9%84%DB%8C%D8%B2%D8%B1%DB%8C,11,440,6.3522727272727275,404,,0,2.31
https://mahamprint.com/product/1713/%D8%B1%DB%8C%D8%A8%D9%88%D9%86-%D8%B1%D9%86%DA%AF%DB%8C-250-%D8%B9%DA%A9%D8%B3-%D8%A7%D8%B3%D9%85%D8%A7%D8%B1%D8%AA-Smart-30-YMCKO-Ribbon-%D8%A7%D9%88%D8%B1%D8%AC%DB%8C%D9%86%D8%A7%D9%84,6,438,9.776255707762557,404,,0,2.48
https://mahamprint.com/product/727/%DA%A9%D8%A7%D8%BA%D8%B0-%D8%AE%D8%B1%D8%AF-%DA%A9%D9%86-Nikita-SD-9355,5,440,10.179545454545455,404,,0,3.36
https://mahamprint.com/product/2877/%DA%A9%D8%A7%D8%BA%D8%B0-%D8%AE%D8%B1%D8%AF%DA%A9%D9%86-%D9%86%DB%8C%DA%A9%DB%8C%D8%AA%D8%A7-9305,2,436,9.373853211009175,404,,0,2.97
https://mahamprint.com/product/788/%D8%A8%D8%A7%D8%B1%DA%A9%D8%AF-%D8%A7%D8%B3%DA%A9%D9%86%D8%B1-%D8%A8%D8%B1%D9%86%D8%AF-DATALOGIC-%D9%85%D8%AF%D9%84-QuickScan-I-QM2400,11,434,6.847926267281106,404,,0,3.08
https://mahamprint.com/product/1897/KODAK-S2050,3,434,19.43778801843318,404,,0,2.58
https://mahamprint.com/product/2881/%D9%BE%D8%B1%DB%8C%D9%86%D8%AA%D8%B1-%D9%84%DB%8C%D8%B2%D8%B1%DB%8C-%D8%AA%DA%A9-%DA%A9%D8%A7%D8%B1%D9%87-%D8%A7%D8%B3%D8%AA%D9%88%DA%A9-hp-2035,1,433,16.064665127020785,404,,0,2.83
https://mahamprint.com/product/993/%D9%85%D8%A7%D8%B4%DB%8C%D9%86-%D8%AD%D8%B3%D8%A7%D8%A8-PARS-PX-4600-Plus-II,26,425,6.868235294117647,404,,0,2.78
https://mahamprint.com/product/434/%D8%A7%D8%B3%DA%A9%D9%86%D8%B1-FUJITSU-FI-6130,22,420,9.621428571428572,404,,0,2.54
https://mahamprint.com/product/279/%D9%BE%D8%B1%DB%8C%D9%86%D8%AA%D8%B1-RICOH-%D9%85%D8%AF%D9%84-SP-220NW,41,420,8.216666666666667,404,,0,3.19
https://mahamprint.com/news/view/6/%D9%BE%D8%B1%DB%8C%D9%86%D8%AA%D8%B1-%D8%A7%D8%B1%D8%B2%D8%A7%D9%86-%D9%82%DB%8C%D9%85%D8%AA,4,422,6.921800947867299,404,,0,3.44
https://mahamprint.com/product/223/%D9%BE%D8%B1%DB%8C%D9%86%D8%AA%D8%B1-%D8%AC%D9%88%D9%87%D8%B1%D8%A7%D9%81%D8%B4%D8%A7%D9%86-%D8%B3%D9%87-%DA%A9%D8%A7%D8%B1%D9%87-HP-415W,10,420,8.790476190476191,404,,0,2.57
https://mahamprint.com/product/3125/%D9%BE%D8%B1%DB%8C%D9%86%D8%AA%D8%B1-%D8%AA%DA%A9%20-%DA%A9%D8%A7%D8%B1%D9%87-%D9%84%DB%8C%D8%B2%D8%B1%DB%8C-HP-108a,11,432,9.069444444444445,404,,0,5.0
https://mahamprint.com/index.php?productID=2968,4,418,32.535885167464116,404,,0,2.75
https://mahamprint.com/product/1622/%D9%BE%D8%B1%DB%8C%D9%86%D8%AA%D8%B1-%D8%B3%D9%87-%DA%A9%D8%A7%D8%B1%D9%87-%D8%A8%D8%B1%D9%86%D8%AF-Canon-%D9%85%D8%AF%D9%84-MF443dw,2,415,19.342168674698794,404,,0,2.4
https://mahamprint.com/product/2456/%D9%BE%D8%B1%DB%8C%D9%86%D8%AA%D8%B1-%D9%84%DB%8C%D8%B2%D8%B1%DB%8C-RICOH-%D9%85%D8%AF%D9%84-SP-213-SFNW,60,414,18.73671497584541,404,,0,2.51
https://mahamprint.com/mag/%D8%AA%D8%B9%D9%85%DB%8C%D8%B1-%D9%BE%D8%B1%DB%8C%D9%86%D8%AA%D8%B1-%D8%B3%D9%88%D8%B2%D9%86%DB%8C,33,413,8.961259079903147,404,,0,2.46
https://mahamprint.com/product/1891/%D8%A7%D8%B3%DA%A9%D9%86%D8%B1-%DA%A9%D8%A7%D9%86%D9%86-X103-%D8%B3%D8%A7%DB%8C%D8%B2-a3,8,417,40.07434052757794,404,,0,3.02
https://mahamprint.com/product/1111/%D8%AA%D9%88%D9%86%D8%B1-%D8%B4%D8%A7%D8%B1%DA%98-%D9%85%D8%AF%D9%84-samsung-500gr,12,411,7.099756690997567,404,,0,2.94
https://mahamprint.com/product/409/%D8%A7%D8%B3%DA%A9%D9%86%D8%B1-AVISION-AD240,1,405,34.303703703703704,404,,0,3.28
https://mahamprint.com/product/2521/%D9%BE%D8%B1%DB%8C%D9%86%D8%AA%D8%B1-%D8%AA%DA%A9-%DA%A9%D8%A7%D8%B1%D9%87-%D8%AC%D9%88%D9%87%D8%B1%D8%A7%D9%81%D8%B4%D8%A7%D9%86-Epson-%D9%85%D8%AF%D9%84-L1250W,19,403,6.26302729528536,404,,0,2.45
https://mahamprint.com/product/413/%D8%A7%D8%B3%DA%A9%D9%86%D8%B1-AVISION-FB1000,2,404,21.68069306930693,404,,0,2.72
https://mahamprint.com/product/1740/%D8%B1%DB%8C%D8%A8%D9%88%D9%86-%D9%85%D8%B4%DA%A9%DB%8C-%DA%A9%D8%A7%D8%B1%D8%AA-%D9%BE%D8%B1%DB%8C%D9%86%D8%AA%D8%B1-Evolis-R3012-KO,0,400,48.4575,404,,0,2.65
https://mahamprint.com/product/2490/%D9%BE%D8%B1%D8%AF%D9%87-%D9%86%D9%85%D8%A7%DB%8C%D8%B4-%D8%A8%D8%B1%D9%82%DB%8C-SCOPE-4-4,4,399,50.51127819548872,404,,0,2.64
https://mahamprint.com/product/1614/%D9%BE%D8%B1%DB%8C%D9%86%D8%AA%D8%B1-%D9%84%DB%8C%D8%B2%D8%B1%DB%8C-%DA%86%D9%86%D8%AF-%DA%A9%D8%A7%D8%B1%D9%87-%D8%A8%D8%B1%D9%86%D8%AF-HP-%D9%85%D8%AF%D9%84-282NW,9,398,6.9798994974874375,404,,0,2.49
https://mahamprint.com/mag/%DA%86%D8%A7%D9%BE-%D9%87%D9%88%D8%B4%D9%85%D9%86%D8%AF,1,398,57.29899497487437,404,,0,2.56
https://mahamprint.com/product/865/%D8%AF%D8%B3%D8%AA%DA%AF%D8%A7%D9%87-%D8%A7%D8%B3%DA%A9%D9%86%D8%A7%D8%B3-%D8%B4%D9%85%D8%A7%D8%B1-%D8%B3%DB%8C-%D8%AA%DA%A9-%D9%85%D8%AF%D9%84-ST-150,21,392,8.892857142857142,404,,0,2.48
https://mahamprint.com/product/1545/%D8%AA%D9%88%D9%86%D8%B1-%DA%A9%D8%A7%D8%B1%D8%AA%D8%B1%DB%8C%D8%AC-SAMSUNG-D111L,23,386,7.0310880829015545,404,,0,2.48
https://mahamprint.com/product/51/%D9%BE%D8%B1%DB%8C%D9%86%D8%AA%D8%B1-%D8%AA%DA%A9-%DA%A9%D8%A7%D8%B1%D9%87-%D9%84%DB%8C%D8%B2%D8%B1%DB%8C-%D8%A8%D8%B1%D9%86%D8%AF-PANTUM-P5000,22,383,6.4751958224543085,404,,0,2.43
https://mahamprint.com/product/1323/%D9%85%D8%A7%D9%86%DB%8C%D8%AA%D9%88%D8%B1-%D8%B3%D8%A7%D9%85%D8%B3%D9%88%D9%86%DA%AF-%D9%85%D8%AF%D9%84-C27F390FHM-%D8%B3%D8%A7%DB%8C%D8%B2-%DB%B2%DB%B7-%D8%A7%DB%8C%D9%86%DA%86,36,378,7.021164021164021,404,,0,2.46
https://mahamprint.com/category/67/Absence%20attendance%20device,5,391,48.69565217391305,404,,0,3.44
https://mahamprint.com/mag/%D8%A8%D8%A7-%D8%A7%D9%86%D9%88%D8%A7%D8%B9-%D8%AF%D8%B3%D8%AA%DA%AF%D8%A7%D9%87-%D9%BE%D9%84%D8%A7%D8%AA%D8%B1-%D8%A2%D8%B4%D9%86%D8%A7-%D8%B4%D9%88%DB%8C%D8%AF,1,375,21.701333333333334,404,,0,2.82
https://mahamprint.com/product/1071/%D8%AF%D8%B3%D8%AA%DA%AF%D8%A7%D9%87-%DA%A9%D9%BE%DB%8C-SHARP-AR-M451N,41,374,12.831550802139038,404,,0,2.72
https://mahamprint.com/product/914/%D9%85%D8%A7%D8%B4%DB%8C%D9%86-%D8%AD%D8%B3%D8%A7%D8%A8-%DA%A9%D8%A7%D8%B3%DB%8C%D9%88-Fx-4500p,39,374,7.342245989304812,404,,0,2.55
https://mahamprint.com/product/1044/%D8%AF%D8%B3%D8%AA%DA%AF%D8%A7%D9%87-%DA%A9%D9%BE%DB%8C-Toshiba-455,20,374,8.03475935828877,404,,0,3.02
https://mahamprint.com/product/541/%D9%81%DB%8C%D8%B4-%D9%BE%D8%B1%DB%8C%D9%86%D8%AA%D8%B1-%D8%AD%D8%B1%D8%A7%D8%B1%D8%AA%DB%8C-%D9%85%D8%AF%D9%84-zec-zp300,15,373,7.565683646112601,404,,0,2.58
https://mahamprint.com/category/109/%D8%AA%D8%A7%D9%86%DA%A9-%D8%AC%D9%88%D9%87%D8%B1,12,372,16.155913978494624,404,,0,3.14
https://mahamprint.com/product/2693/%D9%BE%D8%B1%DB%8C%D9%86%D8%AA%D8%B1-%D8%AA%DA%A9-%DA%A9%D8%A7%D8%B1%D9%87-%D9%84%DB%8C%D8%B2%D8%B1%DB%8C-hp-612dn,24,366,5.647540983606557,404,,0,2.47
https://mahamprint.com/page/fasp,2,368,47.41576086956522,404,,0,2.86
https://mahamprint.com/product/289/%D9%BE%D8%B1%DB%8C%D9%86%D8%AA%D8%B1-%D8%AA%DA%A9-%DA%A9%D8%A7%D8%B1%D9%87-%D9%84%DB%8C%D8%B2%D8%B1%DB%8C-HP-2055DN,14,365,11.09041095890411,404,,0,2.6
https://mahamprint.com/product/3060/%D9%BE%D8%B1%DB%8C%D9%86%D8%AA%D8%B1-%20%D8%B3%D9%87-%20%DA%A9%D8%A7%D8%B1%D9%87-%20canon%20-273-%20dw,38,361,6.113573407202216,404,,0,2.84
https://mahamprint.com/mag/%D8%AF%D8%B3%D8%AA%DA%AF%D8%A7%D9%87-%D9%BE%DB%8C%D8%AC%D8%B1,8,362,10.096685082872929,404,,0,3.1
https://mahamprint.com/product/994/%D9%85%D8%A7%D8%B4%DB%8C%D9%86-%D8%AD%D8%B3%D8%A7%D8%A8-PARS-GX-8000,20,359,6.4735376044568245,404,,0,2.61
https://mahamprint.com/mag/%D8%A2%D9%85%D9%88%D8%B2%D8%B4-%D9%BE%D8%B1%DB%8C%D9%86%D8%AA-%D8%A8%D8%A7%D9%86%D8%B1%D9%85-%D8%A7%D9%81%D8%B2%D8%A7%D8%B1-hp-eprint,7,359,7.610027855153203,404,,0,2.88
https://mahamprint.com/product/2481/%D9%BE%D8%B1%DB%8C%D9%86%D8%AA%D8%B1-%D9%84%DB%8C%D8%B2%D8%B1%DB%8C-%D8%AA%DA%A9-%DA%A9%D8%A7%D8%B1%D9%87-canon-%D9%85%D8%AF%D9%84-2900,18,356,7.351123595505618,404,,0,2.74
https://mahamprint.com/product/348/%D9%BE%D8%B1%DB%8C%D9%86%D8%AA%D8%B1-%D9%84%DB%8C%D8%B2%D8%B1%DB%8C-%DA%86%D9%86%D8%AF-%DA%A9%D8%A7%D8%B1%D9%87-%D8%A8%D8%B1%D9%86%D8%AF-HP-182N,6,355,7.512676056338028,404,,0,3.28
https://mahamprint.com/category/116/%D8%AF%D8%B1%D8%A7%D9%85,4,350,14.451428571428572,404,,0,2.82
https://mahamprint.com/product/116/%D9%BE%D8%B1%DB%8C%D9%86%D8%AA%D8%B1-%D9%84%DB%8C%D8%B2%D8%B1%DB%8C-%D8%AA%DA%A9-%DA%A9%D8%A7%D8%B1%D9%87-SAMSUNG-%D9%85%D8%AF%D9%84-CLP-320,19,348,8.913793103448276,404,,0,2.6
https://mahamprint.com/product/3126/%D9%BE%D8%B1%DB%8C%D9%86%D8%AA%D8%B1-%D8%AA%DA%A9%20-%DA%A9%D8%A7%D8%B1%D9%87-%D9%84%DB%8C%D8%B2%D8%B1%DB%8C-HP-108w,7,352,8.582386363636363,404,,0,3.48
https://mahamprint.com/product/1259/%D9%88%DB%8C%D8%AF%D8%A6%D9%88-%D9%BE%D8%B1%D9%88%DA%98%DA%A9%D8%AA%D9%88%D8%B1-%D8%AC%DB%8C%D8%A8%DB%8C-SONY-MP-CL1A,32,342,11.807017543859649,404,,0,2.9
https://mahamprint.com/product/410/%D8%A7%D8%B3%DA%A9%D9%86%D8%B1-AVISION-AD250,0,344,41.950581395348834,404,,0,2.99
https://mahamprint.com/product/1501/%D8%AA%D9%88%D9%86%D8%B1-%DA%A9%D8%A7%D8%B1%D8%AA%D8%B1%DB%8C%D8%AC-CANON-337,20,341,6.557184750733138,404,,0,2.78
https://mahamprint.com/product/400/%D8%A7%D8%B3%DA%A9%D9%86%D8%B1-Canon-DR-C240,17,339,31.86135693215339,404,,0,2.55
https://mahamprint.com/product/1938/%D9%86%D9%88%D8%A7%D8%B1-%D9%84%DB%8C%D8%A8%D9%84-%D9%BE%D8%B1%DB%8C%D9%86%D8%AA%D8%B1-brother-TZE-231-%D8%BA%DB%8C%D8%B1-%D8%A7%D9%88%D8%B1%D8%AC%DB%8C%D9%86%D8%A7%D9%84,10,338,7.8698224852071,404,,0,2.68
https://mahamprint.com/product/3020/%D9%BE%D8%B1%DB%8C%D9%86%D8%AA%D8%B1-%20%D9%84%DB%8C%D8%B2%D8%B1%DB%8C%20-%D8%B1%D9%86%DA%AF%DB%8C%20-Canon%20-7100-%20cn,34,336,4.931547619047619,404,,0,2.49
https://mahamprint.com/product/973/%D9%85%D8%A7%D8%B4%DB%8C%D9%86-%D8%AD%D8%B3%D8%A7%D8%A8-CASIO-FX-350ms,13,328,7.807926829268292,404,,0,2.59
https://mahamprint.com/product/246/%D9%BE%D8%B1%DB%8C%D9%86%D8%AA%D8%B1-%D8%AC%D9%88%D9%87%D8%B1-%D8%A7%D9%81%D8%B4%D8%A7%D9%86-CANON-1410,16,326,6.923312883435583,404,,0,2.31
https://mahamprint.com/product/658/%DA%A9%D8%A7%D8%BA%D8%B0-%D8%AE%D8%B1%D8%AF-%DA%A9%D9%86-nikita-%D9%85%D8%AF%D9%84-468,1,326,29.93558282208589,404,,0,2.21
https://mahamprint.com/product/430/%D8%A7%D8%B3%DA%A9%D9%86%D8%B1-FUJITSU-FI-7160,5,335,32.72835820895523,404,,0,3.33
https://mahamprint.com/cart,1,336,2.3392857142857144,200,https://mahamprint.com/cart,0,3.7
https://mahamprint.com/product/421/%D8%A7%D8%B3%DA%A9%D9%86%D8%B1-%D9%85%D8%AF%D9%84-Kodak-i1420,11,323,11.130030959752322,404,,0,2.5
https://mahamprint.com/product/2624/%D8%A7%DB%8C%D8%B1%D9%BE%D8%A7%D8%AF-samsung-galaxy-buds-pro,15,314,1.6719745222929936,404,,0,2.27
https://mahamprint.com/product/1539/%DA%A9%D8%A7%D8%B1%D8%AA%D8%B1%DB%8C%D8%AC-BROTHER-TN-660,35,321,7.003115264797508,404,,0,2.9
https://mahamprint.com/product/1189/%D9%84%D9%BE-%D8%AA%D8%A7%D9%BE-13-%D8%A7%DB%8C%D9%86%DA%86%DB%8C-%D8%A7%D9%BE%D9%84-MacBook-Air-MWTK2,1,311,8.093247588424436,404,,0,2.26
https://mahamprint.com/category/122/%D8%B3%DB%8C%D9%86%DB%8C-%D8%AE%D8%B1%D9%88%D8%AC%DB%8C-%D9%BE%D8%B1%DB%8C%D9%86%D8%AA%D8%B1,16,313,8.006389776357828,404,,0,2.76
https://mahamprint.com/mag/%D8%B1%D8%A7%D9%87%D9%86%D9%85%D8%A7%DB%8C-%D8%AE%D8%B1%DB%8C%D8%AF-%D9%BE%D9%88%D9%84-%D8%B4%D9%85%D8%A7%D8%B1-%D9%88-%D8%A7%D8%B3%DA%A9%D9%86%D8%A7%D8%B3-%D8%B4%D9%85%D8%A7%D8%B1,12,319,7.702194357366771,404,,0,3.49
https://mahamprint.com/product/924/%D9%85%D8%A7%D8%B4%DB%8C%D9%86-%D8%AD%D8%B3%D8%A7%D8%A8-Atima-AT-2231T,16,317,6.545741324921136,404,,0,3.91
https://mahamprint.com/product/423/%D8%A7%D8%B3%DA%A9%D9%86%D8%B1-Kodak-i3250,7,308,25.626623376623378,404,,0,5.64
https://mahamprint.com/category/62/roll,6,301,10.857142857142858,404,,0,5.15
https://mahamprint.com/category/97/%D8%B3%DB%8C%D8%A7%D9%87-%D9%88-%D8%B3%D9%81%DB%8C%D8%AF,12,303,10.151815181518153,404,,0,5.47
https://mahamprint.com/product/2441/%D8%AF%DB%8C%D8%AA%D8%A7-%D9%BE%D8%B1%D9%88%DA%98%DA%A9%D8%AA%D9%88%D8%B1-BenQ-%D9%85%D8%AF%D9%84-MX-560,6,298,7.523489932885906,404,,0,4.75
https://mahamprint.com/product/2464/%D9%BE%D8%B1%DB%8C%D9%86%D8%AA%D8%B1-%D8%AC%D9%88%D9%87%D8%B1-%D8%A7%D9%81%D8%B4%D8%A7%D9%86-CANON-PIXMA-G640,24,308,8.568181818181818,404,,0,6.32
https://mahamprint.com/category/124/%D9%81%DB%8C%D9%84%D9%85-%D9%81%DB%8C%D9%88%D8%B2%DB%8C%D9%86%DA%AF,7,307,14.429967426710098,404,,0,6.08
https://mahamprint.com/mag/%D8%B1%DB%8C%D8%B3%D8%AA-%D8%AF%D8%B3%D8%AA%DA%AF%D8%A7%D9%87-%D9%BE%D8%B1%DB%8C%D9%86%D8%AA%D8%B1,3,298,24.51006711409396,404,,0,2.45
https://mahamprint.com/product/52/%D9%BE%D8%B1%DB%8C%D9%86%D8%AA%D8%B1-Canon-PIXMA-G5040,7,295,7.115254237288136,404,,0,2.19
https://mahamprint.com/product/75/%D9%BE%D8%B1%DB%8C%D9%86%D8%AA%D8%B1-%D9%84%DB%8C%D8%B2%D8%B1%DB%8C-%D8%B3%D9%87-%DA%A9%D8%A7%D8%B1%D9%87-%D8%A8%D8%B1%D9%86%D8%AF-HP-M1132,9,296,8.567567567567568,404,,0,2.41
https://mahamprint.com/category/100/%D8%B1%D9%86%DA%AF%DB%8C,2,296,19.47635135135135,404,,0,2.45
https://mahamprint.com/product/453/%D8%A7%D8%B3%DA%A9%D9%86%D8%B1-PLUSTEK-PL4080,2,297,6.925925925925926,404,,0,2.56
https://mahamprint.com/login,1,298,1.808724832214765,404,,0,3.3
https://mahamprint.com/index.php?productID=2604,13,294,6.329931972789115,404,,0,2.75
https://mahamprint.com/product/300/%D9%BE%D8%B1%DB%8C%D9%86%D8%AA%D8%B1-EPSON-L805,14,293,10.266211604095563,404,,0,2.65
https://mahamprint.com/product/1658/%D8%AF%DB%8C%D8%AA%D8%A7-%D9%88%DB%8C%D8%AF%D8%A6%D9%88-%D9%BE%D8%B1%D9%88%DA%98%DA%A9%D8%AA%D9%88%D8%B1-Optoma-W400,8,291,7.474226804123711,404,,0,2.82
https://mahamprint.com/product/935/%D9%85%D8%A7%D8%B4%DB%8C%D9%86-%D8%AD%D8%B3%D8%A7%D8%A8-Texas-TI-nspire-CX-CAS,16,289,11.200692041522492,404,,0,2.84
https://mahamprint.com/product/408/%D8%A7%D8%B3%DA%A9%D9%86%D8%B1-AVISION-AD125,6,288,57.670138888888886,404,,0,2.91
https://mahamprint.com/product/889/%D9%BE%D9%88%D9%84-%D8%B4%D9%85%D8%A7%D8%B1-MAX-BS-600,20,286,6.4475524475524475,404,,0,3.05
https://mahamprint.com/product/2493/%D9%BE%D8%B1%DB%8C%D9%86%D8%AA%D8%B1-%D8%B3%D9%87-%DA%A9%D8%A7%D8%B1%D9%87-%D8%A8%D8%B1%D9%86%D8%AF-HP-%D9%85%D8%AF%D9%84-M141W,12,286,10.979020979020978,404,,0,2.52
https://mahamprint.com/product/1209/%D9%BE%D8%B1%D8%AF%D9%87-%D9%86%D9%85%D8%A7%DB%8C%D8%B4-%D8%B3%D9%82%D9%81%DB%8C-%D8%AF%DB%8C%D9%88%D8%A7%D8%B1%DB%8C-%D8%A8%D8%B1%D9%82%DB%8C-SCOPE-250x250-com,0,286,66.1013986013986,404,,0,2.69
https://mahamprint.com/product/2027/%D8%A8%D8%B1%D8%AF-%D9%81%D8%B1%D9%85%D8%AA%D8%B1-HP-P1102,6,284,9.93661971830986,404,,0,2.46
https://mahamprint.com/product/1677/%D8%AF%D8%B3%D8%AA%DA%AF%D8%A7%D9%87-%D9%81%DA%A9%D8%B3-%D8%A8%D8%B1%D9%86%D8%AF-BROTHER-%D9%85%D8%AF%D9%84-878,32,282,5.904255319148936,404,,0,2.39
https://mahamprint.com/product/1053/%D8%AF%D8%B3%D8%AA%DA%AF%D8%A7%D9%87-%DA%A9%D9%BE%DB%8C-SHARP-MX-B200,27,283,7.240282685512367,404,,0,2.61
https://mahamprint.com/mag/%DA%A9%D8%A7%D8%B1%D8%A8%D8%B1%D8%AF-%DA%A9%DB%8C%D9%88%D8%B3%DA%A9-%D9%84%D9%85%D8%B3%DB%8C,2,282,59.09219858156028,404,,0,2.47
https://mahamprint.com/brand/35/plustek,13,281,7.192170818505338,404,,0,3.16
https://mahamprint.com/product/3096/%D8%A7%D8%B3%DA%A9%D9%86%D8%B1%20-%D8%A7%D8%B3%D9%86%D8%A7%D8%AF-%20AVISION%20-AD380F,6,276,37.57971014492754,404,,0,2.95
https://mahamprint.com/product/62/%D9%BE%D8%B1%DB%8C%D9%86%D8%AA%D8%B1-%D9%84%DB%8C%D8%B2%D8%B1%DB%8C-%D8%AA%DA%A9-%DA%A9%D8%A7%D8%B1%D9%87-HP-M402N,12,278,7.654676258992806,404,,0,3.42
https://mahamprint.com/mag/%DA%A9%D9%88%DA%86%DA%A9%D8%AA%D8%B1%DB%8C%D9%86-%D9%BE%D8%B1%DB%8C%D9%86%D8%AA%D8%B1-%DA%86%D9%86%D8%AF-%DA%A9%D8%A7%D8%B1%D9%87-%D8%AC%D9%87%D8%A7%D9%86,6,277,7.59927797833935,404,,0,3.33
https://mahamprint.com/product/2254/%D9%81%DB%8C%D9%88%D8%B2%DB%8C%D9%86%DA%AF-%D8%B3%D8%A7%D9%85%D8%B3%D9%88%D9%86%DA%AF-Samsung-4521,25,277,8.653429602888087,404,,0,3.58
https://mahamprint.com/product/2523/%D9%BE%D8%B1%DB%8C%D9%86%D8%AA%D8%B1-%D8%B3%D9%87-%DA%A9%D8%A7%D8%B1%D9%87-%D8%AC%D9%88%D9%87%D8%B1%D8%A7%D9%81%D8%B4%D8%A7%D9%86-brother-T720dw,28,275,6.363636363636363,404,,0,3.35
https://mahamprint.com/product/913/%D9%85%D8%A7%D8%B4%DB%8C%D9%86-%D8%AD%D8%B3%D8%A7%D8%A8-%DA%A9%D9%86%D9%88%D9%86-MP1411-DL,15,273,6.417582417582418,404,,0,2.67
https://mahamprint.com/product/3130/%D9%BE%D8%B1%DB%8C%D9%86%D8%AA%D8%B1%DA%86%D9%87%D8%A7%D8%B1%DA%A9%D8%A7%D8%B1%D9%87%20%D9%84%DB%8C%D8%B2%D8%B1%DB%8C%20HP%20MFP%20139FNW,13,274,7.912408759124087,404,,0,2.98
https://mahamprint.com/product/765/%DA%A9%D8%A7%D8%BA%D8%B0-%D8%AE%D8%B1%D8%AF%DA%A9%D9%86-Mehr-MM-600,2,275,16.301818181818184,404,,0,3.43
https://mahamprint.com/product/1561/%DA%A9%D8%A7%D8%B1%D8%AA%D8%B1%DB%8C%D8%AC-%D8%AA%D9%88%D9%86%D8%B1-HP-659A,24,273,6.208791208791209,404,,0,2.9
https://mahamprint.com/product/1599/%D9%BE%D8%B1%DB%8C%D9%86%D8%AA%D8%B1-olivetti-PR4,10,273,7.886446886446887,404,,0,2.75
https://mahamprint.com/product/59/%D9%BE%D8%B1%DB%8C%D9%86%D8%AA%D8%B1-%D9%84%DB%8C%D8%B2%D8%B1%DB%8C-%D8%AA%DA%A9-%DA%A9%D8%A7%D8%B1%D9%87-%D8%A8%D8%B1%D9%86%D8%AF-HP-%D9%85%D8%AF%D9%84-1109w,19,272,6.977941176470588,404,,0,2.47
https://mahamprint.com/product/969/%D9%85%D8%A7%D8%B4%DB%8C%D9%86-%D8%AD%D8%B3%D8%A7%D8%A8-Casio-FX-570es-Plus,15,270,7.970370370370371,404,,0,2.35
https://mahamprint.com/product/921/%D9%85%D8%A7%D8%B4%DB%8C%D9%86-%D8%AD%D8%B3%D8%A7%D8%A8-%D8%B4%D8%A7%D8%B1%D9%BE-CS-2635A,12,270,7.54074074074074,404,,0,2.4
https://mahamprint.com/product/1663/%D9%BE%D8%B1%DB%8C%D9%86%D8%AA%D8%B1-%D8%AC%D9%88%D9%87%D8%B1-%D8%A7%D9%81%D8%B4%D8%A7%D9%86-2545-canon,11,270,7.45925925925926,404,,0,2.47
https://mahamprint.com/product/2878/%D9%BE%D8%B1%DB%8C%D9%86%D8%AA%D8%B1-%DA%86%D9%87%D8%A7%D8%B1%DA%A9%D8%A7%D8%B1%D9%87-%D8%B1%D9%86%DA%AF%DB%8C-hp-480f,3,267,8.370786516853933,404,,0,2.42
https://mahamprint.com/product/399/%D8%A7%D8%B3%DA%A9%D9%86%D8%B1-CANON-DR-C225,1,268,80.78731343283582,404,,0,2.56
https://mahamprint.com/category/55/Copying%20machin,5,266,10.736842105263158,404,,0,2.83
https://mahamprint.com/product/1478/%DA%A9%D8%A7%D8%B1%D8%AA%D8%B1%DB%8C%D8%AC-%D8%AA%D9%88%D9%86%D8%B1-CANON-057,5,266,31.76691729323308,404,,0,2.26
https://mahamprint.com/category/120/%D8%B3%D9%BE%D8%B1%DB%8C%D8%B4%D9%86-%D9%BE%D8%AF,10,263,8.9467680608365,404,,0,2.29
https://mahamprint.com/product/431/%D8%A7%D8%B3%DA%A9%D9%86%D8%B1-FUJITSU-Fi-7260,7,263,49.09505703422053,404,,0,2.2
https://mahamprint.com/product/2545/%D9%BE%D9%84%D8%A7%D8%AA%D8%B1-%D8%AC%D9%88%D9%87%D8%B1%D8%A7%D9%81%D8%B4%D8%A7%D9%86-%D8%A8%D8%B1%D9%86%D8%AF-epson-%D9%85%D8%AF%D9%84-P8000,4,262,12.938931297709924,404,,0,2.3
https://mahamprint.com/product/1674/%D8%AF%D8%B3%D8%AA%DA%AF%D8%A7%D9%87-%D9%81%DA%A9%D8%B3-%D9%84%DB%8C%D8%B2%D8%B1%DB%8C-%D9%85%D8%AF%D9%84-BROTHER-Fax-2840,6,265,8.388679245283019,404,,0,3.34
https://mahamprint.com/product/422/%D8%A7%D8%B3%DA%A9%D9%86%D8%B1-KODAK-i1440,7,263,12.653992395437262,404,,0,3.36
https://mahamprint.com/product/239/%D9%BE%D8%B1%DB%8C%D9%86%D8%AA%D8%B1-%DA%86%D9%86%D8%AF%DA%A9%D8%A7%D8%B1%D9%87-%D9%84%DB%8C%D8%B2%D8%B1%DB%8C-CANON-%D9%85%D8%AF%D9%84-MF264DW,16,261,8.613026819923371,404,,0,2.3
https://mahamprint.com/product/3081/%D9%BE%D8%B1%DB%8C%D9%86%D8%AA%D8%B1%20-%D8%B3%D9%88%D8%B2%D9%86%DB%8C%20-Olivetti-%20MB2,14,261,27.528735632183906,404,,0,2.49
https://mahamprint.com/product/426/%D8%A7%D8%B3%DA%A9%D9%86%D8%B1-%D9%85%D8%AF%D9%84-KODAK-i1310,24,260,11.646153846153846,404,,0,3.1
https://mahamprint.com/product/1540/%D8%AA%D9%88%D9%86%D8%B1-BROTHER-TN-3480,78,256,2.859375,404,,0,2.11
https://mahamprint.com/mag/%D8%AA%D9%81%D8%A7%D9%88%D8%AA-%D9%BE%D8%B1%DB%8C%D9%86%D8%AA%D8%B1-%D8%A7%DA%86-%D9%BE%DB%8C-%D8%AA%DA%A9-%DA%A9%D8%A7%D8%B1%D9%87-%D9%88-%D8%B3%D9%87-%DA%A9%D8%A7%D8%B1%D9%87,10,257,8.817120622568094,404,,0,3.15
https://mahamprint.com/product/1162/%DA%A9%D8%A7%D8%BA%D8%B0-%D8%B9%DA%A9%D8%B3-Canon-Zink-Photo-Paper-pack,20,256,6.6484375,404,,0,2.43
https://mahamprint.com/product/2936/%D8%AF%D8%B3%D8%AA%DA%AF%D8%A7%D9%87-%DA%A9%D9%BE%DB%8C-%D8%B3%D9%87-%DA%A9%D8%A7%D8%B1%D9%87-SHARP-BP-X240L,9,260,10.98076923076923,404,,0,3.66
https://mahamprint.com/product/416/%D8%A7%D8%B3%DA%A9%D9%86%D8%B1-KODAK-S2070,16,256,14.62890625,404,,0,2.76
https://mahamprint.com/product/1056/%D8%AF%D8%B3%D8%AA%DA%AF%D8%A7%D9%87-%DA%A9%D9%BE%DB%8C-SHARP-mx-6071,52,253,5.600790513833992,404,,0,2.63
https://mahamprint.com/product/1600/%D9%85%D8%A7%D9%86%DB%8C%D8%AA%D9%88%D8%B1-xvision-24xs460,8,254,8.708661417322833,404,,0,3.53
https://mahamprint.com/product/2510/%D9%BE%D8%B1%DB%8C%D9%86%D8%AA%D8%B1-%D8%AA%DA%A9-%DA%A9%D8%A7%D8%B1%D9%87-%D9%84%DB%8C%D8%B2%D8%B1%DB%8C-BROTHER-HL-L3270cdw,10,252,8.408730158730158,404,,0,2.63
https://mahamprint.com/product/2538/%D9%BE%D8%B1%DB%8C%D9%86%D8%AA%D8%B1-%D9%84%DB%8C%D8%B2%D8%B1%DB%8C-%DA%86%D9%86%D8%AF%DA%A9%D8%A7%D8%B1%D9%87-%D8%A8%D8%B1%D9%86%D8%AF-HP-MFP-M776dn,16,253,7.521739130434782,404,,0,3.16
https://mahamprint.com/product/498/%D8%A7%D8%B3%DA%A9%D9%86%D8%B1-Avision-MiWand-2-WiFi,21,252,10.238095238095237,404,,0,2.83
https://mahamprint.com/product/2055/%D8%A8%D8%B1%D8%AF-%D9%81%D8%B1%D9%85%D8%AA%D8%B1-HP-P2014,22,250,8.379999999999999,404,,0,2.48
https://mahamprint.com/product/1937/%D9%86%D9%88%D8%A7%D8%B1-%D9%84%DB%8C%D8%A8%D9%84-%D9%BE%D8%B1%DB%8C%D9%86%D8%AA%D8%B1-%D8%A8%D8%B1%D8%A7%D8%AF%D8%B1-TZE-631,5,250,8.34,404,,0,2.59
https://mahamprint.com/product/482/%D8%A7%D8%B3%DA%A9%D9%86%D8%B1-Kodak-i1120,6,250,15.768,404,,0,3.57
https://mahamprint.com/mag/%D8%AA%D9%85%DB%8C%D8%B2-%DA%A9%D8%B1%D8%AF%D9%86-%D8%AF%D8%B3%D8%AA%DA%AF%D8%A7%D9%87-%D9%87%D8%A7%DB%8C-%D9%BE%D8%B1%DB%8C%D9%86%D8%AA%D8%B1,6,245,7.6571428571428575,404,,0,2.41
https://mahamprint.com/product/3100/%D9%88%DB%8C%D8%AF%D8%A6%D9%88-%20%D9%BE%D8%B1%D9%88%DA%98%DA%A9%D8%AA%D9%88%D8%B1-%20EPSON-%20EB-X49,0,249,77.93975903614458,404,,0,3.09
https://mahamprint.com/index.php?productID=415,1,245,20.648979591836735,404,,0,3.22
https://mahamprint.com/product/1701/%D9%BE%D8%B1%DB%8C%D9%86%D8%AA%D8%B1-%D8%AA%DA%A9-%DA%A9%D8%A7%D8%B1%D9%87-CANON-1420,19,246,5.703252032520325,404,,0,4.37
https://mahamprint.com/product/3004/%D8%A7%D8%B3%DA%A9%D9%86%D8%B1%20-Avison%20-Av332f,1,243,50.30864197530864,404,,0,2.47
https://mahamprint.com/product/2034/%D8%A8%D8%B1%D8%AF-%D9%81%D8%B1%D9%85%D8%AA%D8%B1-Canon-MF237w,41,242,5.0578512396694215,404,,0,2.73
https://mahamprint.com/product/131/%D9%BE%D8%B1%DB%8C%D9%86%D8%AA%D8%B1-%D9%84%DB%8C%D8%B2%D8%B1%DB%8C-%D8%AA%DA%A9-%DA%A9%D8%A7%D8%B1%D9%87-%D8%A8%D8%B1%D9%86%D8%AF-BROTHER-HL-L6400DW,20,242,8.582644628099175,404,,0,3.06
https://mahamprint.com/product/2344/%DA%86%D8%B1%D8%AE-%D8%AF%D9%86%D8%AF%D9%87-%DA%A9%D9%84%D8%A7%DA%86-%DA%86%D8%A7%D9%BE%DA%AF%D8%B1-%D8%A8%D8%B1%D9%86%D8%AF-HP-%D9%85%D8%AF%D9%84-2035-2055,9,242,8.09504132231405,404,,0,2.67
https://mahamprint.com/product/1040/%D9%85%D8%A7%D8%B4%DB%8C%D9%86-%D8%AD%D8%B3%D8%A7%D8%A8-Texas-Ti-89-Titanium,21,241,9.54356846473029,404,,0,2.51
https://mahamprint.com/product/1261/%D9%88%DB%8C%D8%AF%D8%A6%D9%88-%D9%BE%D8%B1%D9%88%DA%98%DA%A9%D8%AA%D9%88%D8%B1-PHILIPS-PPX4350W-INT,8,241,11.016597510373444,404,,0,2.86
https://mahamprint.com/category/74/Single-job,7,242,17.392561983471076,404,,0,3.79
https://mahamprint.com/product/2627/%D8%A7%DB%8C%D8%B1%D9%BE%D8%A7%D8%AF-%D9%85%D8%AF%D9%84-samsung-gear-iconx,5,240,7.3625,404,,0,2.58
https://mahamprint.com/product/617/%D8%AF%D8%B3%D8%AA%DA%AF%D8%A7%D9%87-%D8%AD%D8%B6%D9%88%D8%B1-%D9%88-%D8%BA%DB%8C%D8%A7%D8%A8-ZKTeco-VF300,6,237,43.31645569620253,404,,0,2.81
https://mahamprint.com/mag/how-to-replace-the-printer-cartridge-in-principle,1,237,8.371308016877638,200,https://mahamprint.com/mag/how-to-replace-the-printer-cartridge-in-principle,0,3.03
https://mahamprint.com/category/100/%D8%B1%D9%86%DA%AF%DB%8C-3,3,241,14.385892116182573,404,,0,5.79
https://mahamprint.com/mag/history-of-game-consoles,0,236,19.46186440677966,200,https://mahamprint.com/mag/history-of-game-consoles,0,5.22
https://mahamprint.com/product/1596/%D8%AF%D8%B3%D8%AA%DA%AF%D8%A7%D9%87-%DA%A9%D9%BE%DB%8C-%DA%A9%D8%A7%D9%86%D9%86-2206,13,236,8.470338983050848,404,,0,5.49
https://mahamprint.com/product/2286/%D9%87%D8%AF-%D9%BE%D8%B1%DB%8C%D9%86%D8%AA%D8%B1-Canon-%D8%B3%D8%B1%DB%8C-G,22,235,12.272340425531915,404,,0,4.86
https://mahamprint.com/product/2036/%D8%A8%D8%B1%D8%AF-%D9%81%D8%B1%D9%85%D8%AA%D8%B1-Canon-MF216,11,235,7.8808510638297875,404,,0,4.87
https://mahamprint.com/product/760/%D8%AF%D8%B3%D8%AA%DA%AF%D8%A7%D9%87-%DA%A9%D8%A7%D8%BA%D8%B0-%D8%AE%D8%B1%D8%AF-%DA%A9%D9%86-Fellowes-62-MC,16,231,41.24242424242424,404,,0,4.64
https://mahamprint.com/product/582/%D9%81%DB%8C%D8%B4-%D9%BE%D8%B1%DB%8C%D9%86%D8%AA%D8%B1-Meva-TP1000,3,228,11.06140350877193,404,,0,2.41
https://mahamprint.com/mag/how-the-banknote-counter-works-and-the-technologies-used-in-it,14,228,6.671052631578948,200,https://mahamprint.com/mag/how-the-banknote-counter-works-and-the-technologies-used-in-it,0,2.62
https://mahamprint.com/product/437/%D8%A7%D8%B3%DA%A9%D9%86%D8%B1-FUJITSU-FI-6770,32,229,5.851528384279476,404,,0,6.24
https://mahamprint.com/product/440/%D8%A7%D8%B3%DA%A9%D9%86%D8%B1-FUJITSU-FI-6750s,23,227,9.66079295154185,404,,0,7.43
https://mahamprint.com/product/548/%D9%BE%D8%B1%DB%8C%D9%86%D8%AA%D8%B1-%D8%AD%D8%B1%D8%A7%D8%B1%D8%AA%DB%8C-%D8%A7%DB%8C%DA%A9%D8%B3-%D9%BE%D8%B1%DB%8C%D9%86%D8%AA%D8%B1-%D9%85%D8%AF%D9%84-XP-Q200,15,224,5.875,404,,0,5.13
https://mahamprint.com/product/944/%D9%85%D8%A7%D8%B4%DB%8C%D9%86-%D8%AD%D8%B3%D8%A7%D8%A8-Pars-PR-8620LP,4,224,9.477678571428571,404,,0,3.59
https://mahamprint.com/mag/how-to-choose-the-best-calculator-for-professionals,2,226,11.243362831858407,200,https://mahamprint.com/mag/how-to-choose-the-best-calculator-for-professionals,0,8.1
https://mahamprint.com/product/2694/%D9%BE%D8%B1%DB%8C%D9%86%D8%AA%D8%B1-%DA%86%D9%87%D8%A7%D8%B1-%DA%A9%D8%A7%D8%B1%D9%87-%D8%B1%D9%86%DA%AF%DB%8C-hp-1415fn,16,224,5.767857142857143,404,,0,7.73
https://mahamprint.com/product/141/%D9%BE%D8%B1%DB%8C%D9%86%D8%AA%D8%B1-%D9%84%DB%8C%D8%B2%D8%B1%DB%8C-%DA%86%D9%86%D8%AF%DA%A9%D8%A7%D8%B1%D9%87-%D8%A8%D8%B1%D9%86%D8%AF-Brother-MFC-1810,17,227,7.6255506607929515,404,,0,9.74
https://mahamprint.com/category/147/%DA%A9%D8%A7%D9%84%D8%A7%D9%87%D8%A7%DB%8C-%D8%A7%D8%B3%D8%AA%D9%88%DA%A9,9,223,5.605381165919282,404,,0,2.82
https://mahamprint.com/product/497/%D8%A7%D8%B3%DA%A9%D9%86%D8%B1-Avision-AD260,14,223,11.309417040358744,404,,0,3.35
https://mahamprint.com/product/1002/%D9%85%D8%A7%D8%B4%DB%8C%D9%86-%D8%AD%D8%B3%D8%A7%D8%A8-CASIO-FX-991MS,14,222,8.783783783783784,404,,0,4.43
https://mahamprint.com/product/2512/%D9%BE%D8%B1%DB%8C%D9%86%D8%AA%D8%B1-Canon-3420,44,219,5.502283105022831,404,,0,2.78
https://mahamprint.com/category/134/%DA%AF%D9%88%D8%B4%DB%8C-%D9%85%D9%88%D8%A8%D8%A7%DB%8C%D9%84,1,219,2.917808219178082,404,,0,2.7
https://mahamprint.com/product/389/%D8%A7%D8%B3%DA%A9%D9%86%D8%B1-Hp-2500-F1,7,221,11.520361990950226,404,,0,4.35
https://mahamprint.com/product/594/%D8%B5%D9%86%D8%AF%D9%88%D9%82-%D9%81%D8%B1%D9%88%D8%B4%DA%AF%D8%A7%D9%87%DB%8C-OKPOS-K-900,16,219,9.963470319634704,404,,0,4.65
https://mahamprint.com/product/2463/%D9%BE%D8%B1%DB%8C%D9%86%D8%AA%D8%B1-%D8%AC%D9%88%D9%87%D8%B1-%D8%A7%D9%81%D8%B4%D8%A7%D9%86-CANON-PIXMA-G540,12,218,8.376146788990827,404,,0,3.62
https://mahamprint.com/product/1306/%D8%AF%DB%8C%D8%AA%D8%A7-%D9%88%DB%8C%D8%AF%D8%A6%D9%88-%D9%BE%D8%B1%D9%88%DA%98%DA%A9%D8%AA%D9%88%D8%B1-PANASONIC-PT-VX420,12,218,19.19724770642202,404,,0,4.82
https://mahamprint.com/index.php?productID=3064,5,217,11.15668202764977,404,,0,2.33
https://mahamprint.com/product/3097/%D9%BE%D8%B1%DB%8C%D9%86%D8%AA%D8%B1%20-%D8%B3%D9%87%20-%DA%A9%D8%A7%D8%B1%D9%87%20-%D8%AC%D9%88%D9%87%D8%B1%D8%A7%D9%81%D8%B4%D8%A7%D9%86%20-Canon-%20pixma-%20mg2541s,6,218,25.11467889908257,404,,0,4.14
https://mahamprint.com/product/768/%D8%AF%D8%B3%D8%AA%DA%AF%D8%A7%D9%87-%D8%A8%D8%B1%D8%B4-%DA%A9%D8%A7%D8%BA%D8%B0-%DB%B4%DB%B5%DB%B0-VGS,5,218,10.513761467889909,404,,0,5.23
https://mahamprint.com/product/1921/%D9%84%DB%8C%D8%A8%D9%84-%D8%AC%D9%88%D8%A7%D9%87%D8%B1-%D8%AF%D9%85-%D8%B4%DB%8C%D8%B4%D9%87-ENZO,9,214,16.621495327102803,404,,0,3.57
https://mahamprint.com/product/3082/%D9%BE%D8%B1%DB%8C%D9%86%D8%AA%D8%B1%D9%84%DB%8C%D8%B2%D8%B1%DB%8C%20-Brother-%20HL-2370DW,14,209,42.50239234449761,404,,0,2.56
https://mahamprint.com/category/87/DIGITAL,0,210,2.5047619047619047,404,,0,3.81
https://mahamprint.com/category/57/Cartridges-and-consumables,7,213,34.23474178403756,404,,0,4.76
https://mahamprint.com/product/2031/%D8%A8%D8%B1%D8%AF-%D9%81%D8%B1%D9%85%D8%AA%D8%B1-Canon-LBP2900,24,206,7.199029126213592,404,,0,2.73
https://mahamprint.com/brand/15/%D9%BE%D8%A7%DA%A9%D8%B4%D9%88%D9%85%D8%A7,0,208,70.4375,404,,0,2.99
https://mahamprint.com/product/447/%D8%A7%D8%B3%DA%A9%D9%86%D8%B1-PLUSTEK-OpticSlim-1180,12,206,8.87864077669903,404,,0,2.46
https://mahamprint.com/product/1205/%D9%BE%D8%A7%DB%8C%D9%87-%D8%B3%D9%82%D9%81%DB%8C-%D9%BE%D8%B1%D9%88%DA%98%DA%A9%D8%AA%D9%88%D8%B1-%D8%A7%D8%B3%DA%A9%D9%88%D9%BE-%DB%B4%DB%B3-%D8%AA%D8%A7-%DB%B6%DB%B5-cm,9,209,11.349282296650717,404,,0,4.62
https://mahamprint.com/product/1569/%DA%A9%D8%A7%D8%B1%D8%AA%D8%B1%DB%8C%D8%AC-%D8%AA%D9%88%D9%86%D8%B1-HP-116A,18,204,8.441176470588236,404,,0,2.38
https://mahamprint.com/product/3026/%D9%BE%D8%B1%DB%8C%D9%86%D8%AA%D8%B1%20%D9%84%DB%8C%D8%B2%D8%B1%DB%8C-%C2%A0brother-%202375%20dw,6,203,7.4088669950738915,404,,0,2.21
https://mahamprint.com/product/1101/%D8%AF%D8%B1%D8%A7%D9%85-%DA%A9%D8%A7%D8%B1%D8%AA%D8%B1%DB%8C%D8%AC-Panasonic-KX-FA412,10,206,11.810679611650485,404,,0,4.42
https://mahamprint.com/product/1908/%D9%84%DB%8C%D8%A8%D9%84-%D8%A8%D8%B1%DA%86%D8%B3%D8%A8-%DA%A9%D8%A7%D8%BA%D8%B0%DB%8C-%D8%AF%D8%A7%DB%8C%D8%B1%D9%87-10-%D9%85%DB%8C%D9%84%DB%8C-%D9%85%D8%AA%D8%B1,7,205,37.11707317073171,404,,0,3.5
https://mahamprint.com/mag/%D8%A7%DB%8C%D9%86%D8%AA%D8%B1%D9%86%D8%AA-%D9%85%D8%A7%D9%87%D9%88%D8%A7%D8%B1%D9%87-%D8%A7%DB%8C,3,202,7.475247524752476,404,,0,3.07
https://mahamprint.com/product/2039/%D8%A8%D8%B1%D8%AF-%D9%81%D8%B1%D9%85%D8%AA%D8%B1-Samsung-SCX-4623,19,203,6.891625615763547,404,,0,4.44
https://mahamprint.com/product/586/%D9%81%DB%8C%D8%B4-%D9%BE%D8%B1%DB%8C%D9%86%D8%AA%D8%B1-%D8%AD%D8%B1%D8%A7%D8%B1%D8%AA%DB%8C-%D8%A8%D8%B1%D9%86%D8%AF-AX-8350,20,200,6.45,404,,0,2.34
https://mahamprint.com/category/136/%D8%A7%DB%8C%D8%B1%D9%BE%D8%A7%D8%AF,1,200,4.279999999999999,404,,0,2.19
https://mahamprint.com/product/509/%D8%AA%D8%B3%D8%AA-%D8%A7%D8%B3%DA%A9%D9%86%D8%A7%D8%B3-Remo-328NL,18,199,5.71356783919598,404,,0,2.17
https://mahamprint.com/mag/%D8%A2%D8%B4%D9%86%D8%A7%DB%8C%DB%8C-%D8%A8%D8%A7-%D9%82%D8%B7%D8%B9%D8%A7%D8%AA-%D9%BE%D8%B1%DB%8C%D9%86%D8%AA%D8%B1,4,200,8.665,404,,0,3.3
https://mahamprint.com/product/1904/%D8%A7%D8%B3%DA%A9%D9%86%D8%B1-MUSTEK-600F-A3,25,199,9.798994974874372,404,,0,3.47
https://mahamprint.com/product/207/%D9%BE%D8%B1%DB%8C%D9%86%D8%AA%D8%B1%D9%84%DB%8C%D8%B2%D8%B1%DB%8C-%DA%86%D9%86%D8%AF-%DA%A9%D8%A7%D8%B1%D9%87-HP-M577DN,7,199,9.748743718592964,404,,0,2.34
https://mahamprint.com/product/1729/%D8%B1%DB%8C%D8%A8%D9%88%D9%86-%D8%B1%D9%86%DA%AF%DB%8C-200-%D8%B9%DA%A9%D8%B3-%D8%B2%D8%A8%D8%B1%D8%A7-Zebra-ZXP3-YMCKO-Ribbon-%D8%A7%D9%88%D8%B1%D8%AC%DB%8C%D9%86%D8%A7%D9%84,5,199,21.743718592964825,404,,0,3.54
https://mahamprint.com/product/2455/%D9%BE%D8%B1%DB%8C%D9%86%D8%AA%D8%B1-%D8%B3%D9%87-%DA%A9%D8%A7%D8%B1%D9%87-RICOH-204sn,10,198,5.626262626262626,404,,0,2.55
https://mahamprint.com/product/1238/%D9%88%DB%8C%D8%AF%D8%A6%D9%88-%D9%BE%D8%B1%D9%88%DA%98%DA%A9%D8%AA%D9%88%D8%B1-%D9%82%D8%A7%D8%A8%D9%84-%D8%AD%D9%85%D9%84-T1-PLUS,7,198,7.96969696969697,404,,0,2.56
https://mahamprint.com/product/1567/%D8%AA%D9%88%D9%86%D8%B1-%DA%A9%D8%A7%D8%B1%D8%AA%D8%B1%DB%8C%D8%AC-HP-416A,6,197,8.664974619289339,404,,0,2.94
https://mahamprint.com/product/2879/%D9%BE%D8%B1%DB%8C%D9%86%D8%AA%D8%B1-%D8%B3%D9%87-%DA%A9%D8%A7%D8%B1%D9%87-%D8%AC%D9%88%D9%87%D8%B1%D8%A7%D9%81%D8%B4%D8%A7%D9%86-Epson-L3211,0,199,25.65829145728643,404,,0,4.52
https://mahamprint.com/mag/the-best-banknote-numbers-for-small-businesses,0,199,3.457286432160804,200,https://mahamprint.com/mag/the-best-banknote-numbers-for-small-businesses,0,5.53
https://mahamprint.com/product/1628/%D9%81%DA%A9%D8%B3-panasonic-612,2,197,35.92893401015228,404,,0,2.64
https://mahamprint.com/product/876/%D8%A7%D8%B3%DA%A9%D9%86%D8%A7%D8%B3-%D8%B4%D9%85%D8%A7%D8%B1-Mega-3-DM-500,15,196,5.8979591836734695,404,,0,2.63
https://mahamprint.com/product/2099/%D8%AF%D8%B1%D8%A7%D9%85-%DA%A9%D8%A7%D8%B1%D8%AA%D8%B1%DB%8C%D8%AC-Lexmark-%D9%85%D8%AF%D9%84-e260-Drum,8,196,7.8979591836734695,404,,0,3.35
https://mahamprint.com/product/2522/%D9%BE%D8%B1%DB%8C%D9%86%D8%AA%D8%B1-%DA%86%D9%86%D8%AF%DA%A9%D8%A7%D8%B1%D9%87-%D8%AC%D9%88%D9%87%D8%B1%D8%A7%D9%81%D8%B4%D8%A7%D9%86-brother-T420W,22,194,7.649484536082475,404,,0,2.64
https://mahamprint.com/product/2520/%D9%BE%D8%B1%DB%8C%D9%86%D8%AA%D8%B1-epson-3250w,4,193,6.487046632124352,404,,0,2.5
https://mahamprint.com/product/519/%D8%AA%D8%B3%D8%AA-%D8%A7%D8%B3%DA%A9%D9%86%D8%A7%D8%B3-%D8%A8%D8%B1%D9%86%D8%AF-BMDC-%D9%85%D8%AF%D9%84-DL-860,16,192,6.369791666666667,404,,0,2.48
https://mahamprint.com/product/1674/%D9%81%DA%A9%D8%B3-BROTHER-Fax-2840,17,193,6.16580310880829,404,,0,5.49
https://mahamprint.com/product/364/%D9%BE%D8%B1%DB%8C%D9%86%D8%AA%D8%B1-%DA%86%D9%86%D8%AF-%DA%A9%D8%A7%D8%B1%D9%87-%D8%A8%D8%B1%D9%86%D8%AF-PANASONIC-%D9%85%D8%AF%D9%84-2085,15,191,6.523560209424084,404,,0,3.89
https://mahamprint.com/product/1762/%D9%81%DB%8C%D9%84%D9%85-%D8%A7%D9%86%D8%AA%D9%82%D8%A7%D9%84-1500-%D8%B9%DA%A9%D8%B3-%D8%A7%D9%88%D8%B1%D8%AC%DB%8C%D9%86%D8%A7%D9%84-%D9%85%D8%AF%D9%84-Fargo,0,194,26.412371134020617,404,,0,5.89
https://mahamprint.com/product/1161/%DA%A9%D8%A7%D8%BA%D8%B0-HP-Zink-Photo-Paper,11,190,7.773684210526316,404,,0,4.73
https://mahamprint.com/product/435/%D8%A7%D8%B3%DA%A9%D9%86%D8%B1-%D9%85%D8%AF%D9%84-FUJITSO-FI-6230,7,189,9.195767195767196,404,,0,4.51
https://mahamprint.com/index.php?productID=410,0,190,44.04210526315789,404,,0,6.01
https://mahamprint.com/product/2659/%D8%A7%D8%B3%DA%A9%D9%86%D8%B1-kodak-i940,1,189,14.952380952380953,404,,0,8.27
https://mahamprint.com/product/254/%D9%BE%D8%B1%DB%8C%D9%86%D8%AA%D8%B1-Canon-pixma-MF4410-inkjet,10,186,8.903225806451612,404,,0,6.29
https://mahamprint.com/product/140/%D9%BE%D8%B1%DB%8C%D9%86%D8%AA%D8%B1-%DA%86%D9%86%D8%AF%DA%A9%D8%A7%D8%B1%D9%87-%D8%A8%D8%B1%D9%86%D8%AF-Brother-MFC-7470D,9,187,7.887700534759358,404,,0,7.11
https://mahamprint.com/product/425/%D8%A7%D8%B3%DA%A9%D9%86%D8%B1-KODAK-I2900,14,188,9.452127659574469,404,,0,8.63
https://mahamprint.com/product/1145/%D8%AC%D9%88%D9%87%D8%B1-%D9%85%D8%AF%D9%84-Canon-%D8%A8%D8%B1%D9%86%D8%AF-GI-40-CMYK,44,187,5.197860962566845,404,,0,8.75
https://mahamprint.com/product/1014/%D9%85%D8%A7%D8%B4%DB%8C%D9%86-%D8%AD%D8%B3%D8%A7%D8%A8-CASIO-MS-10VC,8,186,7.741935483870968,404,,0,5.56
https://mahamprint.com/product/2038/%D8%A8%D8%B1%D8%AF-%D9%81%D8%B1%D9%85%D8%AA%D8%B1-Canon-LBP6000,19,180,5.561111111111111,404,,0,7.27
https://mahamprint.com/product/2052/%D8%A8%D8%B1%D8%AF-%D9%81%D8%B1%D9%85%D8%AA%D8%B1-hp-1020,13,181,10.574585635359115,404,,0,7.41
https://mahamprint.com/product/1589/%DA%A9%D8%A7%D8%B1%D8%AA%D8%B1%DB%8C%D8%AC-CANON-731,0,183,15.912568306010929,404,,0,7.74
https://mahamprint.com/product/1648/%D9%BE%D8%B1%DB%8C%D9%86%D8%AA%D8%B1-%D8%AA%DA%A9-%DA%A9%D8%A7%D8%B1%D9%87-%D9%84%DB%8C%D8%B2%D8%B1%DB%8C-HP-601N,17,185,19.627027027027026,404,,0,8.69
https://mahamprint.com/mag/%D8%AF%D8%B3%D8%AA%DA%AF%D8%A7%D9%87-%DA%A9%D8%A7%D8%BA%D8%B0-%D8%AE%D8%B1%D8%AF-%DA%A9%D9%86,1,184,62.744565217391305,404,,0,8.69
https://mahamprint.com/product/899/%D8%A7%D8%B3%DA%A9%D9%86%D8%A7%D8%B3-%D8%B4%D9%85%D8%A7%D8%B1-%D8%B1%D9%88%D9%85%DB%8C%D8%B2%DB%8C-AX-5200,5,184,6.853260869565218,404,,0,9.16
https://mahamprint.com/product/136/%D9%BE%D8%B1%DB%8C%D9%86%D8%AA%D8%B1-%DA%86%D9%86%D8%AF%DA%A9%D8%A7%D8%B1%D9%87-%D8%A8%D8%B1%D9%86%D8%AF-BROTHER-%D9%85%D8%AF%D9%84-DCP-8110DN,21,179,6.4972067039106145,404,,0,2.22
https://mahamprint.com/product/143/%D9%BE%D8%B1%DB%8C%D9%86%D8%AA%D8%B1-%D8%AC%D9%88%D9%87%D8%B1%D8%A7%D9%81%D8%B4%D8%A7%D9%86-%D8%B3%D9%87-%DA%A9%D8%A7%D8%B1%D9%87-BROTHER-J100,18,179,7.748603351955308,404,,0,2.49
https://mahamprint.com/product/1655/%D9%81%DB%8C%D8%B4-%D9%BE%D8%B1%DB%8C%D9%86%D8%AA%D8%B1-meva-tp1000w,8,178,9.651685393258427,404,,0,2.67
https://mahamprint.com/product/2692/%D8%A7%D8%B3%DA%A9%D9%86%D8%B1-%D8%A7%D8%AB%D8%B1-%D8%A7%D9%86%DA%AF%D8%B4%D8%AA-combo-plus-300-%D8%A8%D8%A7-%DA%A9%D8%A7%D8%B1%D8%AA%D8%AE%D9%88%D8%A7%D9%86,5,179,8.35754189944134,404,,0,3.03
https://mahamprint.com/product/424/%D8%A7%D8%B3%DA%A9%D9%86%D8%B1-Kodak-i3450,8,179,11.296089385474861,404,,0,3.98
https://mahamprint.com/product/2076/%D8%A8%D8%B1%D8%AF-%D8%AA%D8%BA%D8%B0%DB%8C%D9%87-%D9%BE%D8%A7%D9%88%D8%B1-%D9%BE%D8%B1%DB%8C%D9%86%D8%AA%D8%B1-EPSON-LQ-2170,7,176,8.323863636363637,404,,0,2.4
https://mahamprint.com/product/1751/%D8%B1%DB%8C%D8%A8%D9%88%D9%86-%D8%AF%D8%B1%D8%A7%DB%8C%D9%88-Olivetti-PR2E,16,176,9.295454545454545,404,,0,3.64
https://mahamprint.com/product/1217/%D9%BE%D8%B1%D8%AF%D9%87-%D9%86%D9%85%D8%A7%DB%8C%D8%B4-%D8%B3%D9%82%D9%81%DB%8C-%D8%AF%DB%8C%D9%88%D8%A7%D8%B1%DB%8C-%D9%85%D8%AF%D9%84-scope-150x150-cm,0,176,63.73295454545455,404,,0,3.49
https://mahamprint.com/product/631/%D8%AF%D8%B3%D8%AA%DA%AF%D8%A7%D9%87-%D8%AD%D8%B6%D9%88%D8%B1-%D9%88-%D8%BA%DB%8C%D8%A7%D8%A8-ZKTeco-VF380,0,175,41.28,404,,0,2.41
https://mahamprint.com/product/1605/%D9%BE%D8%B1%DB%8C%D9%86%D8%AA%D8%B1-%D8%AA%DA%A9-%DA%A9%D8%A7%D8%B1%D9%87-%D9%84%DB%8C%D8%B2%D8%B1%DB%8C-hp-p1505,13,174,8.051724137931036,404,,0,2.52
https://mahamprint.com/repairs,0,175,2.5885714285714285,404,,0,3.09
https://mahamprint.com/product/1643/%D8%A8%D8%A7%D8%B1%DA%A9%D8%AF-%D8%A7%D8%B3%DA%A9%D9%86%D8%B1-MEVA-%D9%85%D8%AF%D9%84-MBS-6800,13,175,8.188571428571429,404,,0,3.8
https://mahamprint.com/product/476/%D8%A7%D8%B3%DA%A9%D9%86%D8%B1-Canon-LiDE-210,10,172,8.691860465116278,404,,0,3.33
https://mahamprint.com/product/3000/%D9%BE%D8%B1%DB%8C%D9%86%D8%AA%D8%B1%20-%D8%B3%D9%87%20%DA%A9%D8%A7%D8%B1%D9%87%20-%D8%AC%D9%88%D9%87%D8%B1%D8%A7%D9%81%D8%B4%D8%A7%D9%86%20-CANON-%205040%20dw,8,171,5.321637426900585,404,,0,3.22
https://mahamprint.com/product/1682/%D8%AF%D8%B3%D8%AA%DA%AF%D8%A7%D9%87-%DA%A9%D9%BE%DB%8C-%DA%86%D9%86%D8%AF%DA%A9%D8%A7%D8%B1%D9%87-%D9%84%DB%8C%D8%B2%D8%B1%DB%8C-CANON-2425-ADF,4,171,8.157894736842106,404,,0,3.44
https://mahamprint.com/product/887/%D8%A7%D8%B3%DA%A9%D9%86%D8%A7%D8%B3-%D8%B4%D9%85%D8%A7%D8%B1-PARA-NC-407,3,170,9.029411764705882,404,,0,2.41
https://mahamprint.com/product/2109/%D8%AF%D8%B1%D8%A7%D9%85-%DA%A9%D8%A7%D9%86%D9%86-Canon-2520-Drum,15,170,9.647058823529411,404,,0,3.33
https://mahamprint.com/product/846/%D8%A8%D8%A7%D8%B1%DA%A9%D8%AF-%D8%A7%D8%B3%DA%A9%D9%86%D8%B1-MEVA-MBS-1750,10,169,7.686390532544379,404,,0,3.23
https://mahamprint.com/product/2043/%D8%A8%D8%B1%D8%AF-%D9%81%D8%B1%D9%85%D8%AA%D8%B1-Samsung-SCX-4521F,8,169,8.396449704142011,404,,0,2.39
https://mahamprint.com/product/278/%D8%AF%D8%B3%D8%AA%DA%AF%D8%A7%D9%87-%DA%A9%D9%BE%DB%8C-SAMSUNG-SL-K2200ND,11,169,9.088757396449704,404,,0,4.4
https://mahamprint.com/product/1790/%D9%85%D8%B1%DA%A9%D8%A8-Risograph-JP12,7,169,9.396449704142011,404,,0,2.34
https://mahamprint.com/category/111/%D9%86%D9%88%D8%A7%D8%B1-%D9%84%DB%8C%D8%A8%D9%84-%D8%B2%D9%86-%D8%AF%D8%B3%D8%AA%DB%8C,5,169,11.485207100591715,404,,0,2.29
https://mahamprint.com/product/1531/%D8%AA%D9%88%D9%86%D8%B1-RICOH-SP-230-H,20,167,5.425149700598802,404,,0,2.35
https://mahamprint.com/product/2082/%D9%BE%D8%A7%D9%88%D8%B1-%D8%A8%D8%B1%D8%AF-%D9%BE%D8%B1%DB%8C%D9%86%D8%AA%D8%B1-hp-1118-1120,11,168,7.25,404,,0,3.41
https://mahamprint.com/category/125/%D9%81%DB%8C%D9%88%D8%B2%DB%8C%D9%86%DA%AF,3,167,17.01197604790419,404,,0,2.23
https://mahamprint.com/product/938/%D9%85%D8%A7%D8%B4%DB%8C%D9%86-%D8%AD%D8%B3%D8%A7%D8%A8-Casio-FX-85ES-PLUS,5,167,7.598802395209581,404,,0,3.45
https://mahamprint.com/product/2287/%D9%87%D8%AF-%D9%BE%D8%B1%DB%8C%D9%86%D8%AA%D8%B1-Epson-%D9%85%D8%AF%D9%84-L1300,7,167,9.574850299401197,404,,0,3.76
https://mahamprint.com/product/50/%D9%BE%D8%B1%DB%8C%D9%86%D8%AA%D8%B1-%D9%84%DB%8C%D8%B2%D8%B1%DB%8C-HP-M1214NFH,10,166,8.789156626506024,404,,0,0.52
https://mahamprint.com/brand/43/bixolon,5,167,20.70059880239521,404,,0,4.27
https://mahamprint.com/product/1166/%DA%A9%D8%A7%D8%BA%D8%B0-Copilux-A5,0,167,9.952095808383234,404,,0,2.97
https://mahamprint.com/product/2066/%D8%A8%D8%B1%D8%AF-%D9%BE%D8%A7%D9%88%D8%B1-canon-236,17,166,9.680722891566266,404,,0,3.88
https://mahamprint.com/product/946/%D9%85%D8%A7%D8%B4%DB%8C%D9%86-%D8%AD%D8%B3%D8%A7%D8%A8-Sharp-EL-2902c,17,166,6.734939759036145,404,,0,4.33
https://mahamprint.com/product/3101/%D8%AF%D8%B3%D8%AA%DA%AF%D8%A7%D9%87%20%DA%A9%D9%BE%DB%8C-%20canon%20-%D9%85%D8%AF%D9%84-%20imageRUNNER%20-2224,3,166,36.674698795180724,404,,0,3.82
https://mahamprint.com/product/1680/%D8%AA%D9%88%D9%86%D8%B1-%DA%A9%D8%A7%D8%B1%D8%AA%D8%B1%DB%8C%D8%AC-HP-107A,8,164,12.451219512195122,404,,0,4.06
https://mahamprint.com/product/3093/%D9%BE%D8%B1%DB%8C%D9%86%D8%AA%D8%B1%20-%D8%AC%D9%88%D9%87%D8%B1%D8%A7%D9%81%D8%B4%D8%A7%D9%86-%20CANON-%20PIXMA%20-TS%20-3340,1,164,47.16463414634146,404,,0,4.12
https://mahamprint.com/product/449/%D8%A7%D8%B3%DA%A9%D9%86%D8%B1-PLUSTEK-2610,7,165,11.436363636363636,404,,0,5.46
https://mahamprint.com/product/589/%D8%B5%D9%86%D8%AF%D9%88%D9%82-%D9%81%D8%B1%D9%88%D8%B4%DA%AF%D8%A7%D9%87%DB%8C-Any-Shop-E2,8,163,11.306748466257668,404,,0,3.41
https://mahamprint.com/tag/3196/%D9%BE%D8%B1%DB%8C%D9%86%D8%AA%D8%B1-%D8%B3%D9%87-%DA%A9%D8%A7%D8%B1%D9%87-%D9%84%DB%8C%D8%B2%D8%B1%DB%8C-%DA%A9%D8%A7%D9%86%D9%86,2,163,30.282208588957054,404,,0,2.67
https://mahamprint.com/product/972/%D9%85%D8%A7%D8%B4%DB%8C%D9%86-%D8%AD%D8%B3%D8%A7%D8%A8-Casio-FX-350-ES-Plus,1,164,7.859756097560975,404,,0,5.25
https://mahamprint.com/product/579/%D9%81%DB%8C%D8%B4-%D9%BE%D8%B1%DB%8C%D9%86%D8%AA%D8%B1-EPSON-TM-T20,13,162,7.432098765432099,404,,0,2.72
https://mahamprint.com/product/220/%D9%BE%D8%B1%DB%8C%D9%86%D8%AA%D8%B1-%D8%B3%D9%87-%DA%A9%D8%A7%D8%B1%D9%87-%D8%AC%D9%88%D9%87%D8%B1%D8%A7%D9%81%D8%B4%D8%A7%D9%86-HP-2130,10,163,11.067484662576687,404,,0,5.12
https://mahamprint.com/product/3144/%D9%81%DB%8C%D8%B4-%20%D9%BE%D8%B1%DB%8C%D9%86%D8%AA%D8%B1%20-Mitsushida-%D9%85%D8%AF%D9%84%20-KC-812,5,162,7.691358024691358,404,,0,2.38
https://mahamprint.com/product/1389/%DA%A9%D8%A7%D8%B1%D8%AA%D8%B1%DB%8C%D8%AC-EPSON-73N-Black,12,161,6.316770186335404,404,,0,4.52
https://mahamprint.com/product/545/%D9%84%DB%8C%D8%A8%D9%84-%D9%BE%D8%B1%DB%8C%D9%86%D8%AA%D8%B1-%D9%85%D8%AF%D9%84-MEVA-MBP-4200,0,162,45.876543209876544,404,,0,4.85
https://mahamprint.com/product/2687/%D8%A7%D8%B3%DA%A9%D9%86%D8%B1-%D8%A7%D8%AB%D8%B1-%D8%A7%D9%86%DA%AF%D8%B4%D8%AA-Suprema-Biomini-Combo,8,161,18.652173913043477,404,,0,7.19
https://mahamprint.com/product/2022/%D9%BE%D8%B1%DB%8C%D9%86%D8%AA%D8%B1-Canon-PIXMA-TS3440W,4,161,7.173913043478261,404,,0,7.49
https://mahamprint.com/product/93/%D9%BE%D8%B1%DB%8C%D9%86%D8%AA%D8%B1-HP-officejet-7612,17,158,11.822784810126583,404,,0,5.64
https://mahamprint.com/product/2495/%D9%BE%D8%B1%DB%8C%D9%86%D8%AA%D8%B1-%D8%AA%DA%A9-%DA%A9%D8%A7%D8%B1%D9%87-HP-P1006,2,158,9.879746835443038,404,,0,4.46
https://mahamprint.com/product/1045/%D8%AF%D8%B3%D8%AA%DA%AF%D8%A7%D9%87-%DA%A9%D9%BE%DB%8C-XEROX-7845,4,158,8.018987341772153,404,,0,7.92
https://mahamprint.com/product/1537/%D8%AA%D9%88%D9%86%D8%B1-HP-48A,0,158,31.67721518987342,404,,0,3.47
https://mahamprint.com/product/626/%D8%AF%D8%B3%D8%AA%DA%AF%D8%A7%D9%87-%D8%AD%D8%B6%D9%88%D8%B1-%D9%88-%D8%BA%DB%8C%D8%A7%D8%A8-ZKTeco-UF-100,0,158,77.57594936708861,404,,0,4.87
https://mahamprint.com/product/1263/%D9%88%DB%8C%D8%AF%D8%A6%D9%88-%D9%BE%D8%B1%D9%88%DA%98%DA%A9%D8%AA%D9%88%D8%B1-VIEWSONIC-M2,15,157,7.343949044585988,404,,0,5.68
https://mahamprint.com/product/1359/%D8%AA%D9%88%D9%86%D8%B1-HP-727-CMYK,4,158,5.829113924050633,404,,0,17.23
https://mahamprint.com/product/1734/%D8%B1%DB%8C%D8%A8%D9%88%D9%86-%D8%B1%D9%86%DA%AF%DB%8C-300-%D8%B9%DA%A9%D8%B3-Magicard,2,161,20.73913043478261,404,,0,24.71
https://mahamprint.com/product/531/%D8%AA%D8%B3%D8%AA-%D8%A7%D8%B3%DA%A9%D9%86%D8%A7%D8%B3-Nikita-PBD-10s,15,158,5.949367088607595,404,,0,20.94
https://mahamprint.com/product/2477/%D8%AF%DB%8C%D8%AA%D8%A7-%D9%88%DB%8C%D8%AF%D8%A6%D9%88-%D9%BE%D8%B1%D9%88%DA%98%DA%A9%D8%AA%D9%88%D8%B1-%D9%85%D8%AF%D9%84-OPTOMA-M870X,6,157,25.62420382165605,404,,0,4.44
https://mahamprint.com/product/2482/%D9%81%DB%8C%D8%B4-%D9%BE%D8%B1%DB%8C%D9%86%D8%AA%D8%B1-SNBC-BTP-N80,6,156,48.47435897435897,404,,0,5.94
https://mahamprint.com/product/491/%D8%A7%D8%B3%DA%A9%D9%86%D8%B1-Canon-DR-6030C,0,157,27.03184713375796,404,,0,6.07
https://mahamprint.com/product/110/%D9%BE%D8%B1%DB%8C%D9%86%D8%AA%D8%B1-EPSON-L850,2,162,13.185185185185185,ERR:TimeoutError,,0,31.94
https://mahamprint.com/product/2288/%D9%87%D8%AF-%D9%BE%D8%B1%DB%8C%D9%86%D8%AA%D8%B1-%D8%A8%D8%B1%D9%86%D8%AF-HP-OfficeJet-7000,15,155,9.374193548387098,404,,0,3.4
https://mahamprint.com/product/1492/%DA%A9%D8%A7%D8%B1%D8%AA%D8%B1%DB%8C%D8%AC-%D8%AA%D9%88%D9%86%D8%B1-TOSHIBA-T3008U,19,155,8.974193548387097,404,,0,6.27
https://mahamprint.com/product/1803/%D8%B1%D9%88%D9%84-%DA%A9%D8%A7%D8%BA%D8%B0-%D8%AD%D8%B1%D8%A7%D8%B1%D8%AA%DB%8C-%D8%A7%D8%B3%DA%A9%D8%A7%DA%86-Scatch-8cm,7,157,33.859872611464965,404,,0,11.85
https://mahamprint.com/product/574/%D9%81%DB%8C%D8%B4-%D9%BE%D8%B1%DB%8C%D9%86%D8%AA%D8%B1-%D8%AD%D8%B1%D8%A7%D8%B1%D8%AA%DB%8C-BIXOLON-%D9%85%D8%AF%D9%84-SRP-330II,0,155,73.10322580645162,404,,0,3.27
https://mahamprint.com/product/877/%D8%A7%D8%B3%DA%A9%D9%86%D8%A7%D8%B3-%D8%B4%D9%85%D8%A7%D8%B1-Catiga-DB-150,17,154,6.298701298701299,404,,0,3.3
https://mahamprint.com/product/420/%D8%A7%D8%B3%DA%A9%D9%86%D8%B1-KODAK-I3200,0,154,25.714285714285715,404,,0,3.22
https://mahamprint.com/product/125/%D9%BE%D8%B1%DB%8C%D9%86%D8%AA%D8%B1-%D8%AA%DA%A9-%DA%A9%D8%A7%D8%B1%D9%87-%D9%84%DB%8C%D8%B2%D8%B1%DB%8C-BROTHER-HL-1110,11,153,8.346405228758169,404,,0,2.55
https://mahamprint.com/product/2278/%D9%87%D8%A7%D8%AA%D8%B1%D9%88%D9%84%D8%B1-%D8%AA%D9%88%D8%B4%DB%8C%D8%A8%D8%A7-3508-4508-3008,12,154,8.272727272727273,404,,0,3.44
https://mahamprint.com/product/2041/%D8%A8%D8%B1%D8%AF-%D9%81%D8%B1%D9%85%D8%AA%D8%B1-Samsung-M2020,25,153,5.764705882352941,404,,0,3.59
https://mahamprint.com/product/504/%D8%A7%D8%B3%DA%A9%D9%86%D8%B1-%D8%A7%D8%B3%D9%86%D8%A7%D8%AF-%DA%A9%D8%AF%D8%A7%DA%A9-I1405,10,151,12.211920529801324,404,,0,4.74
https://mahamprint.com/product/1568/%D8%AA%D9%88%D9%86%D8%B1-HP-414A,13,152,6.309210526315789,404,,0,6.53
https://mahamprint.com/product/775/%D8%AF%D8%B3%D8%AA%DA%AF%D8%A7%D9%87-%D8%A8%D8%B1%D8%B4-%DA%A9%D8%A7%D8%BA%D8%B0-VS-Plus450,8,153,11.183006535947712,404,,0,6.66
https://mahamprint.com/product/540/%D9%84%DB%8C%D8%A8%D9%84-%D9%BE%D8%B1%DB%8C%D9%86%D8%AA%D8%B1-%D9%85%D8%AF%D9%84-Bixolon-SLP-DX220,0,150,46.34,404,,0,2.42
https://mahamprint.com/product/2074/%D9%82%D8%B7%D8%B9%D9%87-%D8%A8%D8%B1%D8%AF-%D9%BE%D8%A7%D9%88%D8%B1-hp-m15a,10,149,7.228187919463087,404,,0,2.42
https://mahamprint.com/product/1650/%D9%BE%D8%B1%DB%8C%D9%86%D8%AA%D8%B1-%D8%AC%D9%88%D9%87%D8%B1%D8%A7%D9%81%D8%B4%D8%A7%D9%86-hp-Smart-Tank-500,17,148,7.141891891891892,404,,0,3.16
https://mahamprint.com/product/3030/%D8%A7%D8%B3%DA%A9%D9%86%D8%B1-%20Avision%20-360G,3,149,6.879194630872483,404,,0,4.81
https://mahamprint.com/product/2285/%D9%87%D8%AF-%D8%B1%DB%8C%D9%81%DB%8C%D9%84-%D8%B4%D8%B4-%D8%B1%D9%86%DA%AF-%D8%A8%D8%B1%D9%86%D8%AF-HP-%D9%85%D8%AF%D9%84-72,1,151,43.5364238410596,404,,0,15.28
https://mahamprint.com/product/2440/%D9%BE%D8%B1%DB%8C%D9%86%D8%AA%D8%B1-%DA%86%D9%87%D8%A7%D8%B1-%DA%A9%D8%A7%D8%B1%D9%87-epson-15150,8,148,5.972972972972973,404,,0,3.82
https://mahamprint.com/product/2883/%D9%BE%D8%B1%DB%8C%D9%86%D8%AA%D8%B1-%D8%B3%D9%87-%DA%A9%D8%A7%D8%B1%D9%87-%D8%A7%D8%B3%D8%AA%D9%88%DA%A9-%D8%A8%D8%B1%D9%86%D8%AF-hp-M1132,3,148,23.31756756756757,404,,0,5.33
https://mahamprint.com/product/1738/%D8%B1%DB%8C%D8%A8%D9%88%D9%86-%D8%B1%D9%86%DA%AF%DB%8C-250-%D8%B9%DA%A9%D8%B3-Fargo-C50-YMCKO-Ribbon-%D8%A7%D9%88%D8%B1%D8%AC%DB%8C%D9%86%D8%A7%D9%84,1,151,18,404,,0,22.72
https://mahamprint.com/product/2484/%D8%A8%D8%A7%D8%B1%DA%A9%D8%AF-%D8%A7%D8%B3%DA%A9%D9%86%D8%B1-HEROJE-NB271-2D,15,147,9.285714285714286,404,,0,8.45
https://mahamprint.com/product/474/%D8%A7%D8%B3%DA%A9%D9%86%D8%B1-Fujitsu-Fi-6110,21,147,8.80952380952381,404,,0,9.56
https://mahamprint.com/product/2977/%D9%BE%D8%B1%DB%8C%D9%86%D8%AA%D8%B1-%20%D8%B3%D9%87%20%DA%A9%D8%A7%D8%B1%D9%87-%20%D8%AC%D9%88%D9%87%D8%B1%D8%A7%D9%81%D8%B4%D8%A7%D9%86-%20%20Brother-%20DCP-T220,15,147,6.551020408163265,404,,0,6.23
https://mahamprint.com/product/762/%DA%A9%D8%A7%D8%BA%D8%B0-%D8%AE%D8%B1%D8%AF%DA%A9%D9%86-Aurora-HS150S,12,147,52.97959183673469,404,,0,2.62
https://mahamprint.com/product/1509/%D8%AA%D9%88%D9%86%D8%B1-%DA%A9%D8%A7%D8%B1%D8%AA%D8%B1%DB%8C%D8%AC-HP-25X,11,146,15.924657534246576,404,,0,2.25
https://mahamprint.com/product/129/%D9%BE%D8%B1%DB%8C%D9%86%D8%AA%D8%B1-%D8%AA%DA%A9-%DA%A9%D8%A7%D8%B1%D9%87-%D9%84%DB%8C%D8%B2%D8%B1%DB%8C-BROTHER-%D9%85%D8%AF%D9%84-HL-L5200dw,8,146,9.349315068493151,404,,0,2.67
https://mahamprint.com/product/388/%D8%A7%D8%B3%DA%A9%D9%86%D8%B1-HP-Scanjet-G3110,4,147,9.156462585034014,404,,0,4.74
https://mahamprint.com/product/1314/%D9%85%D8%A7%D9%86%DB%8C%D8%AA%D9%88%D8%B1-BENQ-BL2420PT-24-Inch,22,146,6.842465753424658,404,,0,6.72
https://mahamprint.com/product/2955/%D8%AF%D8%B3%D8%AA%DA%AF%D8%A7%D9%87-%20%DA%A9%D9%BE%DB%8C-%20canon-%20%D9%85%D8%AF%D9%84-%20imageRUNNER-%202224N,7,145,9.517241379310345,404,,0,2.95
https://mahamprint.com/product/2513/%D9%BE%D8%B1%DB%8C%D9%86%D8%AA%D8%B1-%DA%86%D9%86%D8%AF%DA%A9%D8%A7%D8%B1%D9%87-%D9%84%DB%8C%D8%B2%D8%B1%DB%8C-HP-M443NDA,4,146,9,404,,0,7.4
https://mahamprint.com/product/2579/%DA%AF%D9%88%D8%B4%DB%8C-%D9%85%D9%88%D8%A8%D8%A7%DB%8C%D9%84-%D8%A7%D9%BE%D9%84-iphone-14,2,146,31.171232876712327,404,,0,7.0
https://mahamprint.com/product/1155/%D8%AC%D9%88%D9%87%D8%B1-%D8%A8%D8%B1%D9%86%D8%AF-EPSON-%D9%85%D8%AF%D9%84-673,9,145,10.082758620689654,404,,0,6.33
https://mahamprint.com/product/2914/%D9%BE%D8%B1%DB%8C%D9%86%D8%AA%D8%B1-%D8%AA%DA%A9-%DA%A9%D8%A7%D8%B1%D9%87-%D9%84%DB%8C%D8%B2%D8%B1%DB%8C-hp-3015d,10,150,7.806666666666667,ERR:TimeoutError,,0,36.98
https://mahamprint.com/product/432/%D8%A7%D8%B3%DA%A9%D9%86%D8%B1-FUJITSU-FI-7280,4,150,7.1866666666666665,ERR:TimeoutError,,0,32.79
https://mahamprint.com/mag/%D9%87%D8%AF-%D9%BE%D9%84%D8%A7%D8%AA%D8%B1-%D9%88%D8%A7%D9%86%D9%88%D8%A7%D8%B9-%D8%A2%D9%86,4,144,8.86111111111111,404,,0,3.4
https://mahamprint.com/mag/%D8%A8%D8%B1%D8%B1%D8%B3%DB%8C-%D9%85%D8%AD%D8%B5%D9%88%D9%84%D8%A7%D8%AA-%D8%A8%D8%B1%D9%86%D8%AF-%D8%B4%D8%A7%D8%B1%D9%BE,2,144,9.152777777777779,404,,0,3.51
https://mahamprint.com/product/222/%D9%BE%D8%B1%DB%8C%D9%86%D8%AA%D8%B1-%D8%AC%D9%88%D9%87%D8%B1%D8%A7%D9%81%D8%B4%D8%A7%D9%86-%D8%B3%D9%87-%DA%A9%D8%A7%D8%B1%D9%87-HP-GT-5820,12,141,5.9361702127659575,404,,0,2.57
https://mahamprint.com/product/448/%D8%A7%D8%B3%DA%A9%D9%86%D8%B1-PLUSTEK-OPTICSLIM-1680H,10,143,9.125874125874127,404,,0,3.44
https://mahamprint.com/category/106/%DA%A9%D8%A7%D8%B1%D8%A8%D9%86-%D9%81%DA%A9%D8%B3,0,141,9.156028368794326,404,,0,4.87
https://mahamprint.com/index.php?productID=3043,0,140,13.214285714285714,404,,0,6.23
https://mahamprint.com/product/1012/%D9%85%D8%A7%D8%B4%DB%8C%D9%86-%D8%AD%D8%B3%D8%A7%D8%A8-Citizen-SR-270-XPU,5,144,7.729166666666667,404,,0,12.83
https://mahamprint.com/product/520/%D8%AF%D8%B3%D8%AA%DA%AF%D8%A7%D9%87-%D8%AA%D8%B3%D8%AA-%D8%A7%D8%B3%DA%A9%D9%86%D8%A7%D8%B3-%D9%85%D8%AF%D9%84-Magner,7,139,7.575539568345324,404,,0,7.23
https://mahamprint.com/repairs/Epson%20-printer-%20repair,2,139,18.323741007194243,404,,0,4.88
https://mahamprint.com/product/1047/%D8%AF%D8%B3%D8%AA%DA%AF%D8%A7%D9%87-%DA%A9%D9%BE%DB%8C-XEROX-5875,5,139,9.122302158273381,404,,0,9.7
https://mahamprint.com/category/150/products,2,139,2.597122302158273,404,,0,6.28
https://mahamprint.com/product/105/%D9%BE%D8%B1%DB%8C%D9%86%D8%AA%D8%B1-%D9%84%DB%8C%D8%B2%D8%B1%DB%8C-%D8%AA%DA%A9-%DA%A9%D8%A7%D8%B1%D9%87-canon-%D9%85%D8%AF%D9%84-lbp611cn,4,139,7.553956834532374,404,,0,14.68
https://mahamprint.com/category/144/%D9%87%D8%A7%D8%B1%D8%AF,0,137,8.226277372262775,404,,0,4.97
https://mahamprint.com/product/2073/%D8%A8%D8%B1%D8%AF-%D9%BE%D8%A7%D9%88%D8%B1-hp-M1536,14,143,9.167832167832168,ERR:TimeoutError,,0,32.61
https://mahamprint.com/product/1764/%D8%B1%DB%8C%D8%A8%D9%88%D9%86-%D8%AA%DA%A9-%D8%B1%D9%86%DA%AF-%D8%B3%D9%81%DB%8C%D8%AF-1000-%D8%B9%DA%A9%D8%B3-%D9%85%D8%AC%DB%8C%DA%A9%D8%A7%D8%B1%D8%AF-Magicard-Ribbon-White,0,139,15.575539568345324,404,,0,15.77
https://mahamprint.com/product/2686/%D8%A7%D8%B3%DA%A9%D9%86%D8%B1-%D8%A7%D8%AB%D8%B1-%D8%A7%D9%86%DA%AF%D8%B4%D8%AA-suprema-%D9%85%D8%AF%D9%84-BioMini-Plus-2,12,136,14.066176470588236,404,,0,4.36
https://mahamprint.com/product/665/%DA%A9%D8%A7%D8%BA%D8%B0-%D8%AE%D8%B1%D8%AF%DA%A9%D9%86-Remo-C-1100,3,136,31.676470588235293,404,,0,3.12
https://mahamprint.com/mag/how-to-use-heli-shot-in-filmmaking,6,143,7.076923076923077,ERR:TimeoutError,,0,34.05
https://mahamprint.com/product/2717/%DA%A9%D8%A7%D8%B1%D8%AA-%DA%AF%D8%B1%D8%A7%D9%81%DB%8C%DA%A9-MSI-RX-6800-GAMING-X-TRIO-16G,11,135,7.7481481481481485,404,,0,3.2
https://mahamprint.com/product/1338/%D9%85%D8%A7%D8%B4%DB%8C%D9%86-%D8%AD%D8%B3%D8%A7%D8%A8-PARS-DS-206L,1,138,6.753623188405797,404,,0,19.93
https://mahamprint.com/mag/%D9%BE%D8%B1%DB%8C%D9%86%D8%AA%D8%B1-%D8%AC%D9%88%D9%87%D8%B1-%D8%A7%D9%81%D8%B4%D8%A7%D9%86-%DA%86%DB%8C%D8%B3%D8%AA%D8%9F,1,135,13.385185185185184,404,,0,2.81
https://mahamprint.com/product/464/%D8%A7%D8%B3%DA%A9%D9%86%D8%B1-CANON-DR-C230,2,134,74.00746268656717,404,,0,2.88
https://mahamprint.com/product/1547/%D8%AA%D9%88%D9%86%D8%B1-RICOH-SP-201LA,20,133,7.030075187969925,404,,0,2.52
https://mahamprint.com/product/1160/%D8%B3%D8%AA-%DA%A9%D8%A7%D8%BA%D8%B0-%D8%B9%DA%A9%D8%B3-%D9%88-%D8%AC%D9%88%D9%87%D8%B1-Canon-KP-108IN,5,133,8.721804511278195,404,,0,2.5
https://mahamprint.com/product/484/%D8%A7%D8%B3%DA%A9%D9%86%D8%B1-HP-Scanjet-8300,20,137,10.817518248175183,404,,0,21.05
https://mahamprint.com/product/2616/%D8%B3%D8%A7%D8%B9%D8%AA-%D9%87%D9%88%D8%B4%D9%85%D9%86%D8%AF-SAMSUNG-galaxy-watch-4,0,133,45.36842105263158,404,,0,2.36
https://mahamprint.com/product/2544/%D9%BE%D9%84%D8%A7%D8%AA%D8%B1-EPSON-%D9%85%D8%AF%D9%84-SureColor-SC-F500,15,132,10.5,404,,0,2.44
https://mahamprint.com/product/611/%D8%B5%D9%86%D8%AF%D9%88%D9%82-%D9%81%D8%B1%D9%88%D8%B4%DA%AF%D8%A7%D9%87%DB%8C-NIKITA-iCash-A715,22,132,5.424242424242424,404,,0,2.83
https://mahamprint.com/product/2919/%D9%BE%D8%B1%DB%8C%D9%86%D8%AA%D8%B1-%DA%86%D9%87%D8%A7%D8%B1%DA%A9%D8%A7%D8%B1%D9%87-CANON-i-SENSYS-MF4750,6,132,11.295454545454545,404,,0,2.33
https://mahamprint.com/product/2029/%D8%A8%D8%B1%D8%AF-%D9%81%D8%B1%D9%85%D8%AA%D8%B1-HP-P2055d,4,132,9.606060606060606,404,,0,2.64
https://mahamprint.com/product/394/%D8%A7%D8%B3%DA%A9%D9%86%D8%B1-HP-6310,14,132,8.81060606060606,404,,0,3.66
https://mahamprint.com/product/2537/%D9%BE%D8%B1%DB%8C%D9%86%D8%AA%D8%B1-%D8%AA%DA%A9-%DA%A9%D8%A7%D8%B1%D9%87-hp-652dn,22,131,6.877862595419847,404,,0,2.58
https://mahamprint.com/product/1563/%DA%A9%D8%A7%D8%B1%D8%AA%D8%B1%DB%8C%D8%AC-%D8%AA%D9%88%D9%86%D8%B1-HP-410X,14,131,23.870229007633586,404,,0,2.88
https://mahamprint.com/product/556/%D9%84%DB%8C%D8%A8%D9%84-%D9%BE%D8%B1%DB%8C%D9%86%D8%AA%D8%B1-TSC-TE200,6,131,11.702290076335878,404,,0,2.76
https://mahamprint.com/repairs/Printer-%20paper%20-feeder-repair,2,131,9,404,,0,2.8
https://mahamprint.com/mag/%D9%BE%D8%B1%DB%8C%D9%86%D8%AA%D8%B1-%DA%86%D8%A7%D9%BE-%D8%B9%DA%A9%D8%B3,1,131,7.312977099236641,404,,0,2.45
https://mahamprint.com/mag/%D9%82%D8%A7%D8%A8%D9%84%DB%8C%D8%AA-%D8%B4%D8%A7%D8%B1%DA%98-%DA%A9%D8%A7%D8%B1%D8%AA%D8%B1%DB%8C%D8%AC-%D8%B7%D8%B1%D8%AD-%D9%88-%D9%81%D8%A7%D8%A8%D8%B1%DB%8C%DA%A9,1,131,10.854961832061068,404,,0,2.86
https://mahamprint.com/category/90/video-projector,2,130,50.06923076923077,404,,0,2.39
https://mahamprint.com/product/987/%D9%85%D8%A7%D8%B4%DB%8C%D9%86-%D8%AD%D8%B3%D8%A7%D8%A8-CASIO-DR-1212LA,4,130,9,404,,0,2.63
https://mahamprint.com/product/1570/%D8%AA%D9%88%D9%86%D8%B1-%DA%A9%D8%A7%D8%B1%D8%AA%D8%B1%DB%8C%D8%AC-SHARP-MX61GT,26,129,5.3565891472868215,404,,0,2.56
https://mahamprint.com/product/2271/%D9%87%D8%A7%D8%AA-%D8%B1%D9%88%D9%84-%DA%A9%DB%8C%D9%88%D8%B3%D8%B1%D8%A7-1620-%D9%88-1635,4,130,9.546153846153846,404,,0,4.68
https://mahamprint.com/product/3102/%D9%BE%D8%B1%DB%8C%D9%86%D8%AA%D8%B1-%20%D9%84%DB%8C%D8%A8%D9%84%20-%D8%B2%D9%86%20-%D8%A7%D9%BE%D8%B3%D9%88%D9%86%20-%D9%85%D8%AF%D9%84%20-TM-C3500,12,129,8.25581395348837,404,,0,3.16
https://mahamprint.com/product/1636/%D9%BE%D8%B1%DB%8C%D9%86%D8%AA%D8%B1-%D8%AC%D9%88%D9%87%D8%B1%D8%A7%D9%81%D8%B4%D8%A7%D9%86-%DA%86%D9%87%D8%A7%D8%B1-%DA%A9%D8%A7%D8%B1%D9%87-EPSON-3720-DW,4,128,10.9765625,404,,0,2.45
https://mahamprint.com/product/272/%D9%BE%D8%B1%DB%8C%D9%86%D8%AA%D8%B1-%D8%B3%D9%88%D8%B2%D9%86%DB%8C-EPSON-LQ-2190,11,128,13.8828125,404,,0,2.62
https://mahamprint.com/mag/original-or-non-original-cartridges,2,128,12.484375,200,https://mahamprint.com/mag/original-or-non-original-cartridges,0,2.44
https://mahamprint.com/product/2032/%D8%A8%D8%B1%D8%AF-%D9%81%D8%B1%D9%85%D8%AA%D8%B1-Canon-MF4410,11,128,7.8828125,404,,0,4.8
https://mahamprint.com/category/140/%D8%AA%D8%AC%D9%87%DB%8C%D8%B2%D8%A7%D8%AA-%D8%B4%D8%A8%DA%A9%D9%87,0,128,1.7734375,404,,0,3.13
https://mahamprint.com/product/360/%D9%BE%D8%B1%DB%8C%D9%86%D8%AA%D8%B1-%D8%B3%D9%87-%DA%A9%D8%A7%D8%B1%D9%87-%D8%AC%D9%88%D9%87%D8%B1%D8%A7%D9%81%D8%B4%D8%A7%D9%86-HP-Ink-Tank-515,9,127,12.039370078740157,404,,0,2.6
https://mahamprint.com/product/2691/%D8%A7%D8%B3%DA%A9%D9%86%D8%B1-%D8%AF%D9%87-%D8%A7%D9%86%DA%AF%D8%B4%D8%AA-suprema-realscan-G10,2,127,38.275590551181104,404,,0,2.77
https://mahamprint.com/product/827/%D8%A8%D8%A7%D8%B1%DA%A9%D8%AF-%D8%A7%D8%B3%DA%A9%D9%86%D8%B1-DataScan-%D9%85%D8%AF%D9%84-IP-2050,12,126,6.095238095238095,404,,0,2.75
https://mahamprint.com/product/119/%D9%BE%D8%B1%DB%8C%D9%86%D8%AA%D8%B1-%DA%86%D9%86%D8%AF%DA%A9%D8%A7%D8%B1%D9%87-%D9%84%DB%8C%D8%B2%D8%B1%DB%8C-SAMSUNG-2070FH,10,126,9.65079365079365,404,,0,2.65
https://mahamprint.com/product/1065/%D9%81%D8%AA%D9%88%DA%A9%D9%BE%DB%8C-RICOH-MP2014D,4,126,7.523809523809524,404,,0,2.56
https://mahamprint.com/product/537/%D9%81%DB%8C%D8%B4-%D9%BE%D8%B1%DB%8C%D9%86%D8%AA%D8%B1-Bixolon-%D9%85%D8%AF%D9%84-R410,3,126,49.45238095238095,404,,0,2.61
https://mahamprint.com/brand/42/meva,3,126,9.119047619047619,404,,0,3.87
https://mahamprint.com/product/2468/%D8%A7%D8%B3%DA%A9%D9%86%D8%B1-Mustek-P3600-A3-Pro,1,126,28.317460317460316,404,,0,2.75
https://mahamprint.com/brand/26/Brother,0,126,40.111111111111114,404,,0,2.78
https://mahamprint.com/product/3080/%D8%A7%D8%B3%DA%A9%D9%86%D8%B1-%20%D8%A7%DB%8C-%20%D9%88%DB%8C%DA%98%D9%86%20-%D9%85%D8%AF%D9%84AD360GF,0,126,24.00793650793651,404,,0,3.54
https://mahamprint.com/product/259/%D9%BE%D8%B1%DB%8C%D9%86%D8%AA%D8%B1-EPSON-L810,4,125,8.472000000000001,404,,0,3.07
https://mahamprint.com/product/1555/%D8%AA%D9%88%D9%86%D8%B1-HP-81A,9,125,10.384,404,,0,5.29
https://mahamprint.com/product/1046/%D8%AF%D8%B3%D8%AA%DA%AF%D8%A7%D9%87-%DA%A9%D9%BE%DB%8C-XEROX-workcentre-5865-i,9,124,6.943548387096774,404,,0,3.07
https://mahamprint.com/product/930/%D9%85%D8%A7%D8%B4%DB%8C%D9%86-%D8%AD%D8%B3%D8%A7%D8%A8-SHARP-EL-377W,5,123,8.284552845528456,404,,0,2.83
https://mahamprint.com/product/53/%D9%BE%D8%B1%DB%8C%D9%86%D8%AA%D8%B1-%D8%AC%D9%88%D9%87%D8%B1%D8%A7%D9%81%D8%B4%D8%A7%D9%86-%DA%86%D9%87%D8%A7%D8%B1-%DA%A9%D8%A7%D8%B1%D9%87-EPSON-WF-2850,11,124,7.298387096774194,404,,0,3.79
https://mahamprint.com/product/395/%D8%A7%D8%B3%DA%A9%D9%86%D8%B1-HP-8270,9,122,9.147540983606557,404,,0,2.41
https://mahamprint.com/product/1638/%D9%BE%D8%B1%DB%8C%D9%86%D8%AA%D8%B1-L3156-EPSON,4,122,6.942622950819672,404,,0,2.39
https://mahamprint.com/product/1962/%D9%86%D9%88%D8%A7%D8%B1-%D9%84%DB%8C%D8%A8%D9%84-%D9%BE%D8%B1%DB%8C%D9%86%D8%AA%D8%B1-%D8%A8%D8%B1%D8%A7%D8%AF%D8%B1-TZE-531,8,122,8.237704918032787,404,,0,2.92
https://mahamprint.com/product/1332/%D9%85%D8%A7%D9%86%DB%8C%D8%AA%D9%88%D8%B1-XVISION-XL2020AI-195-Inch,0,123,7.138211382113822,404,,0,3.74
https://mahamprint.com/mag/%D8%B7%D8%B1%D8%B2-%DA%A9%D8%A7%D8%B1-%D9%BE%D8%B1%DB%8C%D9%86%D8%AA%D8%B1-%D9%84%DB%8C%D8%B2%D8%B1%DB%8C,0,121,7.991735537190083,404,,0,2.66
https://mahamprint.com/product/1931/%D9%86%D9%88%D8%A7%D8%B1-%D8%A8%D8%B1%DA%86%D8%B3%D8%A8-%D9%84%DB%8C%D8%A8%D9%84-%D8%B2%D9%86-%D8%AF%D8%B3%D8%AA%DB%8C-%D9%85%D8%AF%D9%84-DYMO-%D8%B1%D9%86%DA%AF-%D9%86%D9%82%D8%B1%D9%87-%D8%A7%DB%8C,4,122,6.901639344262295,404,,0,3.8
https://mahamprint.com/category/126/%D9%86%D8%A7%D8%AE%D9%86%DA%A9,3,120,6.341666666666667,404,,0,2.58
https://mahamprint.com/product/2516/%D8%AF%D8%B3%D8%AA%DA%AF%D8%A7%D9%87-%DA%A9%D9%BE%DB%8C-sharp-7024dn,1,123,10.926829268292684,404,,0,7.03
https://mahamprint.com/product/3090/%D9%BE%D8%B1%DB%8C%D9%86%D8%AA%D8%B1-%20%D8%B3%D9%87%20-%DA%A9%D8%A7%D8%B1%D9%87%20-%DA%A9%D8%A7%D9%86%D9%86-%20%D9%85%D8%AF%D9%84-%20MF232-%20nw,4,120,38.791666666666664,404,,0,3.4
https://mahamprint.com/product/2251/%D9%81%DB%8C%D9%88%D8%B2%DB%8C%D9%86%DA%AF-%D8%A7%DA%86-%D9%BE%DB%8C-HP-1300,11,119,10.008403361344538,404,,0,3.12
https://mahamprint.com/product/1565/%D8%AA%D9%88%D9%86%D8%B1-%DA%A9%D8%A7%D8%B1%D8%AA%D8%B1%DB%8C%D8%AC-HP-206A,3,119,9.512605042016807,404,,0,2.8
https://mahamprint.com/products,2,119,1.1092436974789917,200,https://mahamprint.com/products,0,3.15
https://mahamprint.com/product/1621/%D9%BE%D8%B1%DB%8C%D9%86%D8%AA%D8%B1-%D8%AA%DA%A9-%DA%A9%D8%A7%D8%B1%D9%87-%D9%84%DB%8C%D8%B2%D8%B1%DB%8C-canon-6018w,3,119,11.126050420168067,404,,0,4.34
https://mahamprint.com/product/813/%D8%A8%D8%A7%D8%B1%DA%A9%D8%AF-%D8%A7%D8%B3%DA%A9%D9%86%D8%B1-NewLand-HR-11,17,118,7.830508474576271,404,,0,3.73
https://mahamprint.com/product/591/%D8%B5%D9%86%D8%AF%D9%88%D9%82-%D9%81%D8%B1%D9%88%D8%B4%DA%AF%D8%A7%D9%87%DB%8C-%D8%A8%D8%B1%D9%86%D8%AF-Casio-SE-C6000,7,118,6.754237288135593,404,,0,2.36
https://mahamprint.com/product/1818/%D8%AA%D8%A7%D9%86%DA%A9-%D8%AC%D9%88%D9%87%D8%B1-%DA%A9%D8%A7%D9%86%D9%86-Canon-4840,6,118,11.779661016949152,404,,0,3.62
https://mahamprint.com/product/460/%D8%A7%D8%B3%DA%A9%D9%86%D8%B1-Mustek-2400-N,4,118,10.313559322033898,404,,0,2.34
https://mahamprint.com/product/666/%DA%A9%D8%A7%D8%BA%D8%B0-%D8%AE%D8%B1%D8%AF%DA%A9%D9%86-Remo-C-3100,1,118,8.305084745762713,404,,0,2.36
https://mahamprint.com/product/832/%D8%A8%D8%A7%D8%B1%DA%A9%D8%AF-%D8%A7%D8%B3%DA%A9%D9%86%D8%B1-%D8%A8%D8%B1%D9%86%D8%AF-DATALOGIC-MAGELLAN-1D3200VSI,0,118,39.847457627118644,404,,0,2.26
https://mahamprint.com/product/766/%D8%AF%D8%B3%D8%AA%DA%AF%D8%A7%D9%87-%D8%A8%D8%B1%D8%B4-%DA%A9%D8%A7%D8%BA%D8%B0-AX4605,6,118,7.406779661016949,404,,0,4.6
https://mahamprint.com/product/386/%D8%A7%D8%B3%DA%A9%D9%86%D8%B1-HP-200,6,117,7.811965811965812,404,,0,2.32
https://mahamprint.com/product/645/%DA%A9%D8%A7%D8%BA%D8%B0-%D8%AE%D8%B1%D8%AF%DA%A9%D9%86-nikita-%D9%85%D8%AF%D9%84-Silver-Plus,1,117,20.675213675213676,404,,0,2.54
https://mahamprint.com/product/3091/%D9%BE%D8%B1%DB%8C%D9%86%D8%AA%D8%B1%20-%DA%86%D9%87%D8%A7%D8%B1%DA%A9%D8%A7%D8%B1%D9%87-%20%D9%84%DB%8C%D8%B2%D8%B1%DB%8C%20-HP%20-425DN,2,117,53.41880341880342,404,,0,2.7
https://mahamprint.com/product/3119/%D9%BE%D8%B1%DB%8C%D9%86%D8%AA%D8%B1%20-%DA%86%D9%87%D8%A7%D8%B1%DA%A9%D8%A7%D8%B1%D9%87-%20%D9%84%DB%8C%D8%B2%D8%B1%DB%8C%20-HP%20-MFP-%20M128-%20FN,6,125,6.232,404,,0,20.91
https://mahamprint.com/product/1333/%D9%85%D8%A7%D9%86%DB%8C%D8%AA%D9%88%D8%B1-%D8%A7%D9%84-%D8%AC%DB%8C-%DB%B2%DB%B4-MK430H-B-%D8%B3%D8%A7%DB%8C%D8%B2-%DB%B2%DB%B3-%DB%B5-%D8%A7%DB%8C%D9%86%DA%86,5,116,7.163793103448276,404,,0,3.21
https://mahamprint.com/product/3075/Fujitsu-FI-8170,5,116,28.04310344827586,404,,0,2.52
https://mahamprint.com/product/2984/%DA%A9%D8%A7%D8%BA%D8%B0-%20%D8%AE%D8%B1%D8%AF%DA%A9%D9%86-%20Nikita-%209108,1,116,27.17241379310345,404,,0,2.71
https://mahamprint.com/mag/%D8%B4%D9%86%D8%A7%D8%AE%D8%AA-%D9%BE%D8%B1%DB%8C%D9%86%D8%AA%D8%B1-%D8%A7%D9%BE%D8%B3%D9%88%D9%86,4,116,10.172413793103448,404,,0,3.4
https://mahamprint.com/product/1632/%D9%BE%D8%B1%DB%8C%D9%86%D8%AA%D8%B1-J2330CDW-BROTHER,10,115,7.660869565217391,404,,0,2.58
https://mahamprint.com/product/264/%D9%BE%D8%B1%DB%8C%D9%86%D8%AA%D8%B1-%D8%AC%D9%88%D9%87%D8%B1%D8%A7%D9%81%D8%B4%D8%A7%D9%86-EPSON-L382,7,115,12.756521739130434,404,,0,2.49
https://mahamprint.com/product/3132/%D8%A7%D8%B3%DA%A9%D9%86%D8%B1%20-Avision%20-ad8120u,5,114,7.991228070175438,404,,0,2.43
https://mahamprint.com/product/862/%D8%A7%D8%B3%DA%A9%D9%86%D8%A7%D8%B3-%D8%B4%D9%85%D8%A7%D8%B1-%D8%B3%DB%8C-%D8%AA%DA%A9-%D9%85%D8%AF%D9%84-ST-350,12,115,6.3130434782608695,404,,0,4.64
https://mahamprint.com/product/367/%D9%BE%D8%B1%DB%8C%D9%86%D8%AA%D8%B1-%D9%84%DB%8C%D8%B2%D8%B1%DB%8C-%DA%86%D9%86%D8%AF%DA%A9%D8%A7%D8%B1%D9%87-RICOH-%D9%85%D8%AF%D9%84-230-sfnw,5,113,7.716814159292035,404,,0,2.5
https://mahamprint.com/product/2954/%D9%BE%D8%B1%DB%8C%D9%86%D8%AA%D8%B1-%20%DA%86%D9%86%D8%AF%20%DA%A9%D8%A7%D8%B1%D9%87%20-%D9%84%DB%8C%D8%B2%D8%B1%DB%8C-%20HP%20-%D9%85%D8%AF%D9%84-%20LaserJet-%20Pro-%20MFP-%20M528dn,10,113,8.76991150442478,404,,0,3.61
https://mahamprint.com/product/2444/%D9%84%DB%8C%D8%A8%D9%84-%D9%BE%D8%B1%DB%8C%D9%86%D8%AA%D8%B1-brother-Ql800,4,113,9.56637168141593,404,,0,7.47
https://mahamprint.com/product/463/%D8%A7%D8%B3%DA%A9%D9%86%D8%B1-CANON-DR-C130,5,113,10.725663716814159,404,,0,7.92
https://mahamprint.com/category/94/pic-camera,2,113,34.15929203539823,404,,0,6.81
https://mahamprint.com/product/2092/%D8%AF%D8%B1%D8%A7%D9%85-%DA%A9%D8%A7%D8%B1%D8%AA%D8%B1%DB%8C%D8%AC-%D9%85%D8%AF%D9%84-Canon-2202-Drum,5,112,8.1875,404,,0,5.24
https://mahamprint.com/product/1787/%D8%AF%D9%88%D9%84%D9%88%D9%BE%D8%B1-Ricoh-%D8%A7%D9%88%D8%B1%D8%AC%DB%8C%D9%86%D8%A7%D9%84-Type-28,3,112,7.678571428571429,404,,0,2.51
https://mahamprint.com/product/928/%D9%85%D8%A7%D8%B4%DB%8C%D9%86-%D8%AD%D8%B3%D8%A7%D8%A8-Casio-fx-570EX,4,112,8.232142857142858,404,,0,2.67
https://mahamprint.com/product/2911/%D9%BE%D8%B1%DB%8C%D9%86%D8%AA%D8%B1-%D8%AC%D9%88%D9%87%D8%B1%D8%A7%D9%81%D8%B4%D8%A7%D9%86-%D8%B1%D9%86%DA%AF%DB%8C-%D8%A8%D8%B1%D9%86%D8%AF-EPSON-%D9%85%D8%AF%D9%84-L8050,4,112,13.705357142857142,404,,0,3.43
https://mahamprint.com/product/1078/%D8%A8%D9%84%DB%8C%D8%AF-%DA%A9%D8%A7%D8%B1%D8%AA%D8%B1%DB%8C%D8%AC-HP-1320,3,112,9.544642857142858,404,,0,3.31
https://mahamprint.com/product/1894/%D8%A7%D8%B3%DA%A9%D9%86%D8%B1-PANASONIC-KV-SL1066,15,112,8.848214285714285,404,,0,9.4
https://mahamprint.com/product/203/%D9%BE%D8%B1%DB%8C%D9%86%D8%AA%D8%B1-%DA%86%D9%86%D8%AF%DA%A9%D8%A7%D8%B1%D9%87-%D9%84%DB%8C%D8%B2%D8%B1%DB%8C-%D8%A8%D8%B1%D9%86%D8%AF-HP-%D9%85%D8%AF%D9%84-M775F,12,111,11.91891891891892,404,,0,3.38
https://mahamprint.com/product/1479/%DA%A9%D8%A7%D8%B1%D8%AA%D8%B1%DB%8C%D8%AC-%D8%AA%D9%88%D9%86%D8%B1-HP-105A,3,111,10.27027027027027,404,,0,2.79
https://mahamprint.com/product/2982/%D8%A7%D8%B3%DA%A9%D9%86%D8%B1-%20%D8%B1%D9%88%D9%85%DB%8C%D8%B2%DB%8C-%20Fujitsu-%20FI-8270,1,112,18.473214285714285,404,,0,4.22
https://mahamprint.com/product/2240/%D9%81%DB%8C%D9%88%D8%B2%DB%8C%D9%86%DA%AF-%DA%A9%D8%A7%D9%85%D9%84-%D8%B3%D8%A7%D9%85%D8%B3%D9%88%D9%86%DA%AF-Samsung-2570,7,111,9.603603603603604,404,,0,3.59
https://mahamprint.com/product/3074/%D8%A7%D8%B3%DA%A9%D9%86%D8%B1-%D8%A7%D8%B3%D9%86%D8%A7%D8%AF-%DA%A9%D8%AF%D8%A7%DA%A9-Alaris-E1025,2,111,10.18918918918919,404,,0,3.6
https://mahamprint.com/product/959/%D9%85%D8%A7%D8%B4%DB%8C%D9%86-%D8%AD%D8%B3%D8%A7%D8%A8-CASIO-DS-1B,6,110,7.818181818181818,404,,0,2.52
https://mahamprint.com/product/1021/%D9%85%D8%A7%D8%B4%DB%8C%D9%86-%D8%AD%D8%B3%D8%A7%D8%A8-Sharp-EL-421,12,109,7.165137614678899,404,,0,2.78
https://mahamprint.com/product/919/%D9%85%D8%A7%D8%B4%DB%8C%D9%86-%D8%AD%D8%B3%D8%A7%D8%A8-CAS1C-DR-2130TW,4,110,4.690909090909091,404,,0,3.15
https://mahamprint.com/product/365/%D9%BE%D8%B1%DB%8C%D9%86%D8%AA%D8%B1-%D8%AA%DA%A9-%DA%A9%D8%A7%D8%B1%D9%87-CANON-LBP253DW,7,109,8.01834862385321,404,,0,2.97
https://mahamprint.com/product/2910/%D9%BE%D8%B1%DB%8C%D9%86%D8%AA%D8%B1-%DA%86%D9%86%D8%AF%DA%A9%D8%A7%D8%B1%D9%87-%D9%84%DB%8C%D8%B2%D8%B1%DB%8C-%D8%B1%D9%86%DA%AF%DB%8C-%D8%A8%D8%B1%D9%86%D8%AF-CANON-%D9%85%D8%AF%D9%84-MF655Cdw,4,110,8.4,404,,0,6.54
https://mahamprint.com/product/252/%D9%BE%D8%B1%DB%8C%D9%86%D8%AA%D8%B1-%D8%B3%D9%87-%DA%A9%D8%A7%D8%B1%D9%87-%D8%AC%D9%88%D9%87%D8%B1%D8%A7%D9%81%D8%B4%D8%A7%D9%86-CANON-G3411,6,109,25.26605504587156,404,,0,4.23
https://mahamprint.com/product/2342/%DA%86%D8%B1%D8%AE-%D8%AF%D9%86%D8%AF%D9%87-%D8%AF%D8%B1%D8%A7%DB%8C%D9%88-%D8%AA%D9%88%D9%86%D8%B1-%D8%B9%D9%86%DA%A9%D8%A8%D9%88%D8%AA%DB%8C-%D9%BE%D8%B1%DB%8C%D9%86%D8%AA%D8%B1-%D8%A8%D8%B1%D9%86%D8%AF-HP-%D9%85%D8%AF%D9%84-PRO-401,5,109,6.963302752293578,404,,0,2.85
https://mahamprint.com/category/85/side%20part,3,109,10.63302752293578,404,,0,2.79
https://mahamprint.com/product/204/%D9%BE%D8%B1%DB%8C%D9%86%D8%AA%D8%B1-%D9%84%DB%8C%D8%B2%D8%B1%DB%8C-%DA%86%D9%87%D8%A7%D8%B1-%DA%A9%D8%A7%D8%B1%D9%87-HP-M880Z,5,109,8.944954128440367,404,,0,5.11
https://mahamprint.com/product/406/%D8%A7%D8%B3%DA%A9%D9%86%D8%B1-EPSON-DS-870,3,109,11.495412844036696,404,,0,2.37
https://mahamprint.com/product/263/%D9%BE%D8%B1%DB%8C%D9%86%D8%AA%D8%B1-EPSON-L3110,6,108,8.574074074074074,404,,0,2.45
https://mahamprint.com/product/2264/%D9%87%D8%A7%D8%AA-%D8%B1%D9%88%D9%84%D8%B1-%DA%A9%D9%BE%DB%8C-%D8%B4%D8%A7%D8%B1%D9%BE-5516-Sharp,2,109,7.963302752293578,404,,0,4.51
https://mahamprint.com/product/513/%D8%AA%D8%B3%D8%AA-%D8%A7%D8%B3%DA%A9%D9%86%D8%A7%D8%B3-%D9%85%D8%AF%D9%84-Masterwork-PD-100,3,109,8.330275229357799,404,,0,4.76
https://mahamprint.com/product/2068/%D8%A8%D8%B1%D8%AF-%D9%BE%D8%A7%D9%88%D8%B1-M401-hp,9,107,6.373831775700935,404,,0,2.3
https://mahamprint.com/product/1537/%D8%AA%D9%88%D9%86%D8%B1-%DA%A9%D8%A7%D8%B1%D8%AA%D8%B1%DB%8C%D8%AC-HP-48A,4,108,9.194444444444445,404,,0,3.52
https://mahamprint.com/product/1765/%D8%B1%DB%8C%D8%A8%D9%88%D9%86-%D8%AA%DA%A9-%D8%B1%D9%86%DA%AF-%D9%82%D8%B1%D9%85%D8%B2-1000-%D8%B9%DA%A9%D8%B3-%D9%85%D8%AF%D9%84-Magicard-Ribbon-red,0,108,22.074074074074073,404,,0,4.42
https://mahamprint.com/product/181/%D9%BE%D8%B1%DB%8C%D9%86%D8%AA%D8%B1-%DA%86%D9%87%D8%A7%D8%B1-%DA%A9%D8%A7%D8%B1%D9%87-%D8%A8%D8%B1%D9%86%D8%AF-HP-M428FDN,1,107,12.738317757009346,404,,0,2.66
https://mahamprint.com/product/2393/%D9%BE%DB%8C%DA%A9%D8%A7%D9%BE-%D8%A7%DA%86-%D9%BE%DB%8C-%D8%AF%D8%B3%DA%A9-%D8%AC%D8%AA-1280,5,107,13.467289719626168,404,,0,3.5
https://mahamprint.com/product/931/%D9%85%D8%A7%D8%B4%DB%8C%D9%86-%D8%AD%D8%B3%D8%A7%D8%A8-Pars-Hesab-PD-30-L,5,106,6.943396226415095,404,,0,2.43
https://mahamprint.com/product/1598/%DA%86%D8%A7%D9%BE%DA%AF%D8%B1-%D8%B3%D9%88%D8%B2%D9%86%DB%8C-PR2-PLUS,2,107,11.065420560747663,404,,0,4.91
https://mahamprint.com/product/908/%D9%85%D8%A7%D8%B4%DB%8C%D9%86-%D8%AD%D8%B3%D8%A7%D8%A8-CASIO-DH-16-BK,2,114,6.0701754385964914,ERR:TimeoutError,,0,31.6
https://mahamprint.com/products/----canon-6030,0,106,8.726415094339622,200,https://mahamprint.com/products/----canon-6030,0,2.67
https://mahamprint.com/product/738/%DA%A9%D8%A7%D8%BA%D8%B0-%D8%AE%D8%B1%D8%AF%DA%A9%D9%86-Nikita-SD-9670,8,105,7.876190476190477,404,,0,2.63
https://mahamprint.com/product/652/%DA%A9%D8%A7%D8%BA%D8%B0-%D8%AE%D8%B1%D8%AF%DA%A9%D9%86-Nikita-SD-9511,1,105,35.93333333333333,404,,0,2.66
https://mahamprint.com/product/3057/%D9%84%DB%8C%D8%A8%D9%84-%20%D9%BE%D8%B1%DB%8C%D9%86%D8%AA%D8%B1-%20%D8%B5%D9%86%D8%B9%D8%AA%DB%8C-%20%D8%A8%D8%B1%D9%86%D8%AF-%20TSC%20-%D9%85%D8%AF%D9%84-%20MB240T,0,105,50.885714285714286,404,,0,2.68
https://mahamprint.com/product/1257/%D9%88%DB%8C%D8%AF%D8%A6%D9%88-%D9%BE%D8%B1%D9%88%DA%98%DA%A9%D8%AA%D9%88%D8%B1-%D8%AC%DB%8C%D8%A8%DB%8C-ASUS-ZenBeam-Go-E1,5,105,9.41904761904762,404,,0,3.62
https://mahamprint.com/mag,0,104,2.25,200,https://mahamprint.com/mag,0,2.43
https://mahamprint.com/product/698/%DA%A9%D8%A7%D8%BA%D8%B0-%D8%AE%D8%B1%D8%AF%DA%A9%D9%86-%D9%85%D8%AF%D9%84-Fellowes-53C,6,103,7.097087378640777,404,,0,2.49
https://mahamprint.com/product/878/%D8%A7%D8%B3%DA%A9%D9%86%D8%A7%D8%B3-%D8%B4%D9%85%D8%A7%D8%B1-Magner-95,8,102,10.803921568627452,404,,0,2.28
https://mahamprint.com/product/111/%D9%BE%D8%B1%DB%8C%D9%86%D8%AA%D8%B1-%D8%AC%D9%88%D9%87%D8%B1%D8%A7%D9%81%D8%B4%D8%A7%D9%86-%DA%86%D9%87%D8%A7%D8%B1-%DA%A9%D8%A7%D8%B1%D9%87-EPSON-L1455,16,102,6.686274509803922,404,,0,2.43
https://mahamprint.com/product/568/%D9%81%DB%8C%D8%B4-%D9%BE%D8%B1%DB%8C%D9%86%D8%AA%D8%B1-Bixolon-SRP-R400,0,104,56.83653846153846,404,,0,4.49
https://mahamprint.com/brand/27/HP,3,102,5.294117647058823,404,,0,2.65
https://mahamprint.com/product/1242/%D9%88%DB%8C%D8%AF%D8%A6%D9%88-%D9%BE%D8%B1%D9%88%DA%98%DA%A9%D8%AA%D9%88%D8%B1-%D8%AC%DB%8C%D8%A8%DB%8C-AIPTEK-%D8%A8%D8%B1%D9%86%D8%AF-i60,10,101,16.772277227722775,404,,0,2.39
https://mahamprint.com/product/2862/%D9%BE%D8%B1%D8%AF%D9%87-%D9%86%D9%85%D8%A7%DB%8C%D8%B4-%D8%A8%D8%B1%D9%82%DB%8C-%DA%A9%D8%B1%D9%88%D9%85%D8%A7%DA%A9%DB%8C-%D9%85%D8%AF%D9%84-CSG300A,10,101,25.603960396039604,404,,0,2.66
https://mahamprint.com/product/863/%D8%A7%D8%B3%DA%A9%D9%86%D8%A7%D8%B3-%D8%B4%D9%85%D8%A7%D8%B1-Hsoon-bj-2100-UV,8,101,7.0594059405940595,404,,0,2.45
https://mahamprint.com/product/120/%D9%BE%D8%B1%DB%8C%D9%86%D8%AA%D8%B1-%D8%AA%DA%A9-%DA%A9%D8%A7%D8%B1%D9%87-%D9%84%DB%8C%D8%B2%D8%B1%DB%8C-Lexmark-MS317dn,10,101,7.287128712871287,404,,0,3.42
https://mahamprint.com/brand/30/panasonic,3,102,12.519607843137255,404,,0,4.66
https://mahamprint.com/product/2539/%D9%BE%D8%B1%DB%8C%D9%86%D8%AA%D8%B1-%D8%AA%DA%A9-%DA%A9%D8%A7%D8%B1%D9%87-%D9%84%DB%8C%D8%B2%D8%B1%DB%8C-CANON-%D9%85%D8%AF%D9%84-i-SENSYS-LBP621Cw,0,101,43.603960396039604,404,,0,2.42
https://mahamprint.com/product/512/%D8%AA%D8%B3%D8%AA-%D8%A7%D8%B3%DA%A9%D9%86%D8%A7%D8%B3-Masterwork-NC-7100,14,100,8.41,404,,0,2.58
https://mahamprint.com/product/2737/%DA%A9%D8%A7%D8%B1%D8%AA-%DA%AF%D8%B1%D8%A7%D9%81%DB%8C%DA%A9-%D8%A8%D8%B1%D9%86%D8%AF-MSI-RTX-3070-TI-SUPRIM-8G,4,100,15.77,404,,0,2.67
https://mahamprint.com/product/868/%D8%A7%D8%B3%DA%A9%D9%86%D8%A7%D8%B3-%D8%B4%D9%85%D8%A7%D8%B1-Dtech-600,9,106,6.018867924528302,404,,0,15.36
https://mahamprint.com/product/1017/%D9%85%D8%A7%D8%B4%DB%8C%D9%86-%D8%AD%D8%B3%D8%A7%D8%A8-CASIO-DR-120TM,1,100,7.9,404,,0,2.5
https://mahamprint.com/product/121/%D9%BE%D8%B1%DB%8C%D9%86%D8%AA%D8%B1-%D8%AA%DA%A9-%DA%A9%D8%A7%D8%B1%D9%87-%D9%84%DB%8C%D8%B2%D8%B1%DB%8C-Lexmark-MS-417dn,3,99,7.787878787878788,404,,0,2.78
https://mahamprint.com/category/88/game-console,2,99,10.797979797979798,404,,0,2.83
https://mahamprint.com/product/233/%D9%BE%D8%B1%DB%8C%D9%86%D8%AA%D8%B1-%D9%84%DB%8C%D8%B2%D8%B1%DB%8C-%D8%A8%D8%B1%D9%86%D8%AF-Canon-%D9%85%D8%AF%D9%84-351X,12,98,6.204081632653061,404,,0,2.56
https://mahamprint.com/product/2946/%D9%BE%D8%B1%DB%8C%D9%86%D8%AA%D8%B1-canon-pixima-G3430,8,98,8.438775510204081,404,,0,3.43
https://mahamprint.com/order-tracking,2,98,5.448979591836735,404,,0,3.26
https://mahamprint.com/product/2416/%D8%BA%D9%84%D8%AA%DA%A9-%D8%B3%D9%BE%D8%B1%DB%8C%D8%B4%D9%86-ADF-AF-1060-Ricoh,0,98,32.48979591836735,404,,0,2.37
https://mahamprint.com/tag/818/%D8%A7%D8%B3%DA%A9%D9%86%D8%B1-%D8%A7%DB%8C-%D9%88%DB%8C%DA%98%D9%86/sort=customers_rating&direction=asc,0,98,50.94897959183673,404,,0,3.13
https://mahamprint.com/product/118/%D9%BE%D8%B1%DB%8C%D9%86%D8%AA%D8%B1-%DA%86%D9%86%D8%AF%DA%A9%D8%A7%D8%B1%D9%87-%D9%84%DB%8C%D8%B2%D8%B1%DB%8C-SAMSUNG-2070FW,8,97,8.597938144329897,404,,0,2.59
https://mahamprint.com/product/1004/%D9%85%D8%A7%D8%B4%DB%8C%D9%86-%D8%AD%D8%B3%D8%A7%D8%A8-CASIO-FX-82MS,7,97,10.443298969072165,404,,0,2.62
https://mahamprint.com/product/890/%D8%A7%D8%B3%DA%A9%D9%86%D8%A7%D8%B3-%D8%B4%D9%85%D8%A7%D8%B1-MAX-BS-510,12,96,6.572916666666667,404,,0,2.25
https://mahamprint.com/product/2740/%DA%A9%D8%A7%D8%B1%D8%AA-%DA%AF%D8%B1%D8%A7%D9%81%DB%8C%DA%A9-MSI-%D9%85%D8%AF%D9%84-RTX-3080-TI-GAMING-X-TRIO-12G,7,96,34.979166666666664,404,,0,2.31
https://mahamprint.com/product/527/%D8%AA%D8%B3%D8%AA-%D8%A7%D8%B3%DA%A9%D9%86%D8%A7%D8%B3-%D8%A8%D8%B1%D9%86%D8%AF-Masterwork-NC-1200,13,96,8.458333333333332,404,,0,3.04
https://mahamprint.com/product/2097/%D8%AF%D8%B1%D8%A7%D9%85-%D8%B1%D9%86%DA%AF%DB%8C-HP-1025,3,96,10.510416666666666,404,,0,2.46
https://mahamprint.com/product/2733/%DA%A9%D8%A7%D8%B1%D8%AA-%DA%AF%D8%B1%D8%A7%D9%81%DB%8C%DA%A9-MSI-GeForce-RTX-3070-VENTUS-2X-OC-8GB,3,96,8,404,,0,2.39
https://mahamprint.com/product/660/%DA%A9%D8%A7%D8%BA%D8%B0-%D8%AE%D8%B1%D8%AF%DA%A9%D9%86-Mehr-MM-800,0,97,52.21649484536083,404,,0,6.8
https://mahamprint.com/product/2064/%D8%A8%D8%B1%D8%AF-%D9%BE%D8%A7%D9%88%D8%B1-printer-hp-P1005-P1006-P1008,6,96,9.614583333333334,404,,0,4.64
https://mahamprint.com/news/%D8%B1%D9%81%D8%B9-%D9%85%D8%B4%DA%A9%D9%84%D8%A7%D8%AA-%D8%AC%D9%85%D8%B9-%D8%B4%D8%AF%D9%86-%DA%A9%D8%A7%D8%BA%D8%B0,1,98,8.26530612244898,404,,0,11.64
https://mahamprint.com/product/571/%D9%81%DB%8C%D8%B4-%D9%BE%D8%B1%DB%8C%D9%86%D8%AA%D8%B1-%D9%85%D8%AF%D9%84-Bixolon-SRP-F312,1,96,51.583333333333336,404,,0,3.31
https://mahamprint.com/product/2275/%D9%87%D8%A7%D8%AA-%D8%B1%D9%88%D9%84%D8%B1-%D9%BE%D8%B1%DB%8C%D9%86%D8%AA%D8%B1-%D8%A7%DA%86-%D9%BE%DB%8C-9000-9040-9050,6,95,6.442105263157894,404,,0,2.35
https://mahamprint.com/product/338/%D9%BE%D8%B1%DB%8C%D9%86%D8%AA%D8%B1-EPSON-ET-M1100,1,96,63.0625,404,,0,4.75
https://mahamprint.com/index.php?productID=3101,0,96,30.489583333333332,404,,0,4.57
https://mahamprint.com/product/234/%D9%BE%D8%B1%DB%8C%D9%86%D8%AA%D8%B1-%D9%84%DB%8C%D8%B2%D8%B1%DB%8C-CANON-MF232W,2,95,7.168421052631579,404,,0,2.41
https://mahamprint.com/product/3088/%D9%BE%D8%B1%DB%8C%D9%86%D8%AA%D8%B1%20-%D8%B3%D9%87-%20%DA%A9%D8%A7%D8%B1%D9%87%20-%D9%84%DB%8C%D8%B2%D8%B1%DB%8C-%20HP-%20MFP775DN,1,95,59.56842105263158,404,,0,2.41
https://mahamprint.com/product/1830/%D9%BE%D8%B1%DB%8C%D9%86%D8%AA%D8%B1-%D9%84%DB%8C%D8%B2%D8%B1%DB%8C-%D8%B3%D9%87-%DA%A9%D8%A7%D8%B1%D9%87-canon-imageclass-MF3010,5,95,19.71578947368421,404,,0,4.38
https://mahamprint.com/product/1626/%D8%AF%D8%B3%D8%AA%DA%AF%D8%A7%D9%87-%D9%81%DA%A9%D8%B3-panasonic-712-CX,11,94,6.638297872340425,404,,0,4.43
https://mahamprint.com/product/2062/%D8%A8%D8%B1%D8%AF-%D9%BE%D8%A7%D9%88%D8%B1-%D9%BE%D8%B1%DB%8C%D9%86%D8%AA%D8%B1-HP-P2035,3,94,10.308510638297872,404,,0,2.47
https://mahamprint.com/product/719/%DA%A9%D8%A7%D8%BA%D8%B0-%D8%AE%D8%B1%D8%AF%DA%A9%D9%86-Protech-SD-9520,3,94,10.01063829787234,404,,0,2.93
https://mahamprint.com/product/2021/%D8%A8%D8%A7%D8%AA%D8%B1%DB%8C-%DA%A9%D8%AA%D8%A7%D8%A8%DB%8C-Toshiba-High-Power,0,94,7.638297872340425,404,,0,3.48
https://mahamprint.com/product/152/%D9%BE%D8%B1%DB%8C%D9%86%D8%AA%D8%B1-%D9%84%DB%8C%D8%B2%D8%B1%DB%8C-%DA%86%D9%87%D8%A7%D8%B1%DA%A9%D8%A7%D8%B1%D9%87-%D8%A8%D8%B1%D9%86%D8%AF-HP-%D9%85%D8%AF%D9%84-138fnw,6,93,6.301075268817204,404,,0,2.18
https://mahamprint.com/product/3086/%D9%BE%D8%B1%DB%8C%D9%86%D8%AA%D8%B1%D9%84%DB%8C%D8%B2%D8%B1%DB%8C%20-%D8%AA%DA%A9-%20%DA%A9%D8%A7%D8%B1%D9%87-%20Canon-%20LBP122dw,0,92,61.5,404,,0,2.19
https://mahamprint.com/product/2320/%DA%86%D8%B1%D8%AE-%D8%AF%D9%86%D8%AF%D9%87-32T-%DA%A9%D9%84%D8%A7%DA%86-PS-%D8%A8%D8%B1%D9%86%D8%AF-sharp-AR-163,1,92,9.445652173913043,404,,0,6.03
https://mahamprint.com/product/819/%D8%A8%D8%A7%D8%B1%DA%A9%D8%AF-%D8%A7%D8%B3%DA%A9%D9%86%D8%B1-DATALOGIC-QW2420,0,96,51.552083333333336,404,,0,15.4
https://mahamprint.com/product/901/%D8%A7%D8%B3%DA%A9%D9%86%D8%A7%D8%B3-%D8%B4%D9%85%D8%A7%D8%B1-AX-2108,2,98,6.275510204081633,ERR:TimeoutError,,0,31.58
https://mahamprint.com/product/2461/%D8%AF%D8%B3%D8%AA%DA%AF%D8%A7%D9%87-%DA%A9%D9%BE%DB%8C-RICOH-IM-C3000,6,90,9.555555555555555,404,,0,14.12
https://mahamprint.com/product/376/%D8%A7%D8%B3%DA%A9%D9%86%D8%B1-EPSON-V370,9,93,9.161290322580646,ERR:TimeoutError,,0,31.62
https://mahamprint.com/product/1245/%D9%85%DB%8C%D9%86%DB%8C-%D9%88%DB%8C%D8%AF%D8%A6%D9%88-%D9%BE%D8%B1%D9%88%DA%98%DA%A9%D8%AA%D9%88%D8%B1-T7-%D8%AF%D8%A7%D8%B1%D8%A7%DB%8C-WIFI,7,92,8.304347826086957,ERR:TimeoutError,,0,31.59
https://mahamprint.com/product/603/%D8%B5%D9%86%D8%AF%D9%88%D9%82-%D9%81%D8%B1%D9%88%D8%B4%DA%AF%D8%A7%D9%87%DB%8C-MEVA-PT-3060,8,90,6.311111111111111,404,,0,24.85
https://mahamprint.com/product/470/%D8%A7%D8%B3%DA%A9%D9%86%D8%B1-HP-9120N,4,90,9.988888888888889,404,,0,3.17
https://mahamprint.com/brand/6/%D8%A7%D8%B3%D9%86%D9%88%D8%A7,1,90,46.355555555555554,404,,0,2.59
https://mahamprint.com/product/598/%D8%B5%D9%86%D8%AF%D9%88%D9%82-%D9%81%D8%B1%D9%88%D8%B4%DA%AF%D8%A7%D9%87%DB%8C-POSBANK-Apexa-G,0,90,34.94444444444444,404,,0,3.47
https://mahamprint.com/products/----------avision--ad5800,1,91,15.582417582417582,ERR:TimeoutError,,0,32.01
https://mahamprint.com/product/812/%D8%A8%D8%A7%D8%B1%DA%A9%D8%AF-%D8%A7%D8%B3%DA%A9%D9%86%D8%B1-Remo-%D9%85%D8%AF%D9%84-3300,11,89,5.786516853932584,404,,0,2.58
https://mahamprint.com/product/992/%D9%85%D8%A7%D8%B4%DB%8C%D9%86-%D8%AD%D8%B3%D8%A7%D8%A8-Citizen-LC-110N,6,90,6.011111111111111,404,,0,12.01
https://mahamprint.com/product/511/%D8%AA%D8%B3%D8%AA-%D8%A7%D8%B3%DA%A9%D9%86%D8%A7%D8%B3-Remo-%D9%85%D8%AF%D9%84-18M,8,89,6.46067415730337,404,,0,3.27
https://mahamprint.com/product/920/%D9%85%D8%A7%D8%B4%DB%8C%D9%86-%D8%AD%D8%B3%D8%A7%D8%A8-%D8%B3%DB%8C%D8%AA%DB%8C%D8%B2%D9%86-CT-914C-II,1,89,9.831460674157304,404,,0,2.29
https://mahamprint.com/product/583/%D9%81%DB%8C%D8%B4-%D9%BE%D8%B1%DB%8C%D9%86%D8%AA%D8%B1-%D8%A8%D8%B1%D9%86%D8%AF-Postek-C168,3,89,7.752808988764045,404,,0,3.19
https://mahamprint.com/product/1789/%D8%AF%D9%88%D9%84%D9%88%D9%BE%D8%B1-%D8%A8%D8%B1%D9%86%D8%AF-Sharp-%D8%A7%D9%88%D8%B1%D8%AC%DB%8C%D9%86%D8%A7%D9%84-%D9%85%D8%AF%D9%84-AR-271SD,7,90,6.977777777777778,ERR:TimeoutError,,0,31.71
https://mahamprint.com/product/2042/%D8%A8%D8%B1%D8%AF-%D9%81%D8%B1%D9%85%D8%AA%D8%B1-Samsung-ML-2160,9,88,8.511363636363637,404,,0,2.55
https://mahamprint.com/product/3158/%D9%BE%D8%B1%DB%8C%D9%86%D8%AA%D8%B1%20-%D8%AC%D9%88%D9%87%D8%B1%D8%A7%D9%81%D8%B4%D8%A7%D9%86-%20EPSON-%20L3556,10,88,5.284090909090909,404,,0,3.15
https://mahamprint.com/product/485/%D8%A7%D8%B3%DA%A9%D9%86%D8%B1-Epson-Perfection-V550,9,88,8.852272727272727,404,,0,3.69
https://mahamprint.com/product/2147/%D8%B3%D9%BE%D8%B1%DB%8C%D8%B4%D9%86-%D9%BE%D8%AF-HP-Tray2-402-%D8%A7%D9%88%D8%B1%D8%AC%DB%8C%D9%86%D8%A7%D9%84,2,88,8.227272727272727,404,,0,3.44
https://mahamprint.com/product/1512/%D8%AA%D9%88%D9%86%D8%B1-HP-58A,1,88,12.409090909090908,404,,0,4.48
https://mahamprint.com/product/132/%D9%BE%D8%B1%DB%8C%D9%86%D8%AA%D8%B1-%D8%AA%DA%A9-%DA%A9%D8%A7%D8%B1%D9%87-%D8%A8%D8%B1%D9%86%D8%AF-BROTHER-%D9%85%D8%AF%D9%84-HL-5440D,7,87,8.28735632183908,404,,0,3.98
https://mahamprint.com/product/2280/%D9%87%D8%A7%D8%AA-%D8%B1%D9%88%D9%84%D8%B1-%DA%A9%D9%BE%DB%8C-%D9%85%DB%8C%D9%86%D9%88%D9%84%D8%AA%D8%A7-1054-1052,4,87,7.712643678160919,404,,0,4.82
https://mahamprint.com/brand/80/vincode,1,87,7.137931034482759,404,,0,4.59
https://mahamprint.com/product/1874/%D9%84%DB%8C%D8%A8%D9%84-%D8%A8%D8%B1%DA%86%D8%B3%D8%A8-%DA%A9%D8%A7%D8%BA%D8%B0%DB%8C-%D8%B2%D8%B1%D8%AF-%D8%AA%DA%A9-%D8%B1%D8%AF%DB%8C%D9%81%D9%87-100-80,1,87,45.88505747126437,404,,0,3.61
https://mahamprint.com/product/133/%D9%BE%D8%B1%DB%8C%D9%86%D8%AA%D8%B1-%D9%84%DB%8C%D8%B2%D8%B1%DB%8C-%D8%AA%DA%A9-%DA%A9%D8%A7%D8%B1%D9%87-BROTHER-HL-L8360CDW,4,88,14.147727272727273,404,,0,13.24
https://mahamprint.com/product/3083/%D9%BE%D8%B1%DB%8C%D9%86%D8%AA%D8%B1%20-%DA%86%D9%87%D8%A7%D8%B1%DA%A9%D8%A7%D8%B1%D9%87%20-%D9%84%DB%8C%D8%B2%D8%B1%DB%8C-%20Brother-%20L5710DW,0,87,52,404,,0,3.63
https://mahamprint.com/product/123/%D9%BE%D8%B1%DB%8C%D9%86%D8%AA%D8%B1-%D9%84%DB%8C%D8%B2%D8%B1%DB%8C-LEXMARK-%D9%85%D8%AF%D9%84-CS317DN,5,86,12.918604651162791,404,,0,3.62
https://mahamprint.com/product/1535/%DA%A9%D8%A7%D8%B1%D8%AA%D8%B1%DB%8C%D8%AC-%D8%AA%D9%88%D9%86%D8%B1-HP-103A,3,86,9.30232558139535,404,,0,2.4
https://mahamprint.com/product/824/%D8%A8%D8%A7%D8%B1%DA%A9%D8%AF-%D8%A7%D8%B3%DA%A9%D9%86%D8%B1-%D8%A8%D8%B1%D9%86%D8%AF-DATALOGIC-%D9%85%D8%AF%D9%84-Magellan-3450,4,86,14.046511627906977,404,,0,4.79
https://mahamprint.com/product/2554/%D8%A8%D8%A7%D8%B1%DA%A9%D8%AF%D8%AE%D9%88%D8%A7%D9%86-%D8%B3%DB%8C%D9%85-%D8%AF%D8%A7%D8%B1-WINSON-%D9%85%D8%AF%D9%84-WNI-6610g,4,86,13.127906976744185,404,,0,5.42
https://mahamprint.com/product/2992/%D9%BE%D8%B1%DB%8C%D9%86%D8%AA%D8%B1-%20%D9%84%DB%8C%D8%B2%D8%B1%DB%8C-%20%DA%86%D9%87%D8%A7%D8%B1%20%DA%A9%D8%A7%D8%B1%D9%87-%20%D8%A8%D8%B1%D9%86%D8%AF%20-BROTHER%20-%D9%85%D8%AF%D9%84%20-2700D,4,87,7.7701149425287355,404,,0,14.48
https://mahamprint.com/product/1042/%D9%85%D8%A7%D8%B4%DB%8C%D9%86-%D8%AD%D8%B3%D8%A7%D8%A8-Texas-Instruments-BA-II-PLUS,10,85,13.68235294117647,404,,0,4.39
https://mahamprint.com/product/2324/%DA%86%D8%B1%D8%AE-%D8%AF%D9%86%D8%AF%D9%87-%D8%AF%D9%88-%D9%85%D8%B1%D8%AD%D9%84%D9%87-%D8%A7%DB%8C-Epson-LQ300,10,85,7.176470588235294,404,,0,3.26
https://mahamprint.com/product/948/%D9%85%D8%A7%D8%B4%DB%8C%D9%86-%D8%AD%D8%B3%D8%A7%D8%A8-Canon-AS-2400,0,86,4.558139534883721,404,,0,6.84
https://mahamprint.com/brand/22/nikon,4,85,6.141176470588236,404,,0,3.67
https://mahamprint.com/product/475/%D8%A7%D8%B3%DA%A9%D9%86%D8%B1-Fujitsu-Fi-6130Z,8,85,7.2,404,,0,3.98
https://mahamprint.com/product/502/%D8%A7%D8%B3%DA%A9%D9%86%D8%B1-%D8%A7%D8%B3%D9%86%D8%A7%D8%AF-%DA%A9%D8%AF%D8%A7%DA%A9-Alaris-E1025,3,85,10.058823529411764,404,,0,2.56
https://mahamprint.com/product/929/%D9%85%D8%A7%D8%B4%DB%8C%D9%86-%D8%AD%D8%B3%D8%A7%D8%A8-%DA%A9%D8%A7%D8%B3%DB%8C%D9%88-DR-140R,5,84,6.595238095238095,404,,0,2.42
https://mahamprint.com/product/2475/%D8%A8%D8%A7%D8%B1%DA%A9%D8%AF%D8%AE%D9%88%D8%A7%D9%86-%D8%AF%D9%88-%D8%A8%D8%B9%D8%AF%DB%8C-%D8%A8%D8%A7%D8%B3%DB%8C%D9%85-Oscar-unibar2,0,85,29.376470588235293,404,,0,3.36
https://mahamprint.com/product/2552/%D9%BE%D8%B1%DB%8C%D9%86%D8%AA%D8%B1-%D8%B5%D8%AF%D9%88%D8%B1-%DA%A9%D8%A7%D8%B1%D8%AA-%D9%85%D8%AF%D9%84-SMART-31,2,85,19.6,404,,0,3.66
https://mahamprint.com/product/1337/%D9%85%D8%A7%D9%86%DB%8C%D8%AA%D9%88%D8%B1-%D8%A7%D9%84-%D8%AC%DB%8C-%D9%85%D8%AF%D9%84-%DB%B2%DB%B0MK400AB-%D8%B3%D8%A7%DB%8C%D8%B2-%DB%B1%DB%B9-%DB%B5-%D8%A7%DB%8C%D9%86%DA%86,3,84,7.726190476190476,404,,0,2.31
https://mahamprint.com/product/2304/%D8%B1%D9%88%D9%84-%D9%BE%D8%B1%D8%B3-%D8%A8%D8%B1%D9%86%D8%AF-Sharp-%D9%85%D8%AF%D9%84-AR-5127,3,84,9.166666666666666,404,,0,2.36
https://mahamprint.com/product/1122/%D8%AA%D9%88%D9%86%D8%B1-%D8%B4%D8%A7%D8%B1%DA%98-%D8%A8%D8%B1%D9%86%D8%AF-ricoh-1kg,7,83,14.144578313253012,404,,0,2.44
https://mahamprint.com/product/2056/%D8%A8%D8%B1%D8%AF-%D9%81%D8%B1%D9%85%D8%AA%D8%B1-HP-P2015,6,87,9.931034482758621,ERR:TimeoutError,,0,32.63
https://mahamprint.com/product/2083/%D8%A8%D8%B1%D8%AF-%D9%BE%D8%A7%D9%88%D8%B1-printer-canon-6650-6670,4,87,6.528735632183908,ERR:TimeoutError,,0,32.09
https://mahamprint.com/product/1895/%D8%A7%D8%B3%DA%A9%D9%86%D8%B1-Plustek-t300-a3,3,83,16.40963855421687,404,,0,2.45
https://mahamprint.com/product/3015/%D9%BE%D8%B1%DB%8C%D9%86%D8%AA%D8%B1%20-%DA%86%D9%87%D8%A7%D8%B1%DA%A9%D8%A7%D8%B1%D9%87%20-%D9%84%DB%8C%D8%B2%D8%B1%DB%8C%20-canon-%204870dn,15,82,6.170731707317073,404,,0,2.6
https://mahamprint.com/index.php?productID=3104,5,83,7.650602409638554,404,,0,4.38
https://mahamprint.com/product/1812/%D8%AA%D8%A7%D9%86%DA%A9-%D8%AC%D9%88%D9%87%D8%B1-Epson-TX117,9,82,10.987804878048781,404,,0,3.46
https://mahamprint.com/product/2057/%D8%A8%D8%B1%D8%AF-%D9%81%D8%B1%D9%85%D8%AA%D8%B1-HP-P3005,7,82,6.597560975609756,404,,0,3.11
https://mahamprint.com/product/847/%D8%A8%D8%A7%D8%B1%DA%A9%D8%AF-%D8%A7%D8%B3%DA%A9%D9%86%D8%B1-%D8%A8%D8%B1%D9%86%D8%AF-Scope-SP-5013,7,82,11.28048780487805,404,,0,3.22
https://mahamprint.com/product/1513/%D8%AA%D9%88%D9%86%D8%B1-%DA%A9%D8%A7%D8%B1%D8%AA%D8%B1%DB%8C%D8%AC-HP-44A,5,82,6.902439024390244,404,,0,3.22
https://mahamprint.com/product/566/%D9%84%DB%8C%D8%A8%D9%84-%D9%BE%D8%B1%DB%8C%D9%86%D8%AA%D8%B1-Bixolon-SLP-T403,5,82,8.902439024390244,404,,0,2.77
https://mahamprint.com/product/2221/%DA%A9%D8%A7%D8%B3%D8%AA-%DA%A9%D8%A7%D8%BA%D8%B0-%D9%BE%D8%B1%DB%8C%D9%86%D8%AA%D8%B1-HP-1320,3,86,8.918604651162791,404,,0,21.48
https://mahamprint.com/product/1846/%D9%84%DB%8C%D8%A8%D9%84-Tyvek-%D8%B9%D8%B1%D8%B6-3-%D8%B3%D8%A7%D9%86%D8%AA,2,82,32.0609756097561,404,,0,2.94
https://mahamprint.com/product/418/%D8%A7%D8%B3%DA%A9%D9%86%D8%B1KODAK-i2620,1,82,25.975609756097562,404,,0,3.03
https://mahamprint.com/product/1010/%D9%85%D8%A7%D8%B4%DB%8C%D9%86-%D8%AD%D8%B3%D8%A7%D8%A8-Casio-DR-140TM,3,82,8.548780487804878,404,,0,4.02
https://mahamprint.com/product/73/%D9%BE%D8%B1%DB%8C%D9%86%D8%AA%D8%B1-%D9%84%DB%8C%D8%B2%D8%B1%DB%8C-HP-M606X,8,81,7.271604938271605,404,,0,3.98
https://mahamprint.com/product/1576/%D8%AA%D9%88%D9%86%D8%B1-HP-651A,7,81,12.061728395061728,404,,0,3.69
https://mahamprint.com/product/382/%D8%A7%D8%B3%DA%A9%D9%86%D8%B1-Plustek-4800,5,81,31.82716049382716,404,,0,3.73
https://mahamprint.com/product/650/%DA%A9%D8%A7%D8%BA%D8%B0-%D8%AE%D8%B1%D8%AF%DA%A9%D9%86-Sunwood-SD9520,5,81,6.345679012345679,404,,0,3.19
https://mahamprint.com/product/1321/%D9%85%D8%A7%D9%86%DB%8C%D8%AA%D9%88%D8%B1-Dell-P2719H-27-Inch,2,81,14.666666666666666,404,,0,3.26
https://mahamprint.com/product/2359/%DA%86%D8%B1%D8%AE-%D8%AF%D9%86%D8%AF%D9%87-%D9%85%D8%AD%D8%B1%DA%A9-%D9%81%DB%8C%D8%AF-%DA%A9%D8%A7%D8%BA%D8%B0-%DA%A9%D8%B4-%D8%AF%D8%B3%D8%AA%DB%8C-SHARP-%D9%85%D8%AF%D9%84-AR-5631,1,81,8.25925925925926,404,,0,3.55
https://mahamprint.com/product/495/%D8%A7%D8%B3%DA%A9%D9%86%D8%B1-Plustek-OpticFilm-8200i-SE,9,80,9.0125,404,,0,2.94
https://mahamprint.com/product/612/%D8%B5%D9%86%D8%AF%D9%88%D9%82-%D9%81%D8%B1%D9%88%D8%B4%DA%AF%D8%A7%D9%87%DB%8C-Posiflex-JIVA-8315,9,80,11.0875,404,,0,3.06
https://mahamprint.com/product/273/%D9%BE%D8%B1%DB%8C%D9%86%D8%AA%D8%B1-%D8%B3%D9%88%D8%B2%D9%86%DB%8C-%D8%A8%D8%B1%D9%86%D8%AF-EPSON-%D9%85%D8%AF%D9%84-PLQ-22,8,80,7.7,404,,0,3.91
https://mahamprint.com/product/988/%D9%85%D8%A7%D8%B4%DB%8C%D9%86-%D8%AD%D8%B3%D8%A7%D8%A8-CASIO-SL-760L,7,80,6.3625,404,,0,3.93
https://mahamprint.com/product/1893/%D8%A7%D8%B3%DA%A9%D9%86%D8%B1-Brother-ADS-2800W,6,80,6.5375,404,,0,2.96
https://mahamprint.com/products/----panasonic--2085,7,80,6.85,200,https://mahamprint.com/products/----panasonic--2085,0,3.62
https://mahamprint.com/product/1926/%D9%86%D9%88%D8%A7%D8%B1-%DB%8C%D8%AF%DA%A9-%D9%84%DB%8C%D8%A8%D9%84-%D8%B2%D9%86-%D8%AF%D8%B3%D8%AA%DB%8C-%D8%A8%D8%B1%D9%86%D8%AF-DYMO-%D8%B1%D9%86%DA%AF-%D8%B3%D8%A8%D8%B2,5,80,9.15,404,,0,3.09
https://mahamprint.com/product/2607/%DA%AF%D9%88%D8%B4%DB%8C-%D8%B3%D8%A7%D9%85%D8%B3%D9%88%D9%86%DA%AF-GALAXY-S22-5G,2,80,27.975,404,,0,2.62
https://mahamprint.com/mag/%D8%A7%D9%86%D9%88%D8%A7%D8%B9-%D9%BE%D8%B1%DB%8C%D9%86%D8%AA%D8%B1%D9%87%D8%A7%DB%8C-%D8%A7%DA%86-%D9%BE%DB%8C,0,80,69.9625,404,,0,2.72
https://mahamprint.com/product/2673/%D8%A7%D8%B3%DA%A9%D9%86%D8%B1-kodak-2040,11,79,5.113924050632911,404,,0,2.64
https://mahamprint.com/product/1454/%DA%A9%D8%A7%D8%B1%D8%AA%D8%B1%DB%8C%D8%AC-CANON-245-Black,8,79,6.6075949367088604,404,,0,2.69
https://mahamprint.com/product/2230/%D9%81%DB%8C%D9%84%D9%85-%D9%81%DB%8C%D9%88%D8%B2%DB%8C%D9%86%DA%AF-%D8%BA%DB%8C%D8%B1%D8%A7%D9%88%D8%B1%D8%AC%DB%8C%D9%86%D8%A7%D9%84-lexmark-E260,5,79,7.2405063291139244,404,,0,2.53
https://mahamprint.com/product/1541/%D8%AA%D9%88%D9%86%D8%B1-Lexmark-MX-MS-317,4,79,8.063291139240507,404,,0,2.76
https://mahamprint.com/product/1516/%DA%A9%D8%A7%D8%B1%D8%AA%D8%B1%DB%8C%D8%AC-HP-30A,6,79,15.430379746835444,404,,0,3.82
https://mahamprint.com/product/2380/%D9%BE%DB%8C%DA%A9%D8%A7%D9%BE-%D9%BE%D8%B1%DB%8C%D9%86%D8%AA%D8%B1-%D8%A7%DA%86-%D9%BE%DB%8C-HP-1100,4,79,12.468354430379748,404,,0,2.5
https://mahamprint.com/product/939/%D9%85%D8%A7%D8%B4%DB%8C%D9%86-%D8%AD%D8%B3%D8%A7%D8%A8-casio-%DB%B1%DB%B2%DB%B0D-Plus,4,79,7.6075949367088604,404,,0,2.43
https://mahamprint.com/product/2352/%DA%86%D8%B1%D8%AE-%D8%AF%D9%86%D8%AF%D9%87-%DB%8C%D9%88%D9%86%DB%8C%D8%AA-%D9%85%D8%AF%D9%84-%D8%AF%D8%B1%D8%A7%DB%8C%D9%88%D8%B1-AR-m160-%D9%81%D8%A7%D8%A8%D8%B1%DB%8C%DA%A9,3,79,12.08860759493671,404,,0,2.39
https://mahamprint.com/product/906/%D9%85%D8%A7%D8%B4%DB%8C%D9%86-%D8%AD%D8%B3%D8%A7%D8%A8-Citizen-CT-333-II,12,78,4.294871794871795,404,,0,2.46
https://mahamprint.com/product/2677/%D9%81%DB%8C%D8%B4-%D9%BE%D8%B1%DB%8C%D9%86%D8%AA%D8%B1-sky-E200,9,78,10.666666666666666,404,,0,2.28
https://mahamprint.com/product/1355/%D8%AA%D9%88%D9%86%D8%B1-HP-730-CMYK,7,78,6.858974358974359,404,,0,2.4
https://mahamprint.com/product/3136/%D9%BE%D8%B1%DB%8C%D9%86%D8%AA%D8%B1%20-%D8%AD%D8%B1%D8%A7%D8%B1%D8%AA%DB%8C-%20MEVA-%20TP-UN,5,78,7.333333333333333,404,,0,2.64
https://mahamprint.com/products/-hp-scanjet-300,5,78,6.769230769230769,200,https://mahamprint.com/products/-hp-scanjet-300,0,2.39
https://mahamprint.com/product/1939/%D9%86%D9%88%D8%A7%D8%B1-%D9%84%DB%8C%D8%A8%D9%84-%D9%BE%D8%B1%DB%8C%D9%86%D8%AA%D8%B1-%D9%85%D8%AF%D9%84-%D8%A8%D8%B1%D8%A7%D8%AF%D8%B1-TZE-621,4,78,7.230769230769231,404,,0,2.47
https://mahamprint.com/mag/the-importance-of-camera-sensor-in-photo-quality,3,78,9.692307692307692,200,https://mahamprint.com/mag/the-importance-of-camera-sensor-in-photo-quality,0,2.64
https://mahamprint.com/product/1721/%D9%86%D9%88%D8%A7%D8%B1-%D9%85%D8%B4%DA%A9%DB%8C-%E2%80%93-%D9%82%D8%B1%D9%85%D8%B2-%D9%85%D8%A7%D8%B4%DB%8C%D9%86-%D8%AD%D8%B3%D8%A7%D8%A8,3,78,7.897435897435898,404,,0,2.58
https://mahamprint.com/product/452/%D8%A7%D8%B3%DA%A9%D9%86%D8%B1-PLUSTEK-3060U,2,78,7.743589743589744,404,,0,2.26
https://mahamprint.com/product/269/%D9%BE%D8%B1%DB%8C%D9%86%D8%AA%D8%B1-%D8%AC%D9%88%D9%87%D8%B1-%D8%A7%D9%81%D8%B4%D8%A7%D9%86-%DA%86%D9%87%D8%A7%D8%B1-%DA%A9%D8%A7%D8%B1%D9%87-EPSON-WF-7710,7,77,11.467532467532468,404,,0,2.94
https://mahamprint.com/product/1804/%D8%AA%D8%A7%D9%86%DA%A9-%D8%AC%D9%88%D9%87%D8%B1-%D9%85%D8%AF%D9%84-Epson-7610,11,77,10.233766233766234,404,,0,3.38
https://mahamprint.com/product/438/%D8%A7%D8%B3%DA%A9%D9%86%D8%B1-FUJITSU-FI-7480,5,77,11.480519480519481,404,,0,3.01
https://mahamprint.com/product/462/%D8%A7%D8%B3%DA%A9%D9%86%D8%B1-CANON-DR-M140,4,77,7.584415584415584,404,,0,2.63
https://mahamprint.com/product/302/%D9%BE%D8%B1%DB%8C%D9%86%D8%AA%D8%B1-%D9%84%DB%8C%D8%B2%D8%B1%DB%8C-%D8%AA%DA%A9-%DA%A9%D8%A7%D8%B1%D9%87-HP-150A,3,77,7.077922077922078,404,,0,2.53
https://mahamprint.com/product/80/%D9%BE%D8%B1%DB%8C%D9%86%D8%AA%D8%B1-%D9%84%DB%8C%D8%B2%D8%B1%DB%8C-%D8%B3%D9%87-%DA%A9%D8%A7%D8%B1%D9%87-%D8%A8%D8%B1%D9%86%D8%AF-HP-%D9%85%D8%AF%D9%84-MFP-M26NW,3,77,7.7272727272727275,404,,0,2.74
https://mahamprint.com/product/153/%D9%BE%D8%B1%DB%8C%D9%86%D8%AA%D8%B1-%D8%AC%D9%88%D9%87%D8%B1-%D8%A7%D9%81%D8%B4%D8%A7%D9%86-%D8%A8%D8%B1%D9%86%D8%AF-EPSON-WF-7110,2,77,7.415584415584416,404,,0,2.37
https://mahamprint.com/product/828/%D8%A8%D8%A7%D8%B1%DA%A9%D8%AF-%D8%AE%D9%88%D8%A7%D9%86-Oscar-OS-60-LBW,1,76,6.7631578947368425,404,,0,2.34
https://mahamprint.com/product/1919/%D9%84%DB%8C%D8%A8%D9%84-%D8%A8%D8%B1%DA%86%D8%B3%D8%A8-%D9%BE%DB%8C-%D9%88%DB%8C-%D8%B3%DB%8C-%D8%AA%DA%A9-%D8%B1%D8%AF%DB%8C%D9%81%D9%87-51%C3%9734,0,76,76.97368421052632,404,,0,2.21
https://mahamprint.com/product/3076/leaser-printer-hP-MFP-4103fdn,4,76,8.5,404,,0,2.72
https://mahamprint.com/product/773/%D8%AF%D8%B3%D8%AA%DA%AF%D8%A7%D9%87-%D8%A8%D8%B1%D8%B4-%DA%A9%D8%A7%D8%BA%D8%B0-AX-320V,9,75,7.293333333333333,404,,0,2.63
https://mahamprint.com/product/1153/%D8%AC%D9%88%D9%87%D8%B1-epson-%D9%85%D8%AF%D9%84-4-%D8%B1%D9%86%DA%AF-101,3,75,10.213333333333333,404,,0,2.39
https://mahamprint.com/brand/36/mustek,4,74,6.891891891891892,404,,0,0.57
https://mahamprint.com/product/1592/%DA%A9%D8%A7%D8%B1%D8%AA%D8%B1%DB%8C%D8%AC-%D8%AA%D9%88%D9%86%D8%B1-HP-508A,3,75,9.253333333333334,404,,0,2.36
https://mahamprint.com/product/3085/%D8%A7%D8%B3%DA%A9%D9%86%D8%B1%20-EPSON-%20V39,0,75,63.18666666666667,404,,0,2.58
https://mahamprint.com/tag/2494/%D9%87%D8%A7%D8%AA-%D8%B1%D9%88%D9%84%D8%B1,1,75,7.986666666666666,404,,0,2.65
https://mahamprint.com/products/-samsung-s19c325n-plus-18-5-,6,74,4.554054054054054,200,https://mahamprint.com/products/-samsung-s19c325n-plus-18-5-,0,2.47
https://mahamprint.com/product/402/%D8%A7%D8%B3%DA%A9%D9%86%D8%B1-EPSON-V600,3,74,10.35135135135135,404,,0,2.6
https://mahamprint.com/product/112/%D9%BE%D8%B1%DB%8C%D9%86%D8%AA%D8%B1-EPSON-DFX9000,2,74,8.675675675675675,404,,0,2.99
https://mahamprint.com/product/1767/%D8%B1%DB%8C%D8%A8%D9%88%D9%86-%D8%AA%DA%A9-%D8%B1%D9%86%DA%AF-%D9%86%D9%82%D8%B1%D9%87-%D8%A7%DB%8C-1000-%D8%B9%DA%A9%D8%B3-%D9%85%D8%AF%D9%84-Magicard,0,74,19.22972972972973,404,,0,7.83
https://mahamprint.com/product/572/%D9%81%DB%8C%D8%B4-%D9%BE%D8%B1%DB%8C%D9%86%D8%AA%D8%B1-BIXOLON-SRP-380,0,74,9.756756756756756,404,,0,7.8
https://mahamprint.com/product/2279/%D9%87%D8%A7%D8%AA-%D8%B1%D9%88%D9%84-%D8%B4%D8%A7%D8%B1%D9%BE-%D8%B1%D9%86%DA%AF%DB%8C-4101-5001-sharp,14,73,6.219178082191781,404,,0,7.26
https://mahamprint.com/product/2479/%D9%84%DB%8C%D8%A8%D9%84-%D9%BE%D8%B1%DB%8C%D9%86%D8%AA%D8%B1-%D8%A8%D8%B1%D9%86%D8%AFBrother-PT-E550WVP,7,73,16.19178082191781,404,,0,6.42
https://mahamprint.com/category/143/%D8%A2%D9%84-%D8%A7%DB%8C%D9%86-%D9%88%D8%A7%D9%86,1,74,17.675675675675677,404,,0,8.77
https://mahamprint.com/product/1301/%D8%AF%DB%8C%D8%AA%D8%A7-%D9%88%DB%8C%D8%AF%D8%A6%D9%88-%D9%BE%D8%B1%D9%88%DA%98%DA%A9%D8%AA%D9%88%D8%B1-Acer-p1283,1,74,35.78378378378378,404,,0,8.79
https://mahamprint.com/product/1726/%D8%B1%DB%8C%D8%A8%D9%88%D9%86-%D8%B1%D9%86%DA%AF%DB%8C-250-%D8%B9%DA%A9%D8%B3-%D8%A7%D8%B3%D9%85%D8%A7%D8%B1%D8%AA-Smart-31-YMCKO-Ribbon-%D8%A7%D9%88%D8%B1%D8%AC%DB%8C%D9%86%D8%A7%D9%84,1,73,13.068493150684931,404,,0,17.81
https://mahamprint.com/product/266/%D9%BE%D8%B1%DB%8C%D9%86%D8%AA%D8%B1-%D8%B3%D9%87-%DA%A9%D8%A7%D8%B1%D9%87-EPSON-L3060,6,72,8.88888888888889,404,,0,20.56
https://mahamprint.com/product/1139/%D8%AC%D9%88%D9%87%D8%B1-%D8%A8%D8%B1%D9%86%D8%AF-brother-%D9%85%D8%AF%D9%84-bt6000,3,73,5.712328767123288,404,,0,20.8
https://mahamprint.com/product/2045/%D8%A8%D8%B1%D8%AF-%D9%81%D8%B1%D9%85%D8%AA%D8%B1-%D8%A7%DA%86-%D9%BE%DB%8C-M1132,7,72,8.86111111111111,404,,0,20.8
https://mahamprint.com/product/1510/%D8%AA%D9%88%D9%86%D8%B1-%DA%A9%D8%A7%D8%B1%D8%AA%D8%B1%DB%8C%D8%AC-HP-14A,7,71,8.788732394366196,404,,0,22.5
https://mahamprint.com/product/569/%D9%81%DB%8C%D8%B4-%D9%BE%D8%B1%DB%8C%D9%86%D8%AA%D8%B1-Bixolon-SPP-R310,0,72,69.11111111111111,404,,0,23.04
https://mahamprint.com/product/1077/%D8%A8%D9%84%DB%8C%D8%AF-%DA%A9%D8%A7%D8%B1%D8%AA%D8%B1%DB%8C%D8%AC-HP-1215,6,71,8.154929577464788,404,,0,14.18
https://mahamprint.com/product/596/%D8%B5%D9%86%D8%AF%D9%88%D9%82-%D9%81%D8%B1%D9%88%D8%B4%DA%AF%D8%A7%D9%87%DB%8C-%D8%A8%D8%B1%D9%86%D8%AF-SAM4S-SPT-7500,6,71,6.676056338028169,404,,0,12.93
https://mahamprint.com/product/2060/%D8%A8%D8%B1%D8%AF-%D9%81%D8%B1%D9%85%D8%AA%D8%B1-Canon-1120,4,71,6.929577464788732,404,,0,12.78
https://mahamprint.com/product/1993/%DA%A9%D8%A7%D8%B1%D8%AA-%D9%BE%DB%8C-%D9%88%DB%8C-%D8%B3%DB%8C-200-%D8%B9%D8%AF%D8%AF%DB%8C-%D9%85%D8%AE%D8%B5%D9%88%D8%B5-%D8%AC%D9%88%D9%87%D8%B1%D8%A7%D9%81%D8%B4%D8%A7%D9%86,6,71,18.633802816901408,404,,0,14.41
https://mahamprint.com/product/869/%D8%A7%D8%B3%DA%A9%D9%86%D8%A7%D8%B3-%D8%B4%D9%85%D8%A7%D8%B1-e-Banking-Tech-EB-300-UV,7,70,13.785714285714286,404,,0,3.82
https://mahamprint.com/product/3006/%D8%AF%D8%B3%D8%AA%DA%AF%D8%A7%D9%87%20%D9%84%DB%8C%D8%B2%D8%B1%DB%8C%20-%D9%81%DA%A9%D8%B3%20-%D8%A8%D8%B1%D9%86%D8%AF-%20canon%20-%D9%85%D8%AF%D9%84%20FAX-L150,6,70,7.242857142857143,404,,0,2.34
https://mahamprint.com/product/525/%D8%AA%D8%B3%D8%AA-%D8%A7%D8%B3%DA%A9%D9%86%D8%A7%D8%B3-Catiga-%D9%85%D8%AF%D9%84-CL-254,4,70,6.871428571428571,404,,0,2.38
https://mahamprint.com/product/842/%D8%A8%D8%A7%D8%B1%DA%A9%D8%AF-%D8%A7%D8%B3%DA%A9%D9%86%D8%B1-Symbol-LS-2208,4,70,10.942857142857143,404,,0,2.57
https://mahamprint.com/index.php?productID=308,1,70,5.928571428571429,404,,0,2.28
https://mahamprint.com/product/918/%D9%85%D8%A7%D8%B4%DB%8C%D9%86-%D8%AD%D8%B3%D8%A7%D8%A8-%DA%A9%D8%A7%D8%B3%DB%8C%D9%88-DS-1JT,2,70,6.1,404,,0,2.43
https://mahamprint.com/mag/%D9%85%D8%A7%D9%86%DB%8C%D8%AA%D9%88%D8%B1-%D9%87%D8%A7%DB%8C-lcd,2,70,9.785714285714286,404,,0,3.0
https://mahamprint.com/product/1815/%D8%AA%D8%A7%D9%86%DA%A9-%D8%AC%D9%88%D9%87%D8%B1-%D8%A7%D9%BE%D8%B3%D9%88%D9%86-Epson-R240,7,69,8.507246376811594,404,,0,2.47
https://mahamprint.com/product/2035/%D8%A8%D8%B1%D8%AF-%D9%81%D8%B1%D9%85%D8%AA%D8%B1-Canon-MF236,7,69,7.6231884057971016,404,,0,2.64
https://mahamprint.com/product/2075/%D8%A8%D8%B1%D8%AF-%D9%BE%D8%A7%D9%88%D8%B1-printer-hp-1132,0,70,8.857142857142858,404,,0,3.56
https://mahamprint.com/product/834/%D8%A8%D8%A7%D8%B1%DA%A9%D8%AF-%D8%AE%D9%88%D8%A7%D9%86-AXIOM-%D9%85%D8%AF%D9%84-PDT8223,1,70,13.185714285714285,404,,0,5.91
https://mahamprint.com/product/2378/%D9%BE%DB%8C%DA%A9%D8%A7%D9%BE-%D9%BE%D8%B1%DB%8C%D9%86%D8%AA%D8%B1-%D8%A7%DA%86-%D9%BE%DB%8C-1005-%D8%B7%D8%B1%D8%AD,4,69,7.855072463768116,404,,0,2.25
https://mahamprint.com/brand/28,3,69,11.217391304347826,404,,0,2.25
https://mahamprint.com/product/1507/%DA%A9%D8%A7%D8%B1%D8%AA%D8%B1%DB%8C%D8%AC-%D8%AA%D9%88%D9%86%D8%B1-HP-56A,4,69,13.130434782608695,404,,0,3.56
https://mahamprint.com/product/1491/%DA%A9%D8%A7%D8%B1%D8%AA%D8%B1%DB%8C%D8%AC-%D8%AA%D9%88%D8%B4%DB%8C%D8%A8%D8%A7-TOSHIBA-T-5508U,7,68,9.014705882352942,404,,0,2.38
https://mahamprint.com/product/896/%D8%A7%D8%B3%DA%A9%D9%86%D8%A7%D8%B3-%D8%B4%D9%85%D8%A7%D8%B1-AX-2800,2,69,5.739130434782608,404,,0,3.18
https://mahamprint.com/product/380/%D8%A7%D8%B3%DA%A9%D9%86%D8%B1-EPSON-DS-860,3,69,10.202898550724637,404,,0,3.86
https://mahamprint.com/product/1755/%D8%B1%DB%8C%D8%A8%D9%88%D9%86-%D8%B1%D9%86%DA%AF%DB%8C-200-%D8%B9%DA%A9%D8%B3-%D8%B2%D8%A8%D8%B1%D8%A7-Zebra-P330-YMCKO-Ribbon-%D8%BA%DB%8C%D8%B1-%D8%A7%D9%88%D8%B1%D8%AC%DB%8C%D9%86%D8%A7%D9%84,1,71,33.098591549295776,404,,0,24.65
https://mahamprint.com/page/11/7-%D8%B1%D9%88%D8%B2-%D9%87%D9%81%D8%AA%D9%87-24-%D8%B3%D8%A7%D8%B9%D8%AA%D9%87,3,69,5.463768115942029,404,,0,4.64
https://mahamprint.com/index.php?productID=3074,0,71,7.492957746478873,404,,0,24.8
https://mahamprint.com/product/2190/%D8%AA%D8%B1%D9%85%DB%8C%D8%B3%D8%AA%D9%88%D8%B1-SHARP-%D9%85%D8%AF%D9%84-AR-M420U,6,68,18.16176470588235,404,,0,2.58
https://mahamprint.com/product/830/%D8%A8%D8%A7%D8%B1%DA%A9%D8%AF-%D8%A7%D8%B3%DA%A9%D9%86%D8%B1-Mindeo-MP8300,5,68,10.014705882352942,404,,0,2.33
https://mahamprint.com/product/74/%D9%BE%D8%B1%DB%8C%D9%86%D8%AA%D8%B1-%D9%84%DB%8C%D8%B2%D8%B1%DB%8C-HP-3015DN,4,68,15.367647058823529,404,,0,2.54
https://mahamprint.com/product/2998/%D9%BE%D8%B1%DB%8C%D9%86%D8%AA%D8%B1%20-%DA%86%D9%87%D8%A7%D8%B1%DA%A9%D8%A7%D8%B1%D9%87%20-%D8%AC%D9%88%D9%87%D8%B1%D8%A7%D9%81%D8%B4%D8%A7%D9%86%20-Epson-%2015160-,3,68,6.176470588235294,404,,0,2.25
https://mahamprint.com/product/607/%D8%B5%D9%86%D8%AF%D9%88%D9%82-%D9%81%D8%B1%D9%88%D8%B4%DA%AF%D8%A7%D9%87%DB%8C-POSBANK-Apexa-GW,2,68,34.51470588235294,404,,0,2.56
https://mahamprint.com/product/340/%D9%BE%D8%B1%DB%8C%D9%86%D8%AA%D8%B1-%D8%A7%D9%BE%D8%B3%D9%88%D9%86-%D9%85%D8%AF%D9%84-EcoTank-ET-M2140,3,68,14.75,404,,0,3.42
https://mahamprint.com/product/3084/%D9%BE%D8%B1%DB%8C%D9%86%D8%AA%D8%B1%20-%D8%AC%D9%88%D9%87%D8%B1%D8%A7%D9%81%D8%B4%D8%A7%D9%86-%20EPSON%20-L8100,1,68,63.029411764705884,404,,0,3.1
https://mahamprint.com/product/1841/%D9%84%DB%8C%D8%A8%D9%84-%D8%A8%D8%B1%DA%86%D8%B3%D8%A8-%DA%A9%D8%A7%D8%BA%D8%B0%DB%8C-%D8%AA%DA%A9-%D8%B1%D8%AF%DB%8C%D9%81%D9%87-100%C3%97200,0,68,45.44117647058823,404,,0,3.07
https://mahamprint.com/product/1778/%D8%AF%D9%88%D9%84%D9%88%D9%BE%D8%B1-%D8%A7%D9%88%D8%B1%D8%AC%DB%8C%D9%86%D8%A7%D9%84-%D9%85%D8%AF%D9%84-Samsung-707-s,8,67,9.074626865671641,404,,0,3.42
https://mahamprint.com/mag/%D8%A8%D8%B1%D8%B1%D8%B3%DB%8C-%2010-%20%D9%81%DB%8C%D8%B4-%20%D9%BE%D8%B1%DB%8C%D9%86%D8%AA%D8%B1-%20%D8%A8%D8%B1%D8%AA%D8%B1,3,67,6.537313432835821,404,,0,2.72
https://mahamprint.com/product/618/%D8%AF%D8%B3%D8%AA%DA%AF%D8%A7%D9%87-%D8%AD%D8%B6%D9%88%D8%B1-%D9%88-%D8%BA%DB%8C%D8%A7%D8%A8-ZKTeco-NF50,4,67,40.37313432835821,404,,0,4.02
https://mahamprint.com/product/1164/%DA%A9%D8%A7%D8%BA%D8%B0-%D8%B9%DA%A9%D8%B3-Kodak-Ultra-Premium,2,67,7.373134328358209,404,,0,2.8
https://mahamprint.com/product/2658/%D8%A7%D8%B3%DA%A9%D9%86%D8%B1-%D8%AF%D9%88%D8%B1%D9%88-Avision-%D9%85%D8%AF%D9%84-AD6090,2,67,54.80597014925373,404,,0,2.56
https://mahamprint.com/product/782/%D8%A8%D8%A7%D8%B1%DA%A9%D8%AF-%D8%A7%D8%B3%DA%A9%D9%86%D8%B1-DATALOGIC-QD2130,2,67,7.537313432835821,404,,0,2.45
https://mahamprint.com/brand/38/TOSHIBA,1,67,19.55223880597015,404,,0,2.9
https://mahamprint.com/product/1756/%D8%B1%DB%8C%D8%A8%D9%88%D9%86-%D8%B1%D9%86%DA%AF%DB%8C-200-%D8%B9%DA%A9%D8%B3-%D8%B2%D8%A8%D8%B1%D8%A7-Zebra-P330-YMCKO-Ribbon-%D8%A7%D9%88%D8%B1%D8%AC%DB%8C%D9%86%D8%A7%D9%84,1,67,17.402985074626866,404,,0,3.35
https://mahamprint.com/product/1365/%D8%AA%D9%88%D9%86%D8%B1-HP-951-CMY,0,67,57.04477611940298,404,,0,6.92
https://mahamprint.com/product/1254/%D9%88%DB%8C%D8%AF%D8%A6%D9%88-%D9%BE%D8%B1%D9%88%DA%98%DA%A9%D8%AA%D9%88%D8%B1-%D8%AC%DB%8C%D8%A8%DB%8C-ASUS-P3B,11,66,15.106060606060606,404,,0,6.33
https://mahamprint.com/product/2676/%D9%BE%D8%B1%DB%8C%D9%86%D8%AA%D8%B1-%D8%B3%D9%88%D8%B2%D9%86%DB%8C-SKY-p200,1,67,7.955223880597015,404,,0,7.32
https://mahamprint.com/product/2496/%D9%BE%D8%B1%DB%8C%D9%86%D8%AA%D8%B1-%D8%AC%D9%88%D9%87%D8%B1-%D8%A7%D9%81%D8%B4%D8%A7%D9%86-EPOSN-%D9%85%D8%AF%D9%84-XP-55,3,66,9.969696969696969,404,,0,5.48
https://mahamprint.com/brand/31/Epson,1,66,15.469696969696969,404,,0,5.1
https://mahamprint.com/product/381/%D8%A7%D8%B3%DA%A9%D9%86%D8%B1-Brother-ADS-3000N,8,66,7.212121212121212,404,,0,7.29
https://mahamprint.com/product/2116/%D8%AF%D8%B1%D8%A7%D9%85-%DA%A9%D8%A7%D8%B1%D8%AA%D8%B1%DB%8C%D8%AC-%D9%85%D8%AF%D9%84-Samsung-315,0,66,9.651515151515152,404,,0,5.7
https://mahamprint.com/product/122/%D9%BE%D8%B1%DB%8C%D9%86%D8%AA%D8%B1-%DA%86%D9%87%D8%A7%D8%B1%DA%A9%D8%A7%D8%B1%D9%87-%D8%A8%D8%B1%D9%86%D8%AF-Lexmark-517de,5,65,5.415384615384616,404,,0,5.24
https://mahamprint.com/product/2070/%D8%A8%D8%B1%D8%AF-%D9%BE%D8%A7%D9%88%D8%B1-M605-hp,13,65,6.769230769230769,404,,0,6.89
https://mahamprint.com/product/1504/%DA%A9%D8%A7%D8%B1%D8%AA%D8%B1%DB%8C%D8%AC-%D8%AA%D9%88%D9%86%D8%B1-CANON-039,4,65,7.492307692307692,404,,0,2.96
https://mahamprint.com/index.php?productID=3039,3,65,6.2,404,,0,2.55
https://mahamprint.com/product/2718/%DA%A9%D8%A7%D8%B1%D8%AA-%DA%AF%D8%B1%D8%A7%D9%81%DB%8C%DA%A9-RX-6800-XT-GAMING-Z-TRIO-16G,3,65,8.907692307692308,404,,0,3.27
https://mahamprint.com/product/974/%D9%85%D8%A7%D8%B4%DB%8C%D9%86-%D8%AD%D8%B3%D8%A7%D8%A8-CASIO-FX-4500pa,3,65,17.03076923076923,404,,0,2.79
https://mahamprint.com/products/--hp-25x,10,64,6.21875,200,https://mahamprint.com/products/--hp-25x,0,3.48
https://mahamprint.com/product/2061/%D8%A8%D8%B1%D8%AF-%D9%81%D8%B1%D9%85%D8%AA%D8%B1-Canon-mf4350d,6,65,7.3538461538461535,404,,0,19.03
https://mahamprint.com/product/806/%D8%A8%D8%A7%D8%B1%DA%A9%D8%AF-%D8%A7%D8%B3%DA%A9%D9%86%D8%B1-DATALOGIC-QuickScan-QW2170,6,65,13.169230769230769,404,,0,19.0
https://mahamprint.com/product/2026/%D8%A8%D8%B1%D8%AF-%D9%81%D8%B1%D9%85%D8%AA%D8%B1-%D8%A7%DA%86-%D9%BE%DB%8C-M125A,5,64,9.390625,404,,0,4.82
https://mahamprint.com/product/1131/%D8%AC%D9%88%D9%87%D8%B1-hp-%D9%85%D8%AF%D9%84-GT52-CMY,5,64,7.078125,404,,0,8.82
https://mahamprint.com/product/975/%D9%85%D8%A7%D8%B4%DB%8C%D9%86-%D8%AD%D8%B3%D8%A7%D8%A8-CASIO-FX-3650P,0,66,16.46969696969697,ERR:TimeoutError,,0,32.92
https://mahamprint.com/product/324/%D9%BE%D8%B1%DB%8C%D9%86%D8%AA%D8%B1-%D9%84%DB%8C%D8%B2%D8%B1%DB%8C-%DA%86%D9%87%D8%A7%D8%B1-%DA%A9%D8%A7%D8%B1%D9%87-HP-M521DW,4,65,8.23076923076923,ERR:TimeoutError,,0,31.68
https://mahamprint.com/products/--monitor-sam-ls24rf625h---,6,64,5.671875,200,https://mahamprint.com/products/--monitor-sam-ls24rf625h---,0,20.16
https://mahamprint.com/product/2589/%D9%BE%D8%B1%DB%8C%D9%86%D8%AA%D8%B1-%D8%AD%D8%B1%D8%A7%D8%B1%D8%AA%DB%8C-%D9%85%DB%8C%D9%88%D8%A7-%D9%85%D8%AF%D9%84-TP-premium2,3,65,7.2153846153846155,404,,0,31.09
https://mahamprint.com/product/2272/%D9%87%D8%A7%D8%AA-%D8%B1%D9%88%D9%84%D8%B1-%D9%BE%D8%B1%DB%8C%D9%86%D8%AA%D8%B1-%D9%84%DA%A9%D8%B3%D9%85%D8%A7%D8%B1%DA%A9-e120,3,64,10.890625,404,,0,6.84
https://mahamprint.com/products/--ls22f355hn----,3,64,6.015625,200,https://mahamprint.com/products/--ls22f355hn----,0,5.81
https://mahamprint.com/product/2995/%D9%BE%D8%B1%DB%8C%D9%86%D8%AA%D8%B1-%20%D8%AA%DA%A9%20-%DA%A9%D8%A7%D8%B1%D9%87-%20%D9%84%DB%8C%D8%B2%D8%B1%DB%8C-%20Canon-%20325x,6,63,6.158730158730159,404,,0,4.31
https://mahamprint.com/product/2037/%D8%A8%D8%B1%D8%AF-%D9%81%D8%B1%D9%85%D8%AA%D8%B1-Canon-LBP6030W,5,63,7.825396825396825,404,,0,6.35
https://mahamprint.com/product/3077/HP-MFP-4103fdw-laser-printer,5,64,10.6875,404,,0,21.76
https://mahamprint.com/product/1031/%D9%85%D8%A7%D8%B4%DB%8C%D9%86-%D8%AD%D8%B3%D8%A7%D8%A8-Citizen-SDC-660II,4,63,7.158730158730159,404,,0,4.43
https://mahamprint.com/product/1325/%D9%85%D8%A7%D9%86%DB%8C%D8%AA%D9%88%D8%B1-%D8%B3%D8%A7%D9%85-Monitor-SAM-LS24RF625H-%D8%B3%D8%A7%DB%8C%D8%B2-%DB%B2%DB%B4-%D8%A7%DB%8C%D9%86%DA%86,3,63,6.523809523809524,404,,0,2.54
https://mahamprint.com/product/1640/%D9%81%DB%8C%D8%B4-%D9%BE%D8%B1%DB%8C%D9%86%D8%AA%D8%B1-%D8%AD%D8%B1%D8%A7%D8%B1%D8%AA%DB%8C-MEVA-tp-unw,4,63,14.253968253968255,404,,0,4.73
https://mahamprint.com/product/1935/%D9%86%D9%88%D8%A7%D8%B1-%DB%8C%D8%AF%DA%A9-%D9%84%DB%8C%D8%A8%D9%84-%D8%B2%D9%86-%D8%AF%D8%B3%D8%AA%DB%8C-%D8%A8%D8%B1%D9%86%D8%AF-DYMO-%D8%B1%D9%86%DA%AF-%D9%85%D8%B4%DA%A9%DB%8C,3,64,9.59375,404,,0,20.59
https://mahamprint.com/product/1243/%D8%AF%DB%8C%D8%AA%D8%A7-%D9%88%DB%8C%D8%AF%D8%A6%D9%88-%D9%BE%D8%B1%D9%88%DA%98%DA%A9%D8%AA%D9%88%D8%B1-%D9%82%D8%A7%D8%A8%D9%84-%D8%AD%D9%85%D9%84-Aiptek-i50D,3,63,46.507936507936506,404,,0,3.43
https://mahamprint.com/product/2248/%D9%81%DB%8C%D9%88%D8%B2%DB%8C%D9%86%DA%AF-%D8%A7%DA%86-%D9%BE%DB%8C-HP-5200,3,63,8.53968253968254,404,,0,2.49
https://mahamprint.com/product/1801/%D8%B1%D9%88%D9%84-%DA%A9%D8%A7%D8%BA%D8%B0-%D8%AD%D8%B1%D8%A7%D8%B1%D8%AA%DB%8C-%DA%A9%D8%AF%D8%A7%DA%A9-%D8%B9%D8%B1%D8%B6-8-50-%D9%85%D8%AA%D8%B1%DB%8C,2,63,11.285714285714286,404,,0,2.93
https://mahamprint.com/product/441/%D8%A7%D8%B3%DA%A9%D9%86%D8%B1-FUJITSU-5530-C2,0,63,13.698412698412698,404,,0,3.63
https://mahamprint.com/product/1623/%D9%BE%D8%B1%DB%8C%D9%86%D8%AA%D8%B1-%D9%84%DB%8C%D8%B2%D8%B1%DB%8C-%D8%AA%DA%A9-%DA%A9%D8%A7%D8%B1%D9%87-%D8%B1%D9%86%DA%AF%DB%8C-Canon-623CDW,5,62,8.35483870967742,404,,0,2.45
https://mahamprint.com/product/1781/%D8%AF%D9%88%D9%84%D9%88%D9%BE%D8%B1-Sharp-%D8%A7%D9%88%D8%B1%D8%AC%DB%8C%D9%86%D8%A7%D9%84-AR-450SD,10,62,9,404,,0,5.35
https://mahamprint.com/product/1123/%D8%AA%D9%88%D9%86%D8%B1-%D8%B4%D8%A7%D8%B1%DA%98-toshiba-500-gr,7,62,12.35483870967742,404,,0,5.27
https://mahamprint.com/product/2531/%D9%BE%D8%B1%DB%8C%D9%86%D8%AA%D8%B1-%D8%AC%D9%88%D9%87%D8%B1%D8%A7%D9%81%D8%B4%D8%A7%D9%86-%DA%86%D9%86%D8%AF%DA%A9%D8%A7%D8%B1%D9%87-%D8%A8%D8%B1%D9%86%D8%AF-Epson-L6490,4,62,8.758064516129032,404,,0,4.38
https://mahamprint.com/product/1557/%D8%AA%D9%88%D9%86%D8%B1-%DA%A9%D8%A7%D8%B1%D8%AA%D8%B1%DB%8C%D8%AC-HP-05A,2,62,8.419354838709676,404,,0,5.79
https://mahamprint.com/product/2929/%D9%BE%D8%B1%DB%8C%D9%86%D8%AA%D8%B1-%D8%AA%DA%A9-%DA%A9%D8%A7%D8%B1%D9%87-%D9%84%DB%8C%D8%B2%D8%B1%DB%8C-canon-6033,1,63,9,404,,0,11.43
https://mahamprint.com/product/2541/%D9%BE%D9%84%D8%A7%D8%AA%D8%B1-%D8%A8%D8%B1%D9%86%D8%AF-HP-%D9%85%D8%AF%D9%84-%D8%AF%DB%8C%D8%B2%D8%A7%DB%8C%D9%86-%D8%AC%D8%AA-T795,2,62,7.790322580645161,404,,0,5.72
https://mahamprint.com/product/2994/%D8%A7%D8%B3%DA%A9%D9%86%D8%B1%20-%20%D8%B1%D9%88%D9%85%DB%8C%D8%B2%DB%8C-%20%D8%A8%D8%B1%D9%86%D8%AF-%20kodak-%20%D9%85%D8%AF%D9%84%20-S3060F,1,62,8.32258064516129,404,,0,5.39
https://mahamprint.com/product/3023/%D8%A7%D8%B3%DA%A9%D9%86%D8%B1-%20AVISION%20-AD350,13,61,3.7049180327868854,404,,0,2.78
https://mahamprint.com/product/287/%D9%BE%D8%B1%DB%8C%D9%86%D8%AA%D8%B1-%D9%84%DB%8C%D8%B2%D8%B1%DB%8C-%DA%86%D9%87%D8%A7%D8%B1-%DA%A9%D8%A7%D8%B1%D9%87-BROTHER-MFC-L5755DW,6,61,9,404,,0,2.61
https://mahamprint.com/product/314/%D9%BE%D8%B1%DB%8C%D9%86%D8%AA%D8%B1-%D8%AC%D9%88%D9%87%D8%B1%D8%A7%D9%81%D8%B4%D8%A7%D9%86-EPSON-M1120,2,62,7.564516129032258,404,,0,6.89
https://mahamprint.com/product/2506/%D9%84%DB%8C%D8%A8%D9%84-%D9%BE%D8%B1%DB%8C%D9%86%D8%AA%D8%B1-bixolon-XD3-40N,5,61,17.983606557377048,404,,0,2.47
https://mahamprint.com/product/1987/%D9%86%D9%88%D8%A7%D8%B1-%D9%84%DB%8C%D8%A8%D9%84-%D9%BE%D8%B1%DB%8C%D9%86%D8%AA%D8%B1-%D8%A8%D8%B1%D8%A7%D8%AF%D8%B1-%DA%A9%D8%AF-TZE-241-%D8%BA%DB%8C%D8%B1-%D8%A7%D9%88%D8%B1%D8%AC%DB%8C%D9%86%D8%A7%D9%84,2,61,7.409836065573771,404,,0,2.48
https://mahamprint.com/product/634/%D8%AF%D8%B3%D8%AA%DA%AF%D8%A7%D9%87-%D8%AD%D8%B6%D9%88%D8%B1%D9%88%D8%BA%DB%8C%D8%A7%D8%A8-ZKTeco-VF600,3,61,18.934426229508198,404,,0,2.62
https://mahamprint.com/product/3128/%D9%BE%D8%B1%DB%8C%D9%86%D8%AA%D8%B1-%20%D9%84%DB%8C%D8%B2%D8%B1%DB%8C-HP%20-MFP%20-M128FW,4,61,6.426229508196721,404,,0,3.11
https://mahamprint.com/product/2969/%D9%BE%D8%B1%DB%8C%D9%86%D8%AA%D8%B1%20-%DA%86%D8%A7%D9%BE-%20%D9%84%DB%8C%D8%A8%D9%84-%20%D9%88-%20%D9%81%DB%8C%D8%B4-%20Alpha-2R,2,61,7.180327868852459,404,,0,2.69
https://mahamprint.com/product/619/%D8%AF%D8%B3%D8%AA%DA%AF%D8%A7%D9%87-%D8%AD%D8%B6%D9%88%D8%B1-%D9%88-%D8%BA%DB%8C%D8%A7%D8%A8-ZKTeco-EB-102,2,61,29.442622950819672,404,,0,2.7
https://mahamprint.com/repairs/Important-%20points-%20in-%20maintaining%20-and-%20repairing-%20banknote%20-counters,2,61,9.40983606557377,404,,0,2.76
https://mahamprint.com/product/489/%D8%A7%D8%B3%DA%A9%D9%86%D8%B1-Fujitsu-Fi-5530C2,10,60,8.933333333333334,404,,0,2.55
https://mahamprint.com/product/3016/%D9%BE%D8%B1%DB%8C%D9%86%D8%AA%D8%B1-%20%D8%AA%DA%A9%20%DA%A9%D8%A7%D8%B1%D9%87%20-%D8%AC%D9%88%D9%87%D8%B1%D8%A7%D9%81%D8%B4%D8%A7%D9%86-%20Epson-%20F100,6,60,10.15,404,,0,2.61
https://mahamprint.com/product/909/%D9%85%D8%A7%D8%B4%DB%8C%D9%86-%D8%AD%D8%B3%D8%A7%D8%A8-HP-39GS,1,61,7.934426229508197,404,,0,3.46
https://mahamprint.com/product/2331/%DA%86%D8%B1%D8%AE-%D8%AF%D9%86%D8%AF%D9%87-%D8%B3%D8%B1-%D9%BE%D9%84%D8%A7%D8%AA%D9%86-%D9%BE%D8%B1%DB%8C%D9%86%D8%AA%D8%B1-EPSON-LQ2170,0,61,8.21311475409836,404,,0,3.81
https://mahamprint.com/product/427/%D8%A7%D8%B3%DA%A9%D9%86%D8%B1-%D9%85%D8%AF%D9%84-KODAK-9125DC,0,64,16.6875,ERR:TimeoutError,,0,33.86
https://mahamprint.com/product/518/%D8%AA%D8%B3%D8%AA-%D8%A7%D8%B3%DA%A9%D9%86%D8%A7%D8%B3-AD-2138,3,60,9.25,404,,0,4.84
https://mahamprint.com/product/891/%D8%A7%D8%B3%DA%A9%D9%86%D8%A7%D8%B3-%D8%B4%D9%85%D8%A7%D8%B1-MAX-BS-400,6,60,7.516666666666667,404,,0,5.26
https://mahamprint.com/product/1749/%D8%B1%DB%8C%D8%A8%D9%88%D9%86-%D8%AF%D8%B1%D8%A7%DB%8C%D9%88-Olivetti-PR9,5,60,10.416666666666666,404,,0,5.2
https://mahamprint.com/product/3054/%D9%84%DB%8C%D8%A8%D9%84-%20%D9%BE%D8%B1%DB%8C%D9%86%D8%AA%D8%B1-%20grandmi-%20%D9%85%D8%AF%D9%84%20-MI-L1300,2,60,7.716666666666667,404,,0,4.85
https://mahamprint.com/product/2472/%D8%A8%D8%A7%D8%B1%DA%A9%D8%AF%D8%AE%D9%88%D8%A7%D9%86-%D8%AF%D9%88-%D8%A8%D8%B9%D8%AF%DB%8C-Meva-5680,0,60,10.75,404,,0,5.47
https://mahamprint.com/product/3014/%D9%BE%D8%B1%DB%8C%D9%86%D8%AA%D8%B1%20-%DA%86%D9%87%D8%A7%D8%B1%DA%A9%D8%A7%D8%B1%D9%87%20-%D9%84%DB%8C%D8%B2%D8%B1%DB%8C%20-canon-%20MF-%20229dw,3,59,7.1525423728813555,404,,0,2.45
https://mahamprint.com/product/2685/%D9%BE%D8%AF-%D8%A7%D9%85%D8%B6%D8%A7%D8%A1-%D8%AF%DB%8C%D8%AC%DB%8C%D8%AA%D8%A7%D9%84-WACOM-DTU-1141B,8,59,15.694915254237289,404,,0,2.56
https://mahamprint.com/product/1591/%D8%AC%D9%88%D9%87%D8%B1-CANON-%D9%85%D8%AF%D9%84-GL-790-CMYK,8,59,4.76271186440678,404,,0,2.92
https://mahamprint.com/product/379/%D8%A7%D8%B3%DA%A9%D9%86%D8%B1-EPSON-GT-S85,3,59,10.067796610169491,404,,0,3.05
https://mahamprint.com/product/2112/%D8%AF%D8%B1%D8%A7%D9%85-%DA%A9%D8%A7%D8%B1%D8%AA%D8%B1%DB%8C%D8%AC-%D8%A8%D8%B1%D9%86%D8%AF-hp-%D9%85%D8%AF%D9%84-2600-1600,4,59,12.88135593220339,404,,0,3.74
https://mahamprint.com/product/1102/%D8%AF%D8%B1%D8%A7%D9%85-%DA%A9%D8%A7%D8%B1%D8%AA%D8%B1%DB%8C%D8%AC-Canon-2016,2,59,10.64406779661017,404,,0,2.58
https://mahamprint.com/product/559/%D9%84%DB%8C%D8%A8%D9%84-%D9%BE%D8%B1%DB%8C%D9%86%D8%AA%D8%B1-%D8%B5%D9%86%D8%B9%D8%AA%DB%8C-TSC-TTP-244-PRO,2,59,11.203389830508474,404,,0,2.58
https://mahamprint.com/product/820/%D8%A8%D8%A7%D8%B1%DA%A9%D8%AF-%D8%A7%D8%B3%DA%A9%D9%86%D8%B1-MEVA-MBS-3880,2,59,10.016949152542374,404,,0,2.86
https://mahamprint.com/product/2907/%D8%A8%D8%A7%D8%B1%DA%A9%D8%AF%D8%AE%D9%88%D8%A7%D9%86-%D8%AF%D9%88%D8%A8%D8%B9%D8%AF%DB%8C-DATALOGIC-QBT2430,1,59,7.864406779661017,404,,0,2.4
https://mahamprint.com/product/1266/%D9%88%DB%8C%D8%AF%D8%A6%D9%88-%D9%BE%D8%B1%D9%88%DA%98%DA%A9%D8%AA%D9%88%D8%B1-Epson-X39,1,59,9.559322033898304,404,,0,3.36
https://mahamprint.com/product/1883/%D8%B1%D9%88%D9%84-%D9%84%DB%8C%D8%A8%D9%84-%DA%A9%D8%A7%D8%BA%D8%B0%DB%8C-%D8%B3%D8%A8%D8%B2-%D8%AA%DA%A9-%D8%B1%D8%AF%DB%8C%D9%81%D9%87-95%C3%97125,2,59,12.35593220338983,404,,0,4.73
https://mahamprint.com/product/1070/%D8%AF%D8%B3%D8%AA%DA%AF%D8%A7%D9%87-%DA%A9%D9%BE%DB%8C-CANON-2204,1,59,11,404,,0,4.13
https://mahamprint.com/categories,0,59,1.0677966101694916,200,https://mahamprint.com/categories,0,2.98
https://mahamprint.com/product/1681/%D8%AA%D9%88%D9%86%D8%B1-HP-207A,0,59,69.8135593220339,404,,0,3.53
https://mahamprint.com/product/1553/%DA%A9%D8%A7%D8%B1%D8%AA%D8%B1%DB%8C%D8%AC-HP-55A,7,58,12.672413793103448,404,,0,2.88
https://mahamprint.com/product/839/%D8%A8%D8%A7%D8%B1%DA%A9%D8%AF-%D8%A7%D8%B3%DA%A9%D9%86%D8%B1-MEVA-%D9%85%D8%AF%D9%84-MBS-4680,7,58,6.431034482758621,404,,0,2.47
https://mahamprint.com/product/1258/%D9%88%DB%8C%D8%AF%D8%A6%D9%88-%D9%BE%D8%B1%D9%88%DA%98%DA%A9%D8%AA%D9%88%D8%B1-%D8%AC%DB%8C%D8%A8%DB%8C-ASUS-S1,5,58,8.879310344827587,404,,0,2.4
https://mahamprint.com/product/429/%D8%A7%D8%B3%DA%A9%D9%86%D8%B1-Kodak-i4600,4,58,22.948275862068964,404,,0,2.13
https://mahamprint.com/product/1083/%D9%81%D9%88%D9%85-%D8%B1%D9%88%D9%84-%DA%A9%D8%A7%D8%B1%D8%AA%D8%B1%DB%8C%D8%AC-hp-17A,5,58,6.724137931034483,404,,0,3.37
https://mahamprint.com/product/503/%D8%A7%D8%B3%DA%A9%D9%86%D8%B1-%D8%A7%D8%B3%D9%86%D8%A7%D8%AF-%DA%A9%D8%AF%D8%A7%DA%A9-E1035,3,58,11.53448275862069,404,,0,2.15
https://mahamprint.com/product/2486/%D9%BE%D8%B1%DB%8C%D9%86%D8%AA%D8%B1-%D8%AA%DA%A9-%DA%A9%D8%A7%D8%B1%D9%87-%D9%84%DB%8C%D8%B2%D8%B1%DB%8C-HP-M111A,3,58,11.431034482758621,404,,0,2.64
https://mahamprint.com/product/1866/%D9%84%DB%8C%D8%A8%D9%84-Tyvek-%D8%B9%D8%B1%D8%B6-6-%D8%B3%D8%A7%D9%86%D8%AA,2,58,20.137931034482758,404,,0,3.0
https://mahamprint.com/product/333/%D9%BE%D8%B1%DB%8C%D9%86%D8%AA%D8%B1-%D8%B3%D9%87-%DA%A9%D8%A7%D8%B1%D9%87-%D8%AC%D9%88%D9%87%D8%B1%D8%A7%D9%81%D8%B4%D8%A7%D9%86-BROTHER-DCP-T510W,2,58,15,404,,0,2.73
https://mahamprint.com/product/1206/%D8%B3%D9%87-%D9%BE%D8%A7%DB%8C%D9%87-%D8%B2%D9%85%DB%8C%D9%86%DB%8C-%D9%BE%D8%B1%D9%88%DA%98%DA%A9%D8%AA%D9%88%D8%B1-MUSIC-STAND,1,58,9.844827586206897,404,,0,2.55
https://mahamprint.com/product/3065/%D8%A8%D8%A7%D8%B1%DA%A9%D8%AF%D8%AE%D9%88%D8%A7%D9%86-%20mindeo-%20mp%20-8608,1,58,7.189655172413793,404,,0,2.53
https://mahamprint.com/product/359/%D9%BE%D8%B1%DB%8C%D9%86%D8%AA%D8%B1-%DA%86%D9%86%D8%AF-%DA%A9%D8%A7%D8%B1%D9%87-%D9%84%DB%8C%D8%B2%D8%B1%DB%8C-%D9%85%D8%AF%D9%84-CANON-MF643CDW,1,58,8.206896551724139,404,,0,2.67
https://mahamprint.com/product/1549/%D8%AA%D9%88%D9%86%D8%B1-CANON-737,0,58,9.39655172413793,404,,0,2.61
https://mahamprint.com/product/2040/%D8%A8%D8%B1%D8%AF-%D9%81%D8%B1%D9%85%D8%AA%D8%B1-Samsung-M2070,5,57,6.824561403508772,404,,0,2.34
https://mahamprint.com/product/817/%D8%A8%D8%A7%D8%B1%DA%A9%D8%AF-%D8%A7%D8%B3%DA%A9%D9%86%D8%B1-Axiom-%D9%85%D8%AF%D9%84-2290,3,57,7.456140350877193,404,,0,2.38
https://mahamprint.com/product/1739/%D9%84%D9%85%DB%8C%D9%86%D8%AA-500-%D8%B9%DA%A9%D8%B3-Fargo-TTF-Overlaminate-%D8%A7%D9%88%D8%B1%D8%AC%DB%8C%D9%86%D8%A7%D9%84,2,57,27.771929824561404,404,,0,2.36
https://mahamprint.com/product/481/%D8%A7%D8%B3%DA%A9%D9%86%D8%B1-Kodak-i5850,2,57,5.771929824561403,404,,0,3.08
https://mahamprint.com/product/2340/%DA%86%D8%B1%D8%AE-%D8%AF%D9%86%D8%AF%D9%87-%DA%A9%D9%84%D8%A7%DA%86-Samsung-Gear-4521,1,57,8.964912280701753,404,,0,2.97
https://mahamprint.com/product/1469/%DA%A9%D8%A7%D8%B1%D8%AA%D8%B1%DB%8C%D8%AC-CANON-FX10,0,57,19.36842105263158,404,,0,2.68
https://mahamprint.com/product/3035/%D9%BE%D8%B1%DB%8C%D9%86%D8%AA%D8%B1%20-%D8%AA%DA%A9%20%DA%A9%D8%A7%D8%B1%D9%87%20-%D8%B1%D9%86%DA%AF%DB%8C-Canon-%207210%20cdn,1,57,6.56140350877193,404,,0,3.84
https://mahamprint.com/product/614/%D8%B5%D9%86%D8%AF%D9%88%D9%82-%D9%81%D8%B1%D9%88%D8%B4%DA%AF%D8%A7%D9%87%DB%8C-Posiflex-KS-6715,1,57,50.56140350877193,404,,0,3.54
https://mahamprint.com/product/922/%D9%85%D8%A7%D8%B4%DB%8C%D9%86-%D8%AD%D8%B3%D8%A7%D8%A8-Casio-FC-100v,1,57,7.2631578947368425,404,,0,3.61
https://mahamprint.com/product/1763/%D8%B1%DB%8C%D8%A8%D9%88%D9%86-%D8%B1%D9%86%DA%AF%DB%8C-500-%D8%B9%DA%A9%D8%B3-Fargo-Color-Ribbon-%D8%A7%D9%88%D8%B1%D8%AC%DB%8C%D9%86%D8%A7%D9%84,0,57,40.333333333333336,404,,0,3.84
https://mahamprint.com/product/1371/%DA%A9%D8%A7%D8%B1%D8%AA%D8%B1%DB%8C%D8%AC-%D8%AA%D9%88%D9%86%D8%B1-EPSON-T200-Magenta,12,56,2.3392857142857144,404,,0,2.52
https://mahamprint.com/product/3105/%D9%BE%D8%B1%DB%8C%D9%86%D8%AA%D8%B1%20-%D9%84%DB%8C%D8%B2%D8%B1%DB%8C%20-%D8%B1%D9%86%DA%AF%DB%8C%20-Canon-%20LBP632Cdw,5,56,9.821428571428571,404,,0,2.51
https://mahamprint.com/product/1072/%D8%AF%D8%B3%D8%AA%DA%AF%D8%A7%D9%87-%DA%A9%D9%BE%DB%8C-SHARP-AR-6020D,4,56,7.964285714285714,404,,0,2.4
https://mahamprint.com/tag/3051/%D8%AF%D8%B3%D8%AA%DA%AF%D8%A7%D9%87-%D8%AD%D8%B6%D9%88%D8%B1%D8%BA%DB%8C%D8%A7%D8%A8-%D8%B2%D8%AF-%DA%A9%DB%8C-%D8%AA%DB%8C-%D8%A7%DA%A9%D9%88,0,57,31.736842105263158,404,,0,3.83
https://mahamprint.com/product/780/%D8%A8%D8%A7%D8%B1%DA%A9%D8%AF-%D8%A7%D8%B3%DA%A9%D9%86%D8%B1-ZEC-2100-DB,4,56,8.928571428571429,404,,0,3.29
https://mahamprint.com/product/2245/%D9%81%DB%8C%D9%88%D8%B2%DB%8C%D9%86%DA%AF-%D8%A7%DA%86-%D9%BE%DB%8C-HP-M401,3,56,12.482142857142858,404,,0,2.36
https://mahamprint.com/product/3089/%D9%BE%D8%B1%DB%8C%D9%86%D8%AA%D8%B1%20-%D8%B3%D9%87%20-%DA%A9%D8%A7%D8%B1%D9%87-%20%D8%B1%D9%86%DA%AF%DB%8C%20-CANON-%20MF752Cdw,3,56,49.232142857142854,404,,0,2.4
https://mahamprint.com/category/146/%D9%BE%D8%B1%D8%AF%D9%87-%D9%86%D9%85%D8%A7%DB%8C%D8%B4-celexon,1,56,4.196428571428571,404,,0,2.49
https://mahamprint.com/product/1210/%D9%BE%D8%B1%D8%AF%D9%87-%D9%86%D9%85%D8%A7%DB%8C%D8%B4-%D8%AF%D8%B3%D8%AA%DB%8C-%D9%BE%D8%B1%D9%88%DA%98%DA%A9%D8%AA%D9%88%D8%B1-scope-2x2,1,56,56.80357142857143,404,,0,2.76
https://mahamprint.com/product/1560/%D8%AA%D9%88%D9%86%D8%B1-%DA%A9%D8%A7%D8%B1%D8%AA%D8%B1%DB%8C%D8%AC-CANON-718,1,56,41.75,404,,0,2.73
https://mahamprint.com/product/240/%D9%BE%D8%B1%DB%8C%D9%86%D8%AA%D8%B1-%DA%86%D9%86%D8%AF%DA%A9%D8%A7%D8%B1%D9%87-%D9%84%DB%8C%D8%B2%D8%B1%DB%8C-%D8%A8%D8%B1%D9%86%D8%AF-CANON-%D9%85%D8%AF%D9%84-MF235,1,56,10.321428571428571,404,,0,2.42
https://mahamprint.com/product/1094/%D8%AF%D8%B1%D8%A7%D9%85-%DA%A9%D8%A7%D8%B1%D8%AA%D8%B1%DB%8C%D8%AC-Samsung-203,1,56,18.767857142857142,404,,0,4.39
https://mahamprint.com/product/2683/%D9%BE%D8%B1%DB%8C%D9%86%D8%AA%D8%B1-%D8%AC%D9%88%D9%87%D8%B1-%D8%A7%D9%81%D8%B4%D8%A7%D9%86-Epson-L3256w,1,56,14.196428571428571,404,,0,2.61
https://mahamprint.com/product/90/%D9%BE%D8%B1%DB%8C%D9%86%D8%AA%D8%B1-%D9%84%DB%8C%D8%B2%D8%B1%DB%8C-%D8%AA%DA%A9-%DA%A9%D8%A7%D8%B1%D9%87-HP-452DN,0,56,10.660714285714286,404,,0,2.71
https://mahamprint.com/product/1538/%D8%AA%D9%88%D9%86%D8%B1-BROTHER-TN-3420,9,55,5.254545454545455,404,,0,2.95
https://mahamprint.com/product/2805/%D9%BE%D8%B1%DB%8C%D9%86%D8%AA%D8%B1-%D8%A8%D8%B1%D9%86%D8%AF-EPSON-L4260,9,55,8.4,404,,0,2.57
https://mahamprint.com/product/2661/%D8%A7%D8%B3%DA%A9%D9%86%D8%B1-HP-SCANJET-PRO-2600F1,8,55,13.727272727272727,404,,0,2.45
https://mahamprint.com/product/1082/%D9%81%D9%88%D9%85-%D8%B1%D9%88%D9%84-HP-1200,5,55,6.418181818181818,404,,0,2.35
https://mahamprint.com/product/138/%D9%BE%D8%B1%DB%8C%D9%86%D8%AA%D8%B1-%DA%86%D9%87%D8%A7%D8%B1%DA%A9%D8%A7%D8%B1%D9%87-%D9%84%DB%8C%D8%B2%D8%B1%DB%8C-Brother-MFC-L2740DW,6,55,9.8,404,,0,2.88
https://mahamprint.com/product/2023/%D9%BE%D8%B1%DB%8C%D9%86%D8%AA%D8%B1-Canon-SELPHY-CP1300,5,55,11.8,404,,0,2.79
https://mahamprint.com/product/499/%D8%A7%D8%B3%DA%A9%D9%86%D8%B1-Kodak-i1000,5,55,23.672727272727272,404,,0,2.29
https://mahamprint.com/product/565/%D9%84%DB%8C%D8%A8%D9%84-%D9%BE%D8%B1%DB%8C%D9%86%D8%AA%D8%B1-%D8%A8%D8%B1%D9%86%D8%AF-ZEBRA-ZT420,5,55,7.7272727272727275,404,,0,2.18
https://mahamprint.com/product/2429/%DA%A9%D8%A7%D8%BA%D8%B0%DA%A9%D8%B4-ADF-%D8%AF%D9%88%D9%82%D9%84%D9%88-%D8%B4%D8%A7%D8%B1%D9%BE-AR-620-%D9%81%D8%A7%D8%A8%D8%B1%DB%8C%DA%A9,4,55,9.709090909090909,404,,0,2.46
https://mahamprint.com/product/1793/%D9%85%D8%B1%DA%A9%D8%A8-Risograph-Z-Type-S-4253-ink,3,55,6.654545454545454,404,,0,2.41
https://mahamprint.com/product/1246/%D9%88%DB%8C%D8%AF%D8%A6%D9%88-%D9%BE%D8%B1%D9%88%DA%98%DA%A9%D8%AA%D9%88%D8%B1-%D8%AC%DB%8C%D8%A8%DB%8C-UNIC-UC46,2,55,11.2,404,,0,2.31
https://mahamprint.com/product/848/%D8%A8%D8%A7%D8%B1%DA%A9%D8%AF-%D8%A7%D8%B3%DA%A9%D9%86%D8%B1-Remo-%D9%85%D8%AF%D9%84-3100,2,55,7.672727272727273,404,,0,2.43
https://mahamprint.com/product/1318/%D9%85%D8%A7%D9%86%DB%8C%D8%AA%D9%88%D8%B1-%D8%AF%D9%84-E2420H-%D8%B3%D8%A7%DB%8C%D8%B2-%DB%B2%DB%B4-%D8%A7%DB%8C%D9%86%DA%86,2,55,7.654545454545454,404,,0,3.15
https://mahamprint.com/brand/34/FUJITSU,1,55,32.054545454545455,404,,0,2.72
https://mahamprint.com/product/1653/%D9%BE%D9%84%D8%A7%D8%AA%D8%B1-hp-%D9%85%D8%AF%D9%84-t795,1,55,11.327272727272728,404,,0,2.39
https://mahamprint.com/product/225/%D9%BE%D8%B1%DB%8C%D9%86%D8%AA%D8%B1-%D8%AC%D9%88%D9%87%D8%B1%D8%A7%D9%81%D8%B4%D8%A7%D9%86-%DA%86%D9%87%D8%A7%D8%B1-%DA%A9%D8%A7%D8%B1%D9%87-HP-C510,1,55,16.127272727272725,404,,0,2.61
https://mahamprint.com/product/2937/%D8%AF%D8%B3%D8%AA%DA%AF%D8%A7%D9%87-%DA%A9%D9%BE%DB%8C-%DA%86%D9%86%D8%AF-%DA%A9%D8%A7%D8%B1%D9%87-SHARP-%D9%85%D8%AF%D9%84-BP-X240,0,55,9.363636363636363,404,,0,2.38
https://mahamprint.com/product/1033/%D9%85%D8%A7%D8%B4%DB%8C%D9%86-%D8%AD%D8%B3%D8%A7%D8%A8-Citizen-350DPN,6,54,11.88888888888889,404,,0,2.58
https://mahamprint.com/products/---hp-55a-drum-3015,5,54,7.425925925925926,200,https://mahamprint.com/products/---hp-55a-drum-3015,0,2.34
https://mahamprint.com/product/1334/%D9%85%D8%A7%D9%86%DB%8C%D8%AA%D9%88%D8%B1-%D8%A7%D9%84-%D8%AC%DB%8C-27MK400H-%D8%B3%D8%A7%DB%8C%D8%B2-27-%D8%A7%DB%8C%D9%86%DA%86,6,54,7.407407407407407,404,,0,2.45
https://mahamprint.com/product/66/%D9%BE%D8%B1%DB%8C%D9%86%D8%AA%D8%B1-%D8%AA%DA%A9-%DA%A9%D8%A7%D8%B1%D9%87-%D9%84%DB%8C%D8%B2%D8%B1%DB%8C-HP-M402DW,3,54,9.148148148148149,404,,0,2.98
https://mahamprint.com/product/1505/%DA%A9%D8%A7%D8%B1%D8%AA%D8%B1%DB%8C%D8%AC-Canon-052,2,54,11.925925925925926,404,,0,2.89
https://mahamprint.com/products/--citizen-ct-770ii,3,54,8.814814814814815,200,https://mahamprint.com/products/--citizen-ct-770ii,0,3.22
https://mahamprint.com/product/510/%D8%AA%D8%B3%D8%AA-%D8%A7%D8%B3%DA%A9%D9%86%D8%A7%D8%B3-Remo-%D9%85%D8%AF%D9%84-528M,2,54,6.925925925925926,404,,0,2.53
https://mahamprint.com/product/1115/%D8%AA%D9%88%D9%86%D8%B1-%D8%B4%D8%A7%D8%B1%DA%98-hp-1-kg,1,54,9.907407407407407,404,,0,2.85
https://mahamprint.com/product/656/%DA%A9%D8%A7%D8%BA%D8%B0-%D8%AE%D8%B1%D8%AF%DA%A9%D9%86-Nikita-SD-9681,2,54,35.81481481481482,404,,0,2.91
https://mahamprint.com/product/1582/%D8%AA%D9%88%D9%86%D8%B1-HP-126-A,1,54,8.333333333333332,404,,0,2.52
https://mahamprint.com/product/1028/%D9%85%D8%A7%D8%B4%DB%8C%D9%86-%D8%AD%D8%B3%D8%A7%D8%A8-Sitizen-CT-500JS,0,54,7.425925925925926,404,,0,2.98
https://mahamprint.com/product/2335/%DA%86%D8%B1%D8%AE-%D8%AF%D9%86%D8%AF%D9%87-%DA%A9%D9%84%D8%A7%DA%86-%D8%AF%D8%B3%D8%AA%DA%AF%D8%A7%D9%87-HP-1536-gear,1,54,7.888888888888889,404,,0,3.29
https://mahamprint.com/product/1143/%D8%AC%D9%88%D9%87%D8%B1-%DB%B4-%D8%B1%D9%86%DA%AF-EPSON-522,5,53,5.037735849056604,404,,0,3.26
https://mahamprint.com/product/1120/%D8%AA%D9%88%D9%86%D8%B1-%D8%B4%D8%A7%D8%B1%DA%98-%D8%B1%D9%86%DA%AF%DB%8C-%D8%A8%D8%B1%D9%86%D8%AF-hp-%D9%85%D8%AF%D9%84-3600-200gr,3,53,7.452830188679245,404,,0,2.77
https://mahamprint.com/product/1494/%DA%A9%D8%A7%D8%B1%D8%AA%D8%B1%DB%8C%D8%AC-HP-53A,3,53,11.377358490566039,404,,0,2.77
https://mahamprint.com/product/208/%D9%BE%D8%B1%DB%8C%D9%86%D8%AA%D8%B1-%D9%84%DB%8C%D8%B2%D8%B1%DB%8C-%DA%86%D9%86%D8%AF%DA%A9%D8%A7%D8%B1%D9%87-%D8%A8%D8%B1%D9%86%D8%AF-HP-%D9%85%D8%AF%D9%84-M680DN,3,53,7.188679245283019,404,,0,2.88
https://mahamprint.com/product/2487/%D9%BE%D8%B1%DB%8C%D9%86%D8%AA%D8%B1%D9%84%DB%8C%D8%B2%D8%B1%DB%8C-%D8%AA%DA%A9-%DA%A9%D8%A7%D8%B1%D9%87-HP-M111W,3,53,9.962264150943396,404,,0,2.74
https://mahamprint.com/product/1076/%D8%A8%D9%84%DB%8C%D8%AF-%DA%A9%D8%A7%D8%B1%D8%AA%D8%B1%DB%8C%D8%AC-HP-2035,2,53,11.226415094339623,404,,0,2.8
https://mahamprint.com/product/1140/%D8%AC%D9%88%D9%87%D8%B1-%D8%A8%D8%B1%D9%86%D8%AF-brother-%D9%85%D8%AF%D9%84-%DA%86%D9%87%D8%A7%D8%B1-%D8%B1%D9%86%DA%AF-BT5000,2,53,7.056603773584905,404,,0,2.48
https://mahamprint.com/product/774/%D8%AF%D8%B3%D8%AA%DA%AF%D8%A7%D9%87-%D8%A8%D8%B1%D8%B4-%DA%A9%D8%A7%D8%BA%D8%B0-OC500,2,53,8.943396226415095,404,,0,3.07
https://mahamprint.com/product/1275/%D8%AF%DB%8C%D8%AA%D8%A7-%D9%88%DB%8C%D8%AF%D8%A6%D9%88-%D9%BE%D8%B1%D9%88%DA%98%DA%A9%D8%AA%D9%88%D8%B1-Acer-X113ph,1,53,27.0188679245283,404,,0,2.95
https://mahamprint.com/product/1352/%D8%AA%D9%88%D9%86%D8%B1-%DA%A9%D8%A7%D8%B1%D8%AA%D8%B1%DB%8C%D8%AC-HP-72-CMYK,2,53,8.69811320754717,404,,0,3.7
https://mahamprint.com/product/1810/%D8%AA%D8%A7%D9%86%DA%A9-%D8%AC%D9%88%D9%87%D8%B1-%DA%A9%D8%A7%D9%86%D9%86-Canon-7240,1,53,10.849056603773585,404,,0,2.38
https://mahamprint.com/product/829/%D8%A8%D8%A7%D8%B1%DA%A9%D8%AF-%D8%AE%D9%88%D8%A7%D9%86-%D8%A8%D8%B1%D9%86%D8%AF-symbol-LS-9208,1,53,11.867924528301886,404,,0,2.57
https://mahamprint.com/mall/reza,0,53,1.2264150943396226,404,,0,2.91
https://mahamprint.com/product/2081/%D8%A8%D8%B1%D8%AF-%D9%BE%D8%A7%D9%88%D8%B1-%D9%BE%D8%B1%DB%8C%D9%86%D8%AA%D8%B1-HP-1522,0,53,9.283018867924529,404,,0,7.05
https://mahamprint.com/product/1345/%DA%A9%D8%A7%D8%B1%D8%AA%D8%B1%DB%8C%D8%AC-Canon-PFI-102-CMYK,8,52,5.9423076923076925,404,,0,6.78
https://mahamprint.com/product/2267/%D9%87%D8%A7%D8%AA-%D8%B1%D9%88%D9%84%D8%B1-%D8%B3%D8%A7%D9%85%D8%B3%D9%88%D9%86%DA%AF-Samsung-2250-4720,6,52,11.346153846153847,404,,0,6.26
https://mahamprint.com/product/790/%D8%A8%D8%A7%D8%B1%DA%A9%D8%AF-%D8%A7%D8%B3%DA%A9%D9%86%D8%B1-Mindeo-%D9%85%D8%AF%D9%84-MD-6200,4,52,7.326923076923077,404,,0,5.57
https://mahamprint.com/product/587/%D9%81%DB%8C%D8%B4-%D9%BE%D8%B1%DB%8C%D9%86%D8%AA%D8%B1-%D8%AD%D8%B1%D8%A7%D8%B1%D8%AA%DB%8C-%D8%A8%D8%B1%D9%86%D8%AF-Bixolon-%D9%85%D8%AF%D9%84-SRP-330N,0,53,30.754716981132077,404,,0,7.29
https://mahamprint.com/product/539/%D9%81%DB%8C%D8%B4-%D9%BE%D8%B1%DB%8C%D9%86%D8%AA%D8%B1-%D8%A8%D8%B1%D9%86%D8%AF-MEHR-%D9%85%D8%AF%D9%84-88A,7,52,8.846153846153847,404,,0,6.76
https://mahamprint.com/product/2553/%D9%BE%D8%B1%DB%8C%D9%86%D8%AA%D8%B1-%D8%B5%D8%AF%D9%88%D8%B1-%DA%A9%D8%A7%D8%B1%D8%AA-SMART-21,2,52,8.961538461538462,404,,0,2.27
https://mahamprint.com/product/342/%D9%BE%D8%B1%DB%8C%D9%86%D8%AA%D8%B1-Epson-EcoTank-L3150,3,52,9.403846153846153,404,,0,2.82
https://mahamprint.com/product/1218/%D9%BE%D8%B1%D8%AF%D9%87-%D9%86%D9%85%D8%A7%DB%8C%D8%B4-%D8%AF%D8%B3%D8%AA%DB%8C-%D9%BE%D8%B1%D9%88%DA%98%DA%A9%D8%AA%D9%88%D8%B1-scope-150x150,0,52,83.59615384615384,404,,0,2.31
https://mahamprint.com/product/310/%D9%BE%D8%B1%DB%8C%D9%86%D8%AA%D8%B1-%D9%84%DB%8C%D8%B2%D8%B1%DB%8C-%DA%86%D9%86%D8%AF%DA%A9%D8%A7%D8%B1%D9%87-%D8%A8%D8%B1%D9%86%D8%AF-HP-M178NW,1,52,12.192307692307692,404,,0,2.4
https://mahamprint.com/category/64/Store-and-banking-equipment,2,52,7.25,404,,0,2.54
https://mahamprint.com/product/1639/%D9%81%DB%8C%D8%B4-%D9%BE%D8%B1%DB%8C%D9%86%D8%AA%D8%B1-MEVA-tp-un,0,52,14.98076923076923,404,,0,0.74
https://mahamprint.com/product/696/%DA%A9%D8%A7%D8%BA%D8%B0-%D8%AE%D8%B1%D8%AF-%DA%A9%D9%86-Fellowes-%D9%85%D8%AF%D9%84-79Ci,3,52,6.230769230769231,404,,0,4.52
https://mahamprint.com/product/1252/%D9%88%DB%8C%D8%AF%D8%A6%D9%88-%D9%BE%D8%B1%D9%88%DA%98%DA%A9%D8%AA%D9%88%D8%B1-%D8%AC%DB%8C%D8%A8%DB%8C-SONY-MP-CD1-Mobile,5,51,8.941176470588236,404,,0,2.35
https://mahamprint.com/product/523/%D8%AA%D8%B3%D8%AA-%D8%A7%D8%B3%DA%A9%D9%86%D8%A7%D8%B3-%D8%A8%D8%B1%D9%86%D8%AF-Protech-DL-860,0,52,6.980769230769231,404,,0,2.48
https://mahamprint.com/product/3007/%D9%BE%D8%B1%DB%8C%D9%86%D8%AA%D8%B1-%20%D9%84%DB%8C%D8%A8%D9%84%20%D8%B2%D9%86%20-Meva%20-4210,0,52,8.134615384615385,404,,0,2.57
https://mahamprint.com/warranty,0,52,1.8269230769230769,200,https://mahamprint.com/warranty,0,2.62
https://mahamprint.com/product/1698/%D9%BE%D8%B1%DB%8C%D9%86%D8%AA%D8%B1-%D8%B3%D9%87-%DA%A9%D8%A7%D8%B1%D9%87-%D9%84%DB%8C%D8%B2%D8%B1%DB%8C-HP-M236sdw,4,51,8.529411764705882,404,,0,2.53
https://mahamprint.com/product/1054/%D8%AF%D8%B3%D8%AA%DA%AF%D8%A7%D9%87-%DA%A9%D9%BE%DB%8C-TOSHIBA-E-STUDIO-6508A,1,51,6.862745098039215,404,,0,2.31
https://mahamprint.com/products/----hp--m680dn,4,51,7.333333333333333,200,https://mahamprint.com/products/----hp--m680dn,0,3.11
https://mahamprint.com/products/----hp-mfp-m-136-w,2,51,7.568627450980392,200,https://mahamprint.com/products/----hp-mfp-m-136-w,0,3.74
https://mahamprint.com/product/1073/%D8%AF%D8%B3%D8%AA%DA%AF%D8%A7%D9%87-%DA%A9%D9%BE%DB%8C-SHARP-AR-X201,2,51,15.686274509803921,404,,0,4.2
https://mahamprint.com/products/----brother-hl-1110,3,51,6.882352941176471,200,https://mahamprint.com/products/----brother-hl-1110,0,4.55
https://mahamprint.com/product/2220/%D8%B3%DB%8C%D9%86%DB%8C-%D9%88%D8%B1%D9%88%D8%AF%DB%8C-%DA%A9%D8%A7%D8%BA%D8%B0-HP-1018,1,51,10.176470588235293,404,,0,2.36
https://mahamprint.com/product/2241/%D9%81%DB%8C%D9%88%D8%B2%DB%8C%D9%86%DA%AF-%DA%A9%D8%A7%D9%85%D9%84-%D8%B3%D8%A7%D9%85%D8%B3%D9%88%D9%86%DA%AF-Samsung-4623,1,51,9.450980392156863,404,,0,2.32
https://mahamprint.com/product/2098/%D8%AF%D8%B1%D8%A7%D9%85-Lexmark-120-Drum,1,51,8.450980392156863,404,,0,4.54
https://mahamprint.com/product/2663/%D8%A7%D8%B3%DA%A9%D9%86%D8%B1-%D9%85%D8%AF%D9%84-HP-SCANJET-4600F1,1,51,5.470588235294118,404,,0,3.21
https://mahamprint.com/mag/wireless-printer-buying-guide-for-modern-offices,0,51,5.549019607843137,200,https://mahamprint.com/mag/wireless-printer-buying-guide-for-modern-offices,0,2.38
https://mahamprint.com/product/679/%DA%A9%D8%A7%D8%BA%D8%B0-%D8%AE%D8%B1%D8%AF%DA%A9%D9%86-Fellowes-H-8CD,1,51,37.1764705882353,404,,0,3.44
https://mahamprint.com/product/2491/%D9%BE%D8%B1%DB%8C%D9%86%D8%AA%D8%B1-%D9%84%DB%8C%D8%B2%D8%B1%DB%8C-%D8%AA%DA%A9-%DA%A9%D8%A7%D8%B1%D9%87-%D8%A8%D8%B1%D9%86%D8%AF-CANON-%D9%85%D8%AF%D9%84-6018L,0,51,7.784313725490196,404,,0,3.52
https://mahamprint.com/product/615/%D8%B5%D9%86%D8%AF%D9%88%D9%82-%D9%81%D8%B1%D9%88%D8%B4%DA%AF%D8%A7%D9%87%DB%8C-Posiflex-HS-2310,3,50,10.72,404,,0,3.35
https://mahamprint.com/category/135/%D8%B3%D8%A7%D8%B9%D8%AA-%D9%87%D9%88%D8%B4%D9%85%D9%86%D8%AF,0,51,7.0588235294117645,404,,0,4.56
https://mahamprint.com/product/1606/%D9%BE%D8%B1%DB%8C%D9%86%D8%AA%D8%B1-%D8%AA%DA%A9-%DA%A9%D8%A7%D8%B1%D9%87-%D9%84%DB%8C%D8%B2%D8%B1%DB%8C-HP-M406DN,2,50,7.76,404,,0,2.91
https://mahamprint.com/product/1456/%D8%AA%D9%88%D9%86%D8%B1-HP-933-CMY,0,50,77.44,404,,0,2.92
https://mahamprint.com/product/2735/%DA%A9%D8%A7%D8%B1%D8%AA-%DA%AF%D8%B1%D8%A7%D9%81%DB%8C%DA%A9-RTX-3070-GAMING-Z-TRIO-8G,0,50,9.36,404,,0,3.52
https://mahamprint.com/product/2063/%D8%A8%D8%B1%D8%AF-%D9%BE%D8%A7%D9%88%D8%B1-printer-hp-1102,2,50,7.94,404,,0,5.1
https://mahamprint.com/product/1639/%D9%BE%D8%B1%DB%8C%D9%86%D8%AA%D8%B1%20-%D8%AD%D8%B1%D8%A7%D8%B1%D8%AA%DB%8C-%20MEVA%20-TP-UN2,0,50,8.2,404,,0,4.05
https://mahamprint.com/product/1587/%DA%A9%D8%A7%D8%B1%D8%AA%D8%B1%DB%8C%D8%AC-%D8%AA%D9%88%D9%86%D8%B1-Lexmark-71B20,9,49,6.204081632653061,404,,0,3.57
https://mahamprint.com/product/414/%D8%A7%D8%B3%DA%A9%D9%86%D8%B1-AVISION-AVA6,5,49,4.938775510204081,404,,0,3.47
https://mahamprint.com/product/2294/%D8%B1%D9%88%D9%84-%D9%BE%D8%B1%D8%B3-HP-1320,4,49,7.653061224489796,404,,0,2.25
https://mahamprint.com/product/1675/%D9%81%DA%A9%D8%B3-brother-FAX-2950,3,49,9.408163265306122,404,,0,3.13
https://mahamprint.com/product/2453/%D9%BE%D8%B1%DB%8C%D9%86%D8%AA%D8%B1-%D8%AA%DA%A9-%DA%A9%D8%A7%D8%B1%D9%87-ricoh-213w,4,49,14.204081632653061,404,,0,3.4
https://mahamprint.com/product/2459/%D8%AF%D8%B3%D8%AA%DA%AF%D8%A7%D9%87-%DA%A9%D9%BE%DB%8C-RICOH-IM-3500,3,49,15.693877551020408,404,,0,3.15
https://mahamprint.com/product/284/%D9%BE%D8%B1%DB%8C%D9%86%D8%AA%D8%B1-%D9%84%DB%8C%D8%B2%D8%B1%DB%8C-%DA%86%D9%86%D8%AF-%DA%A9%D8%A7%D8%B1%D9%87-%D8%A8%D8%B1%D9%86%D8%AF-BROTHER-DCP-l5500D,3,49,18.102040816326532,404,,0,3.15
https://mahamprint.com/product/814/%D8%A8%D8%A7%D8%B1%DA%A9%D8%AF-%D8%A7%D8%B3%DA%A9%D9%86%D8%B1-NewLand-%D9%85%D8%AF%D9%84-HR-1250,3,49,7.979591836734694,404,,0,3.54
https://mahamprint.com/mag/a-guide-to-buying-a-suitable-heli-shot-for-aerial-photography,2,49,8.061224489795919,200,https://mahamprint.com/mag/a-guide-to-buying-a-suitable-heli-shot-for-aerial-photography,0,2.28
https://mahamprint.com/product/546/%D9%81%DB%8C%D8%B4-%D9%BE%D8%B1%DB%8C%D9%86%D8%AA%D8%B1-%D9%82%D8%A7%D8%A8%D9%84-%D8%AD%D9%85%D9%84-%D8%A8%D8%B1%D9%86%D8%AF-Bixolon-%D9%85%D8%AF%D9%84-SPP-R220,2,49,9.285714285714286,404,,0,2.72
https://mahamprint.com/mag/%D8%AE%D8%B1%DB%8C%D8%AF-%D8%B5%D9%86%D8%AF%D9%88%D9%82-%D9%81%D8%B1%D9%88%D8%B4%DA%AF%D8%A7%D9%87%DB%8C,2,49,37.91836734693877,404,,0,3.88
https://mahamprint.com/product/2719/%DA%A9%D8%A7%D8%B1%D8%AA-%DA%AF%D8%B1%D8%A7%D9%81%DB%8C%DA%A9-MSI-RX-6900-XT-GAMING-X-TRIO-16GB,2,49,10.918367346938776,404,,0,5.09
https://mahamprint.com/product/1023/%D9%85%D8%A7%D8%B4%DB%8C%D9%86-%D8%AD%D8%B3%D8%A7%D8%A8-Citizen-SDC-760N,4,49,18.612244897959183,404,,0,10.8
https://mahamprint.com/index.php?productID=294,1,49,6.775510204081633,404,,0,3.98
https://mahamprint.com/product/1091/%D9%85%DA%AF%D9%86%D8%AA-HP-1010,1,49,6.653061224489796,404,,0,3.63
https://mahamprint.com/product/2257/%D9%81%DB%8C%D9%88%D8%B2%DB%8C%D9%86%DA%AF-%D8%A7%DA%86-%D9%BE%DB%8C-HP-1320,1,49,12.408163265306122,404,,0,3.5
https://mahamprint.com/product/979/%D9%85%D8%A7%D8%B4%DB%8C%D9%86-%D8%AD%D8%B3%D8%A7%D8%A8-Citizen-SLD-1010II,1,49,7.163265306122449,404,,0,3.15
https://mahamprint.com/product/549/%D9%81%DB%8C%D8%B4-%D9%BE%D8%B1%DB%8C%D9%86%D8%AA%D8%B1-%D8%A8%D8%B1%D9%86%D8%AF-Xprinter-%D9%85%D8%AF%D9%84-260n,9,48,7.083333333333333,404,,0,0.49
https://mahamprint.com/product/444/%D8%A7%D8%B3%DA%A9%D9%86%D8%B1-Plustek-PS4080U,9,48,7.916666666666667,404,,0,4.47
https://mahamprint.com/product/450/%D8%A7%D8%B3%DA%A9%D9%86%D8%B1-Plustek-OpticPro-A320l,0,49,12.26530612244898,404,,0,4.65
https://mahamprint.com/product/1351/%D8%AA%D9%88%D9%86%D8%B1-HP-91-CMYK,0,49,7,404,,0,24.61
https://mahamprint.com/product/2108/%D8%AF%D8%B1%D8%A7%D9%85-HP-15A-Drum-1200,5,48,7.5,404,,0,3.17
https://mahamprint.com/mag/%DA%A9%D8%A7%D8%BA%D8%B0-%D9%85%D9%86%D8%A7%D8%B3%D8%A8-%D8%A8%D8%B1%D8%A7%DB%8C-%D9%BE%D8%B1%DB%8C%D9%86%D8%AA%D8%B1,1,49,8.061224489795919,ERR:TimeoutError,,0,32.09
https://mahamprint.com/product/653/%DA%A9%D8%A7%D8%BA%D8%B0-%D8%AE%D8%B1%D8%AF%DA%A9%D9%86-Nikita-SD9680,5,48,9.479166666666666,404,,0,2.79
https://mahamprint.com/product/524/%D8%AA%D8%B3%D8%AA-%D8%A7%D8%B3%DA%A9%D9%86%D8%A7%D8%B3-Catiga-CL-854,4,48,10.1875,404,,0,2.23
https://mahamprint.com/product/1142/%D8%AC%D9%88%D9%87%D8%B1-%DB%B4-%D8%B1%D9%86%DA%AF-EPSON-103,5,48,9.041666666666666,404,,0,25.07
https://mahamprint.com/product/1602/%D9%84%DB%8C%D8%A8%D9%84-%D9%BE%D8%B1%DB%8C%D9%86%D8%AA%D8%B1-%D8%AD%D8%B1%D8%A7%D8%B1%D8%AA%DB%8C-BIXOLON-%D9%85%D8%AF%D9%84-slp-tx-423,6,48,6.5625,404,,0,25.14
https://mahamprint.com/product/2096/%D8%AF%D8%B1%D8%A7%D9%85-%DA%A9%D8%A7%D8%B1%D8%AA%D8%B1%DB%8C%D8%AC-Samsung-105-Drum,0,49,9.326530612244898,ERR:TimeoutError,,0,31.54
https://mahamprint.com/product/2420/%D8%B3%D9%BE%D8%B1%DB%8C%D8%B4%D9%86-Ricoh-AF-2075,3,48,9.708333333333334,404,,0,2.51
https://mahamprint.com/product/2442/%D9%87%D8%AF-%D9%BE%D8%B1%DB%8C%D9%86%D8%AA%D8%B1-Epson-Stylus-Photo-1410,3,48,18.291666666666668,404,,0,2.18
https://mahamprint.com/product/1679/%D8%AA%D9%88%D9%86%D8%B1-HP-59A,2,48,17.791666666666668,404,,0,2.48
https://mahamprint.com/product/3077/%D9%84%DB%8C%D8%A8%D9%84-%D9%BE%D8%B1%DB%8C%D9%86%D8%AA%D8%B1-Gainscha-2408-dc,3,48,7.020833333333333,404,,0,2.87
https://mahamprint.com/product/835/%D8%A8%D8%A7%D8%B1%DA%A9%D8%AF-%D8%A7%D8%B3%DA%A9%D9%86%D8%B1-ROMANS-%D9%85%D8%AF%D9%84-LS-1245W,2,48,6.208333333333333,404,,0,2.35
https://mahamprint.com/product/1319/%D9%85%D8%A7%D9%86%DB%8C%D8%AA%D9%88%D8%B1-%D8%AF%D9%84-U2419H-%D8%B3%D8%A7%DB%8C%D8%B2-%DB%B2%DB%B3-%DB%B8-%D8%A7%DB%8C%D9%86%DA%86,6,48,9.541666666666666,ERR:TimeoutError,,0,31.96
https://mahamprint.com/mag/%D8%A7%D9%86%D9%88%D8%A7%D8%B9-%DA%A9%D8%A7%D8%B1%D8%AA%D8%B1%DB%8C%D8%AC,1,48,22,404,,0,2.46
https://mahamprint.com/product/1927/%D9%86%D9%88%D8%A7%D8%B1-%DB%8C%D8%AF%DA%A9-%D9%84%DB%8C%D8%A8%D9%84-%D8%B2%D9%86-%D8%AF%D8%B3%D8%AA%DB%8C-%D8%A8%D8%B1%D9%86%D8%AF-DYMO-%D8%B1%D9%86%DA%AF-%D8%B4%D9%81%D8%A7%D9%81,1,48,8.4375,404,,0,3.04
https://mahamprint.com/product/135/%D9%BE%D8%B1%DB%8C%D9%86%D8%AA%D8%B1-%DA%86%D9%86%D8%AF%DA%A9%D8%A7%D8%B1%D9%87-%D9%84%DB%8C%D8%B2%D8%B1%DB%8C-%D9%85%D8%AF%D9%84-BROTHER-DCP-8110D,1,48,7.604166666666667,404,,0,3.72
https://mahamprint.com/product/201/%D9%BE%D8%B1%DB%8C%D9%86%D8%AA%D8%B1-%D9%84%DB%8C%D8%B2%D8%B1%DB%8C-HP-281FDW,1,48,7.666666666666667,404,,0,3.91
https://mahamprint.com/product/2727/%DA%A9%D8%A7%D8%B1%D8%AA-%DA%AF%D8%B1%D8%A7%D9%81%DB%8C%DA%A9-RTX-3060-VENTUS-2X-OC-12G,1,48,7.958333333333333,404,,0,4.32
https://mahamprint.com/product/2882/%D9%BE%D8%B1%DB%8C%D9%86%D8%AA%D8%B1-%D8%AA%DA%A9-%DA%A9%D8%A7%D8%B1%D9%87-%D9%84%DB%8C%D8%B2%D8%B1%DB%8C-%D8%A7%D8%B3%D8%AA%D9%88%DA%A9-HP-CP1025,4,47,12.48936170212766,404,,0,3.9
https://mahamprint.com/product/1941/%D9%86%D9%88%D8%A7%D8%B1-%D9%84%DB%8C%D8%A8%D9%84-%D9%BE%D8%B1%DB%8C%D9%86%D8%AA%D8%B1-%D8%A8%D8%B1%D8%A7%D8%AF%D8%B1TZE-211-%D8%BA%DB%8C%D8%B1-%D8%A7%D9%88%D8%B1%D8%AC%DB%8C%D9%86%D8%A7%D9%84,2,47,7.595744680851064,404,,0,2.74
https://mahamprint.com/product/2228/%D9%81%DB%8C%D9%84%D9%85-%D9%81%DB%8C%D9%88%D8%B2%DB%8C%D9%86%DA%AF-%D8%BA%DB%8C%D8%B1-%D8%A7%D9%88%D8%B1%D8%AC%DB%8C%D9%86%D8%A7%D9%84-canon-2016,0,48,9.5,404,,0,5.8
https://mahamprint.com/index.php?productID=3100,1,47,11.340425531914894,404,,0,2.34
https://mahamprint.com/products/-tyvek--6-,3,47,7.212765957446808,200,https://mahamprint.com/products/-tyvek--6-,0,4.58
https://mahamprint.com/product/1899/%D8%A7%D8%B3%DA%A9%D9%86%D8%B1-kodak-i1180,4,47,10.063829787234043,404,,0,8.21
https://mahamprint.com/mag/the-best-printers-for-printing-professional-photos,1,47,11.106382978723405,200,https://mahamprint.com/mag/the-best-printers-for-printing-professional-photos,0,5.36
https://mahamprint.com/product/2597/%DA%AF%D9%88%D8%B4%DB%8C-%D8%B3%D8%A7%D9%85%D8%B3%D9%88%D9%86%DA%AF-GALAXY-A73-5G,0,47,47.340425531914896,404,,0,5.54
https://mahamprint.com/product/92/%D9%BE%D8%B1%DB%8C%D9%86%D8%AA%D8%B1-%D9%84%DB%8C%D8%B2%D8%B1%DB%8C-%D8%A8%D8%B1%D9%86%D8%AF-HP-M552DN,1,47,9.170212765957446,404,,0,5.81
https://mahamprint.com/product/1295/%D8%AF%DB%8C%D8%AA%D8%A7-%D9%88%DB%8C%D8%AF%D8%A6%D9%88-%D9%BE%D8%B1%D9%88%DA%98%DA%A9%D8%AA%D9%88%D8%B1-EPSON-EH-TW5650,5,46,6.869565217391305,404,,0,3.1
https://mahamprint.com/product/2128/%D8%AF%D8%B1%D8%A7%D9%85-%DA%A9%D8%A7%D8%B1%D8%AA%D8%B1%DB%8C%D8%AC-Samsung-205-Drum,1,47,10.361702127659575,404,,0,6.73
https://mahamprint.com/product/1853/%D8%B1%D9%88%D9%84-%D9%84%DB%8C%D8%A8%D9%84-PVC-%D8%AA%DA%A9-%D8%B1%D8%AF%DB%8C%D9%81%D9%87-%D9%86%D8%A7%D8%B1%D9%86%D8%AC%DB%8C-51-34,7,46,8.869565217391305,404,,0,6.74
https://mahamprint.com/product/856/%D8%A7%D8%B3%DA%A9%D9%86%D8%A7%D8%B3-%D8%B4%D9%85%D8%A7%D8%B1-%D9%86%D8%A7%D9%85%DB%8C-%D8%AA%D8%B1%D8%A7%D8%B2-NT-200,5,46,6.1521739130434785,404,,0,4.37
https://mahamprint.com/product/590/%D8%B5%D9%86%D8%AF%D9%88%D9%82-%D9%81%D8%B1%D9%88%D8%B4%DA%AF%D8%A7%D9%87%DB%8C-Tyson-1520,4,46,10.26086956521739,404,,0,4.25
https://mahamprint.com/product/385/%D8%A7%D8%B3%DA%A9%D9%86%D8%B1-Plustek-A300-Plus,4,46,8.347826086956522,404,,0,4.4
https://mahamprint.com/product/741/%DA%A9%D8%A7%D8%BA%D8%B0-%D8%AE%D8%B1%D8%AF-%DA%A9%D9%86-Nikita-SD-9351,4,46,5.086956521739131,404,,0,4.13
https://mahamprint.com/product/1114/%D8%AA%D9%88%D9%86%D8%B1-%D8%B4%D8%A7%D8%B1%DA%98-%D8%A8%D8%B1%D9%86%D8%AF-hp-1005-100gr,3,46,13.978260869565217,404,,0,4.24
https://mahamprint.com/product/1163/%D8%B3%D8%AA-%DA%A9%D8%A7%D8%BA%D8%B0-%D8%B9%DA%A9%D8%B3-%D9%88-%D8%AC%D9%88%D9%87%D8%B1-Canon-KC-36IP,3,46,6.5,404,,0,2.62
https://mahamprint.com/product/2889/%D9%BE%D8%B1%DB%8C%D9%86%D8%AA%D8%B1-%DA%86%D9%87%D8%A7%D8%B1%DA%A9%D8%A7%D8%B1%D9%87-%D9%84%DB%8C%D8%B2%D8%B1%DB%8C-%D8%A7%D8%B3%D8%AA%D9%88%DA%A9-hp-177fw,3,46,26.065217391304348,404,,0,2.59
https://mahamprint.com/product/717/%DA%A9%D8%A7%D8%BA%D8%B0-%D8%AE%D8%B1%D8%AF%DA%A9%D9%86-Nikita-SD9360,3,46,8.23913043478261,404,,0,2.72
https://mahamprint.com/product/3157/%D9%BE%D8%B1%DB%8C%D9%86%D8%AA%D8%B1%20-%D8%B3%D9%88%D8%B2%D9%86%DB%8C-%20%D8%A7%D9%88%D9%84%DB%8C%D9%88%D8%AA%DB%8C-%20PR9,3,46,8.152173913043478,404,,0,3.23
https://mahamprint.com/product/1064/%D9%81%D8%AA%D9%88%DA%A9%D9%BE%DB%8C-RICOH-MP2014AD,2,46,7.695652173913044,404,,0,3.41
https://mahamprint.com/product/2542/%D9%BE%D9%84%D8%A7%D8%AA%D8%B1-%D8%A8%D8%B1%D9%86%D8%AF-EPSON-SC-F-9400,4,46,6.543478260869565,404,,0,9.53
https://mahamprint.com/category/90/video%20projector,1,46,43.26086956521739,404,,0,3.23
https://mahamprint.com/index.php?productID=3052,1,46,81.69565217391305,404,,0,3.4
https://mahamprint.com/product/100/%D9%BE%D8%B1%DB%8C%D9%86%D8%AA%D8%B1-%D9%84%DB%8C%D8%B2%D8%B1%DB%8C-CANON-MF237W,1,46,7.891304347826087,404,,0,2.96
https://mahamprint.com/product/3131/%D9%88%DB%8C%D8%AF%D8%A6%D9%88%20-%D9%BE%D8%B1%D9%88%DA%98%DA%A9%D8%AA%D9%88%D8%B1%20-VIEWSONIC%20-SP6,1,46,8.521739130434781,404,,0,2.45
https://mahamprint.com/product/375/%D8%A7%D8%B3%DA%A9%D9%86%D8%B1-EPSON-V19,1,46,15.891304347826088,404,,0,2.31
https://mahamprint.com/product/191/%D9%BE%D8%B1%DB%8C%D9%86%D8%AA%D8%B1-%D9%84%DB%8C%D8%B2%D8%B1%DB%8C-%D8%AA%DA%A9-%DA%A9%D8%A7%D8%B1%D9%87-HP-%D9%85%D8%AF%D9%84-M553DN,1,46,8.869565217391305,404,,0,4.1
https://mahamprint.com/news,0,46,4.673913043478261,404,,0,2.26
https://mahamprint.com/product/1766/%D8%B1%DB%8C%D8%A8%D9%88%D9%86-%D8%AA%DA%A9-%D8%B1%D9%86%DA%AF-%D8%B7%D9%84%D8%A7%DB%8C%DB%8C-1000-%D8%B9%DA%A9%D8%B3-Magicard-Ribbon-Gold,0,46,12.630434782608695,404,,0,2.28
https://mahamprint.com/product/2067/%D8%A8%D8%B1%D8%AF-%D8%AA%D8%BA%D8%B0%DB%8C%D9%87-hp-P1160-P1320,0,46,59.71739130434783,404,,0,3.27
https://mahamprint.com/product/2612/%D8%B3%D8%A7%D8%B9%D8%AA-%D9%87%D9%88%D8%B4%D9%85%D9%86%D8%AF-%D8%B3%D8%B1%DB%8C-7-apple-whatch,0,46,7.717391304347826,404,,0,2.37
https://mahamprint.com/product/2924/%D9%BE%DB%8C%DA%A9%D8%A7%D9%BE-%D9%BE%D8%A7%DB%8C%DB%8C%D9%86-hp-3015,0,46,9.41304347826087,404,,0,2.38
https://mahamprint.com/product/1019/%D9%85%D8%A7%D8%B4%DB%8C%D9%86-%D8%AD%D8%B3%D8%A7%D8%A8-CASIO-DR-240TM,4,45,9.11111111111111,404,,0,2.68
https://mahamprint.com/product/2726/%DA%A9%D8%A7%D8%B1%D8%AA-%DA%AF%D8%B1%D8%A7%D9%81%DB%8C%DA%A9-%D8%A8%D8%B1%D9%86%D8%AF-MSI-%D9%85%D8%AF%D9%84-RTX-3050-GAMING-X-8G,3,45,11.377777777777778,404,,0,3.36
https://mahamprint.com/product/3139/%D9%81%DB%8C%D8%B4-%20%D9%BE%D8%B1%DB%8C%D9%86%D8%AA%D8%B1%20-Mitsushida%20-%D9%85%D8%AF%D9%84%20-KC-80s,3,45,7.311111111111111,404,,0,3.29
https://mahamprint.com/product/109/%D9%BE%D8%B1%DB%8C%D9%86%D8%AA%D8%B1-%D8%AA%DA%A9-%DA%A9%D8%A7%D8%B1%D9%87-%D8%AC%D9%88%D9%87%D8%B1-%D8%A7%D9%81%D8%B4%D8%A7%D9%86-EPSON-M100,2,45,9.311111111111112,404,,0,2.55
https://mahamprint.com/product/1100/%D8%AF%D8%B1%D8%A7%D9%85-%DA%A9%D8%A7%D8%B1%D8%AA%D8%B1%DB%8C%D8%AC-Sharp-455,2,45,9.266666666666667,404,,0,2.5
https://mahamprint.com/product/2323/%DA%86%D8%B1%D8%AE-%D8%AF%D9%86%D8%AF%D9%87-%D8%B6%D8%A7%DB%8C%D8%B9%D8%A7%D8%AA-%D8%AC%D9%81%D8%AA%DB%8C-%DA%A9%D9%BE%DB%8C-Sharp-AR-350-450,2,45,9.755555555555556,404,,0,2.48
https://mahamprint.com/product/561/%D9%84%DB%8C%D8%A8%D9%84-%D9%BE%D8%B1%DB%8C%D9%86%D8%AA%D8%B1-%D8%AD%D8%B1%D8%A7%D8%B1%D8%AA%DB%8C-REMO-P600N,2,45,19.355555555555554,404,,0,2.57
https://mahamprint.com/mag/advanced-calculators-applications-and-features,1,45,9.222222222222221,200,https://mahamprint.com/mag/advanced-calculators-applications-and-features,0,2.67
https://mahamprint.com/product/2747/all-in-one-hp-proOne-600-G3,0,45,8.511111111111111,404,,0,2.76
https://mahamprint.com/product/1552/%D8%AA%D9%88%D9%86%D8%B1-HP-83A,1,45,10.688888888888888,404,,0,3.31
https://mahamprint.com/product/2345/%DA%86%D8%B1%D8%AE-%D8%AF%D9%86%D8%AF%D9%87-%DA%A9%D9%84%D8%A7%DA%86-%D9%81%DB%8C%D9%88%D8%B2%DB%8C%D9%86%DA%AF-%D9%BE%D8%B1%DB%8C%D9%86%D8%AA%D8%B1-HP-1320,0,45,9.066666666666666,404,,0,2.94
https://mahamprint.com/product/3001/%D9%BE%D8%B1%DB%8C%D9%86%D8%AA%D8%B1%20-%DA%86%D9%87%D8%A7%D8%B1%DA%A9%D8%A7%D8%B1%D9%87-%20%D8%AC%D9%88%D9%87%D8%B1%D8%A7%D9%81%D8%B4%D8%A7%D9%86%20-CANON-%20PIXIMA-%20G4470,0,45,7.311111111111111,404,,0,2.87
https://mahamprint.com/products/--hp-134a,8,44,4.113636363636363,200,https://mahamprint.com/products/--hp-134a,0,2.8
https://mahamprint.com/product/2095/%D8%AF%D8%B1%D8%A7%D9%85-%DA%A9%D8%A7%D8%B1%D8%AA%D8%B1%DB%8C%D8%AC-Brother-%D9%85%D8%AF%D9%84-420-2200-Drum,2,44,9.090909090909092,404,,0,5.81
https://mahamprint.com/product/3138/%D8%A8%D8%A7%D8%B1%DA%A9%D8%AF-%20%D8%A7%D8%B3%DA%A9%D9%86%D8%B1%20-Mitsushida%20-%D9%85%D8%AF%D9%84-%20KC-2089,3,44,6.090909090909091,404,,0,5.96
https://mahamprint.com/product/637/%D8%AF%D8%B3%D8%AA%DA%AF%D8%A7%D9%87-%D8%AD%D8%B6%D9%88%D8%B1%D9%88%D8%BA%DB%8C%D8%A7%D8%A8-ZKTeco-HB-130BA,1,44,7.4772727272727275,404,,0,5.42
https://mahamprint.com/product/1057/%D8%AF%D8%B3%D8%AA%DA%AF%D8%A7%D9%87-%DA%A9%D9%BE%DB%8C-SHARP-MX-M464N,2,44,9.295454545454545,404,,0,6.17
https://mahamprint.com/product/2584/%DA%AF%D9%88%D8%B4%DB%8C-%D9%85%D9%88%D8%A8%D8%A7%DB%8C%D9%84-%D8%A7%D9%BE%D9%84-iphone-13-promax,1,44,7.159090909090909,404,,0,6.72
https://mahamprint.com/product/1075/%D8%A8%D9%84%DB%8C%D8%AF-%DA%A9%D8%A7%D8%B1%D8%AA%D8%B1%DB%8C%D8%AC-HP-26A,0,44,8.068181818181818,404,,0,2.6
https://mahamprint.com/product/2364/%DA%86%D8%B1%D8%AE-%D8%AF%D9%86%D8%AF%D9%87-%D9%81%DB%8C%D9%88%D8%B2%DB%8C%D9%86%DA%AF-%D8%AF%D9%88%D9%82%D9%84%D9%88-%D8%A8%D8%B1%D9%86%D8%AF-toshiba-%D9%85%D8%AF%D9%84-E-Studio-163-168,0,44,24.704545454545453,404,,0,2.59
https://mahamprint.com/product/648/%DA%A9%D8%A7%D8%BA%D8%B0-%D8%AE%D8%B1%D8%AF%DA%A9%D9%86-%D9%85%D8%AF%D9%84-Sunwood-9355,8,43,6.395348837209302,404,,0,2.41
https://mahamprint.com/product/838/%D8%A8%D8%A7%D8%B1%DA%A9%D8%AF-%D8%A7%D8%B3%DA%A9%D9%86%D8%B1-%D8%A8%D8%B1%D9%86%D8%AF-SCOPE-SP-5010G,7,44,5.659090909090909,404,,0,10.08
https://mahamprint.com/product/1798/%D8%B1%D9%88%D9%84-%DA%A9%D8%A7%D8%BA%D8%B0-%D8%AD%D8%B1%D8%A7%D8%B1%D8%AA%DB%8C-%D9%85%DB%8C%DA%A9%D8%B1%D9%88%D9%84%D8%A7%DB%8C%D9%86-%D8%B9%D8%B1%D8%B6-8-80-%D9%85%D8%AA%D8%B1%DB%8C,0,44,8.386363636363637,404,,0,3.35
https://mahamprint.com/product/89/%D9%BE%D8%B1%DB%8C%D9%86%D8%AA%D8%B1-%D9%84%DB%8C%D8%B2%D8%B1%DB%8C-%D8%AA%DA%A9-%DA%A9%D8%A7%D8%B1%D9%87-%D8%A8%D8%B1%D9%86%D8%AF-HP-M252DW,4,43,8.302325581395348,404,,0,3.62
https://mahamprint.com/product/3042/%D9%BE%D8%B1%DB%8C%D9%86%D8%AA%D8%B1-%20%D9%84%DB%8C%D8%B2%D8%B1%DB%8C%20-%D8%AA%DA%A9%20%DA%A9%D8%A7%D8%B1%D9%87%C2%A0-HP-%204003dw,3,43,9.093023255813954,404,,0,2.2
https://mahamprint.com/product/261/%D9%BE%D8%B1%DB%8C%D9%86%D8%AA%D8%B1-EPSON-L1300,2,43,9.162790697674419,404,,0,2.19
https://mahamprint.com/product/825/%D8%A8%D8%A7%D8%B1%DA%A9%D8%AF-%D8%A7%D8%B3%DA%A9%D9%86%D8%B1-DATALOGIC-%D9%85%D8%AF%D9%84-Magellan-2D-3200,3,43,10.790697674418604,404,,0,3.14
https://mahamprint.com/product/1840/%D9%84%DB%8C%D8%A8%D9%84-%DA%A9%D8%A7%D8%BA%D8%B0%DB%8C-%D8%AA%DA%A9-%D8%B1%D8%AF%DB%8C%D9%81%D9%87-50-80,2,43,10.186046511627907,404,,0,3.21
https://mahamprint.com/mag/the-effect-of-using-banknote-counters-on-speed-and-accuracy-in-financial-affairs,1,43,7.395348837209302,200,https://mahamprint.com/mag/the-effect-of-using-banknote-counters-on-speed-and-accuracy-in-financial-affairs,0,2.38
https://mahamprint.com/products/-samsung-s20c325b-plus---,3,43,6.186046511627907,200,https://mahamprint.com/products/-samsung-s20c325b-plus---,0,4.78
https://mahamprint.com/product/2965/%D9%BE%D8%B1%DB%8C%D9%86%D8%AA%D8%B1-%20%D9%84%DB%8C%D8%B2%D8%B1%DB%8C-%20%D8%AA%DA%A9-%20%DA%A9%D8%A7%D8%B1%D9%87-%20%20%D8%A8%D8%B1%D9%86%D8%AF-%20201N-%20HP,2,43,6.6976744186046515,404,,0,3.42
https://mahamprint.com/product/2469/%D9%84%DB%8C%D8%A8%D9%84-%D9%BE%D8%B1%DB%8C%D9%86%D8%AA%D8%B1-%D8%A8%D8%B1%D9%86%D8%AF-zebra-ZD220,1,43,10.232558139534884,404,,0,2.66
https://mahamprint.com/product/104/%D9%BE%D8%B1%DB%8C%D9%86%D8%AA%D8%B1-%D9%84%DB%8C%D8%B2%D8%B1%DB%8C-%D8%AA%DA%A9-%DA%A9%D8%A7%D8%B1%D9%87-CANON-i-7018C,1,43,9.093023255813954,404,,0,3.28
https://mahamprint.com/product/2263/%D9%86%D8%A7%D8%AE%D9%86%DA%A9-%DA%AF%DB%8C%D8%B1%D9%87-%D8%BA%D9%84%D8%B7%DA%A9-AR-5316-sharp,1,43,9.255813953488373,404,,0,3.46
https://mahamprint.com/product/2900/%D9%84%DB%8C%D8%A8%D9%84-%D9%BE%D8%B1%DB%8C%D9%86%D8%AA%D8%B1-Zenpert-4T530,1,43,11.44186046511628,404,,0,2.55
https://mahamprint.com/product/445/%D8%A7%D8%B3%DA%A9%D9%86%D8%B1-Plustek-PL2550,1,43,12.744186046511627,404,,0,2.57
https://mahamprint.com/product/459/%D8%A7%D8%B3%DA%A9%D9%86%D8%B1-Mustek-S20,1,43,6.1395348837209305,404,,0,3.35
https://mahamprint.com/products/--hp-37a,1,43,8.837209302325581,200,https://mahamprint.com/products/--hp-37a,0,2.52
https://mahamprint.com/products/-fujitsu-fi-7260,1,43,21.046511627906977,200,https://mahamprint.com/products/-fujitsu-fi-7260,0,2.53
https://mahamprint.com/product/55/%D9%BE%D8%B1%DB%8C%D9%86%D8%AA%D8%B1-%D8%AC%D9%88%D9%87%D8%B1%D8%A7%D9%81%D8%B4%D8%A7%D9%86-%DA%86%D9%87%D8%A7%D8%B1-%DA%A9%D8%A7%D8%B1%D9%87-HP-8035,1,43,8.604651162790699,404,,0,3.54
https://mahamprint.com/product/713/%DA%A9%D8%A7%D8%BA%D8%B0-%D8%AE%D8%B1%D8%AF%DA%A9%D9%86-Mehr-MM-860,0,43,6.651162790697675,404,,0,2.39
https://mahamprint.com/product/3064/%D8%A8%D8%A7%D8%B1%DA%A9%D8%AF%D8%AE%D9%88%D8%A7%D9%86-%20%D9%85%DB%8C%D9%86%D8%AF%D8%A6%D9%88-%202250,0,43,11.953488372093023,404,,0,3.15
https://mahamprint.com/product/154/%D9%BE%D8%B1%DB%8C%D9%86%D8%AA%D8%B1-%D9%84%DB%8C%D8%B2%D8%B1%DB%8C-%DA%86%D9%86%D8%AF%DA%A9%D8%A7%D8%B1%D9%87-%D9%85%D8%AF%D9%84-HP-M225DW,5,42,6.9523809523809526,404,,0,8.48
https://mahamprint.com/product/3013/%D9%88%DB%8C%D8%AF%D8%A6%D9%88%20-%D9%BE%D8%B1%D9%88%DA%98%DA%A9%D8%AA%D9%88%D8%B1%20-%20Epson-%20685wi,2,42,8.30952380952381,404,,0,7.9
https://mahamprint.com/tag/2/%D8%A8%D8%B1%DA%86%D8%B3%D8%A8,0,43,2.0697674418604652,404,,0,9.09
https://mahamprint.com/product/850/%D8%A8%D8%A7%D8%B1%DA%A9%D8%AF-%D8%A7%D8%B3%DA%A9%D9%86%D8%B1-MEVA-%D9%85%D8%AF%D9%84-MBS-3615,3,42,10.785714285714286,404,,0,8.28
https://mahamprint.com/product/79/%D9%BE%D8%B1%DB%8C%D9%86%D8%AA%D8%B1-%D9%84%DB%8C%D8%B2%D8%B1%DB%8C-%DA%86%D9%86%D8%AF-%DA%A9%D8%A7%D8%B1%D9%87-%D8%A8%D8%B1%D9%86%D8%AF-HP-M26A,2,42,7.476190476190476,404,,0,7.66
https://mahamprint.com/product/1534/%D8%AA%D9%88%D9%86%D8%B1-%DA%A9%D8%A7%D8%B1%D8%AA%D8%B1%DB%8C%D8%AC-RICOH-SP-330L,11,42,4.142857142857142,404,,0,9.18
https://mahamprint.com/product/1331/%D9%85%D8%A7%D9%86%DB%8C%D8%AA%D9%88%D8%B1-%D8%A7%DB%8C%DA%A9%D8%B3-%D9%88%DB%8C%DA%98%D9%86-%D9%85%D8%AF%D9%84-XK2410H-%D8%B3%D8%A7%DB%8C%D8%B2-%DB%B2%DB%B3-%DB%B8-%D8%A7%DB%8C%D9%86%DA%86,1,42,10.19047619047619,404,,0,2.38
https://mahamprint.com/product/1508/%D8%AA%D9%88%D9%86%D8%B1-HP-93A,1,42,9.904761904761905,404,,0,2.41
https://mahamprint.com/product/1247/%D9%88%DB%8C%D8%AF%D8%A6%D9%88-%D9%BE%D8%B1%D9%88%DA%98%DA%A9%D8%AA%D9%88%D8%B1-%D8%AC%DB%8C%D8%A8%DB%8C-UNIC-UC40-PLUS,1,42,19.047619047619047,404,,0,3.17
https://mahamprint.com/product/247/%D9%BE%D8%B1%DB%8C%D9%86%D8%AA%D8%B1-%D8%AC%D9%88%D9%87%D8%B1-%D8%A7%D9%81%D8%B4%D8%A7%D9%86-CANON-g1411,1,42,9.5,404,,0,3.06
https://mahamprint.com/index.php?productID=522,1,42,7.928571428571429,404,,0,3.4
https://mahamprint.com/product/1562/%D8%AA%D9%88%D9%86%D8%B1-HP-202X,1,42,36.404761904761905,404,,0,4.41
https://mahamprint.com/product/1573/%D8%AA%D9%88%D9%86%D8%B1-%DA%A9%D8%A7%D8%B1%D8%AA%D8%B1%DB%8C%D8%AC-Canon-046,0,42,25.023809523809526,404,,0,2.6
https://mahamprint.com/product/2385/1215-hp-printer-pickup,0,42,9.30952380952381,404,,0,2.65
https://mahamprint.com/product/934/%D9%85%D8%A7%D8%B4%DB%8C%D9%86-%D8%AD%D8%B3%D8%A7%D8%A8-SHARP-CS-4194HC,0,42,12.285714285714286,404,,0,2.19
https://mahamprint.com/product/710/%DA%A9%D8%A7%D8%BA%D8%B0-%D8%AE%D8%B1%D8%AF%DA%A9%D9%86-Mehr-MM-820,0,42,7.4523809523809526,404,,0,2.37
https://mahamprint.com/product/1330/%D9%85%D8%A7%D9%86%DB%8C%D8%AA%D9%88%D8%B1-%D8%B3%D8%A7%D9%85%D8%B3%D9%88%D9%86%DA%AF-S24D332H-%D8%B3%D8%A7%DB%8C%D8%B2-%DB%B2%DB%B4-%D8%A7%DB%8C%D9%86%DA%86,8,41,12.170731707317072,404,,0,3.28
https://mahamprint.com/products/--meva-mbs-1750,4,41,6.121951219512195,200,https://mahamprint.com/products/--meva-mbs-1750,0,2.49
https://mahamprint.com/product/1652/%D9%BE%D8%B1%DB%8C%D9%86%D8%AA%D8%B1-%D9%84%DB%8C%D8%B2%D8%B1%DB%8C-%D8%AA%DA%A9-%DA%A9%D8%A7%D8%B1%D9%87-HP-M455dn,3,41,8.829268292682926,404,,0,2.65
https://mahamprint.com/product/2165/%D8%A8%D8%B1%D8%AF-%D9%BE%D8%A7%D8%B1%D8%A7%D9%84%D9%84-Olivetti-%D9%85%D8%AF%D9%84-PR2,3,41,7.317073170731708,404,,0,3.52
https://mahamprint.com/product/1303/%D8%AF%DB%8C%D8%AA%D8%A7-%D9%88%DB%8C%D8%AF%D8%A6%D9%88-%D9%BE%D8%B1%D9%88%DA%98%DA%A9%D8%AA%D9%88%D8%B1-PANASONIC-PT-VZ470,4,41,10.146341463414634,404,,0,4.84
https://mahamprint.com/product/945/%D9%85%D8%A7%D8%B4%DB%8C%D9%86-%D8%AD%D8%B3%D8%A7%D8%A8-CASIO-FC-200V,2,41,11.560975609756097,404,,0,2.08
https://mahamprint.com/product/3021/%D9%88%DB%8C%D8%AF%D8%A6%D9%88%20-%D9%BE%D8%B1%D9%88%DA%98%DA%A9%D8%AA%D9%88%D8%B1-%20%D9%88%DB%8C%D9%88%D8%B3%D9%88%D9%86%DB%8C%DA%A9%20-pa503xe,2,41,8.463414634146343,404,,0,3.54
https://mahamprint.com/products/--casio-gy-140c,2,41,7.7560975609756095,200,https://mahamprint.com/products/--casio-gy-140c,0,2.45
https://mahamprint.com/product/1011/%D9%85%D8%A7%D8%B4%DB%8C%D9%86-%D8%AD%D8%B3%D8%A7%D8%A8-CASIO-MH-16,1,41,10.097560975609756,404,,0,2.85
https://mahamprint.com/category/113/%DA%A9%D8%A7%D8%B1%D8%AA-%D9%BE%DB%8C-%D9%88%DB%8C-%D8%B3%DB%8C,0,41,18.121951219512194,404,,0,3.24
https://mahamprint.com/news/%D9%BE%D8%B1%DB%8C%D9%86%D8%AA%D8%B1-%DA%86%D8%A7%D9%BE-%D8%B9%DA%A9%D8%B3,0,41,14.926829268292684,404,,0,3.41
https://mahamprint.com/mag/%D8%A7%D8%B3%DA%A9%D9%86%D8%B1-%D9%82%D8%A7%D8%A8%D9%84-%D8%AD%D9%85%D9%84-%DA%86%DA%AF%D9%88%D9%86%D9%87-%DA%A9%D8%A7%D8%B1-%D9%85%DB%8C%DA%A9%D9%86%D8%AF%D8%9F,0,41,6.560975609756097,404,,0,3.78
https://mahamprint.com/product/323/%D9%BE%D8%B1%DB%8C%D9%86%D8%AA%D8%B1-%DA%86%D9%87%D8%A7%D8%B1-%DA%A9%D8%A7%D8%B1%D9%87-%D8%A8%D8%B1%D9%86%D8%AF-HP-MFP-M428FDW,0,41,17.24390243902439,404,,0,2.24
https://mahamprint.com/product/2006/%D8%A8%D8%A7%D8%AA%D8%B1%DB%8C-%D8%B3%DA%A9%D9%87-%D8%A7%DB%8C-KODAK-CR2032,0,41,10.121951219512194,404,,0,3.39
https://mahamprint.com/index.php?productID=3044,2,41,7.121951219512195,404,,0,11.26
https://mahamprint.com/product/2291/%D8%B1%D9%88%D9%84-%D9%BE%D8%B1%D8%B3-%D8%A8%D8%B1%D9%86%D8%AF-HP-P2035,2,41,9.170731707317072,404,,0,11.66
https://mahamprint.com/product/1093/%D9%85%DA%AF%D9%86%D8%AA-HP-1320,3,40,5.25,404,,0,5.56
https://mahamprint.com/product/875/%D8%A7%D8%B3%DA%A9%D9%86%D8%A7%D8%B3-%D8%B4%D9%85%D8%A7%D8%B1-WJD-QL2008-Qinglei,3,40,6.125,404,,0,4.08
https://mahamprint.com/mag/%D8%A8%D8%B1%D8%B1%D8%B3%DB%8C-%2010%20-%DA%A9%D8%A7%D8%BA%D8%B0%D8%AE%D8%B1%D8%AF%DA%A9%D9%86%20-%D8%A8%D8%B1%D8%AA%D8%B1,5,40,9.4,404,,0,8.28
https://mahamprint.com/product/84/%D9%BE%D8%B1%DB%8C%D9%86%D8%AA%D8%B1-%D9%84%DB%8C%D8%B2%D8%B1%DB%8C-%DA%86%D9%87%D8%A7%D8%B1%DA%A9%D8%A7%D8%B1%D9%87-HP-%D9%85%D8%AF%D9%84-MFP-M225DN,4,40,8.25,404,,0,7.78
https://mahamprint.com/product/67/%D9%BE%D8%B1%DB%8C%D9%86%D8%AA%D8%B1-%D9%84%DB%8C%D8%B2%D8%B1%DB%8C-%D8%AA%DA%A9-%DA%A9%D8%A7%D8%B1%D9%87-%D8%A8%D8%B1%D9%86%D8%AF-HP-M501DN,11,40,6.125,404,,0,9.57
https://mahamprint.com/product/1147/%D8%AC%D9%88%D9%87%D8%B1-Epson-%D9%85%D8%AF%D9%84-110-black,2,40,8.575,404,,0,2.31
https://mahamprint.com/product/144/%D9%BE%D8%B1%DB%8C%D9%86%D8%AA%D8%B1-%D9%84%DB%8C%D8%B2%D8%B1%DB%8C-%DA%86%D9%86%D8%AF%DA%A9%D8%A7%D8%B1%D9%87-%D8%A8%D8%B1%D9%86%D8%AF-Brother-%D9%85%D8%AF%D9%84-MFC-L8850CDW,2,40,7.05,404,,0,2.34
https://mahamprint.com/products/-epson-dfx9000,4,40,6.725,200,https://mahamprint.com/products/-epson-dfx9000,0,9.08
https://mahamprint.com/product/1903/MUSTEK-iDocScan-p100,1,40,26.075,404,,0,2.37
https://mahamprint.com/product/1502/%DA%A9%D8%A7%D8%B1%D8%AA%D8%B1%DB%8C%D8%AC-CANON-051,2,40,8.2,404,,0,2.73
https://mahamprint.com/products/-----xp-q200,1,40,6.375,200,https://mahamprint.com/products/-----xp-q200,0,2.52
https://mahamprint.com/product/547/%D9%81%DB%8C%D8%B4-%D9%BE%D8%B1%DB%8C%D9%86%D8%AA%D8%B1-%D8%AD%D8%B1%D8%A7%D8%B1%D8%AA%DB%8C-%D8%A8%D8%B1%D9%86%D8%AF-XPrinter-N260H,1,40,9.85,404,,0,2.8
https://mahamprint.com/product/1079/%D8%A8%D9%84%DB%8C%D8%AF-%DA%A9%D8%A7%D8%B1%D8%AA%D8%B1%DB%8C%D8%AC-HP-1010,0,40,12.2,404,,0,2.82
https://mahamprint.com/product/2922/%D9%BE%D8%B1%DB%8C%D9%86%D8%AA%D8%B1-%D8%AC%D9%88%D9%87%D8%B1-%D8%A7%D9%81%D8%B4%D8%A7%D9%86-%D8%A8%D8%B1%D9%86%D8%AF-epson-%D9%85%D8%AF%D9%84-L5290,1,40,11.3,404,,0,3.61
https://mahamprint.com/product/1906/scaner-MUSTEK-S415,0,40,9.275,404,,0,3.86
https://mahamprint.com/product/290/%D9%BE%D8%B1%DB%8C%D9%86%D8%AA%D8%B1-HP-2015,0,40,24.625,404,,0,2.44
https://mahamprint.com/product/1055/%D8%AF%D8%B3%D8%AA%DA%AF%D8%A7%D9%87-%DA%A9%D9%BE%DB%8C-TOSHIBA-E-STUDIO-4508A,4,39,12.717948717948717,404,,0,2.4
https://mahamprint.com/product/1298/%D8%AF%DB%8C%D8%AA%D8%A7-%D9%88%DB%8C%D8%AF%D8%A6%D9%88-%D9%BE%D8%B1%D9%88%DA%98%DA%A9%D8%AA%D9%88%D8%B1-NEC-V302XG,4,39,12.820512820512821,404,,0,2.41
https://mahamprint.com/product/1920/%D9%84%DB%8C%D8%A8%D9%84-%D8%A8%D8%B1%DA%86%D8%B3%D8%A8-%D9%BE%DB%8C-%D9%88%DB%8C-%D8%B3%DB%8C-%D8%B3%D9%87-%D8%B1%D8%AF%DB%8C%D9%81%D9%87-PVC-Label-10%C3%9730,4,39,24.358974358974358,404,,0,2.31
https://mahamprint.com/product/2853/%D9%BE%D8%B1%D8%AF%D9%87-%D9%86%D9%85%D8%A7%DB%8C%D8%B4-%D9%81%DB%8C%D9%84%D9%85-%D8%B3%DB%8C%D9%86%D9%85%D8%A7%DB%8C%DB%8C-%D8%AF%DA%A9%D9%88%D8%B1%D8%A7%D8%AA%DB%8C%D9%88-CFH-100,0,40,9.95,404,,0,4.71
https://mahamprint.com/product/2398/%D9%BE%DB%8C%DA%A9%D8%A7%D9%BE-%D8%B5%D8%A7%D9%81-%D8%B4%D8%A7%D8%B1%D9%BE-AR-620,2,39,8.820512820512821,404,,0,1.21
https://mahamprint.com/product/1108/%D8%AA%D9%88%D9%86%D8%B1-%D8%B4%D8%A7%D8%B1%DA%98-%D8%B1%D9%86%DA%AF%DB%8C-%D8%A8%D8%B1%D9%86%D8%AF-hp-3600-130gr,3,39,8.358974358974358,404,,0,2.91
https://mahamprint.com/products/----epson--l3556,3,39,8.564102564102564,200,https://mahamprint.com/products/----epson--l3556,0,3.68
https://mahamprint.com/product/1001/%D9%85%D8%A7%D8%B4%DB%8C%D9%86-%D8%AD%D8%B3%D8%A7%D8%A8-CASIO-FX-82ES-Plus,2,39,9.461538461538462,404,,0,4.18
https://mahamprint.com/product/2438/%D9%BE%D8%B1%DB%8C%D9%86%D8%AA%D8%B1-%D8%B1%D9%86%DA%AF%DB%8C-EPSON-L4150,3,39,7.948717948717949,404,,0,5.44
https://mahamprint.com/product/2978/%D9%81%DB%8C%D8%B4-%20%D9%BE%D8%B1%DB%8C%D9%86%D8%AA%D8%B1%20-%D8%AD%D8%B1%D8%A7%D8%B1%D8%AA%DB%8C-%20%20%D8%A8%D8%B1%D9%86%D8%AF%20-CBON-%20CR-B826B,2,39,9.76923076923077,404,,0,4.52
https://mahamprint.com/product/1806/%D8%AA%D8%A7%D9%86%DA%A9-%D8%AC%D9%88%D9%87%D8%B1-%DA%A9%D8%A7%D9%86%D9%86-Canon-7250-%D9%BE%D9%86%D8%AC-%D8%B1%D9%86%DA%AF,1,39,10.487179487179487,404,,0,1.02
https://mahamprint.com/product/106/%D9%BE%D8%B1%DB%8C%D9%86%D8%AA%D8%B1-CANON-LBP613cdw,1,39,6.538461538461538,404,,0,2.98
https://mahamprint.com/product/1127/%D8%AC%D9%88%D9%87%D8%B1-%DB%B4-%D8%B1%D9%86%DA%AF-HP-200cc,1,39,17.692307692307693,404,,0,3.73
https://mahamprint.com/product/230/%D9%BE%D8%B1%DB%8C%D9%86%D8%AA%D8%B1-%D8%AA%DA%A9-%DA%A9%D8%A7%D8%B1%D9%87-%D9%84%DB%8C%D8%B2%D8%B1%DB%8C-CANON-%D9%85%D8%AF%D9%84-LBP6030W,1,39,14.58974358974359,404,,0,2.31
https://mahamprint.com/product/2111/%D8%AF%D8%B1%D8%A7%D9%85-Sharp-%D9%85%D8%AF%D9%84-310-Drum,1,39,9.051282051282051,404,,0,2.91
https://mahamprint.com/product/2533/%D8%AF%D8%B3%D8%AA%DA%AF%D8%A7%D9%87-%DA%A9%D9%BE%DB%8C-%D8%A8%D8%B1%D9%86%D8%AF-CANON-%D9%85%D8%AF%D9%84-2425,1,39,8.205128205128204,404,,0,2.77
https://mahamprint.com/product/1961/%D9%86%D9%88%D8%A7%D8%B1-%D9%84%DB%8C%D8%A8%D9%84-%D9%BE%D8%B1%DB%8C%D9%86%D8%AA%D8%B1-brother-TZE-731-%D8%BA%DB%8C%D8%B1-%D8%A7%D9%88%D8%B1%D8%AC%DB%8C%D9%86%D8%A7%D9%84,1,39,7.769230769230769,404,,0,3.47
https://mahamprint.com/product/3061/%DA%A9%D8%A7%D8%BA%D8%B0-%20%D8%AE%D8%B1%D8%AF%DA%A9%D9%86-%20NIKITA%20-%20CM160,1,39,7.230769230769231,404,,0,2.45
https://mahamprint.com/product/811/%D8%A8%D8%A7%D8%B1%DA%A9%D8%AF-%D8%A7%D8%B3%DA%A9%D9%86%D8%B1-Scan-Logic-Q10,1,39,7.3076923076923075,404,,0,2.36
https://mahamprint.com/product/3092/%D9%BE%D8%B1%DB%8C%D9%86%D8%AA%D8%B1-%D8%B3%D9%87-%DA%A9%D8%A7%D8%B1%D9%87-%D8%AC%D9%88%D9%87%D8%B1%D8%A7%D9%81%D8%B4%D8%A7%D9%86-%DA%A9%D8%A7%D9%86%D9%86-PIXMA-%20G2410,1,39,62.05128205128205,404,,0,2.43
https://mahamprint.com/category/102/%D8%B1%D9%86%DA%AF%DB%8C-4,0,39,1.205128205128205,404,,0,3.27
https://mahamprint.com/product/2709/%D9%85%D8%A7%DA%98%D9%88%D9%84-%D8%B3%D9%88%D8%A6%DB%8C%DA%86-%D8%B3%DB%8C%D8%B3%DA%A9%D9%88-C9200-NM-4X,1,39,7.769230769230769,404,,0,4.72
https://mahamprint.com/product/61/%D9%BE%D8%B1%DB%8C%D9%86%D8%AA%D8%B1-%D8%AA%DA%A9-%DA%A9%D8%A7%D8%B1%D9%87-%D9%84%DB%8C%D8%B2%D8%B1%DB%8C-HP-P2035,0,39,7.230769230769231,404,,0,2.6
https://mahamprint.com/product/2028/%D8%A8%D8%B1%D8%AF-%D9%81%D8%B1%D9%85%D8%AA%D8%B1-HP-P2055dn,4,38,8.578947368421051,404,,0,2.63
https://mahamprint.com/product/2925/%D9%BE%D8%B1%D8%B3-%D8%A7%DA%86-%D9%BE%DB%8C-%D9%81%D8%A7%D8%A8%D8%B1%DB%8C%DA%A9-3015,4,38,7.394736842105263,404,,0,2.47
https://mahamprint.com/product/1103/%D8%AF%D8%B1%D8%A7%D9%85-%DA%A9%D8%A7%D8%B1%D8%AA%D8%B1%DB%8C%D8%AC-HP-1010,0,39,14.564102564102564,404,,0,4.72
https://mahamprint.com/product/1277/%D8%AF%DB%8C%D8%AA%D8%A7-%D9%88%DB%8C%D8%AF%D8%A6%D9%88-%D9%BE%D8%B1%D9%88%DA%98%DA%A9%D8%AA%D9%88%D8%B1-RICOH-PJ-S2340,3,38,8.052631578947368,404,,0,3.27
https://mahamprint.com/product/1551/%DA%A9%D8%A7%D8%B1%D8%AA%D8%B1%DB%8C%D8%AC-CANON-725,3,38,13.289473684210526,404,,0,2.34
https://mahamprint.com/product/2505/%D9%81%DB%8C%D8%B4-%D9%BE%D8%B1%DB%8C%D9%86%D8%AA%D8%B1-MEVA-TP1200,2,38,10.631578947368421,404,,0,2.27
https://mahamprint.com/product/458/%D8%A7%D8%B3%DA%A9%D9%86%D8%B1-Mustek-D20,3,38,10.973684210526315,404,,0,2.88
https://mahamprint.com/product/2528/%DA%A9%D8%A7%D8%BA%D8%B0-%D8%AE%D8%B1%D8%AF%DA%A9%D9%86-MEHR-%D9%85%D8%AF%D9%84-MM-510s,3,38,6.921052631578948,404,,0,4.37
https://mahamprint.com/product/1780/%D8%AF%D9%88%D9%84%D9%88%D9%BE%D8%B1-%D8%A8%D8%B1%D9%86%D8%AF-Sharp-MX-235FV,1,38,13.631578947368421,404,,0,2.27
https://mahamprint.com/product/2375/%D9%BE%DB%8C%DA%A9%D8%A7%D9%BE-%D9%BE%D8%A7%DB%8C%DB%8C%D9%86-%DA%A9%D8%A7%D8%B3%D8%AA-%D9%BE%D8%B1%DB%8C%D9%86%D8%AA%D8%B1-%D8%A7%DA%86-%D9%BE%DB%8C-2035,1,38,8.289473684210527,404,,0,2.31
https://mahamprint.com/product/1096/%D8%AF%D8%B1%D8%A7%D9%85-%DA%A9%D8%A7%D8%B1%D8%AA%D8%B1%DB%8C%D8%AC-Samsung-104,1,38,9.263157894736842,404,,0,4.28
https://mahamprint.com/product/2524/%D9%BE%D8%B1%DB%8C%D9%86%D8%AA%D8%B1-%DA%86%D9%86%D8%AF%DA%A9%D8%A7%D8%B1%D9%87-%D8%AC%D9%88%D9%87%D8%B1%D8%A7%D9%81%D8%B4%D8%A7%D9%86-%D8%A8%D8%B1%D9%86%D8%AF-Brother-T920dw,1,38,10.5,404,,0,2.19
https://mahamprint.com/product/313/%D9%BE%D8%B1%DB%8C%D9%86%D8%AA%D8%B1%DA%86%D9%86%D8%AF-%DA%A9%D8%A7%D8%B1%D9%87-%D9%84%DB%8C%D8%B2%D8%B1%DB%8C-CANON-%D9%85%D8%AF%D9%84-MF241D,1,38,7.2894736842105265,404,,0,2.07
https://mahamprint.com/product/2273/%D9%87%D8%A7%D8%AA-%D8%B1%D9%88%D9%84-%DA%A9%DB%8C%D9%88%D8%B3%D8%B1%D8%A7-1800-%D9%88-2201,1,38,6.657894736842105,404,,0,4.59
https://mahamprint.com/product/711/%D8%AE%D8%B1%D8%AF%DA%A9%D9%86-%DA%A9%D8%A7%D8%BA%D8%B0-MEHR-MM-830,1,38,10.842105263157896,404,,0,2.55
https://mahamprint.com/product/917/%D9%85%D8%A7%D8%B4%DB%8C%D9%86-%D8%AD%D8%B3%D8%A7%D8%A8-Casio-FX-350-GC,1,38,8.026315789473685,404,,0,2.4
https://mahamprint.com/product/1459/%D8%AA%D9%88%D9%86%D8%B1-%DA%A9%D8%A7%D8%B1%D8%AA%D8%B1%DB%8C%D8%AC-HP-92A,0,38,31.68421052631579,404,,0,3.01
https://mahamprint.com/product/845/%D8%A8%D8%A7%D8%B1%DA%A9%D8%AF-%D8%A7%D8%B3%DA%A9%D9%86%D8%B1-%D8%A8%D8%B1%D9%86%D8%AF-Cbon-%D9%85%D8%AF%D9%84-CB-N200,1,38,6.947368421052632,404,,0,3.36
https://mahamprint.com/product/2988/%D8%B5%D9%86%D8%AF%D9%88%D9%82-%20%D9%81%D8%B1%D9%88%D8%B4%DA%AF%D8%A7%D9%87%DB%8C-%20%20CBON%20-%20CP-P300AS,2,39,11.923076923076923,404,,0,21.4
https://mahamprint.com/product/371/%D8%AF%D8%B3%D8%AA%DA%AF%D8%A7%D9%87-%DA%A9%D9%BE%DB%8C-canon-%D9%85%D8%AF%D9%84-2520-adf,0,38,12.842105263157896,404,,0,2.3
https://mahamprint.com/product/1142/%D8%AC%D9%88%D9%87%D8%B1-epson-%D9%85%D8%AF%D9%84-103-4-%D8%B1%D9%86%DA%AF,4,37,9.54054054054054,404,,0,2.26
https://mahamprint.com/product/800/%D8%A8%D8%A7%D8%B1%DA%A9%D8%AF-%D8%A7%D8%B3%DA%A9%D9%86%D8%B1-%D9%85%D8%AF%D9%84-Honeywell-Voyager-3800g,3,37,11.594594594594595,404,,0,2.28
https://mahamprint.com/products/--epson-l4260,8,37,5.972972972972973,200,https://mahamprint.com/products/--epson-l4260,0,2.54
https://mahamprint.com/product/957/%D9%85%D8%A7%D8%B4%DB%8C%D9%86-%D8%AD%D8%B3%D8%A7%D8%A8-CASIO-DS-2B,0,38,7.842105263157895,404,,0,3.53
https://mahamprint.com/product/2550/%D9%BE%D9%84%D8%A7%D8%AA%D8%B1-%D8%A8%D8%B1%D9%86%D8%AF-EPSON-SC-P7000,0,38,8.105263157894736,404,,0,4.67
https://mahamprint.com/product/886/%D8%A7%D8%B3%DA%A9%D9%86%D8%A7%D8%B3-%D8%B4%D9%85%D8%A7%D8%B1-PARA-NC-297,3,37,6.4324324324324325,404,,0,2.26
https://mahamprint.com/product/2332/%DA%86%D8%B1%D8%AE-%D8%AF%D9%86%D8%AF%D9%87-ps-%D8%A8%D8%B1%D9%86%D8%AF-SHARP-%D9%85%D8%AF%D9%84-mx-m503,2,37,8.135135135135135,404,,0,2.15
https://mahamprint.com/product/2394/%D9%BE%DB%8C%DA%A9%D8%A7%D9%BE-%D9%BE%D8%B1%DB%8C%D9%86%D8%AA%D8%B1-%D8%A7%DA%86-%D9%BE%DB%8C-4014-HP,2,37,10.45945945945946,404,,0,2.88
https://mahamprint.com/product/3137/%D9%81%DB%8C%D8%B4-%20%D9%BE%D8%B1%DB%8C%D9%86%D8%AA%D8%B1%20-%20MEVA%20-TP-UN1,2,37,6.405405405405405,404,,0,3.21
https://mahamprint.com/product/933/%D9%85%D8%A7%D8%B4%DB%8C%D9%86-%D8%AD%D8%B3%D8%A7%D8%A8-CASIO-DJ-240,1,37,8.864864864864865,404,,0,5.01
https://mahamprint.com/product/1574/%DA%A9%D8%A7%D8%B1%D8%AA%D8%B1%DB%8C%D8%AC-%D8%AA%D9%88%D9%86%D8%B1-HP-650A,1,37,13.27027027027027,404,,0,7.15
https://mahamprint.com/product/1836/%D8%B1%D9%88%D9%84-%D9%84%DB%8C%D8%A8%D9%84-%DA%A9%D8%A7%D8%BA%D8%B0%DB%8C-%D8%AF%D9%88-%D8%B1%D8%AF%DB%8C%D9%81%D9%87-50%C3%9730,2,37,15.945945945945946,404,,0,12.3
https://mahamprint.com/index.php?productID=3038,0,37,7.216216216216216,404,,0,3.74
https://mahamprint.com/archive/%D8%B4%DA%AF%D9%81%D8%AA-%D8%A7%D9%86%DA%AF%DB%8C%D8%B2,0,37,2.5135135135135136,404,,0,3.92
https://mahamprint.com/product/2603/%DA%AF%D9%88%D8%B4%DB%8C-%D8%B3%D8%A7%D9%85%D8%B3%D9%88%D9%86%DA%AF-GALAXY-S21-ULTRA-5G,1,37,17.43243243243243,404,,0,9.96
https://mahamprint.com/product/1062/%D8%AF%D8%B3%D8%AA%DA%AF%D8%A7%D9%87-%DA%A9%D9%BE%DB%8C-SHARP-AR-6020,0,37,17.37837837837838,404,,0,2.4
https://mahamprint.com/product/1080/%D8%AF%DA%A9%D8%AA%D8%B1-%D8%A8%D9%84%DB%8C%D8%AF-HP-%DA%A9%D8%A7%D8%B1%D8%AA%D8%B1%DB%8C%D8%AC-%DB%B1%DB%B0%DB%B0%DB%B5,0,37,8.405405405405405,404,,0,3.21
https://mahamprint.com/product/2945/%D9%BE%D8%B1%DB%8C%D9%86%D8%AA%D8%B1-%20%D9%84%DB%8C%D8%B2%D8%B1%DB%8C-%20%D8%B3%D9%87-%20%DA%A9%D8%A7%D8%B1%D9%87-%20HP-%204103dw,0,37,12.513513513513514,404,,0,2.17
https://mahamprint.com/product/2030/%D8%A8%D8%B1%D8%AF-%D9%81%D8%B1%D9%85%D8%AA%D8%B1-HP-P2035,0,37,8.756756756756758,404,,0,3.38
https://mahamprint.com/product/2381/%D9%84%D8%A7%D8%B3%D8%AA%DB%8C%DA%A9-%D8%A2%D8%AC%D8%AF%D8%A7%D8%B1-toshibaE-S166,0,37,11.621621621621621,404,,0,3.63
https://mahamprint.com/product/2800/vivobook-asus-tp412-i3,5,36,13.472222222222221,404,,0,2.25
https://mahamprint.com/product/991/%D9%85%D8%A7%D8%B4%DB%8C%D9%86-%D8%AD%D8%B3%D8%A7%D8%A8-Citizen-SLD-200N,0,37,9.945945945945946,404,,0,2.56
https://mahamprint.com/product/1994/%DA%A9%D8%A7%D8%B1%D8%AA-%D8%B3%D9%84%D8%A7%D9%85%D8%AA-%D9%BE%DB%8C-%D9%88%DB%8C-%D8%B3%DB%8C-250-%D8%B9%D8%AF%D8%AF%DB%8C-760-%D9%85%DB%8C%DA%A9%D8%B1%D9%88%D9%86-%DA%86%D8%A7%D9%BE-%D8%B1%D9%86%DA%AF%DB%8C,5,36,12.13888888888889,404,,0,2.35
https://mahamprint.com/product/377/%D8%A7%D8%B3%DA%A9%D9%86%D8%B1-EPSON-V800,5,36,9.916666666666666,404,,0,2.58
https://mahamprint.com/product/2256/%D9%81%DB%8C%D9%88%D8%B2%DB%8C%D9%86%DA%AF-%D8%A7%DA%86-%D9%BE%DB%8C-HP-1020,2,37,7.783783783783784,404,,0,20.1
https://mahamprint.com/index.php?productID=3086,3,36,8.694444444444445,404,,0,5.91
https://mahamprint.com/product/2046/%D8%A8%D8%B1%D8%AF-%D9%81%D8%B1%D9%85%D8%AA%D8%B1-%D8%A7%DA%86-%D9%BE%DB%8C-M1212nf,3,36,8.722222222222221,404,,0,5.13
https://mahamprint.com/product/137/%D9%BE%D8%B1%DB%8C%D9%86%D8%AA%D8%B1-%DA%86%D9%86%D8%AF%DA%A9%D8%A7%D8%B1%D9%87-%D8%A8%D8%B1%D9%86%D8%AF-BROTHER-MFC-L2700DW,4,36,9.583333333333334,404,,0,6.19
https://mahamprint.com/product/1481/%DA%A9%D8%A7%D8%B1%D8%AA%D8%B1%DB%8C%D8%AC-%D8%AA%D9%88%D9%86%D8%B1-HP-42A,3,36,25.88888888888889,404,,0,6.15
https://mahamprint.com/product/180/%D9%BE%D8%B1%DB%8C%D9%86%D8%AA%D8%B1-%D9%84%DB%8C%D8%B2%D8%B1%DB%8C-%DA%86%D9%86%D8%AF%DA%A9%D8%A7%D8%B1%D9%87-HP-MFP-M227FDW,3,36,6.083333333333333,404,,0,5.41
https://mahamprint.com/product/1274/%D8%AF%DB%8C%D8%AA%D8%A7-%D9%88%DB%8C%D8%AF%D8%A6%D9%88-%D9%BE%D8%B1%D9%88%DA%98%DA%A9%D8%AA%D9%88%D8%B1-Acer-X118H,2,36,10.38888888888889,404,,0,3.55
https://mahamprint.com/product/1649/%D9%BE%D8%B1%DB%8C%D9%86%D8%AA%D8%B1-%D8%B3%D9%87-%DA%A9%D8%A7%D8%B1%D9%87-%D9%84%DB%8C%D8%B2%D8%B1%DB%8C-hp-M236d,2,36,13.833333333333334,404,,0,3.64
https://mahamprint.com/product/1466/%D8%AA%D9%88%D9%86%D8%B1-%DA%A9%D8%A7%D8%B1%D8%AA%D8%B1%DB%8C%D8%AC-HP-13A,2,37,9.378378378378379,ERR:TimeoutError,,0,31.86
https://mahamprint.com/product/1425/%D8%AA%D9%88%D9%86%D8%B1-EPSON-T-802-CMYK,2,36,4.694444444444445,404,,0,8.64
https://mahamprint.com/product/1506/%D8%AA%D9%88%D9%86%D8%B1-Canon-047,1,36,8.277777777777779,404,,0,3.3
https://mahamprint.com/index.php?productID=3042,1,36,6.138888888888889,404,,0,12.64
https://mahamprint.com/index.php?productID=2952,1,36,6.888888888888889,404,,0,20.66
https://mahamprint.com/product/2436/%D9%BE%D8%B1%DB%8C%D9%86%D8%AA%D8%B1-%D8%AC%D9%88%D9%87%D8%B1%D8%A7%D9%81%D8%B4%D8%A7%D9%86-%D8%B3%D9%87-%DA%A9%D8%A7%D8%B1%D9%87-Epson-EcoTank-L3118,3,36,6,404,,0,31.29
https://mahamprint.com/product/2072/%D8%A8%D8%B1%D8%AF-%D9%BE%D8%A7%D9%88%D8%B1-HP-M130a,1,36,5.75,404,,0,19.78
https://mahamprint.com/product/563/%D9%84%DB%8C%D8%A8%D9%84-%D9%BE%D8%B1%DB%8C%D9%86%D8%AA%D8%B1-%D8%A8%D8%B1%D9%86%D8%AF-Meva-%D9%85%D8%AF%D9%84-MBP-1000,3,36,12.13888888888889,ERR:TimeoutError,,0,31.96
https://mahamprint.com/product/390/%D8%A7%D8%B3%DA%A9%D9%86%D8%B1-HP-3500-F1,1,36,7.694444444444445,404,,0,8.09
https://mahamprint.com/product/1733/%D8%B1%DB%8C%D8%A8%D9%88%D9%86-%D9%85%D8%B4%DA%A9%DB%8C-1200-%D8%B9%DA%A9%D8%B3-%D9%85%D8%AF%D9%84-Smart-30-K-Ribbon-%D8%A7%D9%88%D8%B1%D8%AC%DB%8C%D9%86%D8%A7%D9%84,0,36,10.88888888888889,404,,0,2.42
https://mahamprint.com/product/3159/%D8%AF%D8%B3%D8%AA%DA%AF%D8%A7%D9%87%20%DA%A9%D9%BE%DB%8C%20-SHARP-%20BP-10C20,0,36,9.083333333333334,404,,0,2.46
https://mahamprint.com/product/1315/%D9%85%D8%A7%D9%86%DB%8C%D8%AA%D9%88%D8%B1-BenQ-EX2780Q,3,35,7.228571428571429,404,,0,2.2
https://mahamprint.com/product/2886/%D9%BE%D8%B1%DB%8C%D9%86%D8%AA%D8%B1-%D8%AA%DA%A9-%DA%A9%D8%A7%D8%B1%D9%87-%D8%A7%D8%B3%D8%AA%D9%88%DA%A9-hp-1005,4,35,12.314285714285715,404,,0,3.22
https://mahamprint.com/products/-avision-ad125,2,36,22.583333333333332,ERR:TimeoutError,,0,31.8
https://mahamprint.com/product/3040/%D9%BE%D8%B1%DB%8C%D9%86%D8%AA%D8%B1-%DA%86%D9%87%D8%A7%D8%B1%DA%A9%D8%A7%D8%B1%D9%87-%D8%AC%D9%88%D9%87%D8%B1%D8%A7%D9%81%D8%B4%D8%A7%D9%86-Epson-15160,3,35,5.485714285714286,404,,0,2.58
https://mahamprint.com/product/2101/%D8%AF%D8%B1%D8%A7%D9%85-%DA%A9%D8%A7%D8%B1%D8%AA%D8%B1%DB%8C%D8%AC-%D8%A8%D8%B1%D9%86%D8%AF-HP-%D9%85%D8%AF%D9%84-92A-Drum,1,35,8.485714285714286,404,,0,3.21
https://mahamprint.com/product/2262/%D9%86%D8%A7%D8%AE%D9%86%DA%A9-%DA%A9%D9%84%D8%A7%D8%AC-PS-%D8%B3%D9%84%D9%88%D9%86%D9%88%DB%8C%DB%8C%D8%AF-%D8%A8%D8%B1%D9%86%D8%AF-%D8%B4%D8%A7%D8%B1%D9%BE-AR-5316,1,35,7.457142857142857,404,,0,3.38
https://mahamprint.com/product/2705/%D9%85%D8%A7%DA%98%D9%88%D9%84-%D8%B4%D8%A8%DA%A9%D9%87-%D8%B3%DB%8C%D8%B3%DA%A9%D9%88-GLC-LH-SMD,2,35,8.457142857142857,404,,0,4.55
https://mahamprint.com/product/910/%D9%85%D8%A7%D8%B4%DB%8C%D9%86-%D8%AD%D8%B3%D8%A7%D8%A8-SHARP-EL-1121,1,35,9.542857142857143,404,,0,3.69
https://mahamprint.com/brand/16/%D8%B3%D8%A7%D9%85%D8%B3%D9%88%D9%86%DA%AF,0,35,1.7428571428571429,404,,0,4.7
https://mahamprint.com/index.php?productID=292,0,35,3.085714285714286,404,,0,4.64
https://mahamprint.com/product/2716/%DA%A9%D8%A7%D8%B1%D8%AA-%DA%AF%D8%B1%D8%A7%D9%81%DB%8C%DA%A9-MSI-RX-6700-XT-GAMING-X-12G,1,36,7.916666666666667,ERR:TimeoutError,,0,32.47
https://mahamprint.com/product/2008/%D8%A8%D8%A7%D8%AA%D8%B1%DB%8C-%DA%A9%D8%AA%D8%A7%D8%A8%DB%8C-%D9%85%D8%AF%D9%84-Kodak-Max-Alkaline-6LR61,0,35,8.342857142857142,404,,0,7.47
https://mahamprint.com/product/309/%D9%BE%D8%B1%DB%8C%D9%86%D8%AA%D8%B1-%DA%86%D9%87%D8%A7%D8%B1%DA%A9%D8%A7%D8%B1%D9%87-HP-479FDW,0,35,8.685714285714287,404,,0,3.28
https://mahamprint.com/product/1253/%D9%88%DB%8C%D8%AF%D8%A6%D9%88-%D9%BE%D8%B1%D9%88%DA%98%DA%A9%D8%AA%D9%88%D8%B1-%D8%AC%DB%8C%D8%A8%DB%8C-ASUS-B1M,1,35,7.114285714285714,404,,0,24.55
https://mahamprint.com/product/23/hp%20laserjet%20m15a%20printer,1,35,6.885714285714286,404,,0,23.2
https://mahamprint.com/product/654/%DA%A9%D8%A7%D8%BA%D8%B0-%D8%AE%D8%B1%D8%AF%DA%A9%D9%86-Nikita-SD-9150,7,34,5.676470588235294,404,,0,6.27
https://mahamprint.com/products/-----meva--4210,0,35,9.342857142857143,200,https://mahamprint.com/products/-----meva--4210,0,6.86
https://mahamprint.com/product/2242/%D9%81%DB%8C%D9%88%D8%B2%DB%8C%D9%86%DA%AF-%D8%A7%DA%86-%D9%BE%DB%8C-HP-1005,0,35,9.114285714285714,404,,0,15.27
https://mahamprint.com/product/667/%DA%A9%D8%A7%D8%BA%D8%B0-%D8%AE%D8%B1%D8%AF%DA%A9%D9%86-Remo-C-4100,5,34,5.176470588235294,404,,0,2.19
https://mahamprint.com/mag/%D8%A7%D8%AA%D8%B5%D8%A7%D9%84-%D8%A8%D9%87-%D9%BE%D8%B1%DB%8C%D9%86%D8%AA%D8%B1-%D8%A8%DB%8C-%D8%B3%DB%8C%D9%85,3,34,7.264705882352941,404,,0,2.29
https://mahamprint.com/product/2739/%DA%A9%D8%A7%D8%B1%D8%AA-%DA%AF%D8%B1%D8%A7%D9%81%DB%8C%DA%A9-MSI-%D9%85%D8%AF%D9%84-RTX-3080-TI-VENTUS-3X-12G-OC,3,34,10.823529411764707,404,,0,2.39
https://mahamprint.com/products/-avision-ad250,1,35,16.4,ERR:TimeoutError,,0,31.62
https://mahamprint.com/product/1239/%D8%AF%DB%8C%D8%AA%D8%A7-%D9%88%DB%8C%D8%AF%D8%A6%D9%88-%D9%BE%D8%B1%D9%88%DA%98%DA%A9%D8%AA%D9%88%D8%B1-Aiptek-T20,2,34,18.647058823529413,404,,0,2.37
https://mahamprint.com/product/3133/%D9%BE%D8%B1%DB%8C%D9%86%D8%AA%D8%B1-%20%D9%84%DB%8C%D8%B2%D8%B1%DB%8C%20-%D8%B1%D9%86%DA%AF%DB%8C%20-Hp-Pro%20-3203dw,0,35,5.742857142857143,404,,0,14.14
https://mahamprint.com/product/2255/%D9%81%DB%8C%D9%88%D8%B2%DB%8C%D9%86%DA%AF-%D8%A7%DA%86-%D9%BE%DB%8C-HP-1102,2,34,9.5,404,,0,2.37
https://mahamprint.com/product/796/%D8%A8%D8%A7%D8%B1%DA%A9%D8%AF-%D8%AE%D9%88%D8%A7%D9%86-Honeywell-Voyager-1202g,3,34,10.205882352941176,404,,0,4.17
https://mahamprint.com/category/141/%D8%B3%DB%8C%D8%B3%DA%A9%D9%88,1,34,6.147058823529412,404,,0,2.49
https://mahamprint.com/product/2260/%D9%86%D8%A7%D8%AE%D9%86%DA%A9-%D9%87%D8%A7%D8%AA%D8%B1%D9%88%D9%84-AR-2120J-%D8%B4%D8%A7%D8%B1%D9%BE,1,34,13.352941176470589,404,,0,2.32
https://mahamprint.com/product/3134/%D8%AF%D8%B3%D8%AA%DA%AF%D8%A7%D9%87%20-%DA%A9%D9%BE%DB%8C-%20Sharp%20-BP-20M31,1,34,10.558823529411764,404,,0,2.36
https://mahamprint.com/product/2635/iMac-Apple-%D9%85%D8%AF%D9%84-MXWT2-2020-Core-i5-8GB-256GB-4GB,1,34,14.323529411764707,404,,0,2.58
https://mahamprint.com/products/----meva--tp-un,1,34,8.647058823529413,200,https://mahamprint.com/products/----meva--tp-un,0,2.32
https://mahamprint.com/product/640/%D8%AF%D8%B3%D8%AA%DA%AF%DB%8C%D8%B1%D9%87-%D9%87%D9%88%D8%B4%D9%85%D9%86%D8%AF-ZKTeco-L5000,1,34,15.823529411764707,404,,0,3.54
https://mahamprint.com/product/823/%D8%A8%D8%A7%D8%B1%DA%A9%D8%AF-%D8%A7%D8%B3%DA%A9%D9%86%D8%B1-%D9%85%D8%AF%D9%84-Winson-6580-Quick-scan,1,34,8.323529411764707,404,,0,2.61
https://mahamprint.com/product/128/%D9%BE%D8%B1%DB%8C%D9%86%D8%AA%D8%B1-%D8%AA%DA%A9-%DA%A9%D8%A7%D8%B1%D9%87-%D9%84%DB%8C%D8%B2%D8%B1%DB%8C-%D8%A8%D8%B1%D9%86%D8%AF-BROTHER-HL-L5000D,0,35,9.685714285714285,ERR:TimeoutError,,0,32.3
https://mahamprint.com/brand/28/ricoh,0,34,11.058823529411764,404,,0,2.74
https://mahamprint.com/product/2105/%D8%AF%D8%B1%D8%A7%D9%85-%DA%A9%D8%A7%D8%B1%D8%AA%D8%B1%DB%8C%D8%AC-Sharp-MX500-Drum,0,34,8.029411764705882,404,,0,3.14
https://mahamprint.com/product/2517/%D8%AF%D8%B3%D8%AA%DA%AF%D8%A7%D9%87-%DA%A9%D9%BE%DB%8C-sharp-7024d,0,34,17.41176470588235,404,,0,2.43
https://mahamprint.com/product/2123/%D8%AF%D8%B1%D8%A7%D9%85-%DA%A9%D8%A7%D8%B1%D8%AA%D8%B1%DB%8C%D8%AC-%D8%A8%D8%B1%D9%86%D8%AF-hp-5000-29A-Drum,0,34,10.617647058823529,404,,0,2.53
https://mahamprint.com/product/2734/%DA%A9%D8%A7%D8%B1%D8%AA-%DA%AF%D8%B1%D8%A7%D9%81%DB%8C%DA%A9-MSI-GeForce-RTX-3070-GAMING-X-TRIO,0,34,9,404,,0,2.51
https://mahamprint.com/product/578/%D9%81%DB%8C%D8%B4-%D9%BE%D8%B1%DB%8C%D9%86%D8%AA%D8%B1-%D8%A8%D8%B1%D9%86%D8%AF-REMO-%D9%85%D8%AF%D9%84-RP200,5,33,6.242424242424242,404,,0,0.54
https://mahamprint.com/product/2901/%D9%88%DB%8C%D8%AF%D8%A6%D9%88-%D9%BE%D8%B1%D9%88%DA%98%DA%A9%D8%AA%D9%88%D8%B1-%D9%85%D8%AF%D9%84-OPTOMA-%D9%85%D8%AF%D9%84-X400LV,0,34,53.1764705882353,404,,0,2.83
https://mahamprint.com/product/544/%D9%84%DB%8C%D8%A8%D9%84-%D9%BE%D8%B1%DB%8C%D9%86%D8%AA%D8%B1-MEVA-%D9%85%D8%AF%D9%84-MBP4300,0,34,12.852941176470589,404,,0,2.28
https://mahamprint.com/product/224/%D9%BE%D8%B1%DB%8C%D9%86%D8%AA%D8%B1-%D8%AC%D9%88%D9%87%D8%B1%D8%A7%D9%81%D8%B4%D8%A7%D9%86-%DA%86%D9%87%D8%A7%D8%B1-%DA%A9%D8%A7%D8%B1%D9%87-HP-7510,9,33,8.515151515151516,404,,0,2.5
https://mahamprint.com/product/999/%D9%85%D8%A7%D8%B4%DB%8C%D9%86-%D8%AD%D8%B3%D8%A7%D8%A8-CASIO-DM-1600B,4,33,26.575757575757574,404,,0,2.8
https://mahamprint.com/products/--canon--g,5,33,8,200,https://mahamprint.com/products/--canon--g,0,3.37
https://mahamprint.com/product/466/%D8%A7%D8%B3%DA%A9%D9%86%D8%B1-CANON-DR-G1100,3,33,7.333333333333333,404,,0,2.88
https://mahamprint.com/product/3111/CANON%20-633%20-CDW-%20Single-function%20-Laser%20-Printer,3,33,7.7272727272727275,404,,0,3.26
https://mahamprint.com/product/1304/%D8%AF%DB%8C%D8%AA%D8%A7-%D9%88%DB%8C%D8%AF%D8%A6%D9%88-%D9%BE%D8%B1%D9%88%DA%98%DA%A9%D8%AA%D9%88%D8%B1-PANASONIC-PT-LW373,2,33,6.848484848484849,404,,0,3.17
https://mahamprint.com/product/743/%DA%A9%D8%A7%D8%BA%D8%B0-%D8%AE%D8%B1%D8%AF%DA%A9%D9%86-Kobra-Cyclone,2,33,18.363636363636363,404,,0,2.84
https://mahamprint.com/product/981/%D9%85%D8%A7%D8%B4%DB%8C%D9%86-%D8%AD%D8%B3%D8%A7%D8%A8-CASIO-LC-1000-TV,2,33,10.06060606060606,404,,0,2.36
https://mahamprint.com/brand/12/%D8%AC%DB%8C-%D9%BE%D9%84%D8%A7%D8%B3,1,33,6.181818181818182,404,,0,2.54
https://mahamprint.com/product/1431/%D8%AA%D9%88%D9%86%D8%B1-Epson-29-CMYK,1,33,6.909090909090909,404,,0,2.45
https://mahamprint.com/mag/%D8%A2%D8%B4%D9%86%D8%A7%DB%8C%DB%8C-%D8%A8%D8%A7-%D8%A7%D9%86%D9%88%D8%A7%D8%B9-%D9%85%D8%A7%D8%B4%DB%8C%D9%86-%D9%87%D8%A7%DB%8C-%D8%A7%D8%AF%D8%A7%D8%B1%DB%8C,1,33,7.333333333333333,404,,0,2.7
https://mahamprint.com/product/2721/%DA%A9%D8%A7%D8%B1%D8%AA-%DA%AF%D8%B1%D8%A7%D9%81%DB%8C%DA%A9-GTX-1630-VENTUS-XS-OC-4G,1,33,11.181818181818182,404,,0,2.38
https://mahamprint.com/product/2087/%D8%AF%D8%B1%D8%A7%D9%85-%DA%A9%D8%A7%D8%B1%D8%AA%D8%B1%DB%8C%D8%AC-%D8%A8%D8%B1%D9%86%D8%AF-hp-%D9%85%D8%AF%D9%84-1505,1,33,9.818181818181818,404,,0,3.14
https://mahamprint.com/product/1861/%D9%84%DB%8C%D8%A8%D9%84-Tyvek-%D8%B9%D8%B1%D8%B6-5-%D8%B3%D8%A7%D9%86%D8%AA,1,33,9,404,,0,3.89
https://mahamprint.com/product/3066/%D8%A8%D8%A7%D8%B1%DA%A9%D8%AF%D8%AE%D9%88%D8%A7%D9%86-%20mindeo%20-mp%20-725,1,33,6.545454545454546,404,,0,2.78
https://mahamprint.com/product/64/%D9%BE%D8%B1%DB%8C%D9%86%D8%AA%D8%B1-%D8%AA%DA%A9-%DA%A9%D8%A7%D8%B1%D9%87-%D9%84%DB%8C%D8%B2%D8%B1%DB%8C-HP-M402DN,1,33,7.454545454545454,404,,0,2.8
https://mahamprint.com/product/2115/%D8%AF%D8%B1%D8%A7%D9%85-%DA%A9%D8%A7%D8%B1%D8%AA%D8%B1%DB%8C%D8%AC-Samsung-%D9%85%D8%AF%D9%84-3050-Drum,0,33,9.333333333333334,404,,0,2.59
https://mahamprint.com/product/553/%D9%BE%D8%B1%DB%8C%D9%86%D8%AA%D8%B1-%D8%AD%D8%B1%D8%A7%D8%B1%D8%AA%DB%8C-%D9%85%D8%AF%D9%84-ZEC-B200H,1,33,10.363636363636363,404,,0,5.05
https://mahamprint.com/product/2558/%D9%84%DB%8C%D8%A8%D9%84-%D9%BE%D8%B1%DB%8C%D9%86%D8%AA%D8%B1-ZEBRA-ZT230,0,33,29.333333333333332,404,,0,2.46
https://mahamprint.com/product/1901/%D8%A7%D8%B3%DA%A9%D9%86%D8%B1-PLUSTEK-PN30U,0,33,9.212121212121213,404,,0,3.72
https://mahamprint.com/categories/office-machines,0,33,42.09090909090909,200,https://mahamprint.com/categories/office-machines,0,4.11
https://mahamprint.com/product/2389/%D9%84%D8%A7%D8%B3%D8%AA%DB%8C%DA%A9-%D9%86%DB%8C%D9%85-%D8%AF%D8%A7%DB%8C%D8%B1%D9%87-%DA%A9%D8%A7%D8%B3%D8%AA-SHARP-AR-5316,0,33,13,404,,0,3.46
https://mahamprint.com/products/--casio-dr-140tm,4,32,6.59375,200,https://mahamprint.com/products/--casio-dr-140tm,0,3.47
https://mahamprint.com/product/1347/%DA%A9%D8%A7%D8%B1%D8%AA%D8%B1%DB%8C%D8%AC-Canon-PFI-107-CMYK,2,32,6.34375,404,,0,2.69
https://mahamprint.com/mag/advantages-and-disadvantages-of-multifunction-printers,2,32,6.8125,200,https://mahamprint.com/mag/advantages-and-disadvantages-of-multifunction-printers,0,3.0
https://mahamprint.com/product/1085/%D9%81%D9%88%D9%85-%D8%B1%D9%88%D9%84-HP-1010,2,32,7.75,404,,0,3.08
https://mahamprint.com/product/2117/%D8%AF%D8%B1%D8%A7%D9%85-%DA%A9%D8%A7%D8%B1%D8%AA%D8%B1%DB%8C%D8%AC-%D8%A8%D8%B1%D9%86%D8%AF-HP-%D9%85%D8%AF%D9%84-64A-4515,2,32,21.3125,404,,0,3.07
https://mahamprint.com/product/2334/%DA%86%D8%B1%D8%AE%D8%AF%D9%86%D8%AF%D9%87-%DA%A9%D9%84%D8%A7%DA%86-%DA%A9%D8%A7%D8%B3%D8%AA-1%D9%BE%D8%B1%DB%8C%D9%86%D8%AA%D8%B1-hp-401,2,32,7.78125,404,,0,2.91
https://mahamprint.com/product/2480/%D9%BE%D8%B1%DB%8C%D9%86%D8%AA%D8%B1-%D8%AA%DA%A9-%DA%A9%D8%A7%D8%B1%D9%87-%D9%84%DB%8C%D8%B2%D8%B1%DB%8C-%D8%A8%D8%B1%D9%86%D8%AF-HP-%D9%85%D8%AF%D9%84-M251N,2,32,9.84375,404,,0,2.45
https://mahamprint.com/product/605/%D8%B5%D9%86%D8%AF%D9%88%D9%82-%D9%81%D8%B1%D9%88%D8%B4%DA%AF%D8%A7%D9%87%DB%8C-POSBANK-BLUO-D25,2,32,20.53125,404,,0,2.3
https://mahamprint.com/product/2443/%D9%84%DB%8C%D8%A8%D9%84-%D9%BE%D8%B1%DB%8C%D9%86%D8%AA%D8%B1-%D9%85%D8%AF%D9%84-brother-Ql820nwb,2,32,9.5,404,,0,3.12
https://mahamprint.com/product/515/%D8%AA%D8%B3%D8%AA-%D8%A7%D8%B3%DA%A9%D9%86%D8%A7%D8%B3-%D9%85%D8%AF%D9%84-DFS-2268,2,32,5.84375,404,,0,3.29
https://mahamprint.com/product/963/%D9%85%D8%A7%D8%B4%DB%8C%D9%86-%D8%AD%D8%B3%D8%A7%D8%A8-Citizen-CT-600J,2,32,20.15625,404,,0,2.82
https://mahamprint.com/product/872/%D8%A7%D8%B3%DA%A9%D9%86%D8%A7%D8%B3-%D8%B4%D9%85%D8%A7%D8%B1-NIKITA-LD-80B,2,32,9.5,404,,0,3.67
https://mahamprint.com/product/1758/%D8%B1%DB%8C%D8%A8%D9%88%D9%86-%D8%B1%D9%86%DA%AF%DB%8C-500-%D8%B9%DA%A9%D8%B3-Nisca-PR-C201-YMCK-Ribbon,1,32,9,404,,0,3.78
https://mahamprint.com/product/219/%D9%BE%D8%B1%DB%8C%D9%86%D8%AA%D8%B1-%D8%B3%D9%87-%DA%A9%D8%A7%D8%B1%D9%87-%D8%AC%D9%88%D9%87%D8%B1%D8%A7%D9%81%D8%B4%D8%A7%D9%86-HP-DESKJET-2131,1,32,7.3125,404,,0,3.8
https://mahamprint.com/product/1107/%D8%AA%D9%88%D9%86%D8%B1-%D8%B4%D8%A7%D8%B1%DA%98-%D8%B1%D9%86%DA%AF%DB%8C-%D8%A8%D8%B1%D9%86%D8%AF-hp-%D9%85%D8%AF%D9%84-5500-200gr,1,32,7,404,,0,4.52
https://mahamprint.com/brand/32/avision,1,32,8.875,404,,0,5.02
https://mahamprint.com/product/1805/%D8%AA%D8%A7%D9%86%DA%A9-%D8%AC%D9%88%D9%87%D8%B1-Epson-T50,0,32,10.34375,404,,0,3.47
https://mahamprint.com/product/235/%D9%BE%D8%B1%DB%8C%D9%86%D8%AA%D8%B1-%D8%B3%D9%87-%DA%A9%D8%A7%D8%B1%D9%87-%D9%84%DB%8C%D8%B2%D8%B1%DB%8C-CANON-%D9%85%D8%AF%D9%84-MF113W,1,32,14.875,404,,0,4.48
https://mahamprint.com/products/--hp-89a,5,31,10.03225806451613,200,https://mahamprint.com/products/--hp-89a,0,4.59
https://mahamprint.com/product/904/%D8%A7%D8%B3%DA%A9%D9%86%D8%A7%D8%B3-%D8%B4%D9%85%D8%A7%D8%B1-%D8%B1%D9%88%D9%85%DB%8C%D8%B2%DB%8C-AX-6600,6,31,6.870967741935484,404,,0,5.08
https://mahamprint.com/product/26/Canon-80D-18-135-IS-USM,0,32,80.375,404,,0,6.03
https://mahamprint.com/product/250/%D9%BE%D8%B1%DB%8C%D9%86%D8%AA%D8%B1-%D8%AC%D9%88%D9%87%D8%B1%D8%A7%D9%81%D8%B4%D8%A7%D9%86-CANON-IX6840,6,31,11.258064516129032,404,,0,5.74
https://mahamprint.com/product/1595/%D8%A7%D8%B3%DA%A9%D9%86%D8%B1-%D8%AF%D8%B3%D8%AA%DB%8C-%D8%A7%D8%B3%DA%A9%D9%86-%D8%B2%DB%8C-BQS040,7,31,7.903225806451613,404,,0,6.1
https://mahamprint.com/product/3008/%D9%BE%D8%B1%DB%8C%D9%86%D8%AA%D8%B1%20-%D9%84%DB%8C%D8%A8%D9%84%20%D8%B2%D9%86%20-Meva-%204310,0,32,8.1875,404,,0,6.2
https://mahamprint.com/product/1808/%D8%AA%D8%A7%D9%86%DA%A9-%D8%AC%D9%88%D9%87%D8%B1%D8%A7%D9%BE%D8%B3%D9%88%D9%86-Epson-P50,2,31,9,404,,0,2.11
https://mahamprint.com/product/2181/%D8%A8%D9%88%D8%B4-%D8%B3%D8%B1-%D8%AF%D8%B1%D8%A7%D9%85-%D8%AC%D9%81%D8%AA%DB%8C%DA%A9%D9%BE%DB%8C-Sharp-AR-351451,2,31,21.35483870967742,404,,0,3.04
https://mahamprint.com/index.php?productID=3034,2,31,7.903225806451613,404,,0,4.94
https://mahamprint.com/product/1799/%D8%B1%D9%88%D9%84-%DA%A9%D8%A7%D8%BA%D8%B0-%D8%AD%D8%B1%D8%A7%D8%B1%D8%AA%DB%8C-%DA%A9%D8%AF%D8%A7%DA%A9-%D8%B9%D8%B1%D8%B6-8-60-%D9%85%D8%AA%D8%B1%DB%8C,2,31,8.29032258064516,404,,0,7.86
https://mahamprint.com/product/2944/%D8%A7%D8%B3%DA%A9%D9%86%D8%B1-HP-%D9%85%D8%AF%D9%84-Scanjet-Pro-3000-S4,2,31,8.548387096774194,404,,0,3.86
https://mahamprint.com/product/303/%D9%BE%D8%B1%DB%8C%D9%86%D8%AA%D8%B1-%D8%AA%DA%A9-%DA%A9%D8%A7%D8%B1%D9%87-%D9%84%DB%8C%D8%B2%D8%B1%DB%8C-%D8%A8%D8%B1%D9%86%D8%AF-HP-150NW,2,31,10.483870967741936,404,,0,15.98
https://mahamprint.com/product/1262/%D9%88%DB%8C%D8%AF%D8%A6%D9%88-%D9%BE%D8%B1%D9%88%DA%98%DA%A9%D8%AA%D9%88%D8%B1-%D9%82%D8%A7%D8%A8%D9%84-%D8%AD%D9%85%D9%84-METERLE-M8-A,3,31,6.903225806451613,404,,0,24.92
https://mahamprint.com/products/----canon-455dw,2,31,8.419354838709676,200,https://mahamprint.com/products/----canon-455dw,0,2.87
https://mahamprint.com/product/543/%D9%84%DB%8C%D8%A8%D9%84-%D9%BE%D8%B1%DB%8C%D9%86%D8%AA%D8%B1-%D8%A8%D8%B1%D9%86%D8%AF-Bixolon-%D9%85%D8%AF%D9%84-SLP-TX403N,4,31,12.838709677419354,ERR:TimeoutError,,0,31.92
https://mahamprint.com/product/2232/%D9%81%DB%8C%D9%84%D9%85-%D9%81%DB%8C%D9%88%D8%B2%DB%8C%D9%86%DA%AF-hp-CP1215,2,31,9.290322580645162,ERR:TimeoutError,,0,31.55
https://mahamprint.com/product/1105/%D8%AA%D9%88%D9%86%D8%B1-%D8%B4%D8%A7%D8%B1%DA%98-%D8%B1%D9%86%DA%AF%DB%8C-%D8%A8%D8%B1%D9%86%D8%AF-hp-%D9%85%D8%AF%D9%84-1215-45gr,1,31,8.387096774193548,404,,0,6.75
https://mahamprint.com/product/2527/%DA%A9%D8%A7%D8%BA%D8%B0-%D8%AE%D8%B1%D8%AF%DA%A9%D9%86-%D9%85%D8%AF%D9%84-MEHR-MM-540,2,31,6.967741935483871,ERR:TimeoutError,,0,31.96
https://mahamprint.com/product/2103/%D8%AF%D8%B1%D8%A7%D9%85-%D8%A7%DA%86-%D9%BE%DB%8C-HP-55A-Drum-3015,1,31,15.096774193548388,404,,0,4.99
https://mahamprint.com/product/2266/%D9%87%D8%A7%D8%AA-%D8%B1%D9%88%D9%84%D8%B1-%D8%B4%D8%A7%D8%B1%D9%BE-Sharp-mx-503,1,31,8.903225806451612,404,,0,2.81
https://mahamprint.com/product/2707/%D9%85%D8%A7%DA%98%D9%88%D9%84-%D8%B4%D8%A8%DA%A9%D9%87-%D8%B3%DB%8C%D8%B3%DA%A9%D9%88-FET-10G,1,31,6.645161290322581,404,,0,2.23
https://mahamprint.com/product/296/%D9%BE%D8%B1%DB%8C%D9%86%D8%AA%D8%B1-%D9%84%DB%8C%D8%B2%D8%B1%DB%8C-%DA%86%D9%86%D8%AF%DA%A9%D8%A7%D8%B1%D9%87-%D8%A8%D8%B1%D9%86%D8%AF-HP-%D9%85%D8%AF%D9%84-MFP-135W,2,31,15.419354838709678,ERR:TimeoutError,,0,31.62
https://mahamprint.com/product/2902/20m28-%D8%AF%D8%B3%D8%AA%DA%AF%D8%A7%D9%87-%DA%A9%D9%BE%DB%8C-%D8%B4%D8%A7%D8%B1%D9%BE,1,31,8.129032258064516,404,,0,11.34
https://mahamprint.com/product/1068/%D8%AF%D8%B3%D8%AA%DA%AF%D8%A7%D9%87-%DA%A9%D9%BE%DB%8C-CANON-2206-N,1,31,8.67741935483871,ERR:TimeoutError,,0,31.67
https://mahamprint.com/product/82/%D9%BE%D8%B1%DB%8C%D9%86%D8%AA%D8%B1-%D9%84%DB%8C%D8%B2%D8%B1%DB%8C-%DA%86%D9%86%D8%AF%DA%A9%D8%A7%D8%B1%D9%87-%D8%A8%D8%B1%D9%86%D8%AF-HP-M130FN,0,31,62.193548387096776,404,,0,2.33
https://mahamprint.com/product/923/%D9%85%D8%A7%D8%B4%DB%8C%D9%86-%D8%AD%D8%B3%D8%A7%D8%A8-Casio-DR-270R,0,31,8.32258064516129,404,,0,4.04
https://mahamprint.com/product/2130/%D8%AF%D8%B1%D8%A7%D9%85-%D9%85%D8%AF%D9%84-HP-5225-Drum,1,31,9.612903225806452,ERR:TimeoutError,,0,32.23
https://mahamprint.com/product/2349/%DA%86%D8%B1%D8%AE-%D8%AF%D9%86%D8%AF%D9%87-%D8%B3%D8%B1-%D8%BA%D9%84%D8%AA%DA%A9-%D8%AA%D8%B1%D8%A7%D9%86%D8%B3%D9%81%D8%B1-sharp-AR-452,1,31,11.451612903225806,ERR:TimeoutError,,0,31.65
https://mahamprint.com/products/---glory--fb-30,6,30,6.3,200,https://mahamprint.com/products/---glory--fb-30,0,4.69
https://mahamprint.com/product/1496/%D8%AA%D9%88%D9%86%D8%B1-%DA%A9%D8%A7%D8%B1%D8%AA%D8%B1%DB%8C%D8%AC-Brother-TN-2305,0,31,14.548387096774194,ERR:TimeoutError,,0,31.55
https://mahamprint.com/product/124/%D9%BE%D8%B1%DB%8C%D9%86%D8%AA%D8%B1-%D9%84%DB%8C%D8%B2%D8%B1%DB%8C-Lexmark-CX317dn,3,30,8.8,404,,0,3.28
https://mahamprint.com/product/2582/%DA%AF%D9%88%D8%B4%DB%8C-%D9%85%D9%88%D8%A8%D8%A7%DB%8C%D9%84-%D8%A7%D9%BE%D9%84-iphone-13,0,31,35.806451612903224,ERR:TimeoutError,,0,31.78
https://mahamprint.com/product/2292/%D8%B1%D9%88%D9%84-%D9%BE%D8%B1%D8%B3-%D8%A8%D8%B1%D9%86%D8%AF-HP-1102,4,30,10.966666666666667,404,,0,4.71
https://mahamprint.com/product/1782/%D8%AF%D9%88%D9%84%D9%88%D9%BE%D8%B1-%D8%A8%D8%B1%D9%86%D8%AF-Sharp-%D8%A7%D9%88%D8%B1%D8%AC%DB%8C%D9%86%D8%A7%D9%84-MX-312AV,3,30,7.766666666666667,404,,0,2.3
https://mahamprint.com/index.php?productID=2953,2,30,9.4,404,,0,2.24
https://mahamprint.com/product/1015/%D9%85%D8%A7%D8%B4%DB%8C%D9%86-%D8%AD%D8%B3%D8%A7%D8%A8-Casio-DM-1200MS,2,30,14.933333333333334,404,,0,2.22
https://mahamprint.com/product/514/%D8%AF%D8%B3%D8%AA%DA%AF%D8%A7%D9%87-%D8%AA%D8%B3%D8%AA-%D8%A7%D8%B3%DA%A9%D9%86%D8%A7%D8%B3-%D9%85%D8%AF%D9%84-KISAN-NewII,3,30,15.966666666666667,404,,0,3.52
https://mahamprint.com/product/2452/%D9%84%DB%8C%D8%A8%D9%84-%D9%BE%D8%B1%DB%8C%D9%86%D8%AA%D8%B1-%D8%A8%D8%B1%D9%86%D8%AF-brother-PT-H110,5,30,14.133333333333333,404,,0,8.07
https://mahamprint.com/product/2564/%D9%BE%D8%B1%DB%8C%D9%86%D8%AA%D8%B1-%D8%AC%D9%88%D9%87%D8%B1%D8%A7%D9%81%D8%B4%D8%A7%D9%86-%D8%B1%D9%86%DA%AF%DB%8C-epson-%D9%85%D8%AF%D9%84-L121,2,30,24.4,404,,0,3.26
https://mahamprint.com/product/3073/%D8%A7%D8%B3%DA%A9%D9%86%D8%B1-plustek-%D9%85%D8%AF%D9%84-SmartOffice-PS3180U,2,30,10.866666666666667,404,,0,2.63
https://mahamprint.com/product/526/%D8%AA%D8%B3%D8%AA-%D8%A7%D8%B3%DA%A9%D9%86%D8%A7%D8%B3-%D9%85%D8%AF%D9%84-casi,2,30,5.133333333333334,404,,0,2.48
https://mahamprint.com/product/1158/%DA%A9%D8%A7%D8%BA%D8%B0-A5-double-A,1,30,64.66666666666666,404,,0,2.3
https://mahamprint.com/products/--hp--479fnw,2,30,7.033333333333333,200,https://mahamprint.com/products/--hp--479fnw,0,2.34
https://mahamprint.com/product/2990/%D8%A7%D8%B3%DA%A9%D9%86%D8%B1-%20%D8%B1%D9%88%D9%85%DB%8C%D8%B2%DB%8C-%20%D8%A8%D8%B1%D9%86%D8%AF-%20%20KODAK-%20S3060-%20SCANNER,0,31,11.612903225806452,ERR:TimeoutError,,0,31.71
https://mahamprint.com/product/1967/%D9%86%D9%88%D8%A7%D8%B1-%D9%84%DB%8C%D8%A8%D9%84-%D9%BE%D8%B1%DB%8C%D9%86%D8%AA%D8%B1-%D9%85%D8%AF%D9%84-%D8%A8%D8%B1%D8%A7%D8%AF%D8%B1-TZE-324,1,30,7.966666666666667,404,,0,6.85
https://mahamprint.com/product/1099/%D8%AF%D8%B1%D8%A7%D9%85-%DA%A9%D8%A7%D8%B1%D8%AA%D8%B1%DB%8C%D8%AC-brother-%DB%B3%DB%B5%DB%B0,0,30,17.466666666666665,404,,0,3.35
https://mahamprint.com/products/----hp-cp1215,1,30,8,200,https://mahamprint.com/products/----hp-cp1215,0,7.74
https://mahamprint.com/product/2451/%D9%84%DB%8C%D8%A8%D9%84-%D9%BE%D8%B1%DB%8C%D9%86%D8%AA%D8%B1-brother-pt-e110vp,1,30,14.666666666666666,404,,0,9.01
https://mahamprint.com/product/182/%D9%BE%D8%B1%DB%8C%D9%86%D8%AA%D8%B1-%DA%86%D9%86%D8%AF%DA%A9%D8%A7%D8%B1%D9%87-%D9%84%DB%8C%D8%B2%D8%B1%DB%8C-%D8%A8%D8%B1%D9%86%D8%AF-HP-%D9%85%D8%AF%D9%84-1536dnf,1,30,22.233333333333334,404,,0,9.57
https://mahamprint.com/product/2135/%D8%AF%D8%B1%D8%A7%D9%85-%DA%A9%D8%A7%D8%B1%D8%AA%D8%B1%DB%8C%D8%AC-Canon-%D9%85%D8%AF%D9%84-1600-Drum,1,30,8.233333333333334,404,,0,9.27
https://mahamprint.com/product/2235/%D9%81%DB%8C%D9%84%D9%85-HP-5100,0,30,14.7,404,,0,6.72
https://mahamprint.com/product/2409/%D9%81%DB%8C%D8%AF-%D8%B1%D9%88%D9%84%D8%B1-%DA%A9%D8%A7%D8%B3%D8%AA-RICOH-2060,0,30,6.333333333333333,404,,0,7.7
https://mahamprint.com/products/--mindeo-md-6600,0,30,7.733333333333333,200,https://mahamprint.com/products/--mindeo-md-6600,0,5.56
https://mahamprint.com/product/306/%D9%BE%D8%B1%DB%8C%D9%86%D8%AA%D8%B1-HP-M454dw,0,30,25.7,404,,0,7.0
https://mahamprint.com/product/2909/%D9%BE%D8%B1%DB%8C%D9%86%D8%AA%D8%B1%DA%86%D9%86%D8%AF-%DA%A9%D8%A7%D8%B1%D9%87-%D8%B1%D9%86%DA%AF%DB%8C-%D9%84%DB%8C%D8%B2%D8%B1%DB%8C-%D8%A8%D8%B1%D9%86%D8%AF-CANON-%D9%85%D8%AF%D9%84-MF651Cw,0,30,6.6,404,,0,7.06
https://mahamprint.com/product/1135/%D8%AC%D9%88%D9%87%D8%B1-Epson-%D9%85%D8%AF%D9%84-T-774-black,9,29,4.724137931034482,404,,0,3.13
https://mahamprint.com/product/980/%D9%85%D8%A7%D8%B4%DB%8C%D9%86-%D8%AD%D8%B3%D8%A7%D8%A8-Citizen-LC-310N,4,29,6.827586206896552,404,,0,3.4
https://mahamprint.com/product/997/%D9%85%D8%A7%D8%B4%DB%8C%D9%86-%D8%AD%D8%B3%D8%A7%D8%A8-Sharp-EL-531WH,3,29,9.89655172413793,404,,0,2.95
https://mahamprint.com/products/--meva--mbs-3615,5,29,6.482758620689655,200,https://mahamprint.com/products/--meva--mbs-3615,0,4.88
https://mahamprint.com/product/2894/%D9%BE%D8%B1%DB%8C%D9%86%D8%AA%D8%B1-%D9%84%DB%8C%D8%B2%D8%B1%DB%8C-%D8%AA%DA%A9-%DA%A9%D8%A7%D8%B1%D9%87-%D8%A7%D8%B3%D8%AA%D9%88%DA%A9-%D8%A8%D8%B1%D9%86%D8%AF-hp-1020,2,29,25.620689655172413,404,,0,3.3
https://mahamprint.com/product/1154/%D8%AC%D9%88%D9%87%D8%B1-%D9%BE%D8%B1%DB%8C%D9%86%D8%AA%D8%B1-%D8%A8%D8%B1%D9%86%D8%AF-epson-%D9%85%D8%AF%D9%84-t664,2,29,10.586206896551724,404,,0,4.67
https://mahamprint.com/products/----brother--hl-5440d,2,29,6.862068965517241,200,https://mahamprint.com/products/----brother--hl-5440d,0,2.45
https://mahamprint.com/product/795/%D8%A8%D8%A7%D8%B1%DA%A9%D8%AF-%D8%A7%D8%B3%DA%A9%D9%86%D8%B1-Honeywell-Xenon-1900,2,29,9.137931034482758,404,,0,3.43
https://mahamprint.com/products/-canon-dr-c230,2,29,13.758620689655173,200,https://mahamprint.com/products/-canon-dr-c230,0,2.44
https://mahamprint.com/archive/%D9%85%D8%AD%D8%A8%D9%88%D8%A8-%D8%AA%D8%B1%DB%8C%D9%86-%D9%85%D8%AD%D8%B5%D9%88%D9%84%D8%A7%D8%AA,1,29,1.7586206896551724,404,,0,7.29
https://mahamprint.com/product/1604/%D9%BE%D8%B1%DB%8C%D9%86%D8%AA%D8%B1-%D8%AA%DA%A9-%DA%A9%D8%A7%D8%B1%D9%87-%D9%84%DB%8C%D8%B2%D8%B1%DB%8C-hp-%D9%85%D8%AF%D9%84-1010,1,29,9.137931034482758,404,,0,5.69
https://mahamprint.com/product/1092/%D9%85%DA%AF%D9%86%D8%AA-HP-1005,1,29,6.9655172413793105,404,,0,6.89
https://mahamprint.com/product/2295/%D8%B1%D9%88%D9%84-%D9%BE%D8%B1%D8%B3-HP-1005,1,29,11.241379310344827,404,,0,5.66
https://mahamprint.com/product/1353/%DA%A9%D8%A7%D8%B1%D8%AA%D8%B1%DB%8C%D8%AC-CANON-PFI-8120-CMYK,1,29,16.96551724137931,404,,0,6.85
https://mahamprint.com/product/2299/%D8%B1%D9%88%D9%84-%D9%BE%D8%B1%D8%B3-%D9%85%D8%AF%D9%84-Sharp-5516,1,29,10.89655172413793,404,,0,2.73
https://mahamprint.com/product/351/%D9%BE%D8%B1%DB%8C%D9%86%D8%AA%D8%B1-%DA%86%D9%86%D8%AF%DA%A9%D8%A7%D8%B1%D9%87-%D9%84%DB%8C%D8%B2%D8%B1%DB%8C-%D8%A8%D8%B1%D9%86%D8%AF-CANON-%D9%85%D8%AF%D9%84-MF429dw,1,29,6.827586206896552,404,,0,2.58
https://mahamprint.com/product/2891/%D9%BE%D8%B1%DB%8C%D9%86%D8%AA%D8%B1-%D9%84%DB%8C%D8%B2%D8%B1%DB%8C-%D8%A7%D8%B3%D8%AA%D9%88%DA%A9-%D8%A8%D8%B1%D9%86%D8%AF-hp-1018,1,29,17.79310344827586,404,,0,3.27
https://mahamprint.com/product/2746/All-in-One-%D8%A8%D8%B1%D9%86%D8%AF-HP-%D9%85%D8%AF%D9%84-EliteOne-800-G2,0,30,7.366666666666666,404,,0,23.33
https://mahamprint.com/products/----xk2410h----,1,29,6.344827586206897,200,https://mahamprint.com/products/----xk2410h----,0,2.96
https://mahamprint.com/product/2963/%D9%BE%D8%B1%DB%8C%D9%86%D8%AA%D8%B1-%20%D9%84%DB%8C%D8%B2%D8%B1%DB%8C-%20%D8%A8%D8%B1%D9%86%D8%AF-%20HP-%20%D9%85%D8%AF%D9%84-%20M806dn,1,29,7.172413793103448,404,,0,4.49
https://mahamprint.com/product/1063/%D8%AF%D8%B3%D8%AA%DA%AF%D8%A7%D9%87-%DA%A9%D9%BE%DB%8C-%D8%A8%D8%B1%D9%86%D8%AF-SHARP-AR-X202,0,29,22.379310344827587,404,,0,1.99
https://mahamprint.com/brand/65/ASUS,0,29,7.689655172413793,404,,0,4.74
https://mahamprint.com/product/1662/%D9%BE%D8%B1%DB%8C%D9%86%D8%AA%D8%B1-%D9%84%DB%8C%D8%B2%D8%B1%DB%8C-%DA%86%D9%86%D8%AF%DA%A9%D8%A7%D8%B1%D9%87-%D8%A8%D8%B1%D9%86%D8%AF-HP-MFP-M236sdn,0,29,9.758620689655173,404,,0,3.51
https://mahamprint.com/product/2143/%D8%B3%D9%BE%D8%B1%DB%8C%D8%B4%D9%86-%D9%BE%D8%AF-HP-LaserJet-1320-%D8%A7%D9%88%D8%B1%D8%AC%DB%8C%D9%86%D8%A7%D9%84,0,29,8.689655172413794,404,,0,2.31
https://mahamprint.com/product/1035/%D9%85%D8%A7%D8%B4%DB%8C%D9%86-%D8%AD%D8%B3%D8%A7%D8%A8-Citizen-CT-555N,0,29,6.827586206896552,404,,0,4.59
https://mahamprint.com/product/1995/%DA%A9%D8%A7%D8%B1%D8%AA-%D9%BE%DB%8C-%D9%88%DB%8C-%D8%B3%DB%8C-%D9%86%D9%82%D8%B1%D9%87-%D8%A7%DB%8C-%D8%B3%D8%A7%D8%AF%D9%87-250-%D8%B9%D8%AF%D8%AF%DB%8C-760-%D9%85%DB%8C%DA%A9%D8%B1%D9%88%D9%86,0,29,14.620689655172415,404,,0,3.36
https://mahamprint.com/product/1829/%D8%B1%D9%88%D9%84-%D8%A8%D8%B1%DA%86%D8%B3%D8%A8-%DA%A9%D8%A7%D8%BA%D8%B0%DB%8C-%D8%AF%D9%88-%D8%B1%D8%AF%DB%8C%D9%81%D9%87-45-30,0,29,8.793103448275861,404,,0,5.77
https://mahamprint.com/product/2933/%D9%BE%D8%B1%DB%8C%D9%86%D8%AA%D8%B1-%D8%AC%D9%88%D9%87%D8%B1%D8%A7%D9%81%D8%B4%D8%A7%D9%86-%D8%A8%D8%B1%D9%86%D8%AF-EPSON-%D9%85%D8%AF%D9%84-EcoTank-L18050,0,29,23.82758620689655,404,,0,5.36
https://mahamprint.com/products/----canon-i-7018c,7,28,7.678571428571429,200,https://mahamprint.com/products/----canon-i-7018c,0,5.2
https://mahamprint.com/product/2318/%D8%B1%D9%88%D9%84-%D9%BE%D8%B1%D8%B3-%D8%A8%D8%B1%D9%86%D8%AF-HP-1522,0,29,7.137931034482759,404,,0,5.62
https://mahamprint.com/product/851/%D8%A8%D8%A7%D8%B1%DA%A9%D8%AF%D8%A7%D8%B3%DA%A9%D9%86%D8%B1-DataScan-%D9%85%D8%AF%D9%84-IP-2060,4,28,5.75,404,,0,3.48
https://mahamprint.com/products/--snbc-btp-n80,0,29,8.03448275862069,200,https://mahamprint.com/products/--snbc-btp-n80,0,6.06
https://mahamprint.com/product/3013/%D9%BE%D8%B1%DB%8C%D9%86%D8%AA%D8%B1-%D8%B3%D9%87-%DA%A9%D8%A7%D8%B1%D9%87-%D8%AC%D9%88%D9%87%D8%B1%D8%A7%D9%81%D8%B4%D8%A7%D9%86-Brother-DCP-T220,5,28,7.357142857142857,404,,0,6.74
https://mahamprint.com/product/1671/%D9%BE%D8%B1%DB%8C%D9%86%D8%AA%D8%B1-%DA%86%D9%86%D8%AF-%DA%A9%D8%A7%D8%B1%D9%87-%D8%AC%D9%88%D9%87%D8%B1%D8%A7%D9%81%D8%B4%D8%A7%D9%86-T4000-BrotheR,3,28,5.392857142857143,404,,0,2.67
https://mahamprint.com/product/1157/%DA%A9%D8%A7%D8%BA%D8%B0-A3,2,28,26.75,404,,0,3.2
https://mahamprint.com/product/676/%DA%A9%D8%A7%D8%BA%D8%B0-%D8%AE%D8%B1%D8%AF%DA%A9%D9%86-Remo-C-2200,3,28,6.821428571428571,404,,0,4.67
https://mahamprint.com/product/2104/%D8%AF%D8%B1%D8%A7%D9%85-%DA%A9%D8%A7%D8%B1%D8%AA%D8%B1%DB%8C%D8%AC-Toshiba-%D9%85%D8%AF%D9%84-4530-Drum,2,28,6.5,404,,0,2.45
https://mahamprint.com/product/761/%DA%A9%D8%A7%D8%BA%D8%B0-%D8%AE%D8%B1%D8%AF%DA%A9%D9%86-Ideen-Welt-PS-107-B,3,28,7.285714285714286,404,,0,5.05
https://mahamprint.com/product/173/%D9%BE%D8%B1%DB%8C%D9%86%D8%AA%D8%B1%DA%86%D9%86%D8%AF%DA%A9%D8%A7%D8%B1%D9%87-%D8%A8%D8%B1%D9%86%D8%AF-HP-M125NW,2,28,8.321428571428571,404,,0,3.5
https://mahamprint.com/product/1288/%D8%AF%DB%8C%D8%AA%D8%A7-%D9%88%DB%8C%D8%AF%D8%A6%D9%88-%D9%BE%D8%B1%D9%88%DA%98%DA%A9%D8%AA%D9%88%D8%B1-BENQ-MS531,2,28,8.107142857142858,404,,0,5.27
https://mahamprint.com/index.php?productID=2565,1,28,7.321428571428571,404,,0,2.4
https://mahamprint.com/product/326/%D9%BE%D8%B1%DB%8C%D9%86%D8%AA%D8%B1-%D8%AA%DA%A9-%DA%A9%D8%A7%D8%B1%D9%87-%D9%84%DB%8C%D8%B2%D8%B1%DB%8C-%D8%A8%D8%B1%D9%86%D8%AF-HP-M255NW,2,28,7.214285714285714,404,,0,3.54
https://mahamprint.com/mag/the-effect-of-paper-shredder-on-information-security-in-the-organization,1,28,8.857142857142858,200,https://mahamprint.com/mag/the-effect-of-paper-shredder-on-information-security-in-the-organization,0,2.26
https://mahamprint.com/product/205/%D9%BE%D8%B1%DB%8C%D9%86%D8%AA%D8%B1-%DA%86%D9%86%D8%AF%DA%A9%D8%A7%D8%B1%D9%87-%D9%84%DB%8C%D8%B2%D8%B1%DB%8C-%D8%A8%D8%B1%D9%86%D8%AF-HP-%D9%85%D8%AF%D9%84-M176N,1,28,32.57142857142857,404,,0,2.55
https://mahamprint.com/product/2326/%DA%86%D8%B1%D8%AE-%D8%AF%D9%86%D8%AF%D9%87-%DA%A9%D9%88%D9%BE%D9%84%DB%8C%D9%86%DA%AF-%D8%AA%D8%B3%D9%85%D9%87-%D8%AE%D9%88%D8%B1-%D8%B3%D8%B1-%D9%85%D9%88%D8%AA%D9%88%D8%B1-TOSHIBA-%D9%85%D8%AF%D9%84-163,1,28,7.357142857142857,404,,0,2.26
https://mahamprint.com/product/2339/%DA%86%D8%B1%D8%AE-%D8%AF%D9%86%D8%AF%D9%87-%D8%A8%D8%B1%D9%86%D8%AF-hp-%D9%85%D8%AF%D9%84-%D9%84%DB%8C%D8%B2%D8%B1%D8%AC%D8%AA-1020,1,28,9.035714285714286,404,,0,2.25
https://mahamprint.com/product/291/%D9%BE%D8%B1%DB%8C%D9%86%D8%AA%D8%B1-%D8%AA%DA%A9-%DA%A9%D8%A7%D8%B1%D9%87-%D9%84%DB%8C%D8%B2%D8%B1%DB%8C-HP-1000A,1,28,9.321428571428571,404,,0,2.31
https://mahamprint.com/products/-----epson--ecotank-l1210,1,28,4.928571428571429,200,https://mahamprint.com/products/-----epson--ecotank-l1210,0,2.26
https://mahamprint.com/product/1784/%D8%AF%D9%88%D9%84%D9%88%D9%BE%D8%B1-%D8%A7%D9%88%D8%B1%D8%AC%DB%8C%D9%86%D8%A7%D9%84-Toshiba-D-2320,0,28,10.928571428571429,404,,0,2.5
https://mahamprint.com/product/3150/%D8%A7%D8%B3%DA%A9%D9%86%D8%B1-%20%D8%A7%DB%8C-%20%D9%88%DB%8C%DA%98%D9%86-%20%D9%85%D8%AF%D9%84-%20AD240U,0,28,6.75,404,,0,2.3
https://mahamprint.com/product/3079/%D8%A7%D8%B3%DA%A9%D9%86%D8%B1-%20Epson%20-ds-730n,0,28,8.964285714285715,404,,0,3.64
https://mahamprint.com/product/616/%D8%AF%D8%B3%D8%AA%DA%AF%D8%A7%D9%87-ZKTeco-MB-906,0,28,6.428571428571429,404,,0,2.17
https://mahamprint.com/product/387/%D8%A7%D8%B3%DA%A9%D9%86%D8%B1-HP-Scanjet-300,0,28,9.142857142857142,404,,0,2.62
https://mahamprint.com/product/2131/%D8%AF%D8%B1%D8%A7%D9%85-%DA%A9%D8%A7%D8%B1%D8%AA%D8%B1%DB%8C%D8%AC-Toshiba-350-Drum,0,28,8.928571428571429,404,,0,6.49
https://mahamprint.com/product/473/%D8%A7%D8%B3%DA%A9%D9%86%D8%B1-Epson-ES-60W,4,27,10.814814814814815,404,,0,4.92
https://mahamprint.com/product/1607/%D9%BE%D8%B1%DB%8C%D9%86%D8%AA%D8%B1-%D8%AA%DA%A9-%DA%A9%D8%A7%D8%B1%D9%87-%D9%84%DB%8C%D8%B2%D8%B1%DB%8C-hp-m607n,4,27,8.925925925925926,404,,0,5.03
https://mahamprint.com/product/249/%D9%BE%D8%B1%DB%8C%D9%86%D8%AA%D8%B1-CANON-IP7250,0,28,9.107142857142858,404,,0,11.46
https://mahamprint.com/products/-risograph-jp12,3,27,9,200,https://mahamprint.com/products/-risograph-jp12,0,2.14
https://mahamprint.com/product/2388/%D9%BE%DB%8C%DA%A9%D8%A7%D9%BE-%D8%A2%D8%AC%D8%AF%D8%A7%D8%B1-%D8%B4%D8%A7%D8%B1%D9%BE-%D8%AF%D8%B3%D8%AA%DB%8C-AR-5316-5127-1267-%D9%81%D8%A7%D8%A8%D8%B1%DB%8C%DA%A9,3,27,10.37037037037037,404,,0,3.13
https://mahamprint.com/product/2274/%D9%87%D8%A7%D8%AA-%D8%B1%D9%88%D9%84-%DA%A9%D9%BE%DB%8C-%D8%B3%D8%A7%D9%85%D8%B3%D9%88%D9%86%DA%AF-2200,3,27,6.888888888888889,404,,0,4.6
https://mahamprint.com/product/343/%D9%BE%D8%B1%DB%8C%D9%86%D8%AA%D8%B1-EPSON-ECOTANK-ET-M3140,5,27,11.333333333333334,404,,0,10.7
https://mahamprint.com/product/1269/%D9%88%DB%8C%D8%AF%D8%A6%D9%88-%D9%BE%D8%B1%D9%88%DA%98%DA%A9%D8%AA%D9%88%D8%B1-EPSON-EH-TW610,2,27,19.037037037037038,404,,0,3.16
https://mahamprint.com/product/1129/%D8%AC%D9%88%D9%87%D8%B1-%D8%A8%D8%B1%D9%86%D8%AF-canon-5-%D8%B1%D9%86%DA%AF-250cc,2,27,8,404,,0,4.19
https://mahamprint.com/product/1317/%D9%85%D8%A7%D9%86%DB%8C%D8%AA%D9%88%D8%B1-Dell-SE2717HR-27-Inch,1,28,13.571428571428571,404,,0,22.27
https://mahamprint.com/product/2136/%D8%AF%D8%B1%D8%A7%D9%85-%DA%A9%D8%A7%D8%B1%D8%AA%D8%B1%DB%8C%D8%AC-Sharp-152-Drum,2,27,6.037037037037037,404,,0,3.75
https://mahamprint.com/product/439/%D8%A7%D8%B3%DA%A9%D9%86%D8%B1-FUJITSU-FI-7460,2,27,6.888888888888889,404,,0,3.52
https://mahamprint.com/product/2301/%D8%B1%D9%88%D9%84-%D9%BE%D8%B1%D8%B3-%DA%A9%D9%88%D9%86%DB%8C%DA%A9%D8%A7-%D9%85%DB%8C%D9%86%D9%88%D9%84%D8%AA%D8%A7-Konica-Minolta-C451,1,27,12,404,,0,2.9
https://mahamprint.com/product/1311/%D8%AF%DB%8C%D8%AA%D8%A7-%D9%88%DB%8C%D8%AF%D8%A6%D9%88-%D9%BE%D8%B1%D9%88%DA%98%DA%A9%D8%AA%D9%88%D8%B1-BENQ-MS550,1,27,8.444444444444445,404,,0,5.34
https://mahamprint.com/product/2311/%D8%B1%D9%88%D9%84-%D9%BE%D8%B1%D8%B3-Ricoh-Aficio-1075-CET,1,27,10.555555555555555,404,,0,2.24
https://mahamprint.com/product/1629/%D8%AF%D8%B3%D8%AA%DA%AF%D8%A7%D9%87-%D9%81%DA%A9%D8%B3-CANON-%D9%85%D8%AF%D9%84-L170%E2%80%8E,1,27,7.407407407407407,404,,0,7.85
https://mahamprint.com/product/2993/%D8%AF%D8%B3%D8%AA%DA%AF%D8%A7%D9%87-%20%DA%A9%D9%BE%DB%8C-%20%DA%86%D9%86%D8%AF%20%DA%A9%D8%A7%D8%B1%D9%87-%20%20canon-%20%D9%85%D8%AF%D9%84-%20%20imageRUNNER%20-C3226i,1,27,7.888888888888889,404,,0,2.58
https://mahamprint.com/product/2871/%D9%BE%D8%B1%D8%AF%D9%87-%D9%86%D9%85%D8%A7%DB%8C%D8%B4-%D8%A8%D8%B1%D9%82%DB%8C-%DA%A9%D8%B1%D9%88%D9%85%D8%A7%DA%A9%DB%8C-%D9%85%D8%AF%D9%84-CSG150A,1,27,7.481481481481482,404,,0,3.55
https://mahamprint.com/product/299/%D9%BE%D8%B1%DB%8C%D9%86%D8%AA%D8%B1-%D9%84%DB%8C%D8%B2%D8%B1%DB%8C-%DA%86%D9%87%D8%A7%D8%B1%DA%A9%D8%A7%D8%B1%D9%87-%D8%A8%D8%B1%D9%86%D8%AF-HP-M1212NF,1,27,8.555555555555555,404,,0,3.2
https://mahamprint.com/product/661/%DA%A9%D8%A7%D8%BA%D8%B0-%D8%AE%D8%B1%D8%AF%DA%A9%D9%86-Mehr-MM-636,1,27,24.88888888888889,404,,0,2.34
https://mahamprint.com/tag/544/%D9%BE%D8%B1%DB%8C%D9%86%D8%AA%D8%B1-%D8%A7%D9%BE%D8%B3%D9%88%D9%86,1,27,11.962962962962964,404,,0,2.74
https://mahamprint.com/product/867/%D8%A7%D8%B3%DA%A9%D9%86%D8%A7%D8%B3-%D8%B4%D9%85%D8%A7%D8%B1-%D9%86%D8%A7%D9%85%DB%8C-%D8%AA%D8%B1%D8%A7%D8%B2-Nami-Taraz-DB180,1,27,7.444444444444445,404,,0,3.37
https://mahamprint.com/products/--hp-05a,1,27,8.11111111111111,200,https://mahamprint.com/products/--hp-05a,0,3.29
https://mahamprint.com/product/1558/%D8%AA%D9%88%D9%86%D8%B1-HP-85A,0,28,13.464285714285714,ERR:TimeoutError,,0,31.59
https://mahamprint.com/product/2129/%D8%AF%D8%B1%D8%A7%D9%85-%D9%85%D8%AF%D9%84-HP-5500-Drum,0,27,12.925925925925926,404,,0,2.71
https://mahamprint.com/product/2557/%D8%AF%DB%8C%D8%AA%D8%A7-%D9%BE%D8%B1%D9%88%DA%98%DA%A9%D8%AA%D9%88%D8%B1-optoma-%D9%85%D8%AF%D9%84-s336,0,27,10,404,,0,3.4
https://mahamprint.com/page/7/%D9%81%D8%B1%D9%88%D8%B4%D9%86%D8%AF%D9%87-%D8%B4%D9%88%DB%8C%D8%AF,0,27,2.148148148148148,404,,0,4.68
https://mahamprint.com/product/1499/%DA%A9%D8%A7%D8%B1%D8%AA%D8%B1%DB%8C%D8%AC-CANON-C-exv42,0,27,7.2592592592592595,404,,0,4.5
https://mahamprint.com/product/2572/%D9%87%D9%84%DB%8C-%D8%B4%D8%A7%D8%AA-%D8%A8%D8%B1%D9%86%D8%AF-DJI-%D9%85%D8%AF%D9%84-FPV,0,27,16.962962962962962,404,,0,2.29
https://mahamprint.com/product/706/%DA%A9%D8%A7%D8%BA%D8%B0-%D8%AE%D8%B1%D8%AF%DA%A9%D9%86-%D8%A7%D9%84%D8%A8%D8%B1%D8%B2-AZC12,0,27,6.37037037037037,404,,0,2.76
https://mahamprint.com/product/794/%D8%A8%D8%A7%D8%B1%DA%A9%D8%AF-%D8%A7%D8%B3%DA%A9%D9%86%D8%B1-%D8%A8%D8%B1%D9%86%D8%AF-Zebex-Z-3392-BT,0,27,10.333333333333334,404,,0,2.38
https://mahamprint.com/product/641/%D8%AF%D8%B3%D8%AA%DA%AF%DB%8C%D8%B1%D9%87-%D9%87%D9%88%D8%B4%D9%85%D9%86%D8%AF-ZKTeco-L7000,0,27,39.074074074074076,404,,0,4.38
https://mahamprint.com/product/604/%D8%B5%D9%86%D8%AF%D9%88%D9%82-%D9%81%D8%B1%D9%88%D8%B4%DA%AF%D8%A7%D9%87%DB%8C-POSBANK-BLUO-Q3,0,27,5.814814814814815,404,,0,4.56
https://mahamprint.com/product/99/%D9%BE%D8%B1%DB%8C%D9%86%D8%AA%D8%B1-%DA%86%D9%86%D8%AF%DA%A9%D8%A7%D8%B1%D9%87-%D9%84%DB%8C%D8%B2%D8%B1%DB%8C-CANON-%D9%85%D8%AF%D9%84-MF236N,0,27,11,404,,0,3.2
https://mahamprint.com/brand/29/lexmark,0,27,9.777777777777779,404,,0,11.76
https://mahamprint.com/products/---canon--pixma--ts3640,0,27,7.481481481481482,200,https://mahamprint.com/products/---canon--pixma--ts3640,0,3.29
https://mahamprint.com/product/822/%D8%A8%D8%A7%D8%B1%DA%A9%D8%AF-%D8%A7%D8%B3%DA%A9%D9%86%D8%B1-SCOPE-SP-5083,4,26,5.1923076923076925,404,,0,2.25
https://mahamprint.com/product/1183/%DA%A9%D9%86%D8%B3%D9%88%D9%84-%D8%A8%D8%A7%D8%B2%DB%8C-Sony-Playstation-%D9%85%D8%AF%D9%84-3-320GB,3,26,7.115384615384615,404,,0,2.25
https://mahamprint.com/products/--sharp-ar-x201,3,26,8.076923076923077,200,https://mahamprint.com/products/--sharp-ar-x201,0,2.62
https://mahamprint.com/product/2293/%D8%B1%D9%88%D9%84-%D9%BE%D8%B1%D8%B3-Toshiba-E355-455,3,26,9.153846153846153,404,,0,2.92
https://mahamprint.com/product/317/%D9%BE%D8%B1%DB%8C%D9%86%D8%AA%D8%B1-%D8%B1%D9%86%DA%AF%DB%8C-CANON-MF645cx,3,26,7.538461538461538,404,,0,3.32
https://mahamprint.com/product/1635/%D9%BE%D8%B1%DB%8C%D9%86%D8%AA%D8%B1-%D9%84%DB%8C%D8%B2%D8%B1%DB%8C-%DA%86%D9%86%D8%AF%DA%A9%D8%A7%D8%B1%D9%87-BROTHER-%D9%85%D8%AF%D9%84-L6900DW,2,26,25.192307692307693,404,,0,3.04
https://mahamprint.com/product/1837/%D8%B1%D9%88%D9%84-%D9%84%DB%8C%D8%A8%D9%84-%DA%A9%D8%A7%D8%BA%D8%B0-%DA%86%D9%87%D8%A7%D8%B1-%D8%B1%D8%AF%DB%8C%D9%81%D9%87-25-12,2,26,8.73076923076923,404,,0,3.03
https://mahamprint.com/product/2127/%D8%AF%D8%B1%D8%A7%D9%85-%DA%A9%D8%A7%D8%B1%D8%AA%D8%B1%DB%8C%D8%AC-Sharp-%D9%85%D8%AF%D9%84-275-Drum,2,26,6.846153846153846,404,,0,2.38
https://mahamprint.com/product/2660/%D8%A7%D8%B3%DA%A9%D9%86%D8%B1-FUJITSU-FI-7140,2,26,7.1923076923076925,404,,0,2.32
https://mahamprint.com/product/630/%D8%AF%D8%B3%D8%AA%DA%AF%D8%A7%D9%87-%D8%AD%D8%B6%D9%88%D8%B1-%D9%88-%D8%BA%DB%8C%D8%A7%D8%A8-ZKTeco-G3,2,26,8.423076923076923,404,,0,2.19
https://mahamprint.com/product/2281/%D9%87%D8%A7%D8%AA-%D8%B1%D9%88%D9%84%D8%B1-%D8%B3%D8%A7%D9%85%D8%B3%D9%88%D9%86%DA%AF-1610,2,26,26.5,404,,0,3.41
https://mahamprint.com/product/893/%D8%A7%D8%B3%DA%A9%D9%86%D8%A7%D8%B3-%D8%B4%D9%85%D8%A7%D8%B1-MAX-BS-110,2,26,7.615384615384615,404,,0,2.84
https://mahamprint.com/product/990/%D9%85%D8%A7%D8%B4%DB%8C%D9%86-%D8%AD%D8%B3%D8%A7%D8%A8-Citizen-SLD-1012II,2,26,10.884615384615385,404,,0,2.45
https://mahamprint.com/index.php?productID=443,1,26,8.653846153846153,404,,0,2.63
https://mahamprint.com/product/1194/%D9%84%D9%BE-%D8%AA%D8%A7%D9%BE-13-%D8%A7%DB%8C%D9%86%DA%86%DB%8C-MacBook-Pro-MXK32,1,26,9.423076923076923,404,,0,2.23
https://mahamprint.com/tag/818/%D8%A7%D8%B3%DA%A9%D9%86%D8%B1-%D8%A7%DB%8C-%D9%88%DB%8C%DA%98%D9%86,2,26,46.69230769230769,404,,0,2.96
https://mahamprint.com/product/1515/%D8%AA%D9%88%D9%86%D8%B1-HP-80A,1,26,8.26923076923077,404,,0,2.44
https://mahamprint.com/product/2682/%D9%BE%D8%AF-%D8%A7%D9%85%D8%B6%D8%A7%D8%A1-%D8%AF%DB%8C%D8%AC%DB%8C%D8%AA%D8%A7%D9%84-%D8%A8%D8%B1%D9%86%D8%AF-WACOM-STU-530,2,27,10.851851851851851,ERR:TimeoutError,,0,33.09
https://mahamprint.com/product/1759/%D8%B1%DB%8C%D8%A8%D9%88%D9%86-%D8%B1%D9%86%DA%AF%DB%8C-250-%D8%B9%DA%A9%D8%B3-Nisca-3BP-YMCKO-Ribbon,1,26,15.615384615384615,404,,0,2.5
https://mahamprint.com/product/2598/%DA%AF%D9%88%D8%B4%DB%8C-%D8%B3%D8%A7%D9%85%D8%B3%D9%88%D9%86%DA%AF-GALAXY-S20-FE,1,26,10.576923076923077,404,,0,2.24
https://mahamprint.com/product/2236/%D9%81%DB%8C%D9%88%D8%B2%DB%8C%D9%86%DA%AF-%D8%A7%DA%86-%D9%BE%DB%8C-HP-2035,1,26,20.96153846153846,404,,0,2.3
https://mahamprint.com/product/315/%D9%BE%D8%B1%DB%8C%D9%86%D8%AA%D8%B1-%D8%AC%D9%88%D9%87%D8%B1%D8%A7%D9%81%D8%B4%D8%A7%D9%86-EPSON-M1140,1,26,7.346153846153846,404,,0,2.38
https://mahamprint.com/product/277/%D9%BE%D8%B1%DB%8C%D9%86%D8%AA%D8%B1-%D9%84%DB%8C%D8%B2%D8%B1%DB%8C-%D9%85%D8%AF%D9%84-SAMSUNG-SL-K2200,1,26,7.115384615384615,404,,0,3.4
https://mahamprint.com/products/-kodak-i3450,1,26,5.5,200,https://mahamprint.com/products/-kodak-i3450,0,3.28
https://mahamprint.com/product/629/%D8%AF%D8%B3%D8%AA%DA%AF%D8%A7%D9%87-%D8%AD%D8%B6%D9%88%D8%B1-%D9%88-%D8%BA%DB%8C%D8%A7%D8%A8-ZKTeco-MP-52,1,26,30.153846153846153,404,,0,3.54
https://mahamprint.com/product/1095/%D8%AF%D8%B1%D8%A7%D9%85-%DA%A9%D8%A7%D8%B1%D8%AA%D8%B1%DB%8C%D8%AC-hp-%D9%85%D8%AF%D9%84-%DB%B1%DB%B0%DB%B2%DB%B5,0,26,12.423076923076923,404,,0,6.7
https://mahamprint.com/product/1134/%D8%AC%D9%88%D9%87%D8%B1-6-%D8%B1%D9%86%DA%AF-EPSON-%D9%85%D8%AF%D9%84-T67,0,26,18.192307692307693,404,,0,6.04
https://mahamprint.com/product/1712/%D8%B1%DB%8C%D8%A8%D9%88%D9%86-Wax-Resin-80-300,0,26,67.07692307692308,404,,0,5.77
https://mahamprint.com/brand/82/smart,0,26,16.346153846153847,404,,0,8.47
https://mahamprint.com/product/1240/%D8%AF%DB%8C%D8%AA%D8%A7-%D9%88%DB%8C%D8%AF%D8%A6%D9%88-%D9%BE%D8%B1%D9%88%DA%98%DA%A9%D8%AA%D9%88%D8%B1-%D9%82%D8%A7%D8%A8%D9%84-%D8%AD%D9%85%D9%84-Aiptek-T30,0,26,31.115384615384617,404,,0,5.85
https://mahamprint.com/brand/68/DELL,0,26,11.153846153846153,404,,0,9.34
https://mahamprint.com/product/2379/%D9%BE%DB%8C%DA%A9%D8%A7%D9%BE-%D9%BE%D8%B1%DB%8C%D9%86%D8%AA%D8%B1-%D8%A7%DA%86-%D9%BE%DB%8C-1010-HP,0,26,13.384615384615385,404,,0,2.32
https://mahamprint.com/product/2511/%D9%BE%D8%B1%DB%8C%D9%86%D8%AA%D8%B1-%D9%84%DB%8C%D8%B2%D8%B1%DB%8C-hp-607dn,0,26,7.653846153846154,404,,0,2.32
https://mahamprint.com/product/1556/%D8%AA%D9%88%D9%86%D8%B1-HP-26A,4,25,7.16,404,,0,5.0
https://mahamprint.com/products/--hsoon-bj-2100-uv,0,26,6.153846153846154,200,https://mahamprint.com/products/--hsoon-bj-2100-uv,0,6.38
https://mahamprint.com/product/318/%D9%BE%D8%B1%DB%8C%D9%86%D8%AA%D8%B1-%D8%AA%DA%A9-%DA%A9%D8%A7%D8%B1%D9%87-%D9%84%DB%8C%D8%B2%D8%B1%DB%8C-%D9%85%D8%AF%D9%84-hp-404dn,0,26,8.192307692307693,404,,0,6.56
https://mahamprint.com/product/1546/%D8%AA%D9%88%D9%86%D8%B1-RICOH-407245,5,25,10.28,404,,0,5.75
https://mahamprint.com/product/2563/%D9%88%DB%8C%D8%AF%D8%A6%D9%88-%D9%BE%D8%B1%D9%88%DA%98%DA%A9%D8%AA%D9%88%D8%B1-EPSON-EB-992F,0,26,8.5,404,,0,8.57
https://mahamprint.com/product/647/%DA%A9%D8%A7%D8%BA%D8%B0-%D8%AE%D8%B1%D8%AF%DA%A9%D9%86-Sunwood-SD9680,4,25,6.92,404,,0,2.17
https://mahamprint.com/product/1086/%D9%81%D9%88%D9%85-%D8%B1%D9%88%D9%84-%D9%85%D8%AF%D9%84-%DB%B1%DB%B3%DB%B2%DB%B0-HP,2,25,10.56,404,,0,2.27
https://mahamprint.com/product/1564/%D8%AA%D9%88%D9%86%D8%B1-HP-206X,4,25,4.2,404,,0,2.65
https://mahamprint.com/product/1302/%D8%AF%DB%8C%D8%AA%D8%A7-%D9%88%DB%8C%D8%AF%D8%A6%D9%88-%D9%BE%D8%B1%D9%88%DA%98%DA%A9%D8%AA%D9%88%D8%B1-RICOH-PJ-S2150,2,25,8.96,404,,0,3.36
https://mahamprint.com/product/1008/%D9%85%D8%A7%D8%B4%DB%8C%D9%86-%D8%AD%D8%B3%D8%A7%D8%A8-CASIO-DX-120B,1,25,6.8,404,,0,2.17
https://mahamprint.com/product/2233/%D9%81%DB%8C%D9%84%D9%85-%D9%81%DB%8C%D9%88%D8%B2%DB%8C%D9%86%DA%AF-hp-1100,2,25,7.24,404,,0,2.6
https://mahamprint.com/product/1106/%D8%AA%D9%88%D9%86%D8%B1-%D8%B4%D8%A7%D8%B1%DA%98-canon-%D9%85%D8%AF%D9%84-1kg,1,25,12.2,404,,0,3.17
https://mahamprint.com/product/1785/%D8%AF%D9%88%D9%84%D9%88%D9%BE%D8%B1-%D8%A8%D8%B1%D9%86%D8%AF-Sharp-%D9%85%D8%AF%D9%84-MX-500GV,1,25,7.12,404,,0,2.89
https://mahamprint.com/product/2372/%DA%86%D8%B1%D8%AE-%D8%AF%D9%86%D8%AF%D9%87-%D8%AF%D9%88%D8%A8%D9%84-%D9%87%DB%8C%D8%AA%D8%B1-%D9%82%D9%87%D9%88%D9%87-%D8%A7%DB%8C-%D8%AE%D8%A7%D8%B1%D8%AC%DB%8C-%D8%AA%D9%88%D8%B4%DB%8C%D8%A8%D8%A7-E-S166,1,25,8.64,404,,0,2.27
https://mahamprint.com/product/2697/%D8%B3%D9%88%D8%A6%DB%8C%DA%86-CISCO-C9200-24T-E,1,25,6.4,404,,0,2.22
https://mahamprint.com/product/1433/%D8%AA%D9%88%D9%86%D8%B1-Epson-202-CMYK,1,25,9.56,404,,0,4.53
https://mahamprint.com/product/2928/%D9%BE%D8%B1%DB%8C%D9%86%D8%AA%D8%B1-%D8%AA%DA%A9-%DA%A9%D8%A7%D8%B1%D9%87-%D9%84%DB%8C%D8%B2%D8%B1%DB%8C-canon-6033w,1,25,6.64,404,,0,2.2
https://mahamprint.com/brands,0,25,1.4,200,https://mahamprint.com/brands,0,2.4
https://mahamprint.com/products/--hp-206a,1,25,7.68,200,https://mahamprint.com/products/--hp-206a,0,2.68
https://mahamprint.com/product/628/%D8%AF%D8%B3%D8%AA%DA%AF%D8%A7%D9%87-%D8%AD%D8%B6%D9%88%D8%B1-%D9%88-%D8%BA%DB%8C%D8%A7%D8%A8-ZKTeco-K30,1,25,6.72,404,,0,4.01
https://mahamprint.com/products/--casio-dr-1212la,1,25,7.84,200,https://mahamprint.com/products/--casio-dr-1212la,0,4.13
https://mahamprint.com/mag/%D8%AE%D8%B1%DB%8C%D8%AF-%D8%A7%D8%B3%DA%A9%D9%86%D8%B1,0,25,12.24,404,,0,3.37
https://mahamprint.com/product/1362/%D8%AA%D9%88%D9%86%D8%B1-%DA%A9%D8%A7%D8%B1%D8%AA%D8%B1%DB%8C%D8%AC-CANON-551-XL-CMYK,0,25,9.68,404,,0,2.62
https://mahamprint.com/product/158/%D9%BE%D8%B1%DB%8C%D9%86%D8%AA%D8%B1-%D9%84%DB%8C%D8%B2%D8%B1%DB%8C-%D8%A8%D8%B1%D9%86%D8%AF-HP-M102w,0,25,7.56,404,,0,2.77
https://mahamprint.com/product/1198/%D9%84%D9%BE-%D8%AA%D8%A7%D9%BE-13-%D8%A7%DB%8C%D9%86%DA%86%DB%8C-MacBook-Pro-MWP52,0,25,6.16,404,,0,4.5
https://mahamprint.com/mag/%D9%87%DA%A9-%DA%86%DB%8C%D8%B3%D8%AA%D8%9F,0,25,11.8,404,,0,4.68
https://mahamprint.com/product/1797/%D8%B1%D9%88%D9%84-%DA%A9%D8%A7%D8%BA%D8%B0-%D8%AD%D8%B1%D8%A7%D8%B1%D8%AA%DB%8C-Hansol-8-cm,0,25,29.64,404,,0,3.6
https://mahamprint.com/product/1986/%D9%86%D9%88%D8%A7%D8%B1-%D9%84%DB%8C%D8%A8%D9%84-%D9%BE%D8%B1%DB%8C%D9%86%D8%AA%D8%B1-brother-TZE-641-%D8%BA%DB%8C%D8%B1-%D8%A7%D9%88%D8%B1%D8%AC%DB%8C%D9%86%D8%A7%D9%84,0,25,6.92,404,,0,2.25
https://mahamprint.com/product/2253/%D9%81%DB%8C%D9%88%D8%B2%DB%8C%D9%86%DA%AF-%D8%B3%D8%A7%D9%85%D8%B3%D9%88%D9%86%DA%AF-Samsung-2850,0,25,8.96,404,,0,3.2
https://mahamprint.com/product/3087/%D9%BE%D8%B1%DB%8C%D9%86%D8%AA%D8%B1-%20%D8%B3%D9%87-%20%DA%A9%D8%A7%D8%B1%D9%87%20-%D8%B1%D9%86%DA%AF%DB%8C%20-CANON-%20MF633Cdw,0,25,71.92,404,,0,2.19
https://mahamprint.com/product/2666/%D9%88%DB%8C%D8%AF%D8%A6%D9%88-%D9%BE%D8%B1%DA%98%DA%A9%D8%AA%D9%88%D8%B1-benq-ms560,0,25,8.280000000000001,404,,0,3.22
https://mahamprint.com/product/2566/%D9%87%D9%84%DB%8C-%D8%B4%D8%A7%D8%AA-%D8%A8%D8%B1%D9%86%D8%AF-DJI-MINI-3-PRO,0,25,18.36,404,,0,4.43
https://mahamprint.com/product/2645/%D9%84%D9%BE-%D8%AA%D8%A7%D9%BE-Asus-R565EP-i7-1165G7-16GB-512GB-SSD-2GB,0,25,9.48,404,,0,4.61
https://mahamprint.com/product/659/%DA%A9%D8%A7%D8%BA%D8%B0-%D8%AE%D8%B1%D8%AF%DA%A9%D9%86-Mehr-MM-886,0,25,9.44,404,,0,2.29
https://mahamprint.com/product/724/%DA%A9%D8%A7%D8%BA%D8%B0-%D8%AE%D8%B1%D8%AF-%DA%A9%D9%86-Fellowes-450Ms,0,25,31.6,404,,0,3.26
https://mahamprint.com/products/------zebra--symbol--ds2208,0,25,6.36,200,https://mahamprint.com/products/------zebra--symbol--ds2208,0,2.91
https://mahamprint.com/product/2458/%D8%AF%D8%B3%D8%AA%DA%AF%D8%A7%D9%87-%DA%A9%D9%BE%DB%8C-RICOH-IMC2000,4,24,9.416666666666666,404,,0,3.71
https://mahamprint.com/product/984/%D9%85%D8%A7%D8%B4%DB%8C%D9%86-%D8%AD%D8%B3%D8%A7%D8%A8-CASIO-SL-1000TW,0,25,7.28,404,,0,4.53
https://mahamprint.com/product/529/%D8%AA%D8%B3%D8%AA-%D8%A7%D8%B3%DA%A9%D9%86%D8%A7%D8%B3-D106,4,24,6.583333333333333,404,,0,5.16
https://mahamprint.com/product/1109/%D8%AA%D9%88%D9%86%D8%B1-%D8%B4%D8%A7%D8%B1%DA%98-%D8%A8%D8%B1%D9%86%D8%AF-hp-%D9%85%D8%AF%D9%84-3525-130gr,2,24,11.333333333333334,404,,0,4.05
https://mahamprint.com/product/419/%D8%A7%D8%B3%DA%A9%D9%86%D8%B1-KODAK-i2820,2,24,7.5,404,,0,3.69
https://mahamprint.com/index.php?productID=3033,1,24,5.958333333333333,404,,0,2.77
https://mahamprint.com/product/1098/%D8%AF%D8%B1%D8%A7%D9%85-%D8%B1%D9%86%DA%AF%DB%8C-HP-1215,1,24,9.25,404,,0,2.3
https://mahamprint.com/product/1691/%D9%BE%D8%B1%D8%AF%D9%87-%D9%86%D9%85%D8%A7%DB%8C%D8%B4-scope-%D9%BE%D8%A7%DB%8C%D9%87-%D8%AF%D8%A7%D8%B1-250-250-cm,1,24,7.791666666666667,404,,0,2.21
https://mahamprint.com/product/1813/%D8%AA%D8%A7%D9%86%DA%A9-%D8%AC%D9%88%D9%87%D8%B1-Epson-R200,1,24,14.291666666666666,404,,0,3.15
https://mahamprint.com/product/2231/%D9%81%DB%8C%D9%84%D9%85-%D9%81%DB%8C%D9%88%D8%B2%DB%8C%D9%86%DA%AF-%D8%A7%D9%88%D8%B1%D8%AC%DB%8C%D9%86%D8%A7%D9%84-hp-P4014,1,24,14.375,404,,0,2.33
https://mahamprint.com/product/982/%D9%85%D8%A7%D8%B4%DB%8C%D9%86-%D8%AD%D8%B3%D8%A7%D8%A8-CASIO-LC-401LV,5,25,6.12,ERR:TimeoutError,,0,34.58
https://mahamprint.com/product/552/%D9%81%DB%8C%D8%B4-%D9%BE%D8%B1%DB%8C%D9%86%D8%AA%D8%B1-Citizen-CT-S310,2,24,10.208333333333334,404,,0,7.51
https://mahamprint.com/product/2244/%D9%81%DB%8C%D9%88%D8%B2%DB%8C%D9%86%DA%AF-HP-M402,1,24,9.375,404,,0,3.25
https://mahamprint.com/product/2145/%D8%B3%D9%BE%D8%B1%DB%8C%D8%B4%D9%86-%D9%BE%D8%AF-HP-LaserJet-3015-%D8%A7%D9%88%D8%B1%D8%AC%DB%8C%D9%86%D8%A7%D9%84,1,24,8.916666666666668,404,,0,5.32
https://mahamprint.com/product/557/%D9%84%DB%8C%D8%A8%D9%84-%D9%BE%D8%B1%DB%8C%D9%86%D8%AA%D8%B1-Bixolon-SLP-TX400,1,24,13.416666666666666,404,,0,3.64
https://mahamprint.com/product/2297/%D8%B1%D9%88%D9%84-%D9%BE%D8%B1%D8%B3-HP-1020,1,24,7.958333333333333,404,,0,6.32
https://mahamprint.com/products/------hp-1010,1,24,8,200,https://mahamprint.com/products/------hp-1010,0,4.23
https://mahamprint.com/product/328/%D9%BE%D8%B1%DB%8C%D9%86%D8%AA%D8%B1-%D9%84%DB%8C%D8%B2%D8%B1%DB%8C-%D9%85%D8%AF%D9%84-SAMSUNG-SL-M3320ND,1,24,7.333333333333333,404,,0,5.0
https://mahamprint.com/product/2899/%D9%84%DB%8C%D8%A8%D9%84-%D9%BE%D8%B1%DB%8C%D9%86%D8%AA%D8%B1-%D9%85%D8%AF%D9%84-Zenpert-4T520,1,24,9.083333333333334,404,,0,5.97
https://mahamprint.com/products/-----hp--m251n,1,24,7.958333333333333,200,https://mahamprint.com/products/-----hp--m251n,0,3.1
https://mahamprint.com/page/%D9%82%D9%88%D8%A7%D9%86%DB%8C%D9%86-%D9%85%D8%A7,0,24,3.0833333333333335,404,,0,3.6
https://mahamprint.com/index.php?productID=3078,0,24,7.541666666666667,404,,0,3.74
https://mahamprint.com/products/------hp-p2035,1,24,6.791666666666667,200,https://mahamprint.com/products/------hp-p2035,0,4.65
https://mahamprint.com/product/2581/%DA%AF%D9%88%D8%B4%DB%8C-%D9%85%D9%88%D8%A8%D8%A7%DB%8C%D9%84-%D8%A7%D9%BE%D9%84-iphone-14-pro-max,1,24,7.166666666666667,404,,0,10.59
https://mahamprint.com/product/1159/%DA%A9%D8%A7%D8%BA%D8%B0-A4-double-A,0,24,15.416666666666666,404,,0,4.0
https://mahamprint.com/product/1619/%D9%BE%D8%B1%DB%8C%D9%86%D8%AA%D8%B1-%D9%84%DB%8C%D8%B2%D8%B1%DB%8C-%D9%85%D8%AF%D9%84-HP-M438N,0,24,11.25,404,,0,4.72
https://mahamprint.com/product/2012/%D8%A8%D8%A7%D8%AA%D8%B1%DB%8C-%D8%B3%DA%A9%D9%87-%D8%A7%DB%8C-Maxell-CR1620-3V,0,24,7,404,,0,4.83
https://mahamprint.com/product/2217/%D8%B3%DB%8C%D9%86%DB%8C-%D8%AE%D8%B1%D9%88%D8%AC%DB%8C-%D9%BE%D8%B1%DB%8C%D9%86%D8%AA%D8%B1-hp-1010,0,24,9.708333333333334,404,,0,4.93
https://mahamprint.com/product/487/%D8%A7%D8%B3%DA%A9%D9%86%D8%B1-CANON-FB101,0,24,21.833333333333332,404,,0,2.39
https://mahamprint.com/product/403/%D8%A7%D8%B3%DA%A9%D9%86%D8%B1-EPSON-DS-1630,0,24,12.083333333333334,404,,0,5.52
https://mahamprint.com/product/2759/all-in-one-dell-%D9%85%D8%AF%D9%84-3240-core-i5-6,0,24,16.708333333333336,404,,0,6.3
https://mahamprint.com/product/739/%DA%A9%D8%A7%D8%BA%D8%B0-%D8%AE%D8%B1%D8%AF%DA%A9%D9%86-nikita-SD-9522,0,24,10.333333333333334,404,,0,2.32
https://mahamprint.com/product/2392/%D9%85%D8%AC%D9%85%D9%88%D8%B9%D9%87-%DA%A9%D8%A7%D9%85%D9%84-%D9%BE%DB%8C%DA%A9%D8%A7%D9%BE-%D9%88-%D9%BE%D8%AF-hpadf1536,0,24,6.833333333333333,404,,0,7.53
https://mahamprint.com/product/1333/%D9%85%D8%A7%D9%86%DB%8C%D8%AA%D9%88%D8%B1-%D8%A7%D9%84-%D8%AC%DB%8C-%DB%B2%DB%B4-MK430H-B-%D8%B3%D8%A7%DB%8C%D8%B2-%DB%B2%DB%B3%DB%B5-%D8%A7%DB%8C%D9%86%DA%86,4,23,5.695652173913044,404,,0,2.29
https://mahamprint.com/product/1577/%DA%A9%D8%A7%D8%B1%D8%AA%D8%B1%DB%8C%D8%AC-%D8%AA%D9%88%D9%86%D8%B1-HP-972A,4,23,6.782608695652174,404,,0,2.29
https://mahamprint.com/product/2448/%D9%84%DB%8C%D8%A8%D9%84-%D9%BE%D8%B1%DB%8C%D9%86%D8%AA%D8%B1-brother-PT-P750W,4,23,7.565217391304348,404,,0,2.62
https://mahamprint.com/products/--hp-479fdw,0,24,8.416666666666668,200,https://mahamprint.com/products/--hp-479fdw,0,3.91
https://mahamprint.com/products/--bixolon-srp-380,0,24,6.833333333333333,200,https://mahamprint.com/products/--bixolon-srp-380,0,5.43
https://mahamprint.com/product/2525/%D9%BE%D8%B1%DB%8C%D9%86%D8%AA%D8%B1-%D8%AC%D9%88%D9%87%D8%B1%D8%A7%D9%81%D8%B4%D8%A7%D9%86-%D9%85%D8%AF%D9%84-brother-MFC-T4500DW,3,23,10.565217391304348,404,,0,2.57
https://mahamprint.com/product/107/%D9%BE%D8%B1%DB%8C%D9%86%D8%AA%D8%B1-%DA%86%D9%86%D8%AF%DA%A9%D8%A7%D8%B1%D9%87-%D9%84%DB%8C%D8%B2%D8%B1%DB%8C-CANON-MF623CN,2,23,6.217391304347826,404,,0,3.32
https://mahamprint.com/products/--mindeo--md-6200,3,23,4.130434782608695,200,https://mahamprint.com/products/--mindeo--md-6200,0,3.65
https://mahamprint.com/product/2402/%DA%A9%D8%A7%D8%BA%D8%B0%DA%A9%D8%B4-%D8%A2%D8%AC%D8%AF%D8%A7%D8%B1-%D8%B1%DB%8C%DA%A9%D9%88-DX,2,23,13.08695652173913,404,,0,2.21
https://mahamprint.com/product/2341/%DA%86%D8%B1%D8%AE-%D8%AF%D9%86%D8%AF%D9%87-%D8%AF%D9%88%D8%A8%D9%84-%DA%A9%D9%84%D8%A7%DA%86-1005-hp,2,23,6.869565217391305,404,,0,4.3
https://mahamprint.com/product/276/%D9%BE%D8%B1%DB%8C%D9%86%D8%AA%D8%B1-%D9%84%DB%8C%D8%B2%D8%B1%DB%8C-%D9%85%D8%AF%D9%84-Samsung-3370FD,2,23,23.73913043478261,404,,0,2.27
https://mahamprint.com/product/260/%D9%BE%D8%B1%DB%8C%D9%86%D8%AA%D8%B1-EPSON-XP-55,2,23,10.73913043478261,404,,0,4.46
https://mahamprint.com/products/-olivetti-pr4,2,23,7.391304347826087,200,https://mahamprint.com/products/-olivetti-pr4,0,2.23
https://mahamprint.com/product/532/%D8%AA%D8%B3%D8%AA-%D8%A7%D8%B3%DA%A9%D9%86%D8%A7%D8%B3-%D9%85%D8%AF%D9%84-NIKITA-UV8,2,23,5.6521739130434785,404,,0,4.47
https://mahamprint.com/index.php?productID=393,1,23,7.173913043478261,404,,0,2.45
https://mahamprint.com/product/1364/%DA%A9%D8%A7%D8%B1%D8%AA%D8%B1%DB%8C%D8%AC-Canon-450-Black,1,23,9,404,,0,2.39
https://mahamprint.com/product/1472/%DA%A9%D8%A7%D8%B1%D8%AA%D8%B1%DB%8C%D8%AC-CANON-713,1,23,7.130434782608695,404,,0,2.26
https://mahamprint.com/product/1473/%DA%A9%D8%A7%D8%B1%D8%AA%D8%B1%DB%8C%D8%AC-CANON-708,1,23,6.173913043478261,404,,0,2.59
https://mahamprint.com/products/-avision-av5400,1,23,12.08695652173913,200,https://mahamprint.com/products/-avision-av5400,0,2.22
https://mahamprint.com/product/2625/%D8%A7%DB%8C%D8%B1%D9%BE%D8%A7%D8%AF-samsung-galaxy-buds-live,1,23,13.08695652173913,404,,0,2.75
https://mahamprint.com/brand/26/Brother?min=0&max=48600000&show=0&search=&allSize=&allColor=,0,23,45.78260869565217,404,,0,4.5
https://mahamprint.com/product/902/%D8%A7%D8%B3%DA%A9%D9%86%D8%A7%D8%B3-%D8%B4%D9%85%D8%A7%D8%B1-%D8%B1%D9%88%D9%85%DB%8C%D8%B2%DB%8C-AX-2000,3,23,6.043478260869565,404,,0,21.03
https://mahamprint.com/brand/76/TSC,0,23,3.782608695652174,404,,0,7.25
https://mahamprint.com/category/75/3%20job,0,23,8.478260869565219,404,,0,3.38
https://mahamprint.com/products/-hp-2320,1,23,7.826086956521739,200,https://mahamprint.com/products/-hp-2320,0,11.0
https://mahamprint.com/mag/review-of-safety-tips-when-flying-by-helicopter,0,23,6.6521739130434785,200,https://mahamprint.com/mag/review-of-safety-tips-when-flying-by-helicopter,0,2.44
https://mahamprint.com/product/1146/%D8%AC%D9%88%D9%87%D8%B1-EPSON-%D9%85%D8%AF%D9%84-4-%D8%B1%D9%86%DA%AF-786,0,23,10.869565217391305,404,,0,2.7
https://mahamprint.com/product/1731/%D8%B1%DB%8C%D8%A8%D9%88%D9%86-%D8%B1%D9%86%DA%AF%DB%8C-Hiti-CS-2-YMCKO-400-Prints-%D8%A7%D9%88%D8%B1%D8%AC%DB%8C%D9%86%D8%A7%D9%84,0,23,19.130434782608695,404,,0,2.95
https://mahamprint.com/product/2094/%D8%AF%D8%B1%D8%A7%D9%85-%D8%A8%D8%B1%D9%86%D8%AF-Ricoh-%D9%85%D8%AF%D9%84-SP100-Drum,0,23,9.434782608695652,404,,0,2.37
https://mahamprint.com/products/--epson--003,0,24,8.333333333333332,ERR:TimeoutError,,0,32.02
https://mahamprint.com/product/1715/%D8%B1%DB%8C%D8%A8%D9%88%D9%86-Wax-80-300,0,23,48,404,,0,4.78
https://mahamprint.com/product/2258/%D9%86%D8%A7%D8%AE%D9%86%DA%A9-%D9%87%D8%A7%D8%AA%D8%B1%D9%88%D9%84-%D9%85%D8%AF%D9%84-AR-420-%D8%B4%D8%A7%D8%B1%D9%BE,0,23,12.347826086956522,404,,0,2.81
https://mahamprint.com/product/1322/%D9%85%D8%A7%D9%86%DB%8C%D8%AA%D9%88%D8%B1-Samsung-CF391-%D8%B3%D8%A7%DB%8C%D8%B2-%DB%B2%DB%B7-%D8%A7%DB%8C%D9%86%DA%86,3,23,4.782608695652174,ERR:TimeoutError,,0,31.98
https://mahamprint.com/product/3036/%D9%BE%D8%B1%DB%8C%D9%86%D8%AA%D8%B1-%20%D8%B3%D9%87%20%DA%A9%D8%A7%D8%B1%D9%87%20-%D9%84%DB%8C%D8%B2%D8%B1%DB%8C-%20HP%20-MFP%20-M631dn,3,22,6.5,404,,0,2.21
https://mahamprint.com/products/-datalogic-qbt2590,0,23,38.17391304347826,200,https://mahamprint.com/products/-datalogic-qbt2590,0,3.23
https://mahamprint.com/index.php?productID=2937,0,23,7.608695652173913,404,,0,11.41
https://mahamprint.com/products/---c27f390fhm---,5,22,8.045454545454547,200,https://mahamprint.com/products/---c27f390fhm---,0,4.49
https://mahamprint.com/product/627/%D8%AF%D8%B3%D8%AA%DA%AF%D8%A7%D9%87-%D8%AD%D8%B6%D9%88%D8%B1-%D9%88-%D8%BA%DB%8C%D8%A7%D8%A8-ZKTeco-EB-110,3,22,8.40909090909091,404,,0,2.28
https://mahamprint.com/product/150/%D9%BE%D8%B1%DB%8C%D9%86%D8%AA%D8%B1-%D9%84%DB%8C%D8%B2%D8%B1%DB%8C-%D8%A8%D8%B1%D9%86%D8%AF-HP-MFP1200W,2,22,8.272727272727273,404,,0,2.38
https://mahamprint.com/product/1250/%D9%88%DB%8C%D8%AF%D8%A6%D9%88-%D9%BE%D8%B1%D9%88%DA%98%DA%A9%D8%AA%D9%88%D8%B1-%D8%AC%DB%8C%D8%A8%DB%8C-Aiptek-AN100,2,22,13.454545454545455,404,,0,2.49
https://mahamprint.com/product/1067/%D9%81%D8%AA%D9%88%DA%A9%D9%BE%DB%8C-CANON-2520,2,22,12.045454545454545,404,,0,3.45
https://mahamprint.com/product/215/%D9%BE%D8%B1%DB%8C%D9%86%D8%AA%D8%B1-%D8%AA%DA%A9-%DA%A9%D8%A7%D8%B1%D9%87-%D9%84%DB%8C%D8%B2%D8%B1%DB%8C-HP-CP5225N,2,22,8.5,404,,0,2.42
https://mahamprint.com/product/2175/%D8%AA%D8%B3%D9%85%D9%87-%DA%A9%D8%B1%DB%8C%D8%AC-%D9%BE%D8%B1%DB%8C%D9%86%D8%AA%D8%B1-%D8%A8%D8%B1%D9%86%D8%AF-Compuprint-SP40,2,22,6.7272727272727275,404,,0,2.9
https://mahamprint.com/product/2446/%D9%84%DB%8C%D8%A8%D9%84-%D9%BE%D8%B1%DB%8C%D9%86%D8%AA%D8%B1-%D8%A8%D8%B1%D9%86%D8%AF-brother-Pt-p950nw,2,22,24.5,404,,0,2.45
https://mahamprint.com/product/1905/%D8%A7%D8%B3%DA%A9%D9%86%D8%B1-mustek-a620,1,22,5.136363636363637,404,,0,2.39
https://mahamprint.com/products/--200---zebra-p330-ymcko-ribbon--,2,22,6.454545454545454,200,https://mahamprint.com/products/--200---zebra-p330-ymcko-ribbon--,0,3.0
https://mahamprint.com/product/242/%D9%BE%D8%B1%DB%8C%D9%86%D8%AA%D8%B1-%D9%84%DB%8C%D8%B2%D8%B1%DB%8C-CANON-MF269DW,1,22,7.409090909090909,404,,0,2.42
https://mahamprint.com/product/2234/%D9%81%DB%8C%D9%84%D9%85-%D9%81%DB%8C%D9%88%D8%B2%DB%8C%D9%86%DA%AF-%D8%A7%DA%86-%D9%BE%DB%8C-4350,1,22,7.363636363636363,404,,0,2.73
https://mahamprint.com/product/2930/%D9%88%DB%8C%D8%AF%D8%A6%D9%88-%D9%BE%D8%B1%D9%88%DA%98%DA%A9%D8%AA%D9%88%D8%B1-%D8%A8%D8%B1%D9%86%D8%AF-epson-%D9%85%D8%AF%D9%84-EB-E20,1,22,8.272727272727273,404,,0,3.04
https://mahamprint.com/products/--hp-14a,1,22,8.727272727272727,200,https://mahamprint.com/products/--hp-14a,0,2.25
https://mahamprint.com/brand/70/Lenovo,0,22,9.181818181818182,404,,0,2.35
https://mahamprint.com/index.php?productID=2964,0,22,7.2727272727272725,404,,0,2.33
https://mahamprint.com/product/585/%D9%84%DB%8C%D8%A8%D9%84-%D9%BE%D8%B1%DB%8C%D9%86%D8%AA%D8%B1-%D8%A8%D8%B1%D9%86%D8%AF-ZEC-%D9%85%D8%AF%D9%84-RP400-Full,1,22,8.59090909090909,404,,0,4.63
https://mahamprint.com/products/--------canon--pixma--mg2541s,1,22,8.363636363636363,200,https://mahamprint.com/products/--------canon--pixma--mg2541s,0,4.67
https://mahamprint.com/product/1192/%D9%84%D9%BE-%D8%AA%D8%A7%D9%BE-13-%D8%A7%DB%8C%D9%86%DA%86%DB%8C-%D8%A7%D9%BE%D9%84-MacBook-Air-MVH22,0,22,64.9090909090909,404,,0,2.22
https://mahamprint.com/product/1310/%D9%88%DB%8C%D8%AF%D8%A6%D9%88-%D9%BE%D8%B1%D9%88%DA%98%DA%A9%D8%AA%D9%88%D8%B1-%D8%A8%D8%B1%D9%86%D8%AF-BENQ-MS-532,0,22,15,404,,0,2.43
https://mahamprint.com/product/1184/%DA%A9%D9%86%D8%B3%D9%88%D9%84-%D8%A8%D8%A7%D8%B2%DB%8C-Playstation-3-Move,0,22,6.454545454545454,404,,0,3.51
https://mahamprint.com/product/1843/%D9%84%DB%8C%D8%A8%D9%84-Tyvek-%D8%B9%D8%B1%D8%B6-4-%D8%B3%D8%A7%D9%86%D8%AA,0,22,31.40909090909091,404,,0,2.29
https://mahamprint.com/product/2316/%D8%B1%D9%88%D9%84-%D9%BE%D8%B1%D8%B3-HP-5200,0,22,11.272727272727273,404,,0,2.32
https://mahamprint.com/mag/%D8%A8%D8%B1%D8%B1%D8%B3%DB%8C-%2010-%20%D8%A8%D8%A7%D8%B1%DA%A9%D8%AF%D8%AE%D9%88%D8%A7%D9%86-%20%D8%A8%D8%B1%D8%AA%D8%B1,0,22,6.636363636363637,404,,0,4.64
https://mahamprint.com/product/2738/%DA%A9%D8%A7%D8%B1%D8%AA-%DA%AF%D8%B1%D8%A7%D9%81%DB%8C%DA%A9-MSI-%D9%85%D8%AF%D9%84-RTX-3080-GAMING-Z-TRIO,0,22,25.272727272727273,404,,0,2.46
https://mahamprint.com/product/2644/%D9%84%D9%BE-%D8%AA%D8%A7%D9%BE-%D8%A8%D8%B1%D9%86%D8%AF-ASUS-%D9%85%D8%AF%D9%84-K413EQ-EK370,0,22,10.5,404,,0,3.13
https://mahamprint.com/product/32/Canon-5D-Mark-IV-%D8%A8%D8%A7-%D9%84%D9%86%D8%B2-%DB%B1%DB%B0%DB%B5-%DB%B2%DB%B4-L-IS-II-USM,0,22,52.95454545454545,404,,0,2.27
https://mahamprint.com/product/457/%D8%A7%D8%B3%DA%A9%D9%86%D8%B1-Mustek-D50,0,22,16.81818181818182,404,,0,2.27
https://mahamprint.com/product/2981/%D8%A8%D8%A7%D8%B1%DA%A9%D8%AF-%20%D8%AE%D9%88%D8%A7%D9%86-%20%D8%A8%D8%B1%D9%86%D8%AF-%20%20CBON-%20%D9%85%D8%AF%D9%84%20-CB-N200DW,0,22,7.7727272727272725,404,,0,4.46
https://mahamprint.com/product/293/%D9%BE%D8%B1%DB%8C%D9%86%D8%AA%D8%B1-%D9%84%DB%8C%D8%B2%D8%B1%DB%8C-%D8%A8%D8%B1%D9%86%D8%AF-HP-%D9%85%D8%AF%D9%84-MFP179FNW,0,22,6.7727272727272725,404,,0,5.03
https://mahamprint.com/product/3035/%D8%A7%D8%B3%DA%A9%D9%86%D8%B1-%D8%A8%D8%B1%D9%86%D8%AF-Fujitsu-FI-8250,0,22,37.63636363636363,404,,0,4.69
https://mahamprint.com/product/1902/%D8%A7%D8%B3%DA%A9%D9%86%D8%B1-Plustek-eScan-A350,4,21,7.095238095238095,404,,0,2.64
https://mahamprint.com/product/843/%D8%A8%D8%A7%D8%B1%DA%A9%D8%AF-%D8%A7%D8%B3%DA%A9%D9%86%D8%B1-DATALOGIC-QBT2131,0,22,66.5909090909091,404,,0,3.17
https://mahamprint.com/product/1121/%D8%AA%D9%88%D9%86%D8%B1-%D8%B4%D8%A7%D8%B1%DA%98-%D8%A8%D8%B1%D9%86%D8%AF-hp-1215-80gr,3,21,8.428571428571429,404,,0,7.11
https://mahamprint.com/product/1297/%D8%AF%DB%8C%D8%AA%D8%A7-%D9%88%DB%8C%D8%AF%D8%A6%D9%88-%D9%BE%D8%B1%D9%88%DA%98%DA%A9%D8%AA%D9%88%D8%B1-EPSON-W29,2,21,7,404,,0,6.33
https://mahamprint.com/product/1438/%D8%AA%D9%88%D9%86%D8%B1-Epson-212-CMYK,2,21,5.666666666666667,404,,0,6.02
https://mahamprint.com/products/--epson-tm-t20,3,21,4.476190476190476,200,https://mahamprint.com/products/--epson-tm-t20,0,6.68
https://mahamprint.com/product/1771/%DA%A9%D8%A7%D8%B1%D8%A8%D9%86-%D9%81%DA%A9%D8%B3-Sharp-FO-20CR,2,21,8.285714285714285,404,,0,7.87
https://mahamprint.com/products/--epson-eb-u05,4,21,6.9523809523809526,200,https://mahamprint.com/products/--epson-eb-u05,0,9.36
https://mahamprint.com/product/2950/%D8%A8%D8%A7%D8%B1%DA%A9%D8%AF%D8%AE%D9%88%D8%A7%D9%86%20-%D8%B1%D9%88%D9%85%DB%8C%D8%B2%DB%8C%20-%20Datalogic%20-%20%D9%85%D8%AF%D9%84-%20Magellan%203410VSI,2,21,7.809523809523809,404,,0,3.34
https://mahamprint.com/product/2382/%D9%84%D8%A7%D8%B3%D8%AA%DB%8C%DA%A9-%D8%B9%D8%A7%D8%AC%D8%AF%D8%A7%D8%B1-AR-160,1,21,10.761904761904763,404,,0,3.38
https://mahamprint.com/product/2880/%D9%BE%D8%B1%DB%8C%D9%86%D8%AA%D8%B1-%DA%86%D9%87%D8%A7%D8%B1%DA%A9%D8%A7%D8%B1%D9%87-%D9%84%DB%8C%D8%B2%D8%B1%DB%8C-%D8%A8%D8%B1%D9%86%D8%AF-brother-%D9%85%D8%AF%D9%84-MFC-L2715DW,1,21,12.619047619047619,404,,0,2.19
https://mahamprint.com/product/253/%D9%BE%D8%B1%DB%8C%D9%86%D8%AA%D8%B1-CANON-MG2540,1,21,12.095238095238095,404,,0,4.54
https://mahamprint.com/product/1834/%D9%84%DB%8C%D8%A8%D9%84-%D8%A8%D8%B1%DA%86%D8%B3%D8%A8-%DA%A9%D8%A7%D8%BA%D8%B0-%D8%B3%D9%87-%D8%B1%D8%AF%DB%8C%D9%81%D9%87-35-25,2,21,9.095238095238095,404,,0,5.25
https://mahamprint.com/product/767/%D8%AF%D8%B3%D8%AA%DA%AF%D8%A7%D9%87-%D8%A8%D8%B1%D8%B4-%DA%A9%D8%A7%D8%BA%D8%B0-AX-7208PX,1,21,7.0476190476190474,404,,0,2.19
https://mahamprint.com/product/855/%D8%AF%D8%B3%D8%AA%DA%AF%D8%A7%D9%87-%D8%A7%D8%B3%DA%A9%D9%86%D8%A7%D8%B3-%D8%B4%D9%85%D8%A7%D8%B1-%D9%85%D8%AF%D9%84-%DB%B8%DB%B0%DB%B0-%D8%AF%DB%8C%D8%AA%DA%A9,1,21,5.428571428571429,404,,0,2.23
https://mahamprint.com/product/2681/%D9%BE%D8%AF-%D8%A7%D9%85%D8%B6%D8%A7%D8%A1%DB%8C-%D8%AF%DB%8C%D8%AC%DB%8C%D8%AA%D8%A7%D9%84%DB%8C-Signotec-U105,1,21,18.80952380952381,404,,0,4.44
https://mahamprint.com/archive/%D9%85%D8%AD%D8%B5%D9%88%D9%84%D8%A7%D8%AA-%D8%A7%D8%B5%D9%84,0,21,1,404,,0,2.31
https://mahamprint.com/product/2120/%D8%AF%D8%B1%D8%A7%D9%85-%D9%85%D8%AF%D9%84-Brother-350-2000-Drum,0,21,9.333333333333334,404,,0,2.2
https://mahamprint.com/product/2595/%DA%AF%D9%88%D8%B4%DB%8C-%D8%B3%D8%A7%D9%85%D8%B3%D9%88%D9%86%DA%AF-GALAXY-A53-5G,0,21,14.238095238095237,404,,0,2.25
https://mahamprint.com/product/2313/%D8%B1%D9%88%D9%84-%D9%BE%D8%B1%D8%B3-Sharp-AR-620,0,21,6.285714285714286,404,,0,3.26
https://mahamprint.com/product/2492/%DA%86%D8%A7%D9%BE%DA%AF%D8%B1-%D8%B3%D9%87-%DA%A9%D8%A7%D8%B1%D9%87-EPSON-L6170,0,21,9.333333333333334,404,,0,3.18
https://mahamprint.com/product/2671/%D9%BE%D8%B1%DB%8C%D9%86%D8%AA%D8%B1-%D8%AA%DA%A9-%DA%A9%D8%A7%D8%B1%D9%87-%D9%84%DB%8C%D8%B2%D8%B1%DB%8C-BROTHER-HL-L2365DW,0,21,9.285714285714286,404,,0,2.35
https://mahamprint.com/product/2792/all-in-one-asus-V241EAK-i3-1111G4,0,21,9.142857142857142,404,,0,3.39
https://mahamprint.com/product/2259/%D9%86%D8%A7%D8%AE%D9%86%DA%A9-%D9%87%D8%A7%D8%AA%D8%B1%D9%88%D9%84-AR-236-%D8%B4%D8%A7%D8%B1%D9%BE-%D9%81%D8%A7%D8%A8%D8%B1%DB%8C%DA%A9,0,21,8.904761904761905,404,,0,6.46
https://mahamprint.com/product/925/%D9%85%D8%A7%D8%B4%DB%8C%D9%86-%D8%AD%D8%B3%D8%A7%D8%A8-CASIO-DR-120R,0,21,8.476190476190476,404,,0,4.93
https://mahamprint.com/products/-----hp-404dn,0,21,10.095238095238095,200,https://mahamprint.com/products/-----hp-404dn,0,3.71
https://mahamprint.com/product/2958/%D9%81%DB%8C%D8%B4%20-%D9%BE%D8%B1%DB%8C%D9%86%D8%AA%D8%B1%20-%D8%A8%D8%B1%D9%86%D8%AF-%20TM-T20III-%20EPSON,0,21,7.9523809523809526,404,,0,7.17
https://mahamprint.com/product/833/%D8%A8%D8%A7%D8%B1%DA%A9%D8%AF%D8%AE%D9%88%D8%A7%D9%86-DATALOGIC-Rida-dbt6400,0,21,6.9523809523809526,404,,0,6.82
https://mahamprint.com/product/3121/%D9%BE%D8%B1%DB%8C%D9%86%D8%AA%D8%B1%20-%DA%86%D9%87%D8%A7%D8%B1%DA%A9%D8%A7%D8%B1%D9%87-%20%D9%84%DB%8C%D8%B2%D8%B1%DB%8C%20-HP%20-425DW,0,21,7.666666666666667,404,,0,7.38
https://mahamprint.com/product/530/%D8%AA%D8%B3%D8%AA-%D8%A7%D8%B3%DA%A9%D9%86%D8%A7%D8%B3-Nikita-PBD-9S,0,21,7.857142857142857,404,,0,7.53
https://mahamprint.com/product/2265/%D9%87%D8%A7%D8%AA-%D8%B1%D9%88%D9%84%D8%B1-%D8%B3%D8%A7%D9%85%D8%B3%D9%88%D9%86%DA%AF-CLX-3185,4,20,7.8,404,,0,2.15
https://mahamprint.com/product/2915/%D9%BE%D8%B1%DB%8C%D9%86%D8%AA%D8%B1-%D8%AA%DA%A9-%DA%A9%D8%A7%D8%B1%D9%87-HP-P4515N,3,20,11.55,404,,0,2.35
https://mahamprint.com/products/----hp-150a,0,21,8.904761904761905,200,https://mahamprint.com/products/----hp-150a,0,3.48
https://mahamprint.com/products/----2250,0,21,6.619047619047619,200,https://mahamprint.com/products/----2250,0,4.24
https://mahamprint.com/tag/1836/HSKV-H%5D-D2500,0,21,8.380952380952381,404,,0,3.64
https://mahamprint.com/tag/705/%D8%A7%D8%B3%DA%A9%D9%86%D8%B1-%DA%A9%D8%AF%D8%A7%DA%A9,0,21,17.38095238095238,404,,0,4.33
https://mahamprint.com/product/1590/%DA%A9%D8%A7%D8%B1%D8%AA%D8%B1%DB%8C%D8%AC-CANON-045,2,20,4.7,404,,0,2.41
https://mahamprint.com/product/506/%D8%A7%D8%B3%DA%A9%D9%86%D8%B1-Avision-MiWand-2L,3,20,22.95,404,,0,3.03
https://mahamprint.com/product/455/%D8%A7%D8%B3%DA%A9%D9%86%D8%B1-PLUSTEK-SC8016U,2,20,10.05,404,,0,3.23
https://mahamprint.com/product/576/%D9%81%DB%8C%D8%B4-%D9%BE%D8%B1%DB%8C%D9%86%D8%AA%D8%B1%D9%85%D8%AF%D9%84-Bixolon-SRP-E300,2,20,19.3,404,,0,3.29
https://mahamprint.com/product/633/%D8%AF%D8%B3%D8%AA%DA%AF%D8%A7%D9%87-%D8%AD%D8%B6%D9%88%D8%B1-%D9%88-%D8%BA%DB%8C%D8%A7%D8%A8-%D8%A8%D8%B1%D9%86%D8%AF-ZKTeco-X200,2,20,43.1,404,,0,3.04
https://mahamprint.com/products/--hp-44a,2,20,7.55,200,https://mahamprint.com/products/--hp-44a,0,2.29
https://mahamprint.com/products/--canon-337,2,20,5.65,200,https://mahamprint.com/products/--canon-337,0,2.98
https://mahamprint.com/product/1965/%D9%86%D9%88%D8%A7%D8%B1-%D9%84%DB%8C%D8%A8%D9%84-%D9%BE%D8%B1%DB%8C%D9%86%D8%AA%D8%B1-%D9%85%D8%AF%D9%84-%D8%A8%D8%B1%D8%A7%D8%AF%D8%B1-TZE-325,1,20,10.4,404,,0,2.28
https://mahamprint.com/product/2337/%D8%B3%D8%B1%DB%8C-%DA%86%D8%B1%D8%AE-%D8%AF%D9%86%D8%AF%D9%87-%D8%AF%D8%B1%D8%A7%DB%8C%D9%88%D8%B1-%DA%86%D8%A7%D9%BE%DA%AF%D8%B1-hp-%D9%85%D8%AF%D9%84-P3015,1,20,14.5,404,,0,2.17
https://mahamprint.com/product/1148/%D8%AC%D9%88%D9%87%D8%B1-%D8%A8%D8%B1%D9%86%D8%AF-Canon-%D9%85%D8%AF%D9%84-GI-50-CMYK,1,20,3.85,404,,0,3.29
https://mahamprint.com/product/2708/%D9%85%D8%A7%DA%98%D9%88%D9%84-%D9%81%DB%8C%D8%A8%D8%B1-%D9%86%D9%88%D8%B1%DB%8C-cisco-DS-SFP-FC8G-SW,1,20,8.75,404,,0,0.55
https://mahamprint.com/products/-hp-55a,2,20,7.2,200,https://mahamprint.com/products/-hp-55a,0,4.5
https://mahamprint.com/product/2507/%D9%BE%D8%B1%DB%8C%D9%86%D8%AA%D8%B1-%D8%B3%D9%87-%DA%A9%D8%A7%D8%B1%D9%87-%D8%AC%D9%88%D9%87%D8%B1%D8%A7%D9%81%D8%B4%D8%A7%D9%86-EPSON-L3210,1,20,11.05,404,,0,3.3
https://mahamprint.com/product/494/%D8%A7%D8%B3%DA%A9%D9%86%D8%B1-brother-ADS-2100,1,20,6.9,404,,0,2.28
https://mahamprint.com/product/2756/%D9%81%DB%8C%D8%B4-%D9%BE%D8%B1%DB%8C%D9%86%D8%AA%D8%B1-ZEC-C200L,1,20,7.95,404,,0,3.45
https://mahamprint.com/product/688/%DA%A9%D8%A7%D8%BA%D8%B0-%D8%AE%D8%B1%D8%AF%DA%A9%D9%86-Fellowes-60CS,1,20,7.65,404,,0,2.45
https://mahamprint.com/products/--------bp-50m55,1,20,9.3,200,https://mahamprint.com/products/--------bp-50m55,0,2.2
https://mahamprint.com/product/2626/%D8%A7%DB%8C%D8%B1%D9%BE%D8%A7%D8%AF-samsung-galaxy-buds-plus,1,20,6.2,404,,0,4.43
https://mahamprint.com/product/1436/%D8%AA%D9%88%D9%86%D8%B1-Epson-302-CMYK,2,20,7.5,404,,0,11.74
https://mahamprint.com/products/--benq-mh560,1,20,6.6,200,https://mahamprint.com/products/--benq-mh560,0,2.3
https://mahamprint.com/mag/how-to-increase-the-life-of-your-cartridge,0,20,8.15,200,https://mahamprint.com/mag/how-to-increase-the-life-of-your-cartridge,0,2.56
https://mahamprint.com/news/%D9%BE%D8%B1%DB%8C%D9%86%D8%AA%D8%B1-%D8%A7%D8%B1%D8%B2%D8%A7%D9%86-%D9%82%DB%8C%D9%85%D8%AA,0,20,32.1,404,,0,2.5
https://mahamprint.com/category/78/few%20job,0,20,7.45,404,,0,4.76
https://mahamprint.com/product/1097/%D8%AF%D8%B1%D8%A7%D9%85-%DA%A9%D8%A7%D8%B1%D8%AA%D8%B1%DB%8C%D8%AC-Sharp-202,0,20,11.4,404,,0,4.33
https://mahamprint.com/product/1581/%DA%A9%D8%A7%D8%B1%D8%AA%D8%B1%DB%8C%D8%AC-%D8%AA%D9%88%D9%86%D8%B1-HP-202A,0,20,9.25,404,,0,2.38
https://mahamprint.com/product/1132/%D8%AC%D9%88%D9%87%D8%B1-HP-%D9%85%D8%AF%D9%84-GT51-Black,0,20,10.95,404,,0,4.04
https://mahamprint.com/product/1125/%D8%AA%D9%88%D9%86%D8%B1-%D8%B4%D8%A7%D8%B1%DA%98-%D8%A8%D8%B1%D9%86%D8%AF-HP-1005-1KG,0,20,11.5,404,,0,4.6
https://mahamprint.com/product/2303/%D8%B1%D9%88%D9%84-%D9%BE%D8%B1%D8%B3-Toshiba-E166,0,20,9.65,404,,0,2.42
https://mahamprint.com/product/2449/%D9%84%DB%8C%D8%A8%D9%84-%D9%BE%D8%B1%DB%8C%D9%86%D8%AA%D8%B1-brother-PT-D600VP,0,20,7.4,404,,0,2.22
https://mahamprint.com/product/2591/%DA%AF%D9%88%D8%B4%DB%8C-%D8%B3%D8%A7%D9%85%D8%B3%D9%88%D9%86%DA%AF-%DA%AF%D9%84%DA%A9%D8%B3%DB%8C-A32-5G,0,20,9.95,404,,0,2.38
https://mahamprint.com/product/23/hp-laserjet-m15a-printer,0,20,45.35,404,,0,3.87
https://mahamprint.com/product/2893/%D9%BE%D8%B1%DB%8C%D9%86%D8%AA%D8%B1-%D9%84%DB%8C%D8%B2%D8%B1%DB%8C-%D8%A7%D8%B3%D8%AA%D9%88%DA%A9-%D8%AA%DA%A9-%DA%A9%D8%A7%D8%B1%D9%87-%D8%A8%D8%B1%D9%86%D8%AF-hp-1010,0,20,37.6,404,,0,2.36
https://mahamprint.com/product/477/%D8%A7%D8%B3%DA%A9%D9%86%D8%B1-%D8%A7%D8%B3%DA%A9%D9%86-%D8%B2%DB%8C-BQS050,0,20,8.55,404,,0,2.26
https://mahamprint.com/product/2885/%D9%BE%D8%B1%DB%8C%D9%86%D8%AA%D8%B1-%D8%A7%D8%B3%D8%AA%D9%88%DA%A9-%D8%AA%DA%A9-%DA%A9%D8%A7%D8%B1%D9%87-%D9%84%DB%8C%D8%B2%D8%B1%DB%8C-hp-1320,0,20,11.6,404,,0,4.63
https://mahamprint.com/products/--------ad240u,0,20,7,200,https://mahamprint.com/products/--------ad240u,0,2.36
https://mahamprint.com/product/803/%D8%A8%D8%A7%D8%B1%DA%A9%D8%AF-%D8%A7%D8%B3%DA%A9%D9%86%D8%B1-MINDEO-%D9%85%D8%AF%D9%84-MP720,0,20,5.85,404,,0,4.31
https://mahamprint.com/products/----zec-zp300,0,20,7.4,200,https://mahamprint.com/products/----zec-zp300,0,2.9
https://mahamprint.com/products/---optoma-w400,0,20,7.8,200,https://mahamprint.com/products/---optoma-w400,0,3.23
https://mahamprint.com/products/--canon--l170,0,20,9.9,200,https://mahamprint.com/products/--canon--l170,0,3.24
https://mahamprint.com/products/--casio-fx-9860-gii-sd,0,20,8.8,200,https://mahamprint.com/products/--casio-fx-9860-gii-sd,0,2.9
https://mahamprint.com/products/-brother-tn-660,7,19,5.578947368421052,200,https://mahamprint.com/products/-brother-tn-660,0,2.43
https://mahamprint.com/product/341/%D9%BE%D8%B1%DB%8C%D9%86%D8%AA%D8%B1-%D8%AC%D9%88%D9%87%D8%B1%D8%A7%D9%81%D8%B4%D8%A7%D9%86-%D8%A8%D8%B1%D8%A7%D8%AF%D8%B1-MFC-J3930DW,4,19,10.947368421052632,404,,0,2.8
https://mahamprint.com/products/--s22r350fhm---,4,19,6.105263157894737,200,https://mahamprint.com/products/--s22r350fhm---,0,2.25
https://mahamprint.com/product/1528/%D8%AA%D9%88%D9%86%D8%B1-RICOH-407319,3,19,4.2631578947368425,404,,0,2.28
https://mahamprint.com/index.php?productID=3050,3,19,6.2105263157894735,404,,0,3.23
https://mahamprint.com/products/--hp-p1102,4,19,6.631578947368421,200,https://mahamprint.com/products/--hp-p1102,0,4.4
https://mahamprint.com/products/----------tm-c3500,3,19,7.105263157894737,200,https://mahamprint.com/products/----------tm-c3500,0,2.39
https://mahamprint.com/product/2213/%DA%AF%D8%B1%DB%8C%D8%AF-%D8%AA%D9%88%D8%B1%DB%8C-%D8%B4%D8%A7%D8%B1%DA%98%D8%B1-Sharp-MX452-500,2,19,9.105263157894736,404,,0,2.39
https://mahamprint.com/product/2457/%D9%BE%D8%B1%DB%8C%D9%86%D8%AA%D8%B1-%DA%86%D9%86%D8%AF%DA%A9%D8%A7%D8%B1%D9%87-%D9%84%DB%8C%D8%B2%D8%B1%DB%8C-%D9%85%D8%AF%D9%84-HP-M141A,2,19,28.68421052631579,404,,0,2.46
https://mahamprint.com/product/2970/%D8%A8%D8%A7%D8%B1%DA%A9%D8%AF-%20%D8%A7%D8%B3%DA%A9%D9%86%D8%B1-%20%D8%A8%D8%B1%D9%86%D8%AF-%20CBON-%20%D9%85%D8%AF%D9%84-%20CB-H100D,2,19,12.210526315789474,404,,0,2.31
https://mahamprint.com/product/1006/%D9%85%D8%A7%D8%B4%DB%8C%D9%86-%D8%AD%D8%B3%D8%A7%D8%A8-CASIO-FX-991EX,1,19,20.105263157894736,404,,0,2.31
https://mahamprint.com/product/2509/%D9%BE%D8%B1%DB%8C%D9%86%D8%AA%D8%B1-%D8%AC%D9%88%D9%87%D8%B1%D8%A7%D9%81%D8%B4%D8%A7%D9%86-%DA%86%D9%86%D8%AF-%DA%A9%D8%A7%D8%B1%D9%87-Epson-L8160,2,19,11.421052631578947,404,,0,3.58
https://mahamprint.com/product/1256/%D9%88%DB%8C%D8%AF%D8%A6%D9%88-%D9%BE%D8%B1%D9%88%DA%98%DA%A9%D8%AA%D9%88%D8%B1-ASUS-ZenBeam-Go-E1Z,1,19,11.473684210526315,404,,0,3.24
https://mahamprint.com/product/1293/%D8%AF%DB%8C%D8%AA%D8%A7-%D9%BE%D8%B1%D9%88%DA%98%DA%A9%D8%AA%D9%88%D8%B1-PANASONIC-PT-VX610,1,19,7.684210526315789,404,,0,2.46
https://mahamprint.com/product/1468/%D8%AA%D9%88%D9%86%D8%B1-%DA%A9%D8%A7%D8%B1%D8%AA%D8%B1%DB%8C%D8%AC-HP-10A,1,19,10.157894736842104,404,,0,2.32
https://mahamprint.com/product/1791/%D9%85%D8%B1%DA%A9%D8%A8-Risograph-CR-S-2487,1,19,6.684210526315789,404,,0,2.22
https://mahamprint.com/product/1396/%D8%AA%D9%88%D9%86%D8%B1-EPSON-24-CYAN,0,20,6.6,404,,0,20.01
https://mahamprint.com/product/1800/%D8%B1%D9%88%D9%84-%DA%A9%D8%A7%D8%BA%D8%B0-%D8%AD%D8%B1%D8%A7%D8%B1%D8%AA%DB%8C-%DA%A9%D8%AF%D8%A7%DA%A9-%D8%B9%D8%B1%D8%B6-8-80-%D9%85%D8%AA%D8%B1%DB%8C,1,19,7,404,,0,2.53
https://mahamprint.com/product/301/%D9%BE%D8%B1%DB%8C%D9%86%D8%AA%D8%B1-%D9%84%DB%8C%D8%B2%D8%B1%DB%8C-%DA%86%D9%86%D8%AF%DA%A9%D8%A7%D8%B1%D9%87-%D8%A8%D8%B1%D9%86%D8%AF-HP-137FNW,1,19,7.842105263157895,404,,0,2.17
https://mahamprint.com/product/298/%D9%BE%D8%B1%DB%8C%D9%86%D8%AA%D8%B1-%D8%AA%DA%A9-%DA%A9%D8%A7%D8%B1%D9%87-%D9%84%DB%8C%D8%B2%D8%B1%DB%8C-HP-107W,1,19,26.736842105263158,404,,0,3.14
https://mahamprint.com/product/2834/%D9%BE%D8%B1%D8%AF%D9%87-%D9%86%D9%85%D8%A7%DB%8C%D8%B4-%D8%AF%D8%B3%D8%AA%DB%8C-%D9%85%D8%AF%D9%84-CS200M,1,19,59.421052631578945,404,,0,3.23
https://mahamprint.com/product/570/%D9%81%DB%8C%D8%B4-%D9%BE%D8%B1%DB%8C%D9%86%D8%AA%D8%B1-BIXOLON-SPP-R318,1,19,9.210526315789474,404,,0,2.16
https://mahamprint.com/product/36/%D8%AF%D9%88%D8%B1%D8%A8%DB%8C%D9%86-%D9%81%DB%8C%D9%84%D9%85%D8%A8%D8%B1%D8%AF%D8%A7%D8%B1%DB%8C-Sony-PXW-Z150-4K-XDCAM,1,19,12.263157894736842,404,,0,3.43
https://mahamprint.com/product/597/%D8%B5%D9%86%D8%AF%D9%88%D9%82-%D9%81%D8%B1%D9%88%D8%B4%DA%AF%D8%A7%D9%87%DB%8C-SAM-4S-ER-180,1,19,5.7894736842105265,404,,0,2.33
https://mahamprint.com/product/649/%DA%A9%D8%A7%D8%BA%D8%B0-%D8%AE%D8%B1%D8%AF%DA%A9%D9%86-Sunwood-SD9360,1,19,9.31578947368421,404,,0,2.22
https://mahamprint.com/products/------canon--lbp632cdw,1,19,8.631578947368421,200,https://mahamprint.com/products/------canon--lbp632cdw,0,2.2
https://mahamprint.com/brand/5/%D8%A7%DB%8C%DA%A9%D8%B3-%D9%88%DB%8C%DA%98%D9%86,0,19,7.2631578947368425,404,,0,2.43
https://mahamprint.com/product/1270/%D9%88%DB%8C%D8%AF%D8%A6%D9%88-%D9%BE%D8%B1%D9%88%DA%98%DA%A9%D8%AA%D9%88%D8%B1-EPSON-EB-2065,0,19,7.2105263157894735,404,,0,2.43
https://mahamprint.com/product/1320/%D9%85%D8%A7%D9%86%DB%8C%D8%AA%D9%88%D8%B1-Dell-P2419H-24-Inch,0,19,14.842105263157896,404,,0,2.43
https://mahamprint.com/products/-----hp-m252dw,1,19,6.526315789473684,200,https://mahamprint.com/products/-----hp-m252dw,0,4.51
https://mahamprint.com/products/--hp-92a,1,19,7.2105263157894735,200,https://mahamprint.com/products/--hp-92a,0,4.62
https://mahamprint.com/product/2269/%D9%87%D8%A7%D8%AA-%D8%B1%D9%88%D9%84%D8%B1-%D8%B1%DB%8C%DA%A9%D9%88-mp-2000-1600-2015-1018-1900,0,19,7.7368421052631575,404,,0,8.11
https://mahamprint.com/product/2246/%D9%81%DB%8C%D9%88%D8%B2%DB%8C%D9%86%DA%AF-%D8%A7%DA%86-%D9%BE%DB%8C-HP-M604,1,19,8.210526315789473,ERR:TimeoutError,,0,31.55
https://mahamprint.com/product/3056/%D9%84%DB%8C%D8%A8%D9%84-%20%D9%BE%D8%B1%DB%8C%D9%86%D8%AA%D8%B1-%20%D8%B5%D9%86%D8%B9%D8%AA%DB%8C%20-TSC%20-%D9%85%D8%AF%D9%84-%20MB340T,0,19,8.736842105263158,404,,0,4.66
https://mahamprint.com/product/307/%D9%BE%D8%B1%DB%8C%D9%86%D8%AA%D8%B1-%D8%B1%D9%86%DA%AF%DB%8C-HP-479FNW,0,19,8,404,,0,3.52
https://mahamprint.com/product/472/%D8%A7%D8%B3%DA%A9%D9%86%D8%B1-BROTHER-ADS-3600W,0,19,5.894736842105263,404,,0,2.87
https://mahamprint.com/product/255/%D9%BE%D8%B1%DB%8C%D9%86%D8%AA%D8%B1-%D8%AC%D9%88%D9%87%D8%B1%D8%A7%D9%81%D8%B4%D8%A7%D9%86-%DA%86%D9%87%D8%A7%D8%B1%DA%A9%D8%A7%D8%B1%D9%87-Canon-MX492,0,19,11,404,,0,26.47
https://mahamprint.com/product/2250/%D9%81%DB%8C%D9%88%D8%B2%DB%8C%D9%86%DA%AF-%D8%A7%DA%86-%D9%BE%DB%8C-HP-3005,0,19,35,ERR:TimeoutError,,0,34.88
https://mahamprint.com/product/1985/%D9%86%D9%88%D8%A7%D8%B1-%D9%84%DB%8C%D8%A8%D9%84-%D9%BE%D8%B1%DB%8C%D9%86%D8%AA%D8%B1-Brother-TZE-251-%D8%BA%DB%8C%D8%B1-%D8%A7%D9%88%D8%B1%D8%AC%DB%8C%D9%86%D8%A7%D9%84,0,19,9.526315789473685,ERR:TimeoutError,,0,34.96
https://mahamprint.com/product/245/%D9%BE%D8%B1%DB%8C%D9%86%D8%AA%D8%B1-%D9%84%DB%8C%D8%B2%D8%B1%DB%8C-CANON-MF635CX,0,19,10.052631578947368,ERR:TimeoutError,,0,34.09
https://mahamprint.com/product/1809/%D8%AA%D8%A7%D9%86%DA%A9-%D8%AC%D9%88%D9%87%D8%B1-%D9%85%D8%AF%D9%84-Epson-TX400,0,19,9.578947368421053,ERR:TimeoutError,,0,35.73
https://mahamprint.com/products/--meva-mbp-1100p,0,19,5.7894736842105265,200,https://mahamprint.com/products/--meva-mbp-1100p,0,2.3
https://mahamprint.com/products/-kodak-i1120,0,19,6.526315789473684,200,https://mahamprint.com/products/-kodak-i1120,0,2.37
https://mahamprint.com/tag/2390/kdh,0,19,8.68421052631579,404,,0,2.38
https://mahamprint.com/products/--canon-lbp2900,4,18,6.5,200,https://mahamprint.com/products/--canon-lbp2900,0,2.45
https://mahamprint.com/product/1811/%D8%AA%D8%A7%D9%86%DA%A9-%D8%AC%D9%88%D9%87%D8%B1-%D9%85%D8%AF%D9%84-HP-920,4,18,6.833333333333333,404,,0,2.75
https://mahamprint.com/products/---suprema--biomini-plus-2,4,18,7.611111111111111,200,https://mahamprint.com/products/---suprema--biomini-plus-2,0,2.94
https://mahamprint.com/product/1272/%D9%88%DB%8C%D8%AF%D8%A6%D9%88-%D9%BE%D8%B1%D9%88%DA%98%DA%A9%D8%AA%D9%88%D8%B1-EPSON-EB-U05,3,18,10.944444444444445,404,,0,2.26
https://mahamprint.com/product/1687/%D8%A8%D8%A7%D8%B1%DA%A9%D8%AF-%D8%A7%D8%B3%DA%A9%D9%86%D8%B1-WINSON-WNC-6093B-V,3,18,5.388888888888889,404,,0,2.24
https://mahamprint.com/product/1037/%D9%85%D8%A7%D8%B4%DB%8C%D9%86-%D8%AD%D8%B3%D8%A7%D8%A8-Citizen-SLD-322BK,2,18,6.555555555555555,404,,0,2.19
https://mahamprint.com/product/1588/%D8%AA%D9%88%D9%86%D8%B1-SAMSUNG-CLT-407S,2,18,6.111111111111111,404,,0,2.28
https://mahamprint.com/brand/36,2,18,26.77777777777778,404,,0,3.4
https://mahamprint.com/product/1667/%D8%AF%DB%8C%D8%AA%D8%A7-%D9%BE%D8%B1%DA%98%DA%A9%D8%AA%D9%88%D8%B1-EPSON-E10,2,18,8.11111111111111,404,,0,2.65
https://mahamprint.com/product/2488/%D9%88%DB%8C%D8%AF%D8%A6%D9%88-%D9%BE%D8%B1%D9%88%DA%98%DA%A9%D8%AA%D9%88%D8%B1-%D9%85%D8%AF%D9%84-optoma-hd-164x,2,18,10.166666666666666,404,,0,3.02
https://mahamprint.com/products/--hp-107a,2,18,7.888888888888889,200,https://mahamprint.com/products/--hp-107a,0,2.56
https://mahamprint.com/products/--hp-508a,2,18,9.666666666666666,200,https://mahamprint.com/products/--hp-508a,0,2.6
https://mahamprint.com/products/-----hp-609x,2,18,5.722222222222222,200,https://mahamprint.com/products/-----hp-609x,0,3.49
https://mahamprint.com/products/--samsung-scx-4521f,2,18,4.944444444444445,200,https://mahamprint.com/products/--samsung-scx-4521f,0,2.81
https://mahamprint.com/products/--samsung-m2020,2,18,4.5,200,https://mahamprint.com/products/--samsung-m2020,0,2.96
https://mahamprint.com/products/-hp-83a,2,18,6.111111111111111,200,https://mahamprint.com/products/-hp-83a,0,2.88
https://mahamprint.com/tag/127/%D9%BE%D8%B1%DB%8C%D9%86%D8%AA%D8%B1-%D8%A7%D8%B1%D8%B2%D8%A7%D9%86-%D9%82%DB%8C%D9%85%D8%AA,2,18,3.0555555555555554,404,,0,2.75
https://mahamprint.com/mall/Mehrab,1,18,4.888888888888889,404,,0,2.68
https://mahamprint.com/index.php?productID=3085,1,18,9.166666666666666,404,,0,3.5
https://mahamprint.com/product/1000/%D9%85%D8%A7%D8%B4%DB%8C%D9%86-%D8%AD%D8%B3%D8%A7%D8%A8-CASIO-DM-1400B,1,18,8.222222222222221,404,,0,2.64
https://mahamprint.com/product/1060/%D8%AF%D8%B3%D8%AA%DA%AF%D8%A7%D9%87-%DA%A9%D9%BE%DB%8C-SHARP-AR-X311N,1,18,9.055555555555555,404,,0,2.55
https://mahamprint.com/product/1130/%D8%AC%D9%88%D9%87%D8%B1-%D9%85%D8%AF%D9%84-hp-100-%D8%B3%DB%8C-%D8%B3%DB%8C,1,18,9.11111111111111,404,,0,2.2
https://mahamprint.com/product/1173/%DA%A9%D9%86%D8%B3%D9%88%D9%84-%D8%A8%D8%A7%D8%B2%DB%8C-Xbox-360-Slim-4GB,1,18,7.944444444444445,404,,0,2.35
https://mahamprint.com/product/1156/%D8%AC%D9%88%D9%87%D8%B1-%D8%A8%D8%B1%D9%86%D8%AF-Canon-%D9%85%D8%AF%D9%84-GI-490-CMYK,1,18,7,404,,0,3.09
https://mahamprint.com/product/581/%D9%84%DB%8C%D8%A8%D9%84-%D9%BE%D8%B1%DB%8C%D9%86%D8%AA%D8%B1-%D8%A8%D8%B1%D9%86%D8%AF-Beiyang-BTP-3210E,1,18,12.11111111111111,404,,0,2.39
https://mahamprint.com/product/2050/%D8%A8%D8%B1%D8%AF-%D9%81%D8%B1%D9%85%D8%AA%D8%B1-%D8%A7%DA%86-%D9%BE%DB%8C-M1522N,1,18,9.277777777777779,404,,0,2.63
https://mahamprint.com/product/1992/%DA%A9%D8%A7%D8%B1%D8%AA-%D9%BE%DB%8C-%D9%88%DB%8C-%D8%B3%DB%8C-%D9%85%D8%A7%DB%8C%D9%81%D8%B1-200-%D8%B9%D8%AF%D8%AF%DB%8C-Mifare-PVC-Card-1K,1,18,14.444444444444445,404,,0,2.95
https://mahamprint.com/tag/245/%D8%AE%D8%B1%DB%8C%D8%AF-%D9%BE%D8%B1%DB%8C%D9%86%D8%AA%D8%B1-%D9%82%DB%8C%D9%85%D8%AA-%D9%85%D9%86%D8%A7%D8%B3%D8%A8,1,18,1.1111111111111112,404,,0,2.3
https://mahamprint.com/category/142/%DA%A9%D8%A7%D8%B1%D8%AA-%DA%AF%D8%B1%D8%A7%D9%81%DB%8C%DA%A9,0,18,7,404,,0,2.32
https://mahamprint.com/product/1489/%DA%A9%D8%A7%D8%B1%D8%AA%D8%B1%DB%8C%D8%AC-CANON-303,0,18,15.38888888888889,404,,0,2.15
https://mahamprint.com/product/971/%D9%85%D8%A7%D8%B4%DB%8C%D9%86-%D8%AD%D8%B3%D8%A7%D8%A8-CASIO-FX-991es-plus,1,18,10.11111111111111,404,,0,4.78
https://mahamprint.com/products/---ct-914c-ii,1,18,8.11111111111111,200,https://mahamprint.com/products/---ct-914c-ii,0,4.5
https://mahamprint.com/products/-mustek-600f-a3,1,18,6.444444444444445,200,https://mahamprint.com/products/-mustek-600f-a3,0,4.59
https://mahamprint.com/product/1647/%D9%BE%D8%B1%DB%8C%D9%86%D8%AA%D8%B1-%D9%84%DB%8C%D8%B2%D8%B1%DB%8C-%D8%AA%DA%A9-%DA%A9%D8%A7%D8%B1%D9%87-HP-M211DW,0,18,16.055555555555557,404,,0,2.33
https://mahamprint.com/product/2276/%D9%87%D8%A7%D8%AA-%D8%B1%D9%88%D9%84-%D8%B4%D8%A7%D8%B1%D9%BE-%D8%B1%D9%86%DA%AF%DB%8C-3500-2700,0,18,7.611111111111111,404,,0,2.76
https://mahamprint.com/product/2396/%DA%A9%D8%A7%D8%BA%D8%B0%DA%A9%D8%B4-ADF-%D8%A7%D8%B3%D9%81%D9%86%D8%AC%DB%8C-%D8%B4%D8%A7%D8%B1%D9%BE-AR-620-%D9%81%D8%A7%D8%A8%D8%B1%DB%8C%DA%A9,0,18,8.11111111111111,404,,0,2.27
https://mahamprint.com/product/2336/%DA%86%D8%B1%D8%AE-%D8%AF%D9%86%D8%AF%D9%87-%D9%82%D8%A7%D8%A8%D8%AF%D8%A7%D8%B1-%D9%BE%D8%B1%DB%8C%D9%86%D8%AA%D8%B1-%D8%A8%D8%B1%D9%86%D8%AF-hp-%D9%85%D8%AF%D9%84-pro-m401,0,18,9.333333333333334,404,,0,3.27
https://mahamprint.com/product/2704/%D9%85%D8%A7%DA%98%D9%88%D9%84-%D8%B4%D8%A8%DA%A9%D9%87-CISCO-GLC-T,0,18,12.777777777777779,404,,0,2.7
https://mahamprint.com/product/2760/all-in-one-dell-7450-core-i5-6,0,18,8.61111111111111,404,,0,2.93
https://mahamprint.com/product/3025/%D9%BE%D8%B1%DB%8C%D9%86%D8%AA%D8%B1-%20%D8%B3%D9%87%20%DA%A9%D8%A7%D8%B1%D9%87%20-%D8%AC%D9%88%D9%87%D8%B1%D8%A7%D9%81%D8%B4%D8%A7%D9%86-%20%D8%A7%D9%BE%D8%B3%D9%88%D9%86%20-%D9%85%D8%AF%D9%84%20-L3252,0,18,6.277777777777778,404,,0,2.65
https://mahamprint.com/product/3028/%D9%BE%D8%B1%DB%8C%D9%86%D8%AA%D8%B1-%D9%84%DB%8C%D8%B2%D8%B1%DB%8C-%DA%86%D9%87%D8%A7%D8%B1-%DA%A9%D8%A7%D8%B1%D9%87-%D8%A8%D8%B1%D9%86%D8%AF-BROTHER-%D9%85%D8%AF%D9%84-2700D,0,18,9.444444444444445,404,,0,2.58
https://mahamprint.com/product/3045/%D9%84%DB%8C%D8%A8%D9%84-%20%D9%BE%D8%B1%DB%8C%D9%86%D8%AA%D8%B1-%20Zebra-%20ZT111,0,18,9.88888888888889,404,,0,2.9
https://mahamprint.com/product/3117/%D9%BE%D8%B1%DB%8C%D9%86%D8%AA%D8%B1-%20%D8%AA%DA%A9%20-%DA%A9%D8%A7%D8%B1%D9%87-%20%D9%84%DB%8C%D8%B2%D8%B1%DB%8C%20-HP-%204015N,0,18,8.444444444444445,404,,0,2.88
https://mahamprint.com/product/492/%D8%A7%D8%B3%DA%A9%D9%86%D8%B1-Brother-PDS-5000,0,18,8.61111111111111,404,,0,2.85
https://mahamprint.com/product/778/%D8%A8%D8%A7%D8%B1%DA%A9%D8%AF-%D8%A7%D8%B3%DA%A9%D9%86%D8%B1-%D8%A8%D8%B1%D9%86%D8%AFDATALOGIC-%D9%85%D8%AF%D9%84-GD-4132,0,18,7.666666666666667,404,,0,2.17
https://mahamprint.com/product/880/%D8%A7%D8%B3%DA%A9%D9%86%D8%A7%D8%B3-%D8%B4%D9%85%D8%A7%D8%B1-SAYAN-MEGA,0,18,9.222222222222221,404,,0,2.31
https://mahamprint.com/product/898/%D8%A7%D8%B3%DA%A9%D9%86%D8%A7%D8%B3-%D8%B4%D9%85%D8%A7%D8%B1-%D8%B1%D9%88%D9%85%DB%8C%D8%B2%DB%8C-AX-2700,0,18,10.277777777777779,404,,0,2.28
https://mahamprint.com/products/----hp--1010,0,18,9.88888888888889,200,https://mahamprint.com/products/----hp--1010,0,2.47
https://mahamprint.com/product/635/%D8%AF%D8%B3%D8%AA%DA%AF%D8%A7%D9%87-%D8%AD%D8%B6%D9%88%D8%B1-%D9%88-%D8%BA%DB%8C%D8%A7%D8%A8-ZKTeco-Multibio-800,0,18,31.555555555555557,404,,0,4.7
https://mahamprint.com/products/---2545-canon,0,18,6.333333333333333,200,https://mahamprint.com/products/---2545-canon,0,2.79
https://mahamprint.com/products/---smart-21,0,18,8.444444444444445,200,https://mahamprint.com/products/---smart-21,0,3.05
https://mahamprint.com/products/--canon-lbp6000,0,18,6.166666666666667,200,https://mahamprint.com/products/--canon-lbp6000,0,2.82
https://mahamprint.com/tag/128/%D9%81%D8%B1%D9%88%D8%B4-%D9%BE%D8%B1%DB%8C%D9%86%D8%AA%D8%B1-%D9%82%DB%8C%D9%85%D8%AA-%D9%85%D9%86%D8%A7%D8%B3%D8%A8,0,18,4.666666666666666,404,,0,2.86
https://mahamprint.com/mag/all-types-of-attendance-devices-from-biometric-to-rfid,4,17,21.823529411764707,200,https://mahamprint.com/mag/all-types-of-attendance-devices-from-biometric-to-rfid,0,2.64
https://mahamprint.com/product/747/%DA%A9%D8%A7%D8%BA%D8%B0-%D8%AE%D8%B1%D8%AF%DA%A9%D9%86-Nikita-U5,3,17,8.941176470588236,404,,0,2.74
https://mahamprint.com/index.php?productID=2918,2,17,6.470588235294118,404,,0,2.63
https://mahamprint.com/product/1236/%D9%88%DB%8C%D8%AF%DB%8C%D9%88-%D9%BE%D8%B1%D9%88%DA%98%DA%A9%D8%AA%D9%88%D8%B1-%D9%82%D8%A7%D8%A8%D9%84-%D8%AD%D9%85%D9%84-T18,2,17,5.705882352941177,404,,0,2.54
https://mahamprint.com/product/1881/%D9%84%DB%8C%D8%A8%D9%84-%D8%A8%D8%B1%DA%86%D8%B3%D8%A8-pvc-%D8%AA%DA%A9-%D8%B1%D8%AF%DB%8C%D9%81%D9%87-50%C3%9725,2,17,10.117647058823529,404,,0,2.43
https://mahamprint.com/product/1420/%D8%AA%D9%88%D9%86%D8%B1-Epson-T6161-Black,5,17,39,404,,0,4.67
https://mahamprint.com/product/270/%D9%BE%D8%B1%DB%8C%D9%86%D8%AA%D8%B1-EPSON-ET-L5190,2,17,15.235294117647058,404,,0,2.35
https://mahamprint.com/product/837/%D8%A8%D8%A7%D8%B1%DA%A9%D8%AF-%D8%A7%D8%B3%DA%A9%D9%86%D8%B1-DATALOGIC-QD2430,2,17,5.9411764705882355,404,,0,2.46
https://mahamprint.com/products/----10--,2,17,5.235294117647059,200,https://mahamprint.com/products/----10--,0,2.45
https://mahamprint.com/products/--heroje-nb271-2d,2,17,7.764705882352941,200,https://mahamprint.com/products/--heroje-nb271-2d,0,2.72
https://mahamprint.com/mag/%DA%86%DA%AF%D9%88%D9%86%DA%AF%DB%8C-%D8%A7%D9%86%D8%AA%D8%AE%D8%A7%D8%A8-%D8%A8%D9%87%D8%AA%D8%B1%DB%8C%D9%86-%DA%A9%D8%A7%D8%BA%D8%B0-%D8%AE%D8%B1%D8%AF%DA%A9%D9%86,1,17,6.176470588235294,404,,0,2.68
https://mahamprint.com/product/1676/%D9%81%DA%A9%D8%B3-%D8%A8%D8%B1%D9%86%D8%AF-Brother-%D9%85%D8%AF%D9%84-837MCS,1,17,37.1764705882353,404,,0,2.63
https://mahamprint.com/product/2588/%D9%BE%D8%B1%DB%8C%D9%86%D8%AA%D8%B1-%D8%AD%D8%B1%D8%A7%D8%B1%D8%AA%DB%8C-TP-premium1,1,17,8.470588235294118,404,,0,2.65
https://mahamprint.com/product/3044/%D8%A7%D8%B3%DA%A9%D9%86%D8%B1%20-%D9%81%D9%88%D8%AC%DB%8C%D8%AA%D8%B3%D9%88%20-%D9%85%D8%AF%D9%84-%20fi6010n,1,17,6.705882352941177,404,,0,2.47
https://mahamprint.com/product/57/%D9%BE%D8%B1%DB%8C%D9%86%D8%AA%D8%B1-%D9%84%DB%8C%D8%B2%D8%B1%DB%8C-HP-M12W,1,17,14,404,,0,2.34
https://mahamprint.com/product/83/%D9%BE%D8%B1%DB%8C%D9%86%D8%AA%D8%B1-%DA%86%D9%86%D8%AF%DA%A9%D8%A7%D8%B1%D9%87-%D9%84%DB%8C%D8%B2%D8%B1%DB%8C-%D8%A8%D8%B1%D9%86%D8%AF-HP-%D9%85%D8%AF%D9%84-M130FW,1,17,8.882352941176471,404,,0,2.48
https://mahamprint.com/product/687/%DA%A9%D8%A7%D8%BA%D8%B0-%D8%AE%D8%B1%D8%AF%DA%A9%D9%86-Fellowes-225MI,1,17,23.647058823529413,404,,0,2.64
https://mahamprint.com/product/2761/all-in-one-dell-7440-core-i5-6,1,17,11,404,,0,4.18
https://mahamprint.com/products/-epson-ds-860,1,17,7.117647058823529,200,https://mahamprint.com/products/-epson-ds-860,0,2.61
https://mahamprint.com/brand/86/cisco,0,17,4.8235294117647065,404,,0,3.0
https://mahamprint.com/products/-hp-200,1,17,6.647058823529412,200,https://mahamprint.com/products/-hp-200,0,3.6
https://mahamprint.com/product/1088/%D9%85%DA%AF%D9%86%D8%AA-samsung-4521,0,17,6.352941176470588,404,,0,3.09
https://mahamprint.com/product/1299/%D8%AF%DB%8C%D8%AA%D8%A7-%D9%88%DB%8C%D8%AF%D8%A6%D9%88-%D9%BE%D8%B1%D9%88%DA%98%DA%A9%D8%AA%D9%88%D8%B1-NEC-VE303G,0,17,14.588235294117647,404,,0,3.7
https://mahamprint.com/product/1779/%D8%AF%D9%88%D9%84%D9%88%D9%BE%D8%B1-%D8%A7%D9%88%D8%B1%D8%AC%DB%8C%D9%86%D8%A7%D9%84-%D8%A8%D8%B1%D9%86%D8%AF-Sharp-AR-205DV,0,17,14.411764705882353,404,,0,3.36
https://mahamprint.com/product/2011/%D8%A8%D8%A7%D8%AA%D8%B1%DB%8C-%D8%B3%DA%A9%D9%87-%D8%A7%DB%8C-Kodak-CR2016-3V,0,17,7.352941176470588,404,,0,3.67
https://mahamprint.com/product/2122/%D8%AF%D8%B1%D8%A7%D9%85-%D8%A8%D8%B1%D9%86%D8%AF-Samsung-%D9%85%D8%AF%D9%84-103-Drum,0,17,8.882352941176471,404,,0,2.8
https://mahamprint.com/product/3017/%D9%88%DB%8C%D8%AF%D8%A6%D9%88%20-%D9%BE%D8%B1%D9%88%DA%98%DA%A9%D8%AA%D9%88%D8%B1%20-panasonic-%20vmz51,0,17,7.705882352941177,404,,0,2.64
https://mahamprint.com/product/2308/%D8%B1%D9%88%D9%84-%D9%BE%D8%B1%D8%B3-HP-1200,0,17,11,404,,0,3.92
https://mahamprint.com/product/599/%D8%B5%D9%86%D8%AF%D9%88%D9%82-%D9%81%D8%B1%D9%88%D8%B4%DA%AF%D8%A7%D9%87%DB%8C-OKPOS-K-9000-1037U,0,17,42.94117647058823,404,,0,2.78
https://mahamprint.com/product/2347/%DA%86%D8%B1%D8%AE-%D8%AF%D9%86%D8%AF%D9%87-%D8%B1%D8%A7%D8%A8%D8%B7-%D9%87%DB%8C%D8%AA%D8%B1-%DA%A9%D9%BE%DB%8C-%D9%85%D8%AF%D9%84-Sharp-AR-160-5316-5516,0,17,8.705882352941178,404,,0,3.72
https://mahamprint.com/product/87/%D9%BE%D8%B1%DB%8C%D9%86%D8%AA%D8%B1-%D9%84%DB%8C%D8%B2%D8%B1%DB%8C-%DA%86%D9%87%D8%A7%D8%B1%DA%A9%D8%A7%D8%B1%D9%87-%D8%A8%D8%B1%D9%86%D8%AF-HP-M426FDW,0,17,28.11764705882353,404,,0,7.76
https://mahamprint.com/product/436/%D8%A7%D8%B3%DA%A9%D9%86%D8%B1-FUJITSU-FI-6800,4,16,5.5625,404,,0,5.82
https://mahamprint.com/products/---hp-1102,0,17,7.705882352941177,200,https://mahamprint.com/products/---hp-1102,0,6.08
https://mahamprint.com/products/---bmdc--dl-860,4,16,6.3125,200,https://mahamprint.com/products/---bmdc--dl-860,0,5.87
https://mahamprint.com/product/961/%D9%85%D8%A7%D8%B4%DB%8C%D9%86-%D8%AD%D8%B3%D8%A7%D8%A8-CASIO-HR-100TM,0,17,9.294117647058824,404,,0,7.36
https://mahamprint.com/products/----canon--i-sensys-lbp621cw,0,17,8.470588235294118,200,https://mahamprint.com/products/----canon--i-sensys-lbp621cw,0,6.39
https://mahamprint.com/product/1493/%DA%A9%D8%A7%D8%B1%D8%AA%D8%B1%DB%8C%D8%AC-SHARP-MX-560GT,3,16,4.8125,404,,0,3.19
https://mahamprint.com/index.php?productID=2993,3,16,5.9375,404,,0,3.23
https://mahamprint.com/product/895/%D8%A7%D8%B3%DA%A9%D9%86%D8%A7%D8%B3-%D8%B4%D9%85%D8%A7%D8%B1-AX-2088,3,16,5.625,404,,0,3.14
https://mahamprint.com/product/98/%D9%BE%D8%B1%DB%8C%D9%86%D8%AA%D8%B1-%DA%86%D9%86%D8%AF-%DA%A9%D8%A7%D8%B1%D9%87-%D9%84%DB%8C%D8%B2%D8%B1%DB%8C-%D8%A8%D8%B1%D9%86%D8%AF-CANON-%D9%85%D8%AF%D9%84-MF231,3,16,8.9375,404,,0,3.19
https://mahamprint.com/products/--meva-mbs-3880,3,16,6.6875,200,https://mahamprint.com/products/--meva-mbs-3880,0,3.18
https://mahamprint.com/products/--xerox-7845,3,16,6,200,https://mahamprint.com/products/--xerox-7845,0,3.23
https://mahamprint.com/product/101/%D9%BE%D8%B1%DB%8C%D9%86%D8%AA%D8%B1-%D9%84%DB%8C%D8%B2%D8%B1%DB%8C-CANON-MF247DW,2,16,12,404,,0,2.7
https://mahamprint.com/product/2080/%D8%A8%D8%B1%D8%AF-%D9%BE%D8%A7%D9%88%D8%B1-%D8%A8%D8%B1%D9%86%D8%AF-hp-M125-M126-M127-M128,2,16,9.5625,404,,0,2.72
https://mahamprint.com/product/2920/%D9%84%DB%8C%D8%A8%D9%84-%D9%BE%D8%B1%DB%8C%D9%86%D8%AA%D8%B1-%D8%A8%D8%B1%D9%86%D8%AF-Zebra-GX420t,2,16,7.3125,404,,0,3.1
https://mahamprint.com/product/2613/%D8%B3%D8%A7%D8%B9%D8%AA-%D9%87%D9%88%D8%B4%D9%85%D9%86%D8%AF-%D9%85%D8%AF%D9%84-samsung-Galaxy-Watch-5,2,16,8.875,404,,0,3.34
https://mahamprint.com/product/1842/%D9%84%DB%8C%D8%A8%D9%84-%D8%A8%D8%B1%DA%86%D8%B3%D8%A8-%DA%A9%D8%A7%D8%BA%D8%B0%DB%8C-%D8%AA%DA%A9-%D8%B1%D8%AF%DB%8C%D9%81%D9%87-34-51,2,16,7.1875,404,,0,3.57
https://mahamprint.com/product/2401/%DA%A9%D8%A7%D8%BA%D8%B0%DA%A9%D8%B4-%DA%A9%D9%88%D9%86%DB%8C%DA%A9%D8%A7-%D9%85%DB%8C%D9%86%D9%88%D9%84%D8%AA%D8%A7-%D8%A8%DB%8C%D8%B2%D9%87%D8%A7%D8%A8-C250-350-183-Di-152,2,16,7.5625,404,,0,3.69
https://mahamprint.com/products/-brother-mfc-l2750dw,2,16,8.3125,200,https://mahamprint.com/products/-brother-mfc-l2750dw,0,2.33
https://mahamprint.com/products/-hp-78a,2,16,7.25,200,https://mahamprint.com/products/-hp-78a,0,2.35
https://mahamprint.com/product/1081/%D9%81%D9%88%D9%85-%D8%B1%D9%88%D9%84-HP-1215,1,16,7.0625,404,,0,2.52
https://mahamprint.com/mag/the-best-multiplayer-games-for-game-consoles-in-2024,1,16,13.8125,200,https://mahamprint.com/mag/the-best-multiplayer-games-for-game-consoles-in-2024,0,2.72
https://mahamprint.com/index.php?productID=3055,1,16,8.75,404,,0,2.87
https://mahamprint.com/product/1124/%D8%AA%D9%88%D9%86%D8%B1-%D8%B4%D8%A7%D8%B1%DA%98-%D8%A8%D8%B1%D9%86%D8%AF-1kg-sharp,1,16,7.0625,404,,0,2.68
https://mahamprint.com/product/1251/%D9%88%DB%8C%D8%AF%D8%A6%D9%88-%D9%BE%D8%B1%D9%88%DA%98%DA%A9%D8%AA%D9%88%D8%B1-%D8%A8%D8%B1%D9%86%D8%AF-BenQ-%D9%85%D8%AF%D9%84-i500,1,16,8.875,404,,0,2.61
https://mahamprint.com/product/1312/%D8%AF%DB%8C%D8%AA%D8%A7-%D9%88%DB%8C%D8%AF%D8%A6%D9%88-%D9%BE%D8%B1%D9%88%DA%98%DA%A9%D8%AA%D9%88%D8%B1-BENQ-MS527,1,16,6.8125,404,,0,2.75
https://mahamprint.com/product/1366/%D8%AA%D9%88%D9%86%D8%B1-HP-950-Black,1,16,7.5625,404,,0,2.63
https://mahamprint.com/product/1497/%DA%A9%D8%A7%D8%B1%D8%AA%D8%B1%DB%8C%D8%AC-%D8%AA%D9%88%D9%86%D8%B1-BROTHER-TN-2260,1,16,16.875,404,,0,2.71
https://mahamprint.com/product/1467/%D8%AA%D9%88%D9%86%D8%B1-%DA%A9%D8%A7%D8%B1%D8%AA%D8%B1%DB%8C%D8%AC-HP-11A,1,16,9.6875,404,,0,2.93
https://mahamprint.com/product/1796/%D9%85%D8%B1%DA%A9%D8%A8-Risograph-CZ-S-4877,1,16,8.0625,404,,0,3.46
https://mahamprint.com/product/1922/%D9%84%DB%8C%D8%A8%D9%84-%D9%BE%DB%8C-%D9%88%DB%8C-%D8%B3%DB%8C-%D8%AF%D9%88-%D8%B1%D8%AF%DB%8C%D9%81%D9%87-45-15-PVC-label-two-row,1,16,9.875,404,,0,3.11
https://mahamprint.com/product/2447/%D9%84%DB%8C%D8%A8%D9%84-%D9%BE%D8%B1%DB%8C%D9%86%D8%AA%D8%B1-brother-PT-P900W,1,16,41.125,404,,0,2.91
https://mahamprint.com/product/2968/%D9%88%DB%8C%D8%AF%D8%A6%D9%88-%20%D9%BE%D8%B1%D9%88%DA%98%DA%A9%D8%AA%D9%88%D8%B1%20-%D8%A8%D8%B1%D9%86%D8%AF-%20xiaomi-%20wanbo%20t2r%20max,1,16,14.75,404,,0,2.9
https://mahamprint.com/product/2960/%D9%84%DB%8C%D8%A8%D9%84-%20%D9%BE%D8%B1%DB%8C%D9%86%D8%AA%D8%B1%20-%D8%A8%D8%B1%D9%86%D8%AF-%20%20zenpert-%20%D9%85%D8%AF%D9%84-%204T520,1,16,7.125,404,,0,3.12
https://mahamprint.com/product/2940/%D9%88%DB%8C%D8%AF%D8%A6%D9%88-%D9%BE%D8%B1%D9%88%DA%98%DA%A9%D8%AA%D9%88%D8%B1-%D8%A8%D8%B1%D9%86%D8%AF-EPSON-CO-W01,1,16,15.5,404,,0,3.86
https://mahamprint.com/product/3104/%D8%A8%D8%A7%D8%B1%DA%A9%D8%AF-%20%D8%AE%D9%88%D8%A7%D9%86-%20%D9%85%DB%8C%D9%86%D8%AF%D8%A6%D9%88%20-CS3290,1,16,8.5,404,,0,3.19
https://mahamprint.com/product/3110/%D8%A8%D8%A7%D8%B1%DA%A9%D8%AF%20%D8%AE%D9%88%D8%A7%D9%86-%20Datalogic%20-MAGELLAN%20-900i,1,16,7.6875,404,,0,3.26
https://mahamprint.com/products/------hp-pro--3203dw,1,16,6.875,200,https://mahamprint.com/products/------hp-pro--3203dw,0,2.64
https://mahamprint.com/product/538/%D9%84%DB%8C%D8%A8%D9%84-%D9%BE%D8%B1%DB%8C%D9%86%D8%AA%D8%B1-%D8%A8%D8%B1%D9%86%D8%AF-Bixolon-XD3-40td,1,16,10.9375,404,,0,4.09
https://mahamprint.com/products/--------grandmi----mi-r523n,1,16,10.125,200,https://mahamprint.com/products/--------grandmi----mi-r523n,0,2.79
https://mahamprint.com/products/----canon-6033w,1,16,5.75,200,https://mahamprint.com/products/----canon-6033w,0,2.96
https://mahamprint.com/products/---bqs030w,1,16,7.9375,200,https://mahamprint.com/products/---bqs030w,0,2.76
https://mahamprint.com/products/--hp-1025,1,16,7.5625,200,https://mahamprint.com/products/--hp-1025,0,2.68
https://mahamprint.com/products/-hp-2015,1,16,7.75,200,https://mahamprint.com/products/-hp-2015,0,2.77
https://mahamprint.com/index.php?productID=2683,0,16,5.6875,404,,0,2.99
https://mahamprint.com/product/1367/%D8%AA%D9%88%D9%86%D8%B1-HP-63-CMY,0,16,19,404,,0,2.21
https://mahamprint.com/product/1136/%D8%AC%D9%88%D9%87%D8%B1-%DB%B4-%D8%B1%D9%86%DA%AF-EPSON-T502,0,16,7.4375,404,,0,2.68
https://mahamprint.com/mag/%D9%88%DB%8C%DA%98%DA%AF%DB%8C-%D9%87%D8%A7%DB%8C-%D8%A2%DB%8C%D9%81%D9%88%D9%86-14,0,16,11.3125,404,,0,3.43
https://mahamprint.com/product/174/%D9%BE%D8%B1%DB%8C%D9%86%D8%AA%D8%B1-%DA%86%D9%86%D8%AF%DA%A9%D8%A7%D8%B1%D9%87-%D9%84%DB%8C%D8%B2%D8%B1%DB%8C-%D8%A8%D8%B1%D9%86%D8%AF-HP-PRO-MFP-M28A,0,16,13.4375,404,,0,2.54
https://mahamprint.com/product/176/%D9%BE%D8%B1%DB%8C%D9%86%D8%AA%D8%B1-%DA%86%D9%87%D8%A7%D8%B1%DA%A9%D8%A7%D8%B1%D9%87-%D8%A8%D8%B1%D9%86%D8%AF-HP-%D9%85%D8%AF%D9%84-MFP-M525DN,0,16,7.75,404,,0,2.24
https://mahamprint.com/product/2399/%D9%BE%DB%8C%DA%A9%D8%A7%D9%BE-%D8%A2%D8%AC%D8%AF%D8%A7%D8%B1-%D8%AF%D8%B3%D8%AA%DB%8C-%D8%B4%D8%A7%D8%B1%D9%BE-AR-5127,0,16,12,404,,0,2.36
https://mahamprint.com/product/2963/%D9%88%DB%8C%D8%AF%D8%A6%D9%88-%D9%BE%D8%B1%D9%88%DA%98%DA%A9%D8%AA%D9%88%D8%B1-ACER-%D9%85%D8%AF%D9%84-X1226AH,0,16,47.5,404,,0,2.32
https://mahamprint.com/product/358/%D9%BE%D8%B1%DB%8C%D9%86%D8%AA%D8%B1-%D8%AC%D9%88%D9%87%D8%B1%D8%A7%D9%81%D8%B4%D8%A7%D9%86-hp-615w,0,16,6.75,404,,0,2.64
https://mahamprint.com/product/346/%D9%BE%D8%B1%DB%8C%D9%86%D8%AA%D8%B1-%DA%86%D9%86%D8%AF%DA%A9%D8%A7%D8%B1%D9%87-%D9%84%DB%8C%D8%B2%D8%B1%DB%8C-%D8%A8%D8%B1%D9%86%D8%AF-HP-MFP-M183FW,0,16,9.5,404,,0,2.84
https://mahamprint.com/product/442/%D8%A7%D8%B3%DA%A9%D9%86%D8%B1-Plustek-Z300,0,16,8.3125,404,,0,2.49
https://mahamprint.com/product/368/%D9%BE%D8%B1%DB%8C%D9%86%D8%AA%D8%B1-%D8%AC%D9%88%D9%87%D8%B1%D8%A7%D9%81%D8%B4%D8%A7%D9%86-%DA%86%D9%87%D8%A7%D8%B1%DA%A9%D8%A7%D8%B1%D9%87-EPSON-WF-3620,0,16,7.9375,404,,0,3.14
https://mahamprint.com/product/522/%D8%AA%D8%B3%D8%AA-%D8%A7%D8%B3%DA%A9%D9%86%D8%A7%D8%B3-Protech%D9%85%D8%AF%D9%84-DL-880,0,16,7.8125,404,,0,2.5
https://mahamprint.com/product/536/%D9%81%DB%8C%D8%B4-%D9%BE%D8%B1%DB%8C%D9%86%D8%AA%D8%B1-bixolon-srp-r200lll,0,16,5.6875,404,,0,2.61
https://mahamprint.com/product/680/%DA%A9%D8%A7%D8%BA%D8%B0-%D8%AE%D8%B1%D8%AF%DA%A9%D9%86-Fellowes-H8C,0,16,35,404,,0,2.6
https://mahamprint.com/products/---suprema-biomini-combo,0,16,10.4375,200,https://mahamprint.com/products/---suprema-biomini-combo,0,2.6
https://mahamprint.com/products/---wacom-stu-430,0,16,10.125,200,https://mahamprint.com/products/---wacom-stu-430,0,2.47
https://mahamprint.com/products/--hp-3015,0,16,6.5625,200,https://mahamprint.com/products/--hp-3015,0,2.34
https://mahamprint.com/products/canon--633--cdw--single-function--laser--printer,0,16,10.8125,200,https://mahamprint.com/products/canon--633--cdw--single-function--laser--printer,0,2.61
https://mahamprint.com/products/--epson-t50,0,16,7.3125,200,https://mahamprint.com/products/--epson-t50,0,3.51
https://mahamprint.com/tag/1668/%D8%AA%D9%88%D9%86%D8%B0-%D8%A8%D8%A7-%DA%A9%DB%8C%D9%81%DB%8C%D8%AA,0,16,4.8125,404,,0,2.7
https://mahamprint.com/tag/2019/HSJV,0,16,8.5,404,,0,3.01
https://mahamprint.com/tag/681/%D8%A7%D8%B3%DA%A9%D9%86%D8%B1-%DA%A9%D8%A7%D9%86%D9%86,0,16,82.25,404,,0,2.6
https://mahamprint.com/product/507/%D8%A7%D8%B3%DA%A9%D9%86%D8%B1-HP-8420N,5,15,5.333333333333333,404,,0,3.0
https://mahamprint.com/products/---ds-1l,3,15,4.8,200,https://mahamprint.com/products/---ds-1l,0,2.35
https://mahamprint.com/products/---epson--l121,3,15,5.2,200,https://mahamprint.com/products/---epson--l121,0,2.27
https://mahamprint.com/product/771/%D8%AF%D8%B3%D8%AA%DA%AF%D8%A7%D9%87-%D8%A8%D8%B1%D8%B4-%DA%A9%D8%A7%D8%BA%D8%B0-AX-Full-650,3,15,6.2,404,,0,3.08
https://mahamprint.com/product/1069/%D8%AF%D8%B3%D8%AA%DA%AF%D8%A7%D9%87-%DA%A9%D9%BE%DB%8C-CANON-2204N,2,15,7.6,404,,0,2.57
https://mahamprint.com/product/871/%D8%A7%D8%B3%DA%A9%D9%86%D8%A7%D8%B3-%D8%B4%D9%85%D8%A7%D8%B1-%D8%B1%D9%88%D9%85%DB%8C%D8%B2%DB%8C-AX-9100,2,15,4.933333333333334,404,,0,2.6
https://mahamprint.com/product/1522/%D8%AA%D9%88%D9%86%D8%B1-RICOH-407971,1,15,20.466666666666665,ERR:RemoteDisconnected,,0,1.73
https://mahamprint.com/product/1455/%D8%AA%D9%88%D9%86%D8%B1-%DA%A9%D8%A7%D8%B1%D8%AA%D8%B1%DB%8C%D8%AC-CANON-451-CMYK,1,15,9,ERR:RemoteDisconnected,,0,2.07
https://mahamprint.com/news/%D8%AE%D8%B1%DB%8C%D8%AF-%D9%BE%D8%B1%DB%8C%D9%86%D8%AA%D8%B1%D9%87%D8%A7%DB%8C-%DA%86%D9%86%D8%AF%DA%A9%D8%A7%D8%B1%D9%87,1,15,32.2,ERR:RemoteDisconnected,,0,2.2
https://mahamprint.com/product/2086/%D8%A8%D8%B1%D8%AF-%D9%BE%D8%A7%D9%88%D8%B1-%D9%BE%D8%B1%DB%8C%D9%86%D8%AA%D8%B1-HP-M1005,1,15,10.8,ERR:URLError,,0,1.04
https://mahamprint.com/product/1774/%DA%A9%D8%A7%D8%B1%D8%A8%D9%86-%D9%81%DA%A9%D8%B3-Brother-PC-204RF,1,15,13.333333333333334,ERR:URLError,,0,1.55
https://mahamprint.com/product/2546/%D8%AF%D8%B3%D8%AA%DA%AF%D8%A7%D9%87-%D9%BE%D8%B1%D8%B3-%DA%A9%D8%A7%D8%B1%D8%AA-%D9%85%D8%AF%D9%84-C230,1,15,7.2,ERR:URLError,,0,0.33
https://mahamprint.com/products/-----100-150,1,15,10.2,200,https://mahamprint.com/products/-----100-150,0,0.71
https://mahamprint.com/product/1219/%D8%AF%DB%8C%D8%AA%D8%A7-%D9%BE%D8%B1%D9%88%DA%98%DA%A9%D8%AA%D9%88%D8%B1-PANASONIC-PT-VW360,0,15,9.133333333333333,404,,0,1.21
https://mahamprint.com/product/1427/%D8%AA%D9%88%D9%86%D8%B1-Epson-T702-CMYK,0,15,3.8,404,,0,1.31
https://mahamprint.com/product/1527/%D8%AA%D9%88%D9%86%D8%B1-RICOH-430707,0,15,6.8,404,,0,1.37
https://mahamprint.com/product/1460/%DA%A9%D8%A7%D8%B1%D8%AA%D8%B1%DB%8C%D8%AC-HP-64A,0,15,26.6,404,,0,1.46
https://mahamprint.com/product/258/%D9%BE%D8%B1%DB%8C%D9%86%D8%AA%D8%B1-EPSON-L1110,1,15,7,404,,0,1.56
https://mahamprint.com/product/160/%D9%BE%D8%B1%DB%8C%D9%86%D8%AA%D8%B1-%D8%AA%DA%A9-%DA%A9%D8%A7%D8%B1%D9%87-%D9%84%DB%8C%D8%B2%D8%B1%DB%8C-%D8%A8%D8%B1%D9%86%D8%AF-HP-M203DW,0,15,10.733333333333333,404,,0,0.97
https://mahamprint.com/product/1868/%D9%84%DB%8C%D8%A8%D9%84-%D8%A8%D8%B1%DA%86%D8%B3%D8%A8-%D9%BE%DB%8C-%D9%88%DB%8C-%D8%B3%DB%8C-%D8%AA%DA%A9-%D8%B1%D8%AF%DB%8C%D9%81%D9%87-75%C3%9740,0,15,29.2,404,,0,0.75
https://mahamprint.com/product/1641/%D9%81%DB%8C%D8%B4-%D9%BE%D8%B1%DB%8C%D9%86%D8%AA%D8%B1-%D8%AD%D8%B1%D8%A7%D8%B1%D8%AA%DB%8C-%D8%A8%D8%B1%D9%86%D8%AF-BIXOLONSRP-B300,0,15,47.53333333333333,404,,0,0.88
https://mahamprint.com/product/2049/%D8%A8%D8%B1%D8%AF-%D9%81%D8%B1%D9%85%D8%AA%D8%B1-%D8%A7%DA%86-%D9%BE%DB%8C-M1522nf,0,15,8,404,,0,0.88
https://mahamprint.com/product/2091/%D8%AF%D8%B1%D8%A7%D9%85-%DA%A9%D8%A7%D8%B1%D8%AA%D8%B1%DB%8C%D8%AC-%D8%A8%D8%B1%D9%86%D8%AF-Toshiba-166-Drum,0,15,10.266666666666667,404,,0,0.87
https://mahamprint.com/product/2113/%D8%AF%D8%B1%D8%A7%D9%85-%DA%A9%D8%A7%D8%B1%D8%AA%D8%B1%DB%8C%D8%AC-hp-%D9%85%D8%AF%D9%84-Drum-2400,0,15,12.133333333333333,404,,0,0.83
https://mahamprint.com/product/2322/%DA%86%D8%B1%D8%AE-%D8%AF%D9%86%D8%AF%D9%87-%D9%85%D9%88%D8%AA%D9%88%D8%B1-%D8%A7%D8%B5%D9%84%DB%8C-%D8%A8%D8%A7-%D8%A8%D9%84%D8%A8%D8%B1%DB%8C%D9%86%DA%AF-%D8%A8%D8%B1%D9%86%D8%AF-toshiba-E-Studio-350,0,15,8.266666666666666,404,,0,0.86
https://mahamprint.com/product/2333/%DA%86%D8%B1%D8%AE-%D8%AF%D9%86%D8%AF%D9%87-%D8%B1%D8%A7%D8%A8%D8%B7-%D9%87%DB%8C%D8%AA%D8%B1-SHARP-5127-Sharp,0,15,8.733333333333334,404,,0,0.81
https://mahamprint.com/product/2327/%DA%86%D8%B1%D8%AE-%D8%AF%D9%86%D8%AF%D9%87-%D8%AF%D9%88%D8%A8%D9%84-%DA%A9%D9%84%D8%A7%DA%86-%D8%A8%D8%B1%D9%86%D8%AF-hp-%D9%85%D8%AF%D9%84-1005,0,15,10.8,404,,0,0.86
https://mahamprint.com/product/237/%D9%BE%D8%B1%DB%8C%D9%86%D8%AA%D8%B1-%D9%84%DB%8C%D8%B2%D8%B1%DB%8C-%DA%86%D9%87%D8%A7%D8%B1-%DA%A9%D8%A7%D8%B1%D9%87-CANON-MF421dw,0,15,6.333333333333333,404,,0,0.98
https://mahamprint.com/product/2391/%D9%BE%DB%8C%DA%A9%D8%A7%D9%BE-%D8%B5%D8%A7%D9%81-%D8%B4%D8%A7%D8%B1%D9%BE-AR-350420,0,15,7.8,404,,0,1.0
https://mahamprint.com/product/2417/%D9%81%DB%8C%D8%AF-%D8%B1%D9%88%D9%84%D8%B1-Ricoh-AF-2060,0,15,6.4,404,,0,1.01
https://mahamprint.com/product/268/%D9%BE%D8%B1%DB%8C%D9%86%D8%AA%D8%B1-%D8%AC%D9%88%D9%87%D8%B1%D8%A7%D9%81%D8%B4%D8%A7%D9%86-%DA%86%D9%87%D8%A7%D8%B1%DA%A9%D8%A7%D8%B1%D9%87-EPSON-L565W,0,15,5.733333333333333,404,,0,0.9
https://mahamprint.com/product/2842/%D9%BE%D8%B1%D8%AF%D9%87-%D9%86%D9%85%D8%A7%DB%8C%D8%B4-%D9%82%D8%B1%D9%85%D8%B2-%D8%A8%D8%B1%D9%82%DB%8C-%D9%85%D8%AF%D9%84-CS250AR,0,15,5.666666666666667,404,,0,0.99
https://mahamprint.com/product/2941/%D9%88%DB%8C%D8%AF%D8%A6%D9%88-%D9%BE%D8%B1%D9%88%DA%98%DA%A9%D8%AA%D9%88%D8%B1-%D8%A8%D8%B1%D9%86%D8%AF-RICOH-%D9%85%D8%AF%D9%84-PJ-WX4152N,0,15,8.4,404,,0,1.05
https://mahamprint.com/product/3003/%D9%BE%D8%B1%DB%8C%D9%86%D8%AA%D8%B1%20-%D8%AC%D9%88%D9%87%D8%B1%D8%A7%D9%81%D8%B4%D8%A7%D9%86%20-brother-%20T820dw,0,15,7.333333333333333,404,,0,1.0
https://mahamprint.com/product/3152/%D9%BE%D8%B1%DB%8C%D9%86%D8%AA%D8%B1%20-%D8%AC%D9%88%D9%87%D8%B1%D8%A7%D9%81%D8%B4%D8%A7%D9%86%20-CANON-%20PIXMA%20-MG2546S,0,15,10.333333333333334,404,,0,1.06
https://mahamprint.com/product/793/%D8%A8%D8%A7%D8%B1%DA%A9%D8%AF-%D8%A7%D8%B3%DA%A9%D9%86%D8%B1-DATALOGIC-%D9%85%D8%AF%D9%84-Heron-HD3430,0,15,7.333333333333333,404,,0,1.13
https://mahamprint.com/product/885/%D8%A7%D8%B3%DA%A9%D9%86%D8%A7%D8%B3-%D8%B4%D9%85%D8%A7%D8%B1-Para-NFC-900,0,15,4.4,404,,0,1.12
https://mahamprint.com/products/-----hp-251nw,0,15,8.133333333333333,200,https://mahamprint.com/products/-----hp-251nw,0,1.01
https://mahamprint.com/products/----hp-m426fdn,0,15,7.066666666666666,200,https://mahamprint.com/products/----hp-m426fdn,0,1.04
https://mahamprint.com/products/---hp-mfp-m435nw,0,15,8.266666666666666,200,https://mahamprint.com/products/---hp-mfp-m435nw,0,1.43
https://mahamprint.com/products/--hp-48a,0,15,8,200,https://mahamprint.com/products/--hp-48a,0,1.49
https://mahamprint.com/products/--hp-mfp-m135a,0,15,4.933333333333334,200,https://mahamprint.com/products/--hp-mfp-m135a,0,1.52
https://mahamprint.com/tag/1960/fhvn,0,15,1,404,,0,1.7
https://mahamprint.com/tag/2224/ghjv-hp-t795,0,15,4,404,,0,2.27
https://mahamprint.com/tag/2254/%5Dhv-h%5D-d,0,15,8.933333333333334,404,,0,2.49
https://mahamprint.com/product/3040/%D9%81%DB%8C%D8%B4%20-%D9%BE%D8%B1%DB%8C%D9%86%D8%AA%D8%B1%C2%A0-bixolon-%20srp-350vk,3,14,7,404,,0,2.58
https://mahamprint.com/product/772/%D8%AF%D8%B3%D8%AA%DA%AF%D8%A7%D9%87-%D8%A8%D8%B1%D8%B4-%DA%A9%D8%A7%D8%BA%D8%B0-AX-450D,3,14,5.357142857142857,404,,0,2.44
https://mahamprint.com/product/2346/%DA%86%D8%B1%D8%AE-%D8%AF%D9%86%D8%AF%D9%87-32T-%DA%A9%D9%84%D8%A7%DA%86-PS-%D8%A8%D8%B1%D9%86%D8%AF-sharp-AR-163-2,2,14,11.071428571428571,404,,0,2.63
https://mahamprint.com/product/759/%DA%A9%D8%A7%D8%BA%D8%B0-%D8%AE%D8%B1%D8%AF%DA%A9%D9%86-Geha-X7CD,2,14,12.142857142857142,404,,0,2.49
https://mahamprint.com/products/--posbank-apexa-g,2,14,8.285714285714285,200,https://mahamprint.com/products/--posbank-apexa-g,0,1.91
https://mahamprint.com/category/83/Binding%20and%20consumer%20devices,1,14,7.857142857142857,404,,0,1.98
https://mahamprint.com/product/1036/%D9%85%D8%A7%D8%B4%DB%8C%D9%86-%D8%AD%D8%B3%D8%A7%D8%A8-Citizen-SR-270XGR,1,14,6.642857142857143,404,,0,1.34
https://mahamprint.com/product/1719/%D8%B1%DB%8C%D8%A8%D9%88%D9%86-Wax-Resin-110-300-%D9%82%D8%B1%D9%85%D8%B2,1,14,25.714285714285715,404,,0,1.36
https://mahamprint.com/product/1933/%D9%86%D9%88%D8%A7%D8%B1-%DB%8C%D8%AF%DA%A9-%D9%84%DB%8C%D8%A8%D9%84-%D8%B2%D9%86-%D8%AF%D8%B3%D8%AA%DB%8C-%D8%A8%D8%B1%D9%86%D8%AF-DYMO-%D8%B1%D9%86%DA%AF-%D9%82%D8%B1%D9%85%D8%B2,1,14,9.142857142857142,404,,0,1.16
https://mahamprint.com/product/2647/%D9%84%D9%BE-%D8%AA%D8%A7%D9%BE-%D9%85%D8%AF%D9%84-ASUS-M3500QC-R7-5800H-16G-512SSD,1,14,13.357142857142858,404,,0,1.21
https://mahamprint.com/product/2703/%D9%85%D8%A7%DA%98%D9%88%D9%84-%D8%B4%D8%A8%DA%A9%D9%87-CISCO-SFP-10G-LR,1,14,7,404,,0,1.02
https://mahamprint.com/product/595/%D8%B5%D9%86%D8%AF%D9%88%D9%82-%D9%81%D8%B1%D9%88%D8%B4%DA%AF%D8%A7%D9%87%DB%8C-SAM-4S-SPT-3700,1,14,5.857142857142857,404,,0,0.91
https://mahamprint.com/product/575/%D9%81%DB%8C%D8%B4-%D9%BE%D8%B1%DB%8C%D9%86%D8%AA%D8%B1-Bixolon-SRP-E300N,1,14,8.857142857142858,404,,0,1.17
https://mahamprint.com/product/789/%D8%A8%D8%A7%D8%B1%DA%A9%D8%AF-%D8%A7%D8%B3%DA%A9%D9%86%D8%B1-%D8%A8%D8%B1%D9%86%D8%AF-DATALOGIC-%D9%85%D8%AF%D9%84-Quickscan-M-QM2131,1,14,8.071428571428571,404,,0,1.06
https://mahamprint.com/product/884/%D8%A7%D8%B3%DA%A9%D9%86%D8%A7%D8%B3-%D8%B4%D9%85%D8%A7%D8%B1-NIKITA-LD-90B,1,14,6.428571428571429,404,,0,0.97
https://mahamprint.com/products/----hp-pro-mfp-m28a,1,14,7.071428571428571,200,https://mahamprint.com/products/----hp-pro-mfp-m28a,0,0.99
https://mahamprint.com/products/--datascan--ip-2050,1,14,7.071428571428571,200,https://mahamprint.com/products/--datascan--ip-2050,0,1.19
https://mahamprint.com/products/-epson-v600,1,14,6.142857142857143,200,https://mahamprint.com/products/-epson-v600,0,1.16
https://mahamprint.com/tag/132/%D9%81%D8%B1%D9%88%D8%B4-%D9%BE%D8%B1%DB%8C%D9%86%D8%AA%D8%B1,1,14,1.3571428571428572,404,,0,1.39
https://mahamprint.com/brand/72/zebra,0,14,8.142857142857142,404,,0,1.36
https://mahamprint.com/brand/83/apple,0,14,3,404,,0,1.35
https://mahamprint.com/index.php?productID=604,0,14,7.357142857142857,404,,0,1.03
https://mahamprint.com/page/18/%D8%B1%D9%88%D9%86%D8%AF-%D9%85%D8%B1%D8%AC%D9%88%D8%B9%DB%8C-%DA%A9%D8%A7%D9%84%D8%A7,0,14,65.35714285714286,404,,0,0.94
https://mahamprint.com/product/103/%D9%BE%D8%B1%DB%8C%D9%86%D8%AA%D8%B1-%DA%86%D9%86%D8%AF%DA%A9%D8%A7%D8%B1%D9%87-%D9%84%DB%8C%D8%B2%D8%B1%DB%8C-%D9%85%D8%AF%D9%84-CANON-MF416DW,0,14,8.714285714285715,404,,0,0.72
https://mahamprint.com/category/147/%DA%A9%D8%A7%D9%84%D8%A7%D9%87%D8%A7%DB%8C-%D8%A7%D8%B3%D8%AA%D9%88%DA%A9/?min=0&max=0&show=0&search=&allSize=&allColor=,0,14,1,308->404,/category/147/%DA%A9%D8%A7%D9%84%D8%A7%D9%87%D8%A7%DB%8C-%D8%A7%D8%B3%D8%AA%D9%88%DA%A9?min=0&max=0&show=0&search=&allSize=&allColor=,1,1.85
https://mahamprint.com/product/1199/%D9%84%D9%BE-%D8%AA%D8%A7%D9%BE-%DB%B1%DB%B6-%D8%A7%DB%8C%D9%86%DA%86%DB%8C-%D8%A7%D9%BE%D9%84-MacBook-Pro-MVVK2,0,14,10.357142857142858,404,,0,0.84
https://mahamprint.com/product/1294/%D8%AF%DB%8C%D8%AA%D8%A7-%D9%88%DB%8C%D8%AF%D8%A6%D9%88-%D9%BE%D8%B1%D9%88%DA%98%DA%A9%D8%AA%D9%88%D8%B1-VIEWSONIC-Pa503X,0,14,6.785714285714286,404,,0,0.87
https://mahamprint.com/product/1514/%D8%AA%D9%88%D9%86%D8%B1-HP-90A,0,14,7.642857142857143,404,,0,0.89
https://mahamprint.com/product/1669/%D8%AF%DB%8C%D8%AA%D8%A7-%D9%BE%D8%B1%D9%88%DA%98%DA%A9%D8%AA%D9%88%D8%B1-EPSON-X-49,0,14,9.357142857142858,404,,0,0.96
https://mahamprint.com/product/1727/%D8%B1%DB%8C%D8%A8%D9%88%D9%86-%D9%85%D8%B4%DA%A9%DB%8C-1200-%D8%B9%DA%A9%D8%B3-%D8%A8%D8%B1%D9%86%D8%AF-Smart-50-Black-Ribbon,0,14,12.928571428571429,404,,0,0.93
https://mahamprint.com/product/1880/%D9%84%DB%8C%D8%A8%D9%84-%D8%A8%D8%B1%DA%86%D8%B3%D8%A8-%D9%85%D8%AA%D8%A7%D9%84-%D8%AF%D9%88-%D8%B1%D8%AF%DB%8C%D9%81-Metal-Label-15%C3%9745,0,14,24.928571428571427,404,,0,1.0
https://mahamprint.com/product/1959/%D9%86%D9%88%D8%A7%D8%B1-%D9%84%DB%8C%D8%A8%D9%84-%D9%BE%D8%B1%DB%8C%D9%86%D8%AA%D8%B1-brother-TZE-931-%D8%BA%DB%8C%D8%B1-%D8%A7%D9%88%D8%B1%D8%AC%DB%8C%D9%86%D8%A7%D9%84,0,14,9.142857142857142,404,,0,0.91
https://mahamprint.com/product/2085/%D8%A8%D8%B1%D8%AF-%D9%BE%D8%A7%D9%88%D8%B1-printer-HP-P1160-P1320,0,14,32.214285714285715,404,,0,0.96
https://mahamprint.com/product/2126/%D8%AF%D8%B1%D8%A7%D9%85-%D8%A8%D8%B1%D9%86%D8%AF-Samsung-%D9%85%D8%AF%D9%84-1210-Drum,0,14,6.214285714285714,404,,0,0.84
https://mahamprint.com/product/2638/%D9%84%D9%BE-%D8%AA%D8%A7%D9%BE-%D8%A8%D8%B1%D9%86%D8%AF-ASUS-R565EA-core-I3,0,14,18.357142857142858,404,,0,0.88
https://mahamprint.com/product/2706/%D9%85%D8%A7%DA%98%D9%88%D9%84-%D8%B4%D8%A8%DA%A9%D9%87-%D8%B3%DB%8C%D8%B3%DA%A9%D9%88-GLC-SX-MMD,0,14,6.428571428571429,404,,0,1.08
https://mahamprint.com/product/2741/%DA%A9%D8%A7%D8%B1%D8%AA-%DA%AF%D8%B1%D8%A7%D9%81%DB%8C%DA%A9-RTX-3090-GAMING-TRIO-24G,0,14,7.071428571428571,404,,0,1.03
https://mahamprint.com/product/2753/all-in-one-dell-9010-core-i5-3,0,14,15.214285714285714,404,,0,1.02
https://mahamprint.com/product/2980/%D9%BE%D8%B1%DB%8C%D9%86%D8%AA%D8%B1-canon-pixima-G3430,0,14,8.357142857142858,404,,0,0.93
https://mahamprint.com/product/2957/%D8%A8%D8%A7%D8%B1%DA%A9%D8%AF-%20%D8%A7%D8%B3%DA%A9%D9%86%D8%B1-%20%D9%85%D8%AF%D9%84-%20CBON%20-CB-N220DH,0,14,6.571428571428571,404,,0,1.03
https://mahamprint.com/product/2983/%D8%A8%D8%A7%D8%B1%DA%A9%D8%AF-%20%D8%A7%D8%B3%DA%A9%D9%86%D8%B1-%20%D8%A8%D8%B1%D9%86%D8%AF-%20CBON%20-CB-N210,0,14,8.285714285714285,404,,0,0.99
https://mahamprint.com/product/3113/%D9%BE%D8%B1%DB%8C%D9%86%D8%AA%D8%B1%20-%D8%B3%D9%87-%20%DA%A9%D8%A7%D8%B1%D9%87-%20%D9%84%DB%8C%D8%B2%D8%B1%DB%8C-%20HP-%20MFP-%20M681dh,0,14,7.928571428571429,404,,0,0.85
https://mahamprint.com/product/454/%D8%A7%D8%B3%DA%A9%D9%86%D8%B1-Plustek-PS30D,0,14,5.857142857142857,404,,0,0.91
https://mahamprint.com/product/327/%D9%BE%D8%B1%DB%8C%D9%86%D8%AA%D8%B1%D8%AA%DA%A9-%DA%A9%D8%A7%D8%B1%D9%87-%D9%84%DB%8C%D8%B2%D8%B1%DB%8C-HP-M651DN,0,14,8.642857142857142,404,,0,0.99
https://mahamprint.com/product/49/PRINTER-PROTHER-T710W,0,14,5,404,,0,0.91
https://mahamprint.com/product/757/%DA%A9%D8%A7%D8%BA%D8%B0-%D8%AE%D8%B1%D8%AF%DA%A9%D9%86-Kobra-260-HS-2,0,14,9.642857142857142,404,,0,0.9
https://mahamprint.com/product/821/%D8%A8%D8%A7%D8%B1%DA%A9%D8%AF-%D8%A7%D8%B3%DA%A9%D9%86%D8%B1-ZEBRA-Symbol-ls-2208,0,14,6.714285714285714,404,,0,0.84
https://mahamprint.com/product/854/%D8%A7%D8%B3%DA%A9%D9%86%D8%A7%D8%B3-%D8%B4%D9%85%D8%A7%D8%B1-%D8%AF%DB%8C%D8%AA%DA%A9-%D9%85%D8%AF%D9%84-%DB%B2%DB%B0%DB%B9,0,14,6.785714285714286,404,,0,1.05
https://mahamprint.com/products/-----canon--mf231,0,14,7.357142857142857,200,https://mahamprint.com/products/-----canon--mf231,0,0.95
https://mahamprint.com/products/---bixolon--srp-330iii,0,14,7.642857142857143,200,https://mahamprint.com/products/---bixolon--srp-330iii,0,0.93
https://mahamprint.com/product/955/%D9%85%D8%A7%D8%B4%DB%8C%D9%86-%D8%AD%D8%B3%D8%A7%D8%A8-CASIO-GX-16B,0,14,7,404,,0,1.06
https://mahamprint.com/products/--a33-5g,0,14,7.285714285714286,200,https://mahamprint.com/products/--a33-5g,0,1.18
https://mahamprint.com/products/--datalogic-qw2420,0,14,41.214285714285715,200,https://mahamprint.com/products/--datalogic-qw2420,0,1.25
https://mahamprint.com/products/-avision-ad240,0,14,8.642857142857142,200,https://mahamprint.com/products/-avision-ad240,0,1.28
https://mahamprint.com/tag/135/%D9%BE%D8%B1%DB%8C%D9%86%D8%AA%D8%B1-%D8%AE%D8%A7%D9%86%DA%AF%DB%8C,0,14,1,404,,0,1.47
https://mahamprint.com/tag/3166/%D8%B1%DB%8C%D8%A8%D9%88%D9%86-%D9%85%D8%AC%DB%8C%DA%A9%D8%A7%D8%B1%D8%AF,0,14,8.714285714285715,404,,0,1.49
https://mahamprint.com/products/-canon-712,0,14,10.785714285714286,200,https://mahamprint.com/products/-canon-712,0,1.58
https://mahamprint.com/products/-fujitsu-fi-6770,5,13,3.769230769230769,200,https://mahamprint.com/products/-fujitsu-fi-6770,0,1.34
https://mahamprint.com/product/1525/%D8%AA%D9%88%D9%86%D8%B1-RICOH-885400,4,13,49.23076923076923,404,,0,1.42
https://mahamprint.com/product/1526/%D8%AA%D9%88%D9%86%D8%B1-RICOH-841332,3,13,8.692307692307693,404,,0,1.35
https://mahamprint.com/product/2556/%D9%BE%D8%B1%DB%8C%D9%86%D8%AA%D8%B1-%D8%B3%D9%87-%DA%A9%D8%A7%D8%B1%D9%87-%D9%84%DB%8C%D8%B2%D8%B1%DB%8C-CANON-MF453dw,3,13,13.846153846153847,404,,0,1.22
https://mahamprint.com/product/737/%DA%A9%D8%A7%D8%BA%D8%B0-%D8%AE%D8%B1%D8%AF%DA%A9%D9%86-Nikita-SD-9671,3,13,5.461538461538462,404,,0,1.2
https://mahamprint.com/product/2069/%D8%A8%D8%B1%D8%AF-%D9%BE%D8%A7%D9%88%D8%B1-M402-hp,2,13,10.23076923076923,404,,0,1.22
https://mahamprint.com/product/212/%D9%BE%D8%B1%DB%8C%D9%86%D8%AA%D8%B1-%DA%86%D9%86%D8%AF%DA%A9%D8%A7%D8%B1%D9%87-%D9%84%DB%8C%D8%B2%D8%B1%DB%8C-%D8%A8%D8%B1%D9%86%D8%AF-HP-M436NDA,2,13,6.846153846153846,404,,0,1.18
https://mahamprint.com/products/--para-nc-297,2,13,7.615384615384615,200,https://mahamprint.com/products/--para-nc-297,0,0.96
https://mahamprint.com/index.php?productID=3049,1,13,8,404,,0,1.04
https://mahamprint.com/index.php?productID=3071,1,13,12.692307692307692,404,,0,1.0
https://mahamprint.com/mag/--10-----,1,13,5.384615384615385,200,https://mahamprint.com/mag/--10-----,0,1.0
https://mahamprint.com/product/1061/%D8%AF%D8%B3%D8%AA%DA%AF%D8%A7%D9%87-%DA%A9%D9%BE%DB%8C-SHARP-AR-6023N,1,13,9,404,,0,1.12
https://mahamprint.com/product/1283/%D8%AF%DB%8C%D8%AA%D8%A7-%D9%88%DB%8C%D8%AF%D8%A6%D9%88-%D9%BE%D8%B1%D9%88%DA%98%DA%A9%D8%AA%D9%88%D8%B1-PANASONIC-PT-LB385,1,13,9.461538461538462,404,,0,1.12
https://mahamprint.com/product/1350/%D8%AA%D9%88%D9%86%D8%B1-hp-11-cmy,1,13,49.92307692307692,404,,0,1.18
https://mahamprint.com/product/1432/%D8%AA%D9%88%D9%86%D8%B1-Epson-410-CMYK,1,13,46.61538461538461,404,,0,0.95
https://mahamprint.com/product/1470/%D8%AA%D9%88%D9%86%D8%B1-%DA%A9%D8%A7%D8%B1%D8%AA%D8%B1%DB%8C%D8%AC-CANON-FX3,1,13,7.6923076923076925,404,,0,1.01
https://mahamprint.com/product/1750/%D8%B1%DB%8C%D8%A8%D9%88%D9%86-%D8%AF%D8%B1%D8%A7%DB%8C%D9%88-Olivetti-PR2,1,13,8.76923076923077,404,,0,1.02
https://mahamprint.com/product/1960/%D9%86%D9%88%D8%A7%D8%B1-%D9%84%DB%8C%D8%A8%D9%84-%D9%BE%D8%B1%DB%8C%D9%86%D8%AA%D8%B1-brother-TZE-831-%D8%BA%DB%8C%D8%B1-%D8%A7%D9%88%D8%B1%D8%AC%DB%8C%D9%86%D8%A7%D9%84,1,13,7,404,,0,0.89
https://mahamprint.com/product/2102/%D8%AF%D8%B1%D8%A7%D9%85-%DA%A9%D8%A7%D8%B1%D8%AA%D8%B1%DB%8C%D8%AC-%D8%A8%D8%B1%D9%86%D8%AF-Samsung-101,1,13,11.538461538461538,404,,0,0.86
https://mahamprint.com/product/2229/%D9%81%DB%8C%D9%84%D9%85-%D9%81%DB%8C%D9%88%D8%B2%DB%8C%D9%86%DA%AF-hp-P1505,1,13,9.692307692307692,404,,0,0.94
https://mahamprint.com/product/2508/%D9%BE%D8%B1%DB%8C%D9%86%D8%AA%D8%B1-%DA%86%D9%87%D8%A7%D8%B1%DA%A9%D8%A7%D8%B1%D9%87-epson-L6290,1,13,12.153846153846153,404,,0,1.12
https://mahamprint.com/product/2887/%D9%BE%D8%B1%DB%8C%D9%86%D8%AA%D8%B1-%D9%84%DB%8C%D8%B2%D8%B1%DB%8C-%D8%AA%DA%A9-%DA%A9%D8%A7%D8%B1%D9%87-%D8%A7%D8%B3%D8%AA%D9%88%DA%A9-%D8%A8%D8%B1%D9%86%D8%AF-hp-p1006,1,13,19.923076923076923,404,,0,0.97
https://mahamprint.com/product/2921/%D9%84%DB%8C%D8%A8%D9%84-%D9%BE%D8%B1%DB%8C%D9%86%D8%AA%D8%B1-Godex-G500,1,13,26.615384615384617,404,,0,0.98
https://mahamprint.com/product/2979/%D8%A8%D8%A7%D8%B1%DA%A9%D8%AF-%20%D8%A7%D8%B3%DA%A9%D9%86%D8%B1-%20%D9%85%D8%AF%D9%84-%20ZEBRA-%20Symbol-%20LI2208,1,13,7.769230769230769,404,,0,1.0
https://mahamprint.com/product/3032/%D8%A7%D8%B3%DA%A9%D9%86%D8%B1-%20Avision%20-360W,1,13,7.538461538461538,404,,0,1.02
https://mahamprint.com/product/3038/%D9%BE%D8%B1%DB%8C%D9%86%D8%AA%D8%B1-%D8%B3%D9%87-%DA%A9%D8%A7%D8%B1%D9%87-%D8%AC%D9%88%D9%87%D8%B1%D8%A7%D9%81%D8%B4%D8%A7%D9%86-CANON-PIXIMA-G2430,1,13,6.230769230769231,404,,0,0.94
https://mahamprint.com/products/--------hp--mfp--m681dh,1,13,8.23076923076923,200,https://mahamprint.com/products/--------hp--mfp--m681dh,0,0.9
https://mahamprint.com/product/319/%D9%BE%D8%B1%DB%8C%D9%86%D8%AA%D8%B1-HP-M404dw,1,13,2.1538461538461537,404,,0,0.94
https://mahamprint.com/products/----brother-mfc-1810,1,13,5.461538461538462,200,https://mahamprint.com/products/----brother-mfc-1810,0,0.93
https://mahamprint.com/products/----5516-sharp,1,13,7.846153846153846,200,https://mahamprint.com/products/----5516-sharp,0,1.03
https://mahamprint.com/products/--hp-t1700,1,13,7.230769230769231,200,https://mahamprint.com/products/--hp-t1700,0,1.08
https://mahamprint.com/products/--meva-tp1200,1,13,8.384615384615385,200,https://mahamprint.com/products/--meva-tp1200,0,1.33
https://mahamprint.com/products/-hp-1005,1,13,7.846153846153846,200,https://mahamprint.com/products/-hp-1005,0,1.53
https://mahamprint.com/brand/24/sony,0,13,5.615384615384615,404,,0,1.53
https://mahamprint.com/products/-hp-1010,1,13,7.461538461538462,200,https://mahamprint.com/products/-hp-1010,0,1.69
https://mahamprint.com/mag/%D8%A7%D8%AE%D8%AA%D8%B1%D8%A7%D8%B9-%DA%A9%D8%A7%D8%BA%D8%B0,0,13,32.15384615384615,404,,0,1.54
https://mahamprint.com/product/1050/%D9%81%D8%AA%D9%88%DA%A9%D9%BE%DB%8C-RICOH-M2701DN,0,13,6.538461538461538,404,,0,1.43
https://mahamprint.com/product/1133/%D8%AC%D9%88%D9%87%D8%B1-epson-%D9%85%D8%AF%D9%84-4-%D8%B1%D9%86%DA%AF-t66,0,13,19.23076923076923,404,,0,1.28
https://mahamprint.com/product/1313/%D8%AF%DB%8C%D8%AA%D8%A7-%D9%88%DB%8C%D8%AF%D8%A6%D9%88-%D9%BE%D8%B1%D9%88%DA%98%DA%A9%D8%AA%D9%88%D8%B1-BENQ-MS506,0,13,8.615384615384615,404,,0,1.07
https://mahamprint.com/product/1348/%D8%AA%D9%88%D9%86%D8%B1-%DA%A9%D8%A7%D8%B1%D8%AA%D8%B1%DB%8C%D8%AC-HP-85-CMYK,0,13,8.923076923076923,404,,0,0.95
https://mahamprint.com/product/184/%D9%BE%D8%B1%DB%8C%D9%86%D8%AA%D8%B1-%D9%84%DB%8C%D8%B2%D8%B1%DB%8C-%DA%86%D9%87%D8%A7%D8%B1%DA%A9%D8%A7%D8%B1%D9%87-HP-M521DN,0,13,11.923076923076923,404,,0,1.13
https://mahamprint.com/product/1450/%D8%AA%D9%88%D9%86%D8%B1-%DA%A9%D8%A7%D8%B1%D8%AA%D8%B1%DB%8C%D8%AC-EPSON-T092,0,13,16.76923076923077,404,,0,1.21
https://mahamprint.com/product/1668/%D8%AF%DB%8C%D8%AA%D8%A7-%D9%BE%D8%B1%D9%88%DA%98%DA%A9%D8%AA%D9%88%D8%B1-EPSON-X51,0,13,7.538461538461538,404,,0,1.31
https://mahamprint.com/product/192/%D9%BE%D8%B1%DB%8C%D9%86%D8%AA%D8%B1-%DA%86%D9%86%D8%AF%DA%A9%D8%A7%D8%B1%D9%87-%D9%84%DB%8C%D8%B2%D8%B1%DB%8C-%D8%A8%D8%B1%D9%86%D8%AF-HP-M177FW,0,13,6.6923076923076925,404,,0,0.88
https://mahamprint.com/product/2090/%D8%AF%D8%B1%D8%A7%D9%85-Samsung-1610-Drum,0,13,9.384615384615385,404,,0,0.82
https://mahamprint.com/product/1980/%D9%86%D9%88%D8%A7%D8%B1-%D9%84%DB%8C%D8%A8%D9%84-%D9%BE%D8%B1%DB%8C%D9%86%D8%AA%D8%B1-%D9%85%D8%AF%D9%84-%D8%A8%D8%B1%D8%A7%D8%AF%D8%B1-TZE-421,0,13,6.153846153846154,404,,0,1.0
https://mahamprint.com/product/2307/%D8%B1%D9%88%D9%84-%D9%BE%D8%B1%D8%B3-HP-1100,0,13,6.769230769230769,404,,0,0.87
https://mahamprint.com/product/2374/%DA%86%D8%B1%D8%AE-%D8%AF%D9%86%D8%AF%D9%87-30-T-72-T-%D8%B1%D8%A7%D8%A8%D8%B7%D9%87-%D8%A8%D8%A7-%D9%85%D9%88%D8%AA%D9%88%D8%B1-%D8%A7%D8%B5%D9%84%DB%8C-toshiba-E-Studio-35-3500,0,13,9.692307692307692,404,,0,0.88
https://mahamprint.com/product/241/%D9%BE%D8%B1%DB%8C%D9%86%D8%AA%D8%B1-%DA%86%D9%87%D8%A7%D8%B1%DA%A9%D8%A7%D8%B1%D9%87-%D8%A8%D8%B1%D9%86%D8%AF-CANON-MF267DW,0,13,6.076923076923077,404,,0,0.87
https://mahamprint.com/product/2657/%D8%A7%D8%B3%DA%A9%D9%86%D8%B1-plustek-ps188,0,13,8.23076923076923,404,,0,0.86
https://mahamprint.com/product/2662/%D8%A7%D8%B3%DA%A9%D9%86%D8%B1-HP-SCANJET-3600-F1,0,13,10.153846153846153,404,,0,0.9
https://mahamprint.com/product/2736/%DA%A9%D8%A7%D8%B1%D8%AA-%DA%AF%D8%B1%D8%A7%D9%81%DB%8C%DA%A9-MSI-RTX-3070-TI-VENTUS-3X-OC-8G,0,13,9,404,,0,0.91
https://mahamprint.com/product/2755/%D9%84%DB%8C%D8%A8%D9%84-%D9%BE%D8%B1%DB%8C%D9%86%D8%AA%D8%B1-ZEC-zp200,0,13,14.692307692307692,404,,0,0.82
https://mahamprint.com/product/285/%D9%BE%D8%B1%DB%8C%D9%86%D8%AA%D8%B1-%DA%86%D9%86%D8%AF%DA%A9%D8%A7%D8%B1%D9%87-%D9%84%DB%8C%D8%B2%D8%B1%DB%8C-%D8%A8%D8%B1%D9%86%D8%AF-BROTHER-%D9%85%D8%AF%D9%84-MFC-9140CDN,0,13,11.23076923076923,404,,0,0.81
https://mahamprint.com/product/2876/%D9%BE%D8%B1%DB%8C%D9%86%D8%AA%D8%B1-%D8%AC%D9%88%D9%87%D8%B1%D8%A7%D9%81%D8%B4%D8%A7%D9%86-%D8%B3%D9%87-%DA%A9%D8%A7%D8%B1%D9%87-EPSON-L6270dnw,0,13,49.53846153846154,404,,0,0.82
https://mahamprint.com/product/2888/%D9%BE%D8%B1%DB%8C%D9%86%D8%AA%D8%B1-%DA%86%D9%87%D8%A7%D8%B1%DA%A9%D8%A7%D8%B1%D9%87-%D9%84%DB%8C%D8%B2%D8%B1%DB%8C-%D8%A7%D8%B3%D8%AA%D9%88%DA%A9-%D8%A8%D8%B1%D9%86%D8%AF-hp-127fn,0,13,18.307692307692307,404,,0,0.83
https://mahamprint.com/product/2997/%D9%BE%D8%B1%DB%8C%D9%86%D8%AA%D8%B1%20-%D8%B3%D9%87%20%DA%A9%D8%A7%D8%B1%D9%87%20-%D8%AC%D9%88%D9%87%D8%B1%D8%A7%D9%81%D8%B4%D8%A7%D9%86%20-CANON%20-PIXIMA-%20G2430,0,13,11.76923076923077,404,,0,1.06
https://mahamprint.com/product/465/%D8%A7%D8%B3%DA%A9%D9%86%D8%B1-CANON-DR-G1130,0,13,6,404,,0,0.99
https://mahamprint.com/product/347/%D9%BE%D8%B1%DB%8C%D9%86%D8%AA%D8%B1-%DA%86%D9%86%D8%AF%DA%A9%D8%A7%D8%B1%D9%87-%D9%84%DB%8C%D8%B2%D8%B1%DB%8C-HP-M283fdn,0,13,6.461538461538462,404,,0,1.06
https://mahamprint.com/product/588/%D8%B5%D9%86%D8%AF%D9%88%D9%82-%D9%81%D8%B1%D9%88%D8%B4%DA%AF%D8%A7%D9%87%DB%8C-Beiyang-BPS-8600,0,13,4.846153846153847,404,,0,0.95
https://mahamprint.com/product/468/%D8%A7%D8%B3%DA%A9%D9%86%D8%B1-CANON-UNIT-201,0,13,39.53846153846154,404,,0,1.1
https://mahamprint.com/product/624/%D8%AF%D8%B3%D8%AA%DA%AF%D8%A7%D9%87-%D8%AD%D8%B6%D9%88%D8%B1-%D9%88-%D8%BA%DB%8C%D8%A7%D8%A8-ZKTeco-MB-960,0,13,13.384615384615385,404,,0,0.97
https://mahamprint.com/product/716/%DA%A9%D8%A7%D8%BA%D8%B0-%D8%AE%D8%B1%D8%AF%DA%A9%D9%86-Mehr-MM-812,0,13,6.461538461538462,404,,0,0.77
https://mahamprint.com/product/718/%DA%A9%D8%A7%D8%BA%D8%B0-%D8%AE%D8%B1%D8%AF%DA%A9%D9%86-Protech-SD-9522,0,13,22.615384615384617,404,,0,0.91
https://mahamprint.com/products/----50-80,0,13,8,200,https://mahamprint.com/products/----50-80,0,0.93
https://mahamprint.com/products/----zebra--zt111,0,13,6.538461538461538,200,https://mahamprint.com/products/----zebra--zt111,0,0.83
https://mahamprint.com/products/----tze-631,0,13,8.076923076923077,200,https://mahamprint.com/products/----tze-631,0,0.89
https://mahamprint.com/products/---hp--1505,0,13,5.3076923076923075,200,https://mahamprint.com/products/---hp--1505,0,0.84
https://mahamprint.com/products/--250---smart-30-ymcko-ribbon-,0,13,7.538461538461538,200,https://mahamprint.com/products/--250---smart-30-ymcko-ribbon-,0,1.49
https://mahamprint.com/tag/67/%D9%BE%D8%B1%DB%8C%D9%86%D8%AA%D8%B1,0,13,1,404,,0,1.43
https://mahamprint.com/product/2540/%D9%BE%D8%B1%DB%8C%D9%86%D8%AA%D8%B1-%D8%AA%DA%A9-%DA%A9%D8%A7%D8%B1%D9%87-HP-M611dn,3,12,11.25,404,,0,1.48
https://mahamprint.com/products/--bill-counter-v10,3,12,6.583333333333333,200,https://mahamprint.com/products/--bill-counter-v10,0,1.48
https://mahamprint.com/products/--ricoh--sp-213-sfnw,3,12,5.083333333333333,200,https://mahamprint.com/products/--ricoh--sp-213-sfnw,0,1.55
https://mahamprint.com/products/hp-cp5525n,3,12,4.166666666666666,200,https://mahamprint.com/products/hp-cp5525n,0,1.66
https://mahamprint.com/product/1572/%D8%AA%D9%88%D9%86%D8%B1-%DA%A9%D8%A7%D8%B1%D8%AA%D8%B1%DB%8C%D8%AC-RICOH-40754,2,12,7.083333333333333,404,,0,1.57
https://mahamprint.com/product/1695/%D8%AC%D9%88%D9%87%D8%B1-%D9%BE%D8%B1%DB%8C%D9%86%D8%AA%D8%B1-%D8%A8%D8%B1%D9%86%D8%AF-Epson-%D9%85%D8%AF%D9%84-6733,2,12,4.583333333333334,404,,0,1.43
https://mahamprint.com/product/1823/%D9%84%DB%8C%D8%A8%D9%84-%D8%A8%D8%B1%DA%86%D8%B3%D8%A8-pvc-%D8%AF%D9%88-%D8%B1%D8%AF%DB%8C%D9%81%D9%87-%D9%86%D8%A7%D8%B1%D9%86%D8%AC%DB%8C-51%C3%9734,2,12,20.916666666666668,404,,0,1.37
https://mahamprint.com/product/2688/%D8%A7%D8%B3%DA%A9%D9%86%D8%B1-%D8%A7%D8%AB%D8%B1-%D8%A7%D9%86%DA%AF%D8%B4%D8%AA-Futronic-%D9%85%D8%AF%D9%84-FS88HS,2,12,43.916666666666664,404,,0,1.41
https://mahamprint.com/product/985/%D9%85%D8%A7%D8%B4%DB%8C%D9%86-%D8%AD%D8%B3%D8%A7%D8%A8-Sharp-EL-2135,2,12,26.166666666666668,404,,0,1.2
https://mahamprint.com/product/900/%D8%A7%D8%B3%DA%A9%D9%86%D8%A7%D8%B3-%D8%B4%D9%85%D8%A7%D8%B1-AX-510,2,12,7.916666666666667,404,,0,1.38
https://mahamprint.com/product/1597/%D9%BE%D8%B1%DB%8C%D9%86%D8%AA%D8%B1-%D8%AC%D9%88%D9%87%D8%B1%D8%A7%D9%81%D8%B4%D8%A7%D9%86-%D8%B3%D9%87-%DA%A9%D8%A7%D8%B1%D9%87-PIXMA-MG2140,1,12,6.25,404,,0,0.85
https://mahamprint.com/product/1783/%D8%AF%D9%88%D9%84%D9%88%D9%BE%D8%B1-%D8%A8%D8%B1%D9%86%D8%AF-Sharp-%D8%A7%D9%88%D8%B1%D8%AC%DB%8C%D9%86%D8%A7%D9%84-AR-202SD,1,12,12.916666666666666,404,,0,0.78
https://mahamprint.com/product/2158/%D8%AA%D8%B1%D9%85%DB%8C%D8%B3%D8%AA%D9%88%D8%B1-%D9%85%D8%AF%D9%84-SHARP-AR-5316,1,12,6.166666666666667,404,,0,0.8
https://mahamprint.com/product/2088/%D8%AF%D8%B1%D8%A7%D9%85-%D8%A7%DA%86-%D9%BE%DB%8C-HP-26A-Drum,1,12,12,404,,0,0.91
https://mahamprint.com/product/2406/%D9%BE%DB%8C%DA%A9%D8%A7%D9%BE-%D8%B1%D9%88%D9%84%D8%B1-%DA%A9%D8%A7%D8%B3%D8%AA-%D8%B1%DB%8C%DA%A9%D9%88-AF-1060,1,12,7,404,,0,0.85
https://mahamprint.com/product/2549/%D9%BE%D9%84%D8%A7%D8%AA%D8%B1-EPSON-SureColor-SC-F7200,1,12,12.083333333333334,404,,0,0.87
https://mahamprint.com/product/257/%D9%BE%D8%B1%DB%8C%D9%86%D8%AA%D8%B1-CANON-Selphy-CP1300,1,12,8.833333333333332,404,,0,0.73
https://mahamprint.com/product/754/%DA%A9%D8%A7%D8%BA%D8%B0-%D8%AE%D8%B1%D8%AF%DA%A9%D9%86-Kobra-1SS4,1,12,8.666666666666668,404,,0,0.74
https://mahamprint.com/product/567/%D9%84%DB%8C%D8%A8%D9%84-%D9%BE%D8%B1%DB%8C%D9%86%D8%AA%D8%B1-%D9%85%D8%AF%D9%84-ZEC-RP400USB,1,12,4.916666666666666,404,,0,0.96
https://mahamprint.com/products/---hp-1010-1012-1015,1,12,7.916666666666667,200,https://mahamprint.com/products/---hp-1010-1012-1015,0,0.8
https://mahamprint.com/products/--canon-715,1,12,5.916666666666667,200,https://mahamprint.com/products/--canon-715,0,0.79
https://mahamprint.com/products/------xiaomi--wanbo-t2r-max,1,12,6.916666666666667,200,https://mahamprint.com/products/------xiaomi--wanbo-t2r-max,0,0.89
https://mahamprint.com/products/--pars-pr-8420-lp,1,12,7.5,200,https://mahamprint.com/products/--pars-pr-8420-lp,0,1.21
https://mahamprint.com/products/--pr2-plus,1,12,8.333333333333332,200,https://mahamprint.com/products/--pr2-plus,0,1.46
https://mahamprint.com/products/--pars-px-4600-plus-ii,1,12,7.5,200,https://mahamprint.com/products/--pars-px-4600-plus-ii,0,1.72
https://mahamprint.com/products/--toshiba-355,1,12,7.916666666666667,200,https://mahamprint.com/products/--toshiba-355,0,1.73
https://mahamprint.com/products/-datalogic-rida-dbt6400,1,12,6.166666666666667,200,https://mahamprint.com/products/-datalogic-rida-dbt6400,0,1.8
https://mahamprint.com/products/-hp--t795,1,12,6.083333333333333,200,https://mahamprint.com/products/-hp--t795,0,1.9
https://mahamprint.com/brand/17/%D9%BE%D8%A7%D8%B1%D8%B3-%D8%AE%D8%B2%D8%B1,0,12,6.916666666666667,404,,0,1.54
https://mahamprint.com/brand/61/DYMO,0,12,2.416666666666667,404,,0,1.32
https://mahamprint.com/brand/5,0,12,12.416666666666666,404,,0,1.54
https://mahamprint.com/category/80/black,0,12,6.333333333333333,404,,0,1.15
https://mahamprint.com/category/101/%D8%B3%DB%8C%D8%A7%D9%87-%D9%88-%D8%B3%D9%81%DB%8C%D8%AF,0,12,1.1666666666666667,404,,0,1.31
https://mahamprint.com/index.php?productID=777,0,12,19.916666666666668,404,,0,1.12
https://mahamprint.com/mag/%D9%88%DB%8C%D8%AF%D8%A6%D9%88-%D9%BE%D8%B1%D9%88%DA%98%DA%A9%D8%AA%D9%88%D8%B1-%DA%86%DB%8C%D8%B3%D8%AA%D8%9F,0,12,54.583333333333336,404,,0,0.93
https://mahamprint.com/news/%D8%AA%D9%81%D8%A7%D9%88%D8%AA-%D9%BE%D8%B1%DB%8C%D9%86%D8%AA%D8%B1%D9%87%D8%A7%DB%8C-%D8%AC%D9%88%D9%87%D8%B1%D8%A7%D9%81%D8%B4%D8%A7%D9%86-%D9%88-%D9%84%DB%8C%D8%B2%D8%B1%DB%8C,0,12,30.166666666666668,404,,0,0.89
https://mahamprint.com/product/1271/%D9%88%DB%8C%D8%AF%D8%A6%D9%88-%D9%BE%D8%B1%D9%88%DA%98%DA%A9%D8%AA%D9%88%D8%B1-EPSON-EB-2247U,0,12,7.333333333333333,404,,0,0.88
https://mahamprint.com/product/1197/%D9%84%D9%BE-%D8%AA%D8%A7%D9%BE-13-%D8%A7%DB%8C%D9%86%DA%86%DB%8C-%D8%A7%D9%BE%D9%84-MacBook-Pro-MWP82-2020,0,12,18.666666666666668,404,,0,0.96
https://mahamprint.com/product/1316/%D9%85%D8%A7%D9%86%DB%8C%D8%AA%D9%88%D8%B1-BENQ-EL2870U-28-Inch,0,12,11.833333333333334,404,,0,0.93
https://mahamprint.com/product/1498/%DA%A9%D8%A7%D8%B1%D8%AA%D8%B1%DB%8C%D8%AC-SAMSUNG-MLT-D707,0,12,16.166666666666664,404,,0,0.97
https://mahamprint.com/product/1593/%DA%A9%D8%A7%D8%B1%D8%AA%D8%B1%DB%8C%D8%AC-HP-410A,0,12,25.25,404,,0,1.11
https://mahamprint.com/product/1768/%DA%A9%D8%A7%D8%B1%D8%A8%D9%86-%D9%81%DA%A9%D8%B3-%D9%BE%D8%A7%D9%86%D8%A7%D8%B3%D9%88%D9%86%DB%8C%DA%A9-Panasonic-KX-FA57E,0,12,23.416666666666668,404,,0,0.82
https://mahamprint.com/product/1664/%D9%BE%D8%B1%DB%8C%D9%86%D8%AA%D8%B1-%D8%AC%D9%88%D9%87%D8%B1-%D8%A7%D9%81%D8%B4%D8%A7%D9%86-3415w-canon,0,12,7.5,404,,0,0.95
https://mahamprint.com/product/1948/%D9%86%D9%88%D8%A7%D8%B1-%D9%84%DB%8C%D8%A8%D9%84-%D9%BE%D8%B1%DB%8C%D9%86%D8%AA%D8%B1-%D8%A8%D8%B1%D8%A7%D8%AF%D8%B1-TZE-135-%D8%BA%DB%8C%D8%B1-%D8%A7%D9%88%D8%B1%D8%AC%DB%8C%D9%86%D8%A7%D9%84,0,12,53.5,404,,0,0.75
https://mahamprint.com/product/1773/%DA%A9%D8%A7%D8%B1%D8%A8%D9%86-%D9%81%DA%A9%D8%B3-Panasonic-KX-FA136A,0,12,12,404,,0,0.92
https://mahamprint.com/product/1865/%D8%B1%D9%88%D9%84-%D9%84%DB%8C%D8%A8%D9%84-%D8%A8%D8%B1%DA%86%D8%B3%D8%A8-%DA%A9%D8%A7%D8%BA%D8%B0%DB%8C-%D8%AA%DA%A9-%D8%B1%D8%AF%DB%8C%D9%81%D9%87-30-70,0,12,27.416666666666668,404,,0,0.9
https://mahamprint.com/product/1977/%D9%86%D9%88%D8%A7%D8%B1-%D9%84%DB%8C%D8%A8%D9%84-%D9%BE%D8%B1%DB%8C%D9%86%D8%AA%D8%B1-%D9%85%D8%AF%D9%84-%D8%A8%D8%B1%D8%A7%D8%AF%D8%B1-TZE-721,0,12,6.5,404,,0,1.15
https://mahamprint.com/product/2202/%DA%AF%D8%B1%DB%8C%D8%AF-%D8%AA%D9%88%D8%B1%DB%8C-%D8%B4%D8%A7%D8%B1%DA%98%D8%B1-Sharp-AR420U-350-450,0,12,7.833333333333333,404,,0,0.98
https://mahamprint.com/product/2151/%D9%84%D9%88%D9%84%D8%A7%DB%8C-%D9%81%DB%8C%D8%AF%D8%B1-HP-M425,0,12,61.5,404,,0,1.03
https://mahamprint.com/product/2121/%D8%AF%D8%B1%D8%A7%D9%85-%D8%A7%DA%86-%D9%BE%DB%8C-HP-42A-Drum-4200,0,12,9.916666666666666,404,,0,1.11
https://mahamprint.com/product/2306/%D8%B1%D9%88%D9%84-%D9%BE%D8%B1%D8%B3-HP-1022,0,12,7.833333333333333,404,,0,0.99
https://mahamprint.com/product/2214/%D9%82%D8%A7%D8%A8-%D9%86%D8%A7%D8%AE%D9%86%DA%A9-%D9%BE%D8%B1%D8%B3-Sharp-MX500-363-452U,0,12,9.916666666666666,404,,0,1.19
https://mahamprint.com/product/2397/%D9%BE%DB%8C%DA%A9%D8%A7%D9%BE-%D8%B5%D8%A7%D9%81-%DA%A9%D8%A7%D8%B3%D8%AA-%D8%AF%D8%B3%D8%AA%DB%8C-AR-5631,0,12,13.583333333333334,404,,0,3.2
https://mahamprint.com/product/2395/%D9%BE%DB%8C%DA%A9%D8%A7%D9%BE-%DA%98%D9%84%D9%87-%D8%A7%DB%8C-toshiba-E-S350,0,12,10.5,404,,0,3.39
https://mahamprint.com/product/2754/all-in-one-%D9%85%D8%AF%D9%84-dell-9020-core-i5-4,0,12,31.75,404,,0,3.31
https://mahamprint.com/product/39/i-SENSYS%20MF744Cdw,0,12,7.25,404,,0,3.37
https://mahamprint.com/product/564/%D9%84%DB%8C%D8%A8%D9%84-%D9%BE%D8%B1%DB%8C%D9%86%D8%AA%D8%B1-HoneywELL-PC42T,0,12,8.25,404,,0,3.56
https://mahamprint.com/product/592/%D8%B5%D9%86%D8%AF%D9%88%D9%82-%D9%81%D8%B1%D9%88%D8%B4%DA%AF%D8%A7%D9%87%DB%8C-OKPOS-Zed-7,0,12,30.75,404,,0,3.53
https://mahamprint.com/product/60/%D9%BE%D8%B1%DB%8C%D9%86%D8%AA%D8%B1-%D8%AA%DA%A9-%DA%A9%D8%A7%D8%B1%D9%87-%D9%84%DB%8C%D8%B2%D8%B1%DB%8C-HP-M102A,0,12,9.916666666666666,404,,0,1.19
https://mahamprint.com/product/632/%D8%AF%D8%B3%D8%AA%DA%AF%D8%A7%D9%87-%D8%AD%D8%B6%D9%88%D8%B1-%D9%88%D8%BA%DB%8C%D8%A7%D8%A8-%D8%A8%D8%B1%D9%86%D8%AF-ZKTeco-%D9%85%D8%AF%D9%84-EB-109,0,12,8.416666666666668,404,,0,1.17
https://mahamprint.com/product/651/%DA%A9%D8%A7%D8%BA%D8%B0-%D8%AE%D8%B1%D8%AF%DA%A9%D9%86-Sunwood-SD9670,0,12,9.75,404,,0,1.15
https://mahamprint.com/product/708/%DA%A9%D8%A7%D8%BA%D8%B0-%D8%AE%D8%B1%D8%AF%DA%A9%D9%86-Mehr-MM-350c,0,12,7.583333333333333,404,,0,1.07
https://mahamprint.com/product/810/%D8%A8%D8%A7%D8%B1%DA%A9%D8%AF-%D8%A7%D8%B3%DA%A9%D9%86%D8%B1-Oscar-OS-60CBS,0,12,9.166666666666666,404,,0,0.92
https://mahamprint.com/products/-----hp--1005,0,12,8,200,https://mahamprint.com/products/-----hp--1005,0,1.01
https://mahamprint.com/products/--epson--ds-730n,0,12,8.666666666666668,200,https://mahamprint.com/products/--epson--ds-730n,0,0.74
https://mahamprint.com/products/--hp-305a,0,12,18.416666666666668,200,https://mahamprint.com/products/--hp-305a,0,1.19
https://mahamprint.com/products/----hp-m236sdw,0,12,7.916666666666667,200,https://mahamprint.com/products/----hp-m236sdw,0,1.5
https://mahamprint.com/products/----hp-1005,0,12,5.916666666666667,200,https://mahamprint.com/products/----hp-1005,0,1.69
https://mahamprint.com/products/--13---macbook-air-mgn73,0,12,5.25,200,https://mahamprint.com/products/--13---macbook-air-mgn73,0,1.74
https://mahamprint.com/products/--hp-p2055d,0,12,6.75,200,https://mahamprint.com/products/--hp-p2055d,0,1.53
https://mahamprint.com/products/-avision-av332u,0,12,15.416666666666666,200,https://mahamprint.com/products/-avision-av332u,0,1.52
https://mahamprint.com/products/-sharp-mx-238xt,0,12,8.833333333333332,200,https://mahamprint.com/products/-sharp-mx-238xt,0,1.68
https://mahamprint.com/product/2249/%D9%81%DB%8C%D9%88%D8%B2%DB%8C%D9%86%DA%AF-%D8%A7%DA%86-%D9%BE%DB%8C-HP-P3015,4,11,8.272727272727273,404,,0,1.69
https://mahamprint.com/products/--canon-ix6840,3,11,8,200,https://mahamprint.com/products/--canon-ix6840,0,1.6
https://mahamprint.com/product/1761/%D8%B1%DB%8C%D8%A8%D9%88%D9%86-%D9%85%D8%B4%DA%A9%DB%8C-1000%D8%B9%DA%A9%D8%B3-Evolis%D9%85%D8%AF%D9%84-R2011-Black-Ribbon-%D8%A7%D9%88%D8%B1%D8%AC%DB%8C%D9%86%D8%A7%D9%84,2,11,18.454545454545453,404,,0,1.4
https://mahamprint.com/products/--epson-x39,3,11,7.363636363636363,200,https://mahamprint.com/products/--epson-x39,0,1.65
https://mahamprint.com/product/2133/%D8%AF%D8%B1%D8%A7%D9%85-%DA%A9%D8%A7%D8%B1%D8%AA%D8%B1%DB%8C%D8%AC-%D8%A8%D8%B1%D9%86%D8%AF-HP-%D9%85%D8%AF%D9%84-43X-9000,2,11,6.7272727272727275,404,,0,1.47
https://mahamprint.com/product/2354/%DA%86%D8%B1%D8%AE-%D8%AF%D9%86%D8%AF%D9%87-%D8%B1%D8%A7%D8%A8%D8%B7-%D9%87%DB%8C%D8%AA%D8%B1-sharp-%D9%85%D8%AF%D9%84-AR-452,2,11,58.36363636363637,404,,0,1.11
https://mahamprint.com/product/2664/%D9%85%D8%A7%D9%86%DB%8C%D8%AA%D9%88%D8%B1-XVISION-S-610,2,11,6.545454545454546,404,,0,0.93
https://mahamprint.com/product/2628/%D9%BE%D8%B1%DB%8C%D9%86%D8%AA%D8%B1-%D8%AA%DA%A9-%DA%A9%D8%A7%D8%B1%D9%87-brother-HL-3150cdn,2,11,8.545454545454547,404,,0,1.31
https://mahamprint.com/product/692/%DA%A9%D8%A7%D8%BA%D8%B0-%D8%AE%D8%B1%D8%AF%DA%A9%D9%86-Atlas-CC0660,2,11,5.7272727272727275,404,,0,1.12
https://mahamprint.com/product/331/%D9%BE%D8%B1%DB%8C%D9%86%D8%AA%D8%B1-%D8%B1%D9%86%DA%AF%DB%8C-%DA%86%D9%87%D8%A7%D8%B1%DA%A9%D8%A7%D8%B1%D9%87-BROTHER-MFC-L8690CDW,2,11,9,404,,0,1.42
https://mahamprint.com/product/883/%D8%A7%D8%B3%DA%A9%D9%86%D8%A7%D8%B3-%D8%B4%D9%85%D8%A7%D8%B1-NIKITA-LD-409A,2,11,10.090909090909092,404,,0,1.37
https://mahamprint.com/product/892/%D8%A7%D8%B3%DA%A9%D9%86%D8%A7%D8%B3-%D8%B4%D9%85%D8%A7%D8%B1-%D8%B1%D9%88%D9%85%DB%8C%D8%B2%DB%8C-MAX-BS-210,2,11,4.818181818181818,404,,0,2.83
https://mahamprint.com/products/-----cbon--cp-p500as,2,11,7.454545454545454,200,https://mahamprint.com/products/-----cbon--cp-p500as,0,2.79
https://mahamprint.com/products/---canon-g1411,2,11,5.7272727272727275,200,https://mahamprint.com/products/---canon-g1411,0,3.7
https://mahamprint.com/products/--canon-selphy-cp1300,2,11,26.90909090909091,200,https://mahamprint.com/products/--canon-selphy-cp1300,0,3.89
https://mahamprint.com/product/115/%D9%BE%D8%B1%DB%8C%D9%86%D8%AA%D8%B1-%D8%AA%DA%A9-%DA%A9%D8%A7%D8%B1%D9%87-%D9%84%DB%8C%D8%B2%D8%B1%DB%8C-%D9%85%D8%AF%D9%84-RICOH-SP-C320DN,1,11,7.181818181818182,404,,0,4.37
https://mahamprint.com/product/1196/%D9%84%D9%BE-%D8%AA%D8%A7%D9%BE-13-%D8%A7%DB%8C%D9%86%DA%86%DB%8C-%D8%A7%D9%BE%D9%84-MacBook-Pro-MWP42,1,11,5.363636363636363,404,,0,4.14
https://mahamprint.com/product/1837/%D8%B1%D9%88%D9%84-%D9%84%DB%8C%D8%A8%D9%84-%DA%A9%D8%A7%D8%BA%D8%B0-%DA%86%D9%87%D8%A7%D8%B1-%D8%B1%D8%AF%DB%8C%D9%81%D9%87-25%C3%9712,1,11,58.72727272727273,404,,0,2.7
https://mahamprint.com/product/193/%D9%BE%D8%B1%DB%8C%D9%86%D8%AA%D8%B1-%D9%84%DB%8C%D8%B2%D8%B1%DB%8C-%DA%86%D9%87%D8%A7%D8%B1%DA%A9%D8%A7%D8%B1%D9%87-%D8%A8%D8%B1%D9%86%D8%AF-HP-M181FW,1,11,7.090909090909091,404,,0,1.6
https://mahamprint.com/product/1802/%D8%B1%D9%88%D9%84-%DA%A9%D8%A7%D8%BA%D8%B0-%D8%AD%D8%B1%D8%A7%D8%B1%D8%AA%DB%8C-Top1-8cm,1,11,9.454545454545455,404,,0,2.92
https://mahamprint.com/product/1983/%D9%86%D9%88%D8%A7%D8%B1-%D9%84%DB%8C%D8%A8%D9%84-%D9%BE%D8%B1%DB%8C%D9%86%D8%AA%D8%B1-brother-TZE-315-%D8%BA%DB%8C%D8%B1-%D8%A7%D9%88%D8%B1%D8%AC%DB%8C%D9%86%D8%A7%D9%84,1,11,6.818181818181818,404,,0,1.48
https://mahamprint.com/product/1991/%DA%A9%D8%A7%D8%B1%D8%AA-%D9%BE%DB%8C-%D9%88%DB%8C-%D8%B3%DB%8C-%D8%B1%DB%8C%D8%AF%D8%A7%D9%86%D9%84%DB%8C-200-%D8%B9%D8%AF%D8%AF%DB%8C-R-O-PVC-125K-Card,1,11,7.2727272727272725,404,,0,0.86
https://mahamprint.com/product/2225/%D9%81%DB%8C%D9%84%D9%85-%D9%81%DB%8C%D9%88%D8%B2%DB%8C%D9%86%DA%AF-%D8%BA%DB%8C%D8%B1%D8%A7%D9%88%D8%B1%D8%AC%DB%8C%D9%86%D8%A7%D9%84-%D8%A7%DA%86-%D9%BE%DB%8C-P3015,1,11,29.727272727272727,404,,0,0.79
https://mahamprint.com/product/2252/%D9%81%DB%8C%D9%88%D8%B2%DB%8C%D9%86%DA%AF-%D8%A7%DA%86-%D9%BE%DB%8C-HP-1022,1,11,9.454545454545455,404,,0,0.73
https://mahamprint.com/product/236/%D9%BE%D8%B1%DB%8C%D9%86%D8%AA%D8%B1-%D8%B3%D9%87-%DA%A9%D8%A7%D8%B1%D9%87-%D9%84%DB%8C%D8%B2%D8%B1%DB%8C-Canon-MF411DW,1,11,8.90909090909091,404,,0,0.81
https://mahamprint.com/product/2422/%DA%A9%D8%A7%D8%BA%D8%B0%DA%A9%D8%B4-ADF-%D8%A8%D8%A7-%D9%85%D8%BA%D8%B2%DB%8C-%D8%A8%D9%84%D8%A8%D8%B1%DB%8C%D9%86%DA%AF%DB%8C-%D8%AA%D9%88%D8%B4%DB%8C%D8%A8%D8%A7-E-S452,1,11,7,404,,0,0.9
https://mahamprint.com/product/281/%D9%BE%D8%B1%DB%8C%D9%86%D8%AA%D8%B1-%D8%AA%DA%A9-%DA%A9%D8%A7%D8%B1%D9%87-%D9%84%DB%8C%D8%B2%D8%B1%DB%8C-RICOH-SP-C240DN,1,11,5.818181818181818,404,,0,0.88
https://mahamprint.com/product/2822/%D9%BE%D8%B1%D8%AF%D9%87-%D9%86%D9%85%D8%A7%DB%8C%D8%B4-%D9%85%D8%B4%DA%A9%DB%8C-%D8%A8%D8%B1%D9%82%DB%8C-%D9%85%D8%AF%D9%84-CSB200A,1,11,11.090909090909092,404,,0,0.9
https://mahamprint.com/product/2987/%D8%B5%D9%86%D8%AF%D9%88%D9%82-%20%D9%81%D8%B1%D9%88%D8%B4%DA%AF%D8%A7%D9%87%DB%8C-%20CBON-%20%D9%85%D8%AF%D9%84-%20CP-P260AS,1,11,10.181818181818182,404,,0,0.9
https://mahamprint.com/product/3114/%D9%BE%D8%B1%DB%8C%D9%86%D8%AA%D8%B1-%20%D8%AA%DA%A9-%20%DA%A9%D8%A7%D8%B1%D9%87-%20%D8%B1%D9%86%DA%AF%DB%8C%20-HP-%20755DN,1,11,6.818181818181818,404,,0,0.94
https://mahamprint.com/product/397/%D8%A7%D8%B3%DA%A9%D9%86%D8%B1-CANON-%D9%85%D8%AF%D9%84-LIDE-220,1,11,6.545454545454546,404,,0,0.99
https://mahamprint.com/product/606/%D8%B5%D9%86%D8%AF%D9%88%D9%82-%D9%81%D8%B1%D9%88%D8%B4%DA%AF%D8%A7%D9%87%DB%8C-PAR-EverServ-500,1,11,5.636363636363637,404,,0,0.88
https://mahamprint.com/product/860/%D8%AF%D8%B3%D8%AA%DA%AF%D8%A7%D9%87-%D8%A7%D8%B3%DA%A9%D9%86%D8%A7%D8%B3-%D8%B4%D9%85%D8%A7%D8%B1-%D8%B3%D8%A7%DB%8C%D8%A7%D9%86-3639,1,11,17.181818181818183,404,,0,0.9
https://mahamprint.com/product/951/%D9%85%D8%A7%D8%B4%DB%8C%D9%86-%D8%AD%D8%B3%D8%A7%D8%A8-Sharp-EL-145T,1,11,11,404,,0,0.97
https://mahamprint.com/products/-----hp-2035,1,11,22.09090909090909,200,https://mahamprint.com/products/-----hp-2035,0,0.94
https://mahamprint.com/products/----100-300,1,11,7.181818181818182,200,https://mahamprint.com/products/----100-300,0,1.1
https://mahamprint.com/products/----sharp-bp-x240l,1,11,10,200,https://mahamprint.com/products/----sharp-bp-x240l,0,1.12
https://mahamprint.com/products/----mitsushida----kc-q807k,1,11,7.363636363636363,200,https://mahamprint.com/products/----mitsushida----kc-q807k,0,1.28
https://mahamprint.com/products/--3000---fargo-black-ribbon,1,11,7.181818181818182,200,https://mahamprint.com/products/--3000---fargo-black-ribbon,0,1.27
https://mahamprint.com/products/--canon-i-sensys-mf112,1,11,7.454545454545454,200,https://mahamprint.com/products/--canon-i-sensys-mf112,0,1.71
https://mahamprint.com/products/--hp-p1005,1,11,7.454545454545454,200,https://mahamprint.com/products/--hp-p1005,0,1.74
https://mahamprint.com/categories/calculator,0,11,7.2727272727272725,200,https://mahamprint.com/categories/calculator,0,1.73
https://mahamprint.com/mag/%D8%B3%D8%A7%D8%B9%D8%AA-%D9%87%D9%88%D8%B4%D9%85%D9%86%D8%AF,0,11,5.818181818181818,404,,0,1.83
https://mahamprint.com/product/1034/%D9%85%D8%A7%D8%B4%DB%8C%D9%86-%D8%AD%D8%B3%D8%A7%D8%A8-Citizen-SR-270XOR,0,11,7.454545454545454,404,,0,1.75
https://mahamprint.com/product/1141/%D8%AC%D9%88%D9%87%D8%B1-Canon-GI-290-CMYK,0,11,7.2727272727272725,404,,0,1.74
https://mahamprint.com/product/157/%D9%BE%D8%B1%DB%8C%D9%86%D8%AA%D8%B1-%D8%AA%DA%A9-%DA%A9%D8%A7%D8%B1%D9%87-%D9%84%DB%8C%D8%B2%D8%B1%DB%8C-HP-P1102W,0,11,20,404,,0,1.33
https://mahamprint.com/product/165/%D9%BE%D8%B1%DB%8C%D9%86%D8%AA%D8%B1-%D9%84%DB%8C%D8%B2%D8%B1%DB%8C-HP-M401DW,0,11,6.909090909090909,404,,0,1.23
https://mahamprint.com/product/1665/%D8%AF%DB%8C%D8%AA%D8%A7-%D9%BE%D8%B1%D9%88%DA%98%DA%A9%D8%AA%D9%88%D8%B1-Benq-Mh560,0,11,13.090909090909092,404,,0,1.13
https://mahamprint.com/product/1705/%D9%85%D9%88%D8%A8%D8%A7%DB%8C%D9%84-%D9%BE%D8%B1%DB%8C%D9%86%D8%AA%D8%B1-%D8%AA%DA%A9-%DA%A9%D8%A7%D8%B1%D9%87-%D8%AC%D9%88%D9%87%D8%B1%D8%A7%D9%81%D8%B4%D8%A7%D9%86-202-hp,0,11,7.545454545454546,404,,0,1.1
https://mahamprint.com/product/1760/%D8%B1%DB%8C%D8%A8%D9%88%D9%86-%D9%85%D8%B4%DA%A9%DB%8C-1000-%D8%B9%DA%A9%D8%B3-Evolis-R2011-Black-Ribbon,0,11,26.181818181818183,404,,0,1.4
https://mahamprint.com/product/1870/%D9%84%DB%8C%D8%A8%D9%84-%D8%A8%D8%B1%DA%86%D8%B3%D8%A8-%D9%BE%DB%8C-%D9%88%DB%8C-%D8%B3%DB%8C-%D8%AF%D9%88-%D8%B1%D8%AF%DB%8C%D9%81%D9%87-51-34,0,11,11.909090909090908,404,,0,1.62
https://mahamprint.com/product/1944/%D9%86%D9%88%D8%A7%D8%B1-%D9%84%DB%8C%D8%A8%D9%84-%D9%BE%D8%B1%DB%8C%D9%86%D8%AA%D8%B1-brother-TZE-261-%D8%BA%DB%8C%D8%B1-%D8%A7%D9%88%D8%B1%D8%AC%DB%8C%D9%86%D8%A7%D9%84,0,11,6.363636363636363,404,,0,1.55
https://mahamprint.com/product/2084/%D8%A8%D8%B1%D8%AF-%D9%BE%D8%A7%D9%88%D8%B1-printer-hp-P2014-P2015,0,11,8.272727272727273,404,,0,1.58
https://mahamprint.com/product/2224/%D9%81%DB%8C%D9%84%D9%85-%D9%81%DB%8C%D9%88%D8%B2%DB%8C%D9%86%DA%AF-%D8%A7%D9%88%D8%B1%D8%AC%DB%8C%D9%86%D8%A7%D9%84-hp-1320,0,11,11,404,,0,1.58
https://mahamprint.com/product/2238/%D9%81%DB%8C%D9%88%D8%B2%DB%8C%D9%86%DA%AF-%D8%B3%D8%A7%D9%85%D8%B3%D9%88%D9%86%DA%AF-Samsung-2825,0,11,7.818181818181818,404,,0,1.28
https://mahamprint.com/product/2296/%D8%B1%D9%88%D9%84-%D9%BE%D8%B1%D8%B3-%D8%A8%D8%B1%D9%86%D8%AF-Sharp-MX-M452U,0,11,6.545454545454546,404,,0,1.17
https://mahamprint.com/product/2302/%D8%B1%D9%88%D9%84-%D9%BE%D8%B1%D8%B3-Toshiba-E350-450,0,11,8.454545454545453,404,,0,0.91
https://mahamprint.com/product/2400/%D9%BE%DB%8C%DA%A9%D8%A7%D9%BE-%D9%81%DB%8C%D8%AF%D8%B1-%D8%A7%DA%86-%D9%BE%DB%8C-%D9%84%DB%8C%D8%B2%D8%B1%D8%AC%D8%AA-mfp1214,0,11,5.2727272727272725,404,,0,0.87
https://mahamprint.com/product/2403/%D9%BE%DB%8C%DA%A9%D8%A7%D9%BE-%D8%B5%D8%A7%D9%81-%DA%98%D9%84%D9%87-%D8%A7%DB%8C-%D8%A8%D8%A7-%D9%85%D8%BA%D8%B2%DB%8C-%D8%B1%DB%8C%DA%A9%D9%88-AF2060,0,11,46.18181818181818,404,,0,0.84
https://mahamprint.com/product/2667/%D8%AF%DB%8C%D8%AA%D8%A7-%D9%BE%D8%B1%D9%88%DA%98%DA%A9%D8%AA%D9%88%D8%B1-epson-l200f,0,11,8.272727272727273,404,,0,0.82
https://mahamprint.com/product/3009/%D9%BE%D8%B1%DB%8C%D9%86%D8%AA%D8%B1%20-%D8%B3%D9%87%20%DA%A9%D8%A7%D8%B1%D9%87%20-%D8%AC%D9%88%D9%87%D8%B1%D8%A7%D9%81%D8%B4%D8%A7%D9%86%20-CANON-%20PIXMA%20-G3416,0,11,6.181818181818182,404,,0,1.1
https://mahamprint.com/product/671/%DA%A9%D8%A7%D8%BA%D8%B0-%D8%AE%D8%B1%D8%AF%DA%A9%D9%86-ProTech-SD-9680,0,11,8.181818181818182,404,,0,0.83
https://mahamprint.com/product/764/%DA%A9%D8%A7%D8%BA%D8%B0-%D8%AE%D8%B1%D8%AF-%DA%A9%D9%86-Alborz-AZE8,0,11,4.545454545454545,404,,0,0.86
https://mahamprint.com/product/350/%D9%BE%D8%B1%DB%8C%D9%86%D8%AA%D8%B1-%D8%AC%D9%88%D9%87%D8%B1-%D8%A7%D9%81%D8%B4%D8%A7%D9%86-%D8%B3%D9%87-%DA%A9%D8%A7%D8%B1%D9%87-EPSON-ET-M2170,0,11,9.090909090909092,404,,0,1.06
https://mahamprint.com/product/446/%D8%A7%D8%B3%DA%A9%D9%86%D8%B1-PLUSTEK-PN2040,0,11,13,404,,0,1.08
https://mahamprint.com/product/836/%D8%A8%D8%A7%D8%B1%DA%A9%D8%AF-%D8%A7%D8%B3%DA%A9%D9%86%D8%B1-%D8%A8%D8%B1%D9%86%D8%AF-DATALOGIC-GFS4470,0,11,8.363636363636363,404,,0,0.97
https://mahamprint.com/product/905/%D8%A7%D8%B3%DA%A9%D9%86%D8%A7%D8%B3-%D8%B4%D9%85%D8%A7%D8%B1-AX-2200,0,11,8.181818181818182,404,,0,0.76
https://mahamprint.com/product/926/%D9%85%D8%A7%D8%B4%DB%8C%D9%86-%D8%AD%D8%B3%D8%A7%D8%A8-%DA%A9%D8%A7%DA%A9%D9%88%D8%B4%DB%8C%D8%A7%D8%A6%D9%88%D9%85%DB%8C-lemo-k1412,0,11,33.72727272727273,404,,0,0.83
https://mahamprint.com/product/986/%D9%85%D8%A7%D8%B4%DB%8C%D9%86-%D8%AD%D8%B3%D8%A7%D8%A8-SHARP-EL-123N,0,11,8.636363636363637,404,,0,0.85
https://mahamprint.com/products/------canon--mf657cdw,0,11,13,200,https://mahamprint.com/products/------canon--mf657cdw,0,0.96
https://mahamprint.com/products/----hp--1215-45gr,0,11,7.818181818181818,200,https://mahamprint.com/products/----hp--1215-45gr,0,1.19
https://mahamprint.com/products/----hp-m211dw,0,11,6.454545454545454,200,https://mahamprint.com/products/----hp-m211dw,0,1.32
https://mahamprint.com/products/--epson-m1140,0,11,7.545454545454546,200,https://mahamprint.com/products/--epson-m1140,0,1.16
https://mahamprint.com/products/--hp-116a,0,11,4.181818181818182,200,https://mahamprint.com/products/--hp-116a,0,1.43
https://mahamprint.com/products/----hp-m277dw,0,11,7.636363636363637,200,https://mahamprint.com/products/----hp-m277dw,0,1.83
https://mahamprint.com/products/---canon-1410,0,11,6.818181818181818,200,https://mahamprint.com/products/---canon-1410,0,1.91
https://mahamprint.com/products/--hp-130a,0,11,14.909090909090908,200,https://mahamprint.com/products/--hp-130a,0,1.67
https://mahamprint.com/products/--meva-tp-unpro,0,11,7.090909090909091,200,https://mahamprint.com/products/--meva-tp-unpro,0,1.76
https://mahamprint.com/products/-panasonic-612,0,11,8.272727272727273,200,https://mahamprint.com/products/-panasonic-612,0,1.86
https://mahamprint.com/tag/3140/%D9%84%D9%85%DB%8C%D9%86%D8%AA-%D9%81%D8%A7%D8%B1%DA%AF%D9%88,0,11,41.54545454545455,404,,0,1.44
https://mahamprint.com/tag/2766/%D9%BE%D9%84%D8%A7%D8%AA%D8%B1-%D8%A7%DA%86-%D9%BE%DB%8C,0,11,34,404,,0,1.72
https://mahamprint.com/search?search={search},0,11,1.1818181818181819,200,https://mahamprint.com/search?search={search},0,1.86
https://mahamprint.com/tag/3156/%D8%B1%DB%8C%D8%A8%D9%88%D9%86-%D9%81%D8%A7%D8%B1%DA%AF%D9%88,0,11,43.72727272727273,404,,0,1.38
https://mahamprint.com/product/808/%D8%A8%D8%A7%D8%B1%DA%A9%D8%AF-%D8%A7%D8%B3%DA%A9%D9%86%D8%B1-%D8%A8%D8%B1%D9%86%D8%AF-Tyson-TY-2216,3,10,5.8,404,,0,1.1
https://mahamprint.com/product/1212/%D9%BE%D8%B1%D8%AF%D9%87-%D9%86%D9%85%D8%A7%DB%8C%D8%B4-%D8%A8%D8%B1%D9%82%DB%8C-%D9%BE%D8%B1%D9%88%DA%98%DA%A9%D8%AA%D9%88%D8%B1-scope-200x200CM,2,10,27.1,404,,0,0.99
https://mahamprint.com/product/1968/%D9%86%D9%88%D8%A7%D8%B1-%D9%84%DB%8C%D8%A8%D9%84-%D9%BE%D8%B1%DB%8C%D9%86%D8%AA%D8%B1-%D8%A8%D8%B1%D8%A7%D8%AF%D8%B1-%DA%A9%D8%AF-TZE-223-%D8%BA%DB%8C%D8%B1-%D8%A7%D9%88%D8%B1%D8%AC%DB%8C%D9%86%D8%A7%D9%84,2,10,5.9,404,,0,0.87
https://mahamprint.com/products/-----metal-label-80-100,2,10,6.4,200,https://mahamprint.com/products/-----metal-label-80-100,0,0.83
https://mahamprint.com/products/-kodak-i2900,2,10,5.8,200,https://mahamprint.com/products/-kodak-i2900,0,0.96
https://mahamprint.com/products/---hp-p4515n,2,10,7.7,200,https://mahamprint.com/products/---hp-p4515n,0,1.02
https://mahamprint.com/mag/%D9%85%D8%B9%D8%B1%D9%81%DB%8C-%DA%A9%D9%84%DB%8C-%D9%88%DB%8C%D9%BE,1,10,7.5,404,,0,1.14
https://mahamprint.com/product/1693/%D9%BE%D8%B1%DB%8C%D9%86%D8%AA%D8%B1-%D8%AC%D9%88%D9%87%D8%B1%D8%A7%D9%81%D8%B4%D8%A7%D9%86-EPSON-L3111,1,10,10.8,404,,0,1.18
https://mahamprint.com/product/1863/%D9%84%DB%8C%D8%A8%D9%84-%D9%BE%DB%8C-%D9%88%DB%8C-%D8%B3%DB%8C-%D8%AF%D9%88-%D8%B1%D8%AF%DB%8C%D9%81%D9%87-45-30-Label-PVC-two-rows,1,10,27.8,404,,0,1.16
https://mahamprint.com/product/229/%D9%BE%D8%B1%DB%8C%D9%86%D8%AA%D8%B1-%D9%84%DB%8C%D8%B2%D8%B1%DB%8C-CANON-LBP113W,1,10,7.9,404,,0,1.11
https://mahamprint.com/product/2261/%D9%86%D8%A7%D8%AE%D9%86%DA%A9-%D9%87%D8%A7%D8%AA%D8%B1%D9%88%D9%84-AR-235-%D8%B4%D8%A7%D8%B1%D9%BE,1,10,7.9,404,,0,1.22
https://mahamprint.com/category/87/DIGITAL/?min=0&max=0&show=0&search=&allSize=&allColor=,1,10,1.4,308->404,/category/87/DIGITAL?min=0&max=0&show=0&search=&allSize=&allColor=,1,1.99
https://mahamprint.com/product/243/%D9%BE%D8%B1%DB%8C%D9%86%D8%AA%D8%B1-%DA%86%D9%87%D8%A7%D8%B1%DA%A9%D8%A7%D8%B1%D9%87-%D9%84%DB%8C%D8%B2%D8%B1%DB%8C-%D8%A8%D8%B1%D9%86%D8%AF-CANON-%D9%85%D8%AF%D9%84-MF426DW,1,10,6.8,404,,0,0.83
https://mahamprint.com/product/2465/%D9%BE%D8%B1%DB%8C%D9%86%D8%AA%D8%B1-%DA%86%D9%87%D8%A7%D8%B1%DA%A9%D8%A7%D8%B1%D9%87-%D9%84%DB%8C%D8%B2%D8%B1%DB%8C-%D8%A8%D8%B1%D9%86%D8%AF-CANON-%D9%85%D8%AF%D9%84-429X,1,10,7.3,404,,0,0.87
https://mahamprint.com/product/2649/%D9%84%D9%BE-%D8%AA%D8%A7%D9%BE-%DA%AF%DB%8C%D9%85%DB%8C%D9%86%DA%AF-%D8%A8%D8%B1%D9%86%D8%AF-asus-%D9%85%D8%AF%D9%84-GA503RS-R7,1,10,9.2,404,,0,0.86
https://mahamprint.com/product/2722/%DA%A9%D8%A7%D8%B1%D8%AA-%DA%AF%D8%B1%D8%A7%D9%81%DB%8C%DA%A9-GTX-1650-VENTUS-XS-OC-D5-4G,1,10,9.8,404,,0,0.87
https://mahamprint.com/product/3072/%D9%BE%D8%B1%DB%8C%D9%86%D8%AA%D8%B1-%D9%84%DB%8C%D8%B2%D8%B1%DB%8C-%D8%AA%DA%A9-%DA%A9%D8%A7%D8%B1%D9%87-%D8%A8%D8%B1%D9%86%D8%AF-HP-%D9%85%D8%AF%D9%84-4003dn,1,10,7.5,404,,0,0.8
https://mahamprint.com/product/3116/%D9%81%DB%8C%D8%B4-%D9%BE%D8%B1%DB%8C%D9%86%D8%AA%D8%B1%20-OSCAR%20-%D9%85%D8%AF%D9%84-%20POS88c,1,10,7.2,404,,0,0.8
https://mahamprint.com/product/3146/%D9%BE%D8%B1%DB%8C%D9%86%D8%AA%D8%B1%20-%D9%84%DB%8C%D8%B2%D8%B1%DB%8C-%20Brother-%20mfc-L6710DW,1,10,6.4,404,,0,0.82
https://mahamprint.com/product/722/%DA%A9%D8%A7%D8%BA%D8%B0-%D8%AE%D8%B1%D8%AF%DA%A9%D9%86-Fellowes-460Ms,1,10,25.7,404,,0,0.79
https://mahamprint.com/products/-------hp--mfp--m631dn,1,10,8.9,200,https://mahamprint.com/products/-------hp--mfp--m631dn,0,0.9
https://mahamprint.com/products/------grandmi----mi-r230sn,1,10,5.9,200,https://mahamprint.com/products/------grandmi----mi-r230sn,0,0.89
https://mahamprint.com/products/-----25-50,1,10,6.7,200,https://mahamprint.com/products/-----25-50,0,1.05
https://mahamprint.com/products/----ricoh-sp-4510dn,1,10,6.5,200,https://mahamprint.com/products/----ricoh-sp-4510dn,0,1.03
https://mahamprint.com/products/----zkteco-k30,1,10,6.9,200,https://mahamprint.com/products/----zkteco-k30,0,1.42
https://mahamprint.com/products/---benq-ms506,1,10,7.1,200,https://mahamprint.com/products/---benq-ms506,0,1.56
https://mahamprint.com/products/--datalogic--heron-hd3430,1,10,6,200,https://mahamprint.com/products/--datalogic--heron-hd3430,0,1.75
https://mahamprint.com/products/--sharp-ar-m451n,1,10,5.7,200,https://mahamprint.com/products/--sharp-ar-m451n,0,1.82
https://mahamprint.com/products/--sharp-mx-m464n,1,10,6.3,200,https://mahamprint.com/products/--sharp-mx-m464n,0,1.84
https://mahamprint.com/brand/50,0,10,18.7,404,,0,1.82
https://mahamprint.com/category/77/Single%20job,0,10,8.3,404,,0,1.63
https://mahamprint.com/index.php?productID=113,0,10,12.2,404,,0,1.51
https://mahamprint.com/mag/%D8%B1%D8%A7%D9%87%D9%86%D9%85%D8%A7%DB%8C-%D8%AE%D8%B1%DB%8C%D8%AF-%D8%A7%D9%86%D9%88%D8%A7%D8%B9-%D9%85%D8%A7%D8%B4%DB%8C%D9%86,0,10,7.1,404,,0,1.48
https://mahamprint.com/product/1286/%D9%88%DB%8C%D8%AF%D8%A6%D9%88-%D9%BE%D8%B1%D9%88%DA%98%DA%A9%D8%AA%D9%88%D8%B1-EPSON-X41,0,10,7.4,404,,0,1.16
https://mahamprint.com/product/146/%D9%BE%D8%B1%DB%8C%D9%86%D8%AA%D8%B1-%DA%86%D9%86%D8%AF%DA%A9%D8%A7%D8%B1%D9%87-%D9%84%DB%8C%D8%B2%D8%B1%DB%8C-%D8%A8%D8%B1%D9%86%D8%AF-HP-PRO-MFP-M28W,0,10,17.4,404,,0,1.11
https://mahamprint.com/product/1616/%D9%BE%D8%B1%DB%8C%D9%86%D8%AA%D8%B1-%D9%84%DB%8C%D8%B2%D8%B1%DB%8C-%D9%85%D8%AF%D9%84-HP-MFP-M442dn,0,10,7.9,404,,0,1.14
https://mahamprint.com/product/1852/%D9%84%DB%8C%D8%A8%D9%84-%D8%A8%D8%B1%DA%86%D8%B3%D8%A8-%D9%BE%DB%8C-%D9%88%DB%8C-%D8%B3%DB%8C-%D8%AA%DA%A9-%D8%B1%D8%AF%DB%8C%D9%81%D9%87-150-100,0,10,12.5,404,,0,0.78
https://mahamprint.com/product/2010/%D8%A8%D8%A7%D8%AA%D8%B1%DB%8C-%D8%B3%DA%A9%D9%87-%D8%A7%DB%8C-Kodak-CR2025,0,10,6.7,404,,0,0.97
https://mahamprint.com/product/202/%D9%BE%D8%B1%DB%8C%D9%86%D8%AA%D8%B1-%DA%86%D9%87%D8%A7%D8%B1-%DA%A9%D8%A7%D8%B1%D9%87-%D8%A8%D8%B1%D9%86%D8%AF-HP-M680Z,0,10,16.3,404,,0,0.93
https://mahamprint.com/product/2051/%D8%A8%D8%B1%D8%AF-%D9%81%D8%B1%D9%85%D8%AA%D8%B1-%D8%A7%DA%86-%D9%BE%DB%8C-M1536dnf,0,10,8.4,404,,0,1.09
https://mahamprint.com/product/2140/%D8%B3%D9%BE%D8%B1%DB%8C%D8%B4%D9%86-%D9%BE%D8%AF-HP-1200-%D8%A7%D9%88%D8%B1%D8%AC%DB%8C%D9%86%D8%A7%D9%84,0,10,14.6,404,,0,1.04
https://mahamprint.com/product/2243/%D9%81%DB%8C%D9%88%D8%B2%DB%8C%D9%86%DA%AF-%D8%A7%DA%86-%D9%BE%DB%8C-HP-1215,0,10,10.4,404,,0,1.07
https://mahamprint.com/product/2268/%D9%87%D8%A7%D8%AA-%D8%B1%D9%88%D9%84-%D8%B1%DB%8C%DA%A9%D9%88-%D9%85%D8%AF%D9%84-MP-7000,0,10,10.2,404,,0,1.18
https://mahamprint.com/product/2309/%D8%B1%D9%88%D9%84-%D9%BE%D8%B1%D8%B3-hp-4100,0,10,19.7,404,,0,2.37
https://mahamprint.com/product/2450/%D9%84%DB%8C%D8%A8%D9%84-%D9%BE%D8%B1%DB%8C%D9%86%D8%AA%D8%B1-%D9%85%D8%AF%D9%84-brother-PT-E300VP,0,10,6.5,404,,0,2.4
https://mahamprint.com/product/2559/%D9%84%DB%8C%D8%A8%D9%84-%D9%BE%D8%B1%DB%8C%D9%86%D8%AA%D8%B1-ZEBRA-ZT411-203dpi,0,10,11.8,404,,0,2.91
https://mahamprint.com/product/2672/%D8%AF%DB%8C%D8%AA%D8%A7-%D9%BE%D8%B1%D9%88%DA%98%DA%A9%D8%AA%D9%88%D8%B1-epson-2250u,0,10,5.9,404,,0,2.93
https://mahamprint.com/product/28/Canon-800D-18-135-IS-STM,0,10,68.7,404,,0,3.32
https://mahamprint.com/product/2803/%D9%BE%D8%B1%DB%8C%D9%86%D8%AA%D8%B1-%D8%AC%D9%88%D9%87%D8%B1%D8%A7%D9%81%D8%B4%D8%A7%D9%86-%DA%86%D9%87%D8%A7%D8%B1%DA%A9%D8%A7%D8%B1%D9%87-EPSON-%D9%85%D8%AF%D9%84-L5296w,0,10,7.5,404,,0,3.23
https://mahamprint.com/product/2874/%D9%BE%D8%B1%D8%AF%D9%87-%D9%86%D9%85%D8%A7%DB%8C%D8%B4-%D9%BE%D8%A7%DB%8C%D9%87-%D8%AF%D8%A7%D8%B1-%DA%A9%D8%B1%D9%88%D9%85%D8%A7%DA%A9%DB%8C-%D9%85%D8%AF%D9%84-CSG150T,0,10,3.7,404,,0,2.3
https://mahamprint.com/product/3147/%D8%A7%D8%B3%DA%A9%D9%86%D8%B1-%20%D8%A7%DB%8C%20-%D9%88%DB%8C%DA%98%D9%86%20-%D9%85%D8%AF%D9%84%20-ad380,0,10,8.2,404,,0,1.48
https://mahamprint.com/product/2884/%D9%BE%D8%B1%DB%8C%D9%86%D8%AA%D8%B1-%D8%AA%DA%A9-%DA%A9%D8%A7%D8%B1%D9%87-%D8%A7%D8%B3%D8%AA%D9%88%DA%A9-hp-1102w,0,10,27.3,404,,0,2.24
https://mahamprint.com/product/335/%D9%BE%D8%B1%DB%8C%D9%86%D8%AA%D8%B1-%DA%86%D9%86%D8%AF%DA%A9%D8%A7%D8%B1%D9%87-BROTHER-MFC-J3530cdw,0,10,12,404,,0,1.56
https://mahamprint.com/product/516/%D8%AA%D8%B3%D8%AA-%D8%A7%D8%B3%DA%A9%D9%86%D8%A7%D8%B3-%D9%85%D8%AF%D9%84DFS-220,0,10,7.1,404,,0,1.14
https://mahamprint.com/product/601/%D8%B5%D9%86%D8%AF%D9%88%D9%82-%D9%81%D8%B1%D9%88%D8%B4%DA%AF%D8%A7%D9%87%DB%8C-OKPOS-Z-D2550,0,10,8.6,404,,0,1.12
https://mahamprint.com/product/673/%DA%A9%D8%A7%D8%BA%D8%B0-%D8%AE%D8%B1%D8%AF%DA%A9%D9%86-Protech-SD-9360,0,10,17.1,404,,0,0.71
https://mahamprint.com/product/779/%D8%A8%D8%A7%D8%B1%DA%A9%D8%AF-%D8%AE%D9%88%D8%A7%D9%86-Datalogic-QM2430,0,10,11.7,404,,0,0.86
https://mahamprint.com/product/792/%D8%A8%D8%A7%D8%B1%DA%A9%D8%AF-%D8%AE%D9%88%D8%A7%D9%86-Unitech-PS800R,0,10,6.9,404,,0,0.9
https://mahamprint.com/product/797/%D8%A8%D8%A7%D8%B1%DA%A9%D8%AF-%D8%A7%D8%B3%DA%A9%D9%86%D8%B1-%D8%A8%D8%B1%D9%86%D8%AF-Zebex-Z-3192BT,0,10,11.4,404,,0,0.81
https://mahamprint.com/product/91/%D9%BE%D8%B1%DB%8C%D9%86%D8%AA%D8%B1-%D8%AA%DA%A9-%DA%A9%D8%A7%D8%B1%D9%87-%D9%84%DB%8C%D8%B2%D8%B1%DB%8C-HP-M452NW,0,10,25.6,404,,0,0.86
https://mahamprint.com/products/-----------16--,0,10,7.5,200,https://mahamprint.com/products/-----------16--,0,0.87
https://mahamprint.com/products/--------hp-1212,0,10,6.7,200,https://mahamprint.com/products/--------hp-1212,0,1.02
https://mahamprint.com/products/----canon--pixma--ts--3340,0,10,11.8,200,https://mahamprint.com/products/----canon--pixma--ts--3340,0,1.0
https://mahamprint.com/products/----hp-2055dn,0,10,7.8,200,https://mahamprint.com/products/----hp-2055dn,0,1.05
https://mahamprint.com/products/----viewsonic--sp6,0,10,7.8,200,https://mahamprint.com/products/----viewsonic--sp6,0,1.38
https://mahamprint.com/products/----sharp--bp-20m31,0,10,15.5,200,https://mahamprint.com/products/----sharp--bp-20m31,0,1.57
https://mahamprint.com/products/---1-hp-401,0,10,6.3,200,https://mahamprint.com/products/---1-hp-401,0,1.74
https://mahamprint.com/products/---datalogic--magellan-3450,0,10,5.8,200,https://mahamprint.com/products/---datalogic--magellan-3450,0,1.82
https://mahamprint.com/products/---hp-m-131a,0,10,4.2,200,https://mahamprint.com/products/---hp-m-131a,0,1.95
https://mahamprint.com/products/---meva--mbp-1000,0,10,6.9,200,https://mahamprint.com/products/---meva--mbp-1000,0,2.03
https://mahamprint.com/products/---winson--wni-6610g,0,10,7.2,200,https://mahamprint.com/products/---winson--wni-6610g,0,1.9
https://mahamprint.com/products/--brother-ql800,0,10,8.4,200,https://mahamprint.com/products/--brother-ql800,0,2.08
https://mahamprint.com/products/--brother-tn-2305,0,10,7.3,200,https://mahamprint.com/products/--brother-tn-2305,0,1.78
https://mahamprint.com/products/--citizen-ct-666n,0,10,7.4,200,https://mahamprint.com/products/--citizen-ct-666n,0,2.13
https://mahamprint.com/products/--gtx-1630-ventus-xs-oc-4g,0,10,6.6,200,https://mahamprint.com/products/--gtx-1630-ventus-xs-oc-4g,0,2.12
https://mahamprint.com/products/-epson-eb-e12,0,10,8.9,200,https://mahamprint.com/products/-epson-eb-e12,0,1.9
https://mahamprint.com/tag/1967/vdkjv-gdcvd,0,10,9.3,404,,0,2.12
https://mahamprint.com/tag/2895/%D8%A7%D8%B3%DA%A9%D9%86%D8%A7%D8%B3-%D8%B4%D9%85%D8%A7%D8%B1-%D8%A8%DB%8C%D9%84-%DA%A9%D8%A7%D9%86%D8%AA%D8%B1,0,10,10.6,404,,0,1.92
https://mahamprint.com/products/-epson-104,5,9,2.111111111111111,200,https://mahamprint.com/products/-epson-104,0,1.94
https://mahamprint.com/product/805/%D8%A8%D8%A7%D8%B1%DA%A9%D8%AF-%D8%A7%D8%B3%DA%A9%D9%86%D8%B1-%D8%A8%D8%B1%D9%86%D8%AF-DATALOGIC-%D9%85%D8%AF%D9%84-Cobalto-CO5300,3,9,5.444444444444445,404,,0,1.37
https://mahamprint.com/product/1329/%D9%85%D8%A7%D9%86%DB%8C%D8%AA%D9%88%D8%B1-Samsung-S19C325N-Plus-18-5-%D8%A7%DB%8C%D9%86%DA%86,2,9,7.666666666666667,404,,0,1.28
https://mahamprint.com/product/1110/%D8%AA%D9%88%D9%86%D8%B1-%D8%B4%D8%A7%D8%B1%DA%98-%D9%85%D8%AF%D9%84-100gr-panasonic,2,9,7.444444444444445,404,,0,1.33
https://mahamprint.com/product/1424/%D8%AA%D9%88%D9%86%D8%B1-EPSON-T159-CMYK,2,9,6,404,,0,0.96
https://mahamprint.com/product/139/%D9%BE%D8%B1%DB%8C%D9%86%D8%AA%D8%B1-%D9%84%DB%8C%D8%B2%D8%B1%DB%8C-BROTHER-%D9%85%D8%AF%D9%84-MFC-L5575DW,2,9,6,404,,0,1.13
https://mahamprint.com/product/533/%D8%AA%D8%B3%D8%AA-%D8%A7%D8%B3%DA%A9%D9%86%D8%A7%D8%B3-%D9%85%D8%AF%D9%84-NIKITA-UV9,2,9,3.111111111111111,404,,0,1.07
https://mahamprint.com/products/---brother-ql820nwb,2,9,8.333333333333332,200,https://mahamprint.com/products/---brother-ql820nwb,0,0.86
https://mahamprint.com/products/--ricoh-im-c3000,2,9,5.333333333333333,200,https://mahamprint.com/products/--ricoh-im-c3000,0,1.14
https://mahamprint.com/brand/18,1,9,6.777777777777778,404,,0,1.08
https://mahamprint.com/product/1116/%D8%AA%D9%88%D9%86%D8%B1-brother-%D9%85%D8%AF%D9%84-100gr,1,9,7.555555555555555,404,,0,1.05
https://mahamprint.com/products/---samsung-2070fw,2,9,4.888888888888889,200,https://mahamprint.com/products/---samsung-2070fw,0,1.61
https://mahamprint.com/products/-plustek-a300-plus,2,9,6.333333333333333,200,https://mahamprint.com/products/-plustek-a300-plus,0,1.48
https://mahamprint.com/products/-ricoh--sp-220nw,2,9,7.444444444444445,200,https://mahamprint.com/products/-ricoh--sp-220nw,0,1.5
https://mahamprint.com/product/1296/%D8%AF%DB%8C%D8%AA%D8%A7-%D9%88%DB%8C%D8%AF%D8%A6%D9%88-%D9%BE%D8%B1%D9%88%DA%98%DA%A9%D8%AA%D9%88%D8%B1-EPSON-EH-TW5600,1,9,14.666666666666666,404,,0,1.5
https://mahamprint.com/product/1629/%D8%AF%D8%B3%D8%AA%DA%AF%D8%A7%D9%87-%D9%81%DA%A9%D8%B3-CANON-%D9%85%D8%AF%D9%84-L170,1,9,5.777777777777778,404,,0,1.35
https://mahamprint.com/product/1482/%D8%AA%D9%88%D9%86%D8%B1-%DA%A9%D8%A7%D8%B1%D8%AA%D8%B1%DB%8C%D8%AC-HP-38A,1,9,11,404,,0,1.44
https://mahamprint.com/product/1697/%D8%AC%D9%88%D9%87%D8%B1-%D9%85%D8%B4%DA%A9%DB%8C-Epson-T6731,1,9,14.666666666666666,404,,0,1.44
https://mahamprint.com/product/194/%D9%BE%D8%B1%DB%8C%D9%86%D8%AA%D8%B1-%DA%86%D9%86%D8%AF%DA%A9%D8%A7%D8%B1%D9%87-%D9%84%DB%8C%D8%B2%D8%B1%DB%8C-HP-M281FDN,1,9,7.333333333333333,404,,0,1.29
https://mahamprint.com/product/2016/%D8%A8%D8%A7%D8%AA%D8%B1%DB%8C-%D9%86%DB%8C%D9%85-%D9%82%D9%84%D9%85%DB%8C-%D9%85%D8%AF%D9%84-maxell-M-06,1,9,6.888888888888889,404,,0,1.2
https://mahamprint.com/product/332/%D9%BE%D8%B1%DB%8C%D9%86%D8%AA%D8%B1-%DA%86%D9%86%D8%AF%DA%A9%D8%A7%D8%B1%D9%87-%D9%84%DB%8C%D8%B2%D8%B1%DB%8C-BROTHER-MFC-L9570CDW,1,9,5.666666666666667,404,,0,3.21
https://mahamprint.com/product/2405/%D9%BE%DB%8C%DA%A9%D8%A7%D9%BE-%D8%B5%D8%A7%D9%81-ADF-ricoh-AF-1060,1,9,30.88888888888889,404,,0,3.48
https://mahamprint.com/product/68/%D9%BE%D8%B1%DB%8C%D9%86%D8%AA%D8%B1-%D9%84%DB%8C%D8%B2%D8%B1%DB%8C-%D8%AA%DA%A9-%DA%A9%D8%A7%D8%B1%D9%87-HP-M604N,1,9,4.222222222222222,404,,0,3.71
https://mahamprint.com/brand/25/LG,0,9,4.666666666666666,404,,0,3.77
https://mahamprint.com/products/--hp-laserjet-3015-,1,9,7,200,https://mahamprint.com/products/--hp-laserjet-3015-,0,3.95
https://mahamprint.com/products/-canon-731,1,9,6.222222222222222,200,https://mahamprint.com/products/-canon-731,0,3.93
https://mahamprint.com/brand/53/Mehr,0,9,5.888888888888889,404,,0,1.3
https://mahamprint.com/brand/54/nikita-2,0,9,7,404,,0,1.33
https://mahamprint.com/categories/digital,0,9,1.7777777777777777,200,https://mahamprint.com/categories/digital,0,0.94
https://mahamprint.com/category/76/4%20job,0,9,2.2222222222222223,404,,0,1.08
https://mahamprint.com/index.php?productID=2487,0,9,8.88888888888889,404,,0,1.09
https://mahamprint.com/index.php?productID=261,0,9,9.666666666666666,404,,0,1.17
https://mahamprint.com/index.php?productID=2916,0,9,36.888888888888886,404,,0,0.93
https://mahamprint.com/index.php?productID=2947,0,9,9.11111111111111,404,,0,1.03
https://mahamprint.com/news/view/7/%D8%B1%D9%81%D8%B9-%D9%85%D8%B4%DA%A9%D9%84%D8%A7%D8%AA-%D8%AC%D9%85%D8%B9-%D8%B4%D8%AF%D9%86-%DA%A9%D8%A7%D8%BA%D8%B0,0,9,5.333333333333333,404,,0,0.93
https://mahamprint.com/product/1048/%D9%81%D8%AA%D9%88%DA%A9%D9%BE%DB%8C-RICOH-M2700DN,0,9,6.666666666666667,404,,0,0.73
https://mahamprint.com/product/1104/%D8%AF%D8%B1%D8%A7%D9%85-%D8%B1%D9%86%DA%AF%DB%8C-HP-2035,0,9,9.555555555555555,404,,0,0.75
https://mahamprint.com/product/114/%D9%BE%D8%B1%DB%8C%D9%86%D8%AA%D8%B1-%D9%84%DB%8C%D8%B2%D8%B1%DB%8C-%D8%AA%DA%A9-%DA%A9%D8%A7%D8%B1%D9%87-RICOH-SP-325DNW,0,9,15.333333333333334,404,,0,0.81
https://mahamprint.com/product/1177/%DA%A9%D9%86%D8%B3%D9%88%D9%84-%D8%A8%D8%A7%D8%B2%DB%8C-Playstation-3-Slim,0,9,7,404,,0,0.86
https://mahamprint.com/product/127/%D9%BE%D8%B1%DB%8C%D9%86%D8%AA%D8%B1-%D8%AA%DA%A9-%DA%A9%D8%A7%D8%B1%D9%87-%D9%84%DB%8C%D8%B2%D8%B1%DB%8C-BROTHER-HL-L2320D,0,9,14.555555555555555,404,,0,0.83
https://mahamprint.com/product/1458/%D8%AA%D9%88%D9%86%D8%B1-HP-564-CMYK,0,9,8.222222222222221,404,,0,0.84
https://mahamprint.com/product/1474/%DA%A9%D8%A7%D8%B1%D8%AA%D8%B1%DB%8C%D8%AC-CANON-712,0,9,15.444444444444445,404,,0,0.91
https://mahamprint.com/product/1485/%DA%A9%D8%A7%D8%B1%D8%AA%D8%B1%DB%8C%D8%AC-HP-49A,0,9,17.11111111111111,404,,0,0.87
https://mahamprint.com/product/151/%D9%BE%D8%B1%DB%8C%D9%86%D8%AA%D8%B1-%D9%84%DB%8C%D8%B2%D8%B1%DB%8C-HP-MFP1200A,0,9,27.11111111111111,404,,0,0.83
https://mahamprint.com/product/156/%D9%BE%D8%B1%DB%8C%D9%86%D8%AA%D8%B1-%D8%AA%DA%A9-%DA%A9%D8%A7%D8%B1%D9%87-%D9%84%DB%8C%D8%B2%D8%B1%DB%8C-HP-M15W,0,9,7.555555555555555,404,,0,0.82
https://mahamprint.com/product/1630/%D8%AF%D8%B3%D8%AA%DA%AF%D8%A7%D9%87-%D9%81%DA%A9%D8%B3-panasonic-%D9%85%D8%AF%D9%84-FP711CX-W,0,9,8.222222222222221,404,,0,0.78
https://mahamprint.com/product/1685/%D9%84%DB%8C%D8%A8%D9%84-%D9%BE%D8%B1%DB%8C%D9%86%D8%AA%D8%B1-Godex-EZ-120,0,9,12.555555555555555,404,,0,0.87
https://mahamprint.com/product/1708/%D8%B1%DB%8C%D8%A8%D9%88%D9%86-Wax-110-75,0,9,46.77777777777778,404,,0,1.01
https://mahamprint.com/product/1817/%D8%AA%D8%A7%D9%86%DA%A9-%D8%AC%D9%88%D9%87%D8%B1-Canon-221-220,0,9,10.666666666666666,404,,0,1.07
https://mahamprint.com/product/1942/%D9%86%D9%88%D8%A7%D8%B1-%D9%84%DB%8C%D8%A8%D9%84-%D9%BE%D8%B1%DB%8C%D9%86%D8%AA%D8%B1-%D8%A7%D9%85%D9%86%DB%8C%D8%AA%DB%8C-brother-TZE-SE2-%D8%BA%DB%8C%D8%B1-%D8%A7%D9%88%D8%B1%D8%AC%DB%8C%D9%86%D8%A7%D9%84,0,9,60.333333333333336,404,,0,1.06
https://mahamprint.com/product/1950/%D9%86%D9%88%D8%A7%D8%B1-%D9%84%DB%8C%D8%A8%D9%84-%D9%BE%D8%B1%DB%8C%D9%86%D8%AA%D8%B1-brother-TZE-335-%D8%BA%DB%8C%D8%B1-%D8%A7%D9%88%D8%B1%D8%AC%DB%8C%D9%86%D8%A7%D9%84,0,9,7.555555555555555,404,,0,0.97
https://mahamprint.com/product/1970/%D9%86%D9%88%D8%A7%D8%B1-%D9%84%DB%8C%D8%A8%D9%84-%D9%BE%D8%B1%DB%8C%D9%86%D8%AA%D8%B1-%D9%85%D8%AF%D9%84-%D8%A8%D8%B1%D8%A7%D8%AF%D8%B1-TZE-622,0,9,6.777777777777778,404,,0,0.97
https://mahamprint.com/product/2014/%D8%A8%D8%A7%D8%AA%D8%B1%DB%8C-%D8%B3%DA%A9%D9%87-%D8%A7%DB%8C-Maxell-%D9%85%D8%AF%D9%84-CR2016,0,9,7.333333333333333,404,,0,1.0
https://mahamprint.com/product/2017/%D8%A8%D8%A7%D8%AA%D8%B1%DB%8C-%D9%86%DB%8C%D9%85-%D9%82%D9%84%D9%85%DB%8C-duracell%D9%85%D8%AF%D9%84-plus-lr3,0,9,5.555555555555555,404,,0,1.06
https://mahamprint.com/product/2106/%D8%AF%D8%B1%D8%A7%D9%85-%DA%A9%D8%A7%D8%B1%D8%AA%D8%B1%DB%8C%D8%AC-Samsung-1710-Drum,0,9,15,404,,0,1.09
https://mahamprint.com/product/2146/%D8%B3%D9%BE%D8%B1%DB%8C%D8%B4%D9%86-%D9%BE%D8%AF-HP-LaserJet-5000-5100-%D8%A7%D9%88%D8%B1%D8%AC%DB%8C%D9%86%D8%A7%D9%84,0,9,6.222222222222222,404,,0,1.22
https://mahamprint.com/product/2356/%DA%86%D8%B1%D8%AE-%D8%AF%D9%86%D8%AF%D9%87-%D8%B3%D8%B1-%D9%87%D8%A7%D8%AA%D8%B1%D9%88%D9%84-%D8%A8%D8%B1%D9%86%D8%AF-sharp-AR-452-%D9%81%D8%A7%D8%A8%D8%B1%DB%8C%DA%A9,0,9,17.22222222222222,404,,0,1.17
https://mahamprint.com/product/2376/%D9%BE%DB%8C%DA%A9%D8%A7%D9%BE-%D9%BE%D8%B1%DB%8C%D9%86%D8%AA%D8%B1-%D8%A7%DA%86-%D9%BE%DB%8C-2035,0,9,8.555555555555555,404,,0,1.17
https://mahamprint.com/product/2377/hp-1320-printer-pickup,0,9,5,404,,0,1.09
https://mahamprint.com/product/2414/%D9%81%DB%8C%D8%AF%D8%B1%D9%88%D9%84%D8%B1%D8%AF%D8%B3%D8%AA%DB%8C-ricoh-2060,0,9,7.666666666666667,404,,0,0.96
https://mahamprint.com/product/2543/%D9%BE%D9%84%D8%A7%D8%AA%D8%B1-%D8%A8%D8%B1%D9%86%D8%AF-Epson-SC-T5200,0,9,9.333333333333334,404,,0,0.93
https://mahamprint.com/product/2599/%DA%AF%D9%88%D8%B4%DB%8C-SAMSUNG-GALAXY-S20-PLUSE-5G,0,9,6.555555555555555,404,,0,0.88
https://mahamprint.com/product/2701/%D8%B3%D9%88%D8%A6%DB%8C%DA%86-%D8%B4%D8%A8%DA%A9%D9%87-%D8%B3%DB%8C%D8%B3%DA%A9%D9%88-C9200-24T-A,0,9,30.77777777777778,404,,0,0.84
https://mahamprint.com/product/2890/%D9%BE%D8%B1%DB%8C%D9%86%D8%AA%D8%B1%D9%84%DB%8C%D8%B2%D8%B1%DB%8C-%DA%86%D9%86%D8%AF-%DA%A9%D8%A7%D8%B1%D9%87-%D8%B1%D9%86%DA%AF%DB%8C-%D8%A7%D8%B3%D8%AA%D9%88%DA%A9-%D8%A8%D8%B1%D9%86%D8%AF-hp-%D9%85%D8%AF%D9%84-176n,0,9,15.666666666666666,404,,0,0.88
https://mahamprint.com/product/2905/%D9%BE%D8%B1%DB%8C%D9%86%D8%AA%D8%B1-%DA%86%D9%86%D8%AF%DA%A9%D8%A7%D8%B1%D9%87-%D9%84%DB%8C%D8%B2%D8%B1%DB%8C-%D8%B1%D9%86%DA%AF%DB%8C-HP-M479dw,0,9,36,404,,0,0.82
https://mahamprint.com/product/2932/%D9%BE%D8%B1%DB%8C%D9%86%D8%AA%D8%B1%D8%AA%DA%A9-%DA%A9%D8%A7%D8%B1%D9%87-%D8%B1%D9%86%DA%AF%DB%8C-%D9%85%D8%AF%D9%84-HP-CP5525N,0,9,6.444444444444445,404,,0,0.78
https://mahamprint.com/product/3015/%D8%A8%D8%A7%D8%B1%DA%A9%D8%AF-%D8%A7%D8%B3%DA%A9%D9%86%D8%B1-%D9%85%D8%AF%D9%84-ZEBRA-Symbol-LI2208,0,9,4.444444444444445,404,,0,0.97
https://mahamprint.com/product/3105/%D9%81%DB%8C%D8%B4-%D9%BE%D8%B1%DB%8C%D9%86%D8%AA%D8%B1-%D8%A8%D8%B1%D9%86%D8%AF-grandmi-%D9%85%D8%AF%D9%84-MI-R230SN,0,9,7.555555555555555,404,,0,0.91
https://mahamprint.com/product/3108/%D9%BE%D8%B1%DB%8C%D9%86%D8%AA%D8%B1%20-%D8%B3%D9%87%20-%DA%A9%D8%A7%D8%B1%D9%87%20-%D9%84%DB%8C%D8%B2%D8%B1%DB%8C%20-HP-%20MFP578DN,0,9,5.333333333333333,404,,0,0.9
https://mahamprint.com/product/608/%D8%B5%D9%86%D8%AF%D9%88%D9%82-%D9%81%D8%B1%D9%88%D8%B4%DA%AF%D8%A7%D9%87%DB%8C-Posiflex-XT-3114,0,9,35.888888888888886,404,,0,0.91
https://mahamprint.com/product/621/%D8%AF%D8%B3%D8%AA%DA%AF%D8%A7%D9%87-%D8%AD%D8%B6%D9%88%D8%B1-%D9%88-%D8%BA%DB%8C%D8%A7%D8%A8-ZKTeco-F-400,0,9,7.222222222222222,404,,0,0.92
https://mahamprint.com/product/769/%D8%AF%D8%B3%D8%AA%DA%AF%D8%A7%D9%87-%D8%A8%D8%B1%D8%B4-%DA%A9%D8%A7%D8%BA%D8%B0-AX4606RT,0,9,11.88888888888889,404,,0,0.9
https://mahamprint.com/product/77/%D9%BE%D8%B1%DB%8C%D9%86%D8%AA%D8%B1-%D8%B3%D9%87-%DA%A9%D8%A7%D8%B1%D9%87-%D9%84%DB%8C%D8%B2%D8%B1%DB%8C-%D8%A8%D8%B1%D9%86%D8%AF-HP-%D9%85%D8%AF%D9%84-MFP-M130A,0,9,6.444444444444445,404,,0,0.71
https://mahamprint.com/product/777/%D8%A8%D8%A7%D8%B1%DA%A9%D8%AF-%D8%A7%D8%B3%DA%A9%D9%86%D8%B1-%D8%A8%D8%B1%D9%86%D8%AF-Datalogic-8500,0,9,6.555555555555555,404,,0,0.7
https://mahamprint.com/product/770/%D8%AF%D8%B3%D8%AA%DA%AF%D8%A7%D9%87-%D8%A8%D8%B1%D8%B4-%DA%A9%D8%A7%D8%BA%D8%B0-%DB%B4%DB%B5%DB%B0VG,0,9,7.111111111111111,404,,0,0.89
https://mahamprint.com/product/784/%D8%A8%D8%A7%D8%B1%DA%A9%D8%AF-%D8%A7%D8%B3%DA%A9%D9%86%D8%B1-Honeywell-Youjie-YJ3300,0,9,7.444444444444445,404,,0,0.8
https://mahamprint.com/product/826/%D8%A8%D8%A7%D8%B1%DA%A9%D8%AF-%D8%AE%D9%88%D8%A7%D9%86-Datalogic-%D9%85%D8%AF%D9%84-magellan-2D-800i,0,9,6.444444444444445,404,,0,0.77
https://mahamprint.com/product/858/%D8%A7%D8%B3%DA%A9%D9%86%D8%A7%D8%B3-%D8%B4%D9%85%D8%A7%D8%B1-%D9%86%D8%A7%D9%85%DB%8C-%D8%AA%D8%B1%D8%A7%D8%B2-NT100,0,9,8,404,,0,0.75
https://mahamprint.com/product/864/%D8%AF%D8%B3%D8%AA%DA%AF%D8%A7%D9%87-%D8%A7%D8%B3%DA%A9%D9%86%D8%A7%D8%B3-%D8%B4%D9%85%D8%A7%D8%B1-%D8%A2%D9%81%D8%A7%D9%82-BJ-82series,0,9,5.555555555555555,404,,0,0.89
https://mahamprint.com/product/916/%D9%85%D8%A7%D8%B4%DB%8C%D9%86-%D8%AD%D8%B3%D8%A7%D8%A8-CASIC-DJ-8824NC,0,9,6,404,,0,0.83
https://mahamprint.com/product/977/%D9%85%D8%A7%D8%B4%DB%8C%D9%86-%D8%AD%D8%B3%D8%A7%D8%A8-CASIO-HR-8RC,0,9,8.11111111111111,404,,0,0.8
https://mahamprint.com/products/-----60-90,0,9,7.333333333333333,200,https://mahamprint.com/products/-----60-90,0,0.85
https://mahamprint.com/products/-----hp-officejet-7110,0,9,6,200,https://mahamprint.com/products/-----hp-officejet-7110,0,0.97
https://mahamprint.com/products/----hp-1000a,0,9,6.333333333333333,200,https://mahamprint.com/products/----hp-1000a,0,1.11
https://mahamprint.com/products/----hp-751dn,0,9,6.333333333333333,200,https://mahamprint.com/products/----hp-751dn,0,1.26
https://mahamprint.com/products/----hp-mfp-m236sdn,0,9,8,200,https://mahamprint.com/products/----hp-mfp-m236sdn,0,1.47
https://mahamprint.com/products/----zkteco-mb-202,0,9,5.444444444444445,200,https://mahamprint.com/products/----zkteco-mb-202,0,1.5
https://mahamprint.com/products/----zkteco-vf300,0,9,10.222222222222221,200,https://mahamprint.com/products/----zkteco-vf300,0,1.66
https://mahamprint.com/products/---brother-mfc-l2740dw,0,9,7.111111111111111,200,https://mahamprint.com/products/---brother-mfc-l2740dw,0,1.76
https://mahamprint.com/products/---canon-2202-drum,0,9,8.777777777777779,200,https://mahamprint.com/products/---canon-2202-drum,0,1.8
https://mahamprint.com/products/---hp-p3015,0,9,11.555555555555555,200,https://mahamprint.com/products/---hp-p3015,0,1.71
https://mahamprint.com/products/--canon-057,0,9,10.555555555555555,200,https://mahamprint.com/products/--canon-057,0,1.65
https://mahamprint.com/products/--c24f390---,0,9,6.555555555555555,200,https://mahamprint.com/products/--c24f390---,0,1.81
https://mahamprint.com/products/--godex-ez-120,0,9,11.222222222222221,200,https://mahamprint.com/products/--godex-ez-120,0,1.44
https://mahamprint.com/products/--hp--,0,9,8.11111111111111,200,https://mahamprint.com/products/--hp--,0,1.81
https://mahamprint.com/products/--msi-gtx-1660-super-ventus-xs-oc-6g,0,9,6.333333333333333,200,https://mahamprint.com/products/--msi-gtx-1660-super-ventus-xs-oc-6g,0,1.67
https://mahamprint.com/products/--sharp-ar-x311n,0,9,6.333333333333333,200,https://mahamprint.com/products/--sharp-ar-x311n,0,1.75
https://mahamprint.com/products/-avision-miwand-2l,0,9,6,200,https://mahamprint.com/products/-avision-miwand-2l,0,1.8
https://mahamprint.com/products/-hp-727-cmyk,0,9,4.666666666666666,200,https://mahamprint.com/products/-hp-727-cmyk,0,1.8
https://mahamprint.com/products/-hp-9120n,0,9,9.444444444444445,200,https://mahamprint.com/products/-hp-9120n,0,1.88
https://mahamprint.com/products/-lexmark-mx-ms-317,0,9,7.888888888888889,200,https://mahamprint.com/products/-lexmark-mx-ms-317,0,1.77
https://mahamprint.com/products/all-in-one-dell--3240-core-i5-6,0,9,7.111111111111111,200,https://mahamprint.com/products/all-in-one-dell--3240-core-i5-6,0,1.84
https://mahamprint.com/tag/2044/hyb-ovnk,0,9,9.11111111111111,404,,0,1.72
https://mahamprint.com/tag/2173/HSKV-9125DC,0,9,9.666666666666666,404,,0,1.53
https://mahamprint.com/tag/2638/%D9%BE%D8%B1%DB%8C%D9%86%D8%AA%D8%B1-%D9%84%DB%8C%D8%B2%D8%B1%DB%8C-%D8%A8%D8%B1%D8%A7%D8%AF%D8%B1,0,9,9.555555555555555,404,,0,1.59
https://mahamprint.com/tag/3053/%D8%AF%D8%B3%D8%AA%DA%AF%D8%A7%D9%87-%D8%AD%D8%B6%D9%88%D8%B1-%D9%88-%D8%BA%DB%8C%D8%A7%D8%A8-%D8%B2%D8%AF-%DA%A9%DB%8C-%D8%AA%DB%8C-%D8%A7%DA%A9%D9%88,0,9,50.111111111111114,404,,0,1.51
https://mahamprint.com/tag/311/%D9%BE%D8%B1%DB%8C%D9%86%D8%AA%D8%B1-%D8%A8%D8%A7-%DA%A9%DB%8C%D9%81%DB%8C%D8%AA-%D8%B9%D8%A7%D9%84%DB%8C,0,9,7.222222222222222,404,,0,1.07
https://mahamprint.com/tag/3155/%D8%B1%DB%8C%D8%A8%D9%88%D9%86-evolis,0,9,35.22222222222222,404,,0,0.96
https://mahamprint.com/tag/3290/%D8%AF%D8%B3%D8%AA%DA%AF%D8%A7%D9%87-%D8%B5%D8%AF%D9%88%D8%B1-%DA%A9%D8%A7%D8%B1%D8%AA-%D8%A7%D8%B3%D9%85%D8%A7%D8%B1%D8%AA,0,9,64.77777777777777,404,,0,0.8
https://mahamprint.com/tag/588/%D9%BE%D8%B1%DB%8C%D9%86%D8%AA%D8%B1-%D8%A8%D8%A7-%D9%82%DB%8C%D9%85%D8%AA-%D8%B9%D8%A7%D9%84%DB%8C,0,9,6.333333333333333,404,,0,0.8
https://mahamprint.com/product/1052/%D8%AF%D8%B3%D8%AA%DA%AF%D8%A7%D9%87-%DA%A9%D9%BE%DB%8C-CANON-C7500i,3,8,4.5,404,,0,0.9
https://mahamprint.com/products/-lexmark-120-drum,4,8,5.5,200,https://mahamprint.com/products/-lexmark-120-drum,0,0.98
https://mahamprint.com/product/294/%D9%BE%D8%B1%DB%8C%D9%86%D8%AA%D8%B1-%D9%84%DB%8C%D8%B2%D8%B1%DB%8C-CANON-I-SENSYS-MF3010,3,8,66.875,404,,0,1.04
https://mahamprint.com/product/861/%D8%A7%D8%B3%DA%A9%D9%86%D8%A7%D8%B3-%D8%B4%D9%85%D8%A7%D8%B1-%D8%B1%D9%88%D9%85%DB%8C%D8%B2%DB%8C-MAX-BS-110,3,8,6.875,404,,0,1.1
https://mahamprint.com/products/----brother-t720dw,3,8,2.75,200,https://mahamprint.com/products/----brother-t720dw,0,1.09
https://mahamprint.com/products/-brother-tn-3480,3,8,3.375,200,https://mahamprint.com/products/-brother-tn-3480,0,1.28
https://mahamprint.com/product/1150/%D8%AC%D9%88%D9%87%D8%B1-HP-30-Black,2,8,7.5,404,,0,1.23
https://mahamprint.com/product/1629/%D9%81%DA%A9%D8%B3-CANON-L170,2,8,8.5,404,,0,1.22
https://mahamprint.com/product/2668/%D9%84%DB%8C%D8%A8%D9%84-%D9%BE%D8%B1%DB%8C%D9%86%D8%AA%D8%B1-brother-pt-s110,2,8,6.125,404,,0,1.18
https://mahamprint.com/product/2916/%D9%BE%D8%B1%DB%8C%D9%86%D8%AA%D8%B1-%D8%AA%DA%A9-%DA%A9%D8%A7%D8%B1%D9%87-%D9%84%DB%8C%D8%B2%D8%B1%DB%8C-4014n,2,8,9.5,404,,0,1.11
https://mahamprint.com/product/383/%D8%A7%D8%B3%DA%A9%D9%86%D8%B1-Plustek-550-plus,2,8,5.25,404,,0,1.15
https://mahamprint.com/product/697/%DA%A9%D8%A7%D8%BA%D8%B0-%D8%AE%D8%B1%D8%AF%DA%A9%D9%86-Fellowes-63cb,2,8,28.375,404,,0,0.95
https://mahamprint.com/product/964/%D9%85%D8%A7%D8%B4%DB%8C%D9%86-%D8%AD%D8%B3%D8%A7%D8%A8-CASIO-FX-CP400,2,8,11.875,404,,0,0.84
https://mahamprint.com/products/---asus-p3b,2,8,10.125,200,https://mahamprint.com/products/---asus-p3b,0,0.87
https://mahamprint.com/products/---hp--mfp--m128fw,2,8,7.625,200,https://mahamprint.com/products/---hp--mfp--m128fw,0,0.9
https://mahamprint.com/products/--sharp-el-421,2,8,3.875,200,https://mahamprint.com/products/--sharp-el-421,0,1.09
https://mahamprint.com/index.php?productID=2935,1,8,7.875,404,,0,1.31
https://mahamprint.com/index.php?productID=2955,1,8,10.25,404,,0,1.3
https://mahamprint.com/product/1089/%D9%85%DA%AF%D9%86%D8%AA-HP-17A,1,8,24.375,404,,0,1.33
https://mahamprint.com/product/1637/%D9%BE%D8%B1%DB%8C%D9%86%D8%AA%D8%B1-L3116-EPSON,1,8,5.625,404,,0,1.34
https://mahamprint.com/product/1869/%D9%84%DB%8C%D8%A8%D9%84-%D8%A8%D8%B1%DA%86%D8%B3%D8%A8-%D9%BE%DB%8C-%D9%88%DB%8C-%D8%B3%DB%8C-%D8%AA%DA%A9-%D8%B1%D8%AF%DB%8C%D9%81%D9%87-80-50,1,8,12.5,404,,0,1.23
https://mahamprint.com/product/2134/%D8%AF%D8%B1%D8%A7%D9%85-%DA%A9%D8%A7%D8%B1%D8%AA%D8%B1%DB%8C%D8%AC-hp-2300-drum,1,8,5.125,404,,0,1.01
https://mahamprint.com/product/2670/%D8%AF%DB%8C%D8%AA%D8%A7-%D9%BE%D8%B1%D9%88%DA%98%DA%A9%D8%AA%D9%88%D8%B1-Benq-Mh560-2,1,8,13.125,404,,0,0.82
https://mahamprint.com/product/2947/%D8%A7%D8%B3%DA%A9%D9%86%D8%B1%20-%D8%A8%D8%A7%D8%B1%DA%A9%D8%AF-%20%D8%AA%DA%A9%20%D8%A8%D8%B9%D8%AF%DB%8C-%20DATALOGIC-%20%D9%85%D8%AF%D9%84-%20QD2220%20QuickScan,1,8,7.625,404,,0,0.86
https://mahamprint.com/product/297/%D9%BE%D8%B1%DB%8C%D9%86%D8%AA%D8%B1-%D8%AA%DA%A9-%DA%A9%D8%A7%D8%B1%D9%87-%D9%84%DB%8C%D8%B2%D8%B1%DB%8C-HP-107A,1,8,7.875,404,,0,0.86
https://mahamprint.com/product/3127/%D9%BE%D8%B1%DB%8C%D9%86%D8%AA%D8%B1%D9%84%DB%8C%D8%B2%D8%B1%DB%8C-%20HP-%20M126nw,1,8,7.5,404,,0,0.83
https://mahamprint.com/product/508/%D8%A7%D8%B3%DA%A9%D9%86%D8%B1-Canon-DR-FB201,1,8,5.875,404,,0,0.89
https://mahamprint.com/product/785/%D8%A8%D8%A7%D8%B1%DA%A9%D8%AF-%D8%A7%D8%B3%DA%A9%D9%86%D8%B1-%D8%A8%D8%B1%D9%86%D8%AF-DATALOGIC-GD4430,1,8,7.125,404,,0,0.81
https://mahamprint.com/product/879/%D8%A7%D8%B3%DA%A9%D9%86%D8%A7%D8%B3-%D8%B4%D9%85%D8%A7%D8%B1-Protech-BS-600,1,8,7.75,404,,0,0.8
https://mahamprint.com/products/------cs3290,1,8,8.625,200,https://mahamprint.com/products/------cs3290,0,0.69
https://mahamprint.com/products/---ar-420-,1,8,5.25,200,https://mahamprint.com/products/---ar-420-,0,0.81
https://mahamprint.com/products/-----80-100,1,8,7.75,200,https://mahamprint.com/products/-----80-100,0,1.24
https://mahamprint.com/products/--epson-t6731,1,8,4.875,200,https://mahamprint.com/products/--epson-t6731,0,1.2
https://mahamprint.com/products/--kodak--e--1030,1,8,7.75,200,https://mahamprint.com/products/--kodak--e--1030,0,1.32
https://mahamprint.com/products/-risograph-vt-600,1,8,7.375,200,https://mahamprint.com/products/-risograph-vt-600,0,1.6
https://mahamprint.com/index.php?productID=3027,0,8,15.375,404,,0,1.62
https://mahamprint.com/category/104/%D8%B1%D9%86%DA%AF%DB%8C,0,8,2.125,404,,0,1.99
https://mahamprint.com/index.php?productID=582,0,8,8.125,404,,0,1.37
https://mahamprint.com/index.php?productID=79,0,8,14.25,404,,0,1.36
https://mahamprint.com/product/1087/%D9%85%DA%AF%D9%86%D8%AA-%D9%85%D8%AF%D9%84-hp-1215,0,8,10.125,404,,0,1.25
https://mahamprint.com/product/1289/%D9%88%DB%8C%D8%AF%D8%A6%D9%88-%D9%BE%D8%B1%D9%88%DA%98%DA%A9%D8%AA%D9%88%D8%B1-OPTOMA-X343E,0,8,8.5,404,,0,0.92
https://mahamprint.com/product/1332/%D9%85%D8%A7%D9%86%DB%8C%D8%AA%D9%88%D8%B1-XVISION-XL2020AI-19-5-Inch,0,8,10.5,404,,0,0.82
https://mahamprint.com/product/1388/%D8%AA%D9%88%D9%86%D8%B1-EPSON-73N-Magenta,0,8,6.5,404,,0,0.8
https://mahamprint.com/product/1337/%D9%85%D8%A7%D9%86%DB%8C%D8%AA%D9%88%D8%B1-%D8%A7%D9%84-%D8%AC%DB%8C-%D9%85%D8%AF%D9%84-%DB%B2%DB%B0MK400AB-%D8%B3%D8%A7%DB%8C%D8%B2-%DB%B1%DB%B9%DB%B5-%D8%A7%DB%8C%D9%86%DA%86,0,8,67.375,404,,0,0.87
https://mahamprint.com/product/1437/%D8%AA%D9%88%D9%86%D8%B1-Epson-320-CMYK,0,8,6.25,404,,0,0.86
https://mahamprint.com/product/1441/%D8%AA%D9%88%D9%86%D8%B1-Epson-68-CMY,0,8,3.125,404,,0,0.83
https://mahamprint.com/product/1457/%DA%A9%D8%A7%D8%B1%D8%AA%D8%B1%DB%8C%D8%AC-HP-932-Black,0,8,13.5,404,,0,0.84
https://mahamprint.com/product/1529/%D8%AA%D9%88%D9%86%D8%B1-RICOH-842128,0,8,6.375,404,,0,0.77
https://mahamprint.com/product/1909/%D9%84%DB%8C%D8%A8%D9%84-%D8%A8%D8%B1%DA%86%D8%B3%D8%A8-%D9%85%D8%AA%D8%A7%D9%84-%D8%AF%D9%88-%D8%B1%D8%AF%DB%8C%D9%81%D9%87-Metal-Label-25%C3%9750,0,8,20,404,,0,0.72
https://mahamprint.com/product/1839/%D9%84%DB%8C%D8%A8%D9%84-%D8%AC%D9%88%D8%A7%D9%87%D8%B1-%D8%AF%D9%85-%D8%B4%DB%8C%D8%B4%D9%87-%D8%A7%DB%8C,0,8,6.125,404,,0,0.91
https://mahamprint.com/product/168/%D9%BE%D8%B1%DB%8C%D9%86%D8%AA%D8%B1-%D9%84%DB%8C%D8%B2%D8%B1%DB%8C-%D8%AA%DA%A9-%DA%A9%D8%A7%D8%B1%D9%87-HP-M604DN,0,8,6.75,404,,0,1.06
https://mahamprint.com/product/1580/%DA%A9%D8%A7%D8%B1%D8%AA%D8%B1%DB%8C%D8%AC-%D8%AA%D9%88%D9%86%D8%B1-HP-305A,0,8,10.375,404,,0,1.17
https://mahamprint.com/product/1947/%D9%86%D9%88%D8%A7%D8%B1-%D9%84%DB%8C%D8%A8%D9%84-%D9%BE%D8%B1%DB%8C%D9%86%D8%AA%D8%B1-brother-TZE-535-%D8%BA%DB%8C%D8%B1-%D8%A7%D9%88%D8%B1%D8%AC%DB%8C%D9%86%D8%A7%D9%84,0,8,6.25,404,,0,0.84
https://mahamprint.com/product/195/%D9%BE%D8%B1%DB%8C%D9%86%D8%AA%D8%B1-HP-M277N,0,8,24,404,,0,1.14
https://mahamprint.com/product/1951/%D9%86%D9%88%D8%A7%D8%B1-%D9%84%DB%8C%D8%A8%D9%84-%D9%BE%D8%B1%DB%8C%D9%86%D8%AA%D8%B1-brother-TZE-334-%D8%BA%DB%8C%D8%B1-%D8%A7%D9%88%D8%B1%D8%AC%DB%8C%D9%86%D8%A7%D9%84,0,8,7.375,404,,0,1.11
https://mahamprint.com/product/2013/%D8%A8%D8%A7%D8%AA%D8%B1%DB%8C-%D8%B3%DA%A9%D9%87-%D8%A7%DB%8C-maxell-CR2025,0,8,7.5,404,,0,1.04
https://mahamprint.com/product/2176/%D9%BE%D9%86%D9%84-%D9%BE%D8%B1%DB%8C%D9%86%D8%AA%D8%B1-Compuprint-SP40,0,8,11.5,404,,0,1.02
https://mahamprint.com/product/2118/%D8%AF%D8%B1%D8%A7%D9%85-%D9%85%D8%AF%D9%84-Toshiba-2006-Drum,0,8,7.625,404,,0,1.11
https://mahamprint.com/product/221/%D9%BE%D8%B1%DB%8C%D9%86%D8%AA%D8%B1-HP-GT-5810,0,8,6.625,404,,0,1.06
https://mahamprint.com/product/2315/%D8%B1%D9%88%D9%84-%D9%BE%D8%B1%D8%B3-sharp-AR-5631,0,8,6.375,404,,0,3.62
https://mahamprint.com/product/2360/%DA%86%D8%B1%D8%AE-%D8%AF%D9%86%D8%AF%D9%87-41T-%DB%8C%D9%88%D9%86%DB%8C%D8%AA-%D8%AF%D8%B1%D8%A7%DB%8C%D9%88%D8%B1-%D8%A7%D8%B5%D9%84%DB%8C-%D8%B4%D8%A7%D8%B1%D9%BE-AR-160,0,8,7.5,404,,0,3.38
https://mahamprint.com/product/2895/%D9%BE%D8%B1%DB%8C%D9%86%D8%AA%D8%B1-%D9%84%DB%8C%D8%B2%D8%B1%DB%8C-%D8%A7%D8%B3%D8%AA%D9%88%DA%A9-hp-402dn,0,8,8,404,,0,3.15
https://mahamprint.com/product/2729/%DA%A9%D8%A7%D8%B1%D8%AA-%DA%AF%D8%B1%D8%A7%D9%81%DB%8C%DA%A9-MSI-RTX-3060-VENTUS-3X-OC-12G,0,8,10.125,404,,0,3.22
https://mahamprint.com/product/2514/%D9%BE%D8%B1%DB%8C%D9%86%D8%AA%D8%B1-%D9%84%DB%8C%D8%B2%D8%B1%DB%8C-%D8%B3%D9%87-%DA%A9%D8%A7%D8%B1%D9%87-%D8%A8%D8%B1%D9%86%D8%AF-HP-MFP-M130NW,0,8,6.25,404,,0,3.79
https://mahamprint.com/product/2424/%D9%BE%DB%8C%DA%A9%D8%A7%D9%BE-%D8%AF%D8%B3%D8%AA%DB%8C-%D8%AA%D9%88%D8%B4%DB%8C%D8%A8%D8%A7-E-S166,0,8,7.5,404,,0,3.9
https://mahamprint.com/product/2956/%D9%88%DB%8C%D8%AF%D8%A6%D9%88%20%D9%BE%D8%B1%D9%88%DA%98%DA%A9%D8%AA%D9%88%D8%B1%20-%C2%A0XIAOMI-%20%D9%85%D8%AF%D9%84%20-WANBO%20T6R%20MAX,0,8,36.25,404,,0,1.02
https://mahamprint.com/product/3038/%D8%A8%D8%A7%D8%B1%DA%A9%D8%AF%D8%AE%D9%88%D8%A7%D9%86-%20%D8%A8%D8%A7%20-%D8%B3%DB%8C%D9%85-%20%D8%AF%D9%88%D8%A8%D8%B9%D8%AF%DB%8C%20-sky-s311,0,8,6.375,404,,0,1.11
https://mahamprint.com/product/3073/%D9%84%DB%8C%D8%A8%D9%84-%D9%BE%D8%B1%DB%8C%D9%86%D8%AA%D8%B1-%D8%A8%D8%B1%D9%86%D8%AF-GAINSCHA-%D9%85%D8%AF%D9%84-GS-2408D,0,8,7.625,404,,0,1.18
https://mahamprint.com/product/3142/%D9%81%DB%8C%D8%B4-%20%D9%BE%D8%B1%DB%8C%D9%86%D8%AA%D8%B1%20-Mitsushida%20-%D9%85%D8%AF%D9%84%20-KC-80K,0,8,7.125,404,,0,1.33
https://mahamprint.com/product/355/%D9%BE%D8%B1%DB%8C%D9%86%D8%AA%D8%B1%D9%84%DB%8C%D8%B2%D8%B1%DB%8C-%D8%B3%D9%87-%DA%A9%D8%A7%D8%B1%D9%87-%D8%A8%D8%B1%D9%86%D8%AFcanon-%D9%85%D8%AF%D9%84-i-SENSYS-MF428x,0,8,10.75,404,,0,0.85
https://mahamprint.com/product/501/%D8%A7%D8%B3%DA%A9%D9%86%D8%B1-EPSON-DS-530,0,8,7.125,404,,0,0.85
https://mahamprint.com/product/560/%D9%84%DB%8C%D8%A8%D9%84-%D9%BE%D8%B1%DB%8C%D9%86%D8%AA%D8%B1-%D8%AD%D8%B1%D8%A7%D8%B1%D8%AA%DB%8C-WINCODE-C343C,0,8,7.625,404,,0,0.71
https://mahamprint.com/product/638/%D8%AF%D8%B3%D8%AA%DA%AF%D8%A7%D9%87-%D8%AD%D8%B6%D9%88%D8%B1-%D9%88-%D8%BA%DB%8C%D8%A7%D8%A8-ZKTeco-%D9%85%D8%AF%D9%84-silk-FP-100TA,0,8,26.5,404,,0,0.77
https://mahamprint.com/product/625/%D8%AF%D8%B3%D8%AA%DA%AF%D8%A7%D9%87-%D8%AD%D8%B6%D9%88%D8%B1-%D9%88-%D8%BA%DB%8C%D8%A7%D8%A8-%D9%85%D8%AF%D9%84-ZKTeco-%D9%85%D8%AF%D9%84-EB-141,0,8,23.375,404,,0,0.96
https://mahamprint.com/product/81/%D9%BE%D8%B1%DB%8C%D9%86%D8%AA%D8%B1-%DA%86%D9%87%D8%A7%D8%B1-%DA%A9%D8%A7%D8%B1%D9%87-%D9%84%DB%8C%D8%B2%D8%B1%DB%8C-%D9%85%D8%AF%D9%84-HP-M127FS,0,8,8.125,404,,0,0.77
https://mahamprint.com/product/897/%D8%A7%D8%B3%DA%A9%D9%86%D8%A7%D8%B3-%D8%B4%D9%85%D8%A7%D8%B1-AX-2400,0,8,7.25,404,,0,0.86
https://mahamprint.com/product/950/%D9%85%D8%A7%D8%B4%DB%8C%D9%86-%D8%AD%D8%B3%D8%A7%D8%A8-Sharp-El-782C,0,8,6.5,404,,0,0.95
https://mahamprint.com/product/960/%D9%85%D8%A7%D8%B4%DB%8C%D9%86-%D8%AD%D8%B3%D8%A7%D8%A8-Sharp-EL-2607P,0,8,6.625,404,,0,1.04
https://mahamprint.com/product/978/%D9%85%D8%A7%D8%B4%DB%8C%D9%86-%D8%AD%D8%B3%D8%A7%D8%A8-CASIO-LC-160LWE,0,8,8.5,404,,0,1.09
https://mahamprint.com/products/-------150-100,0,8,10.125,200,https://mahamprint.com/products/-------150-100,0,1.11
https://mahamprint.com/products/------brother--l5710dw,0,8,5.75,200,https://mahamprint.com/products/------brother--l5710dw,0,1.11
https://mahamprint.com/products/-----75-40,0,8,8.25,200,https://mahamprint.com/products/-----75-40,0,1.25
https://mahamprint.com/products/-----hpadf1536,0,8,8.75,200,https://mahamprint.com/products/-----hpadf1536,0,1.27
https://mahamprint.com/products/----1000---magicard-ribbon-red,0,8,19.875,200,https://mahamprint.com/products/----1000---magicard-ribbon-red,0,1.4
https://mahamprint.com/products/----bixolonsrp-b300,0,8,9.375,200,https://mahamprint.com/products/----bixolonsrp-b300,0,1.51
https://mahamprint.com/products/----brother-6180dw,0,8,7,200,https://mahamprint.com/products/----brother-6180dw,0,1.62
https://mahamprint.com/products/----canon--mf429dw,0,8,5,200,https://mahamprint.com/products/----canon--mf429dw,0,1.61
https://mahamprint.com/products/----canon-lbp162dw,0,8,8.75,200,https://mahamprint.com/products/----canon-lbp162dw,0,1.71
https://mahamprint.com/products/----hp-pro-mfp-m28w,0,8,8.25,200,https://mahamprint.com/products/----hp-pro-mfp-m28w,0,1.87
https://mahamprint.com/products/----lexmark-ms317dn,0,8,4.5,200,https://mahamprint.com/products/----lexmark-ms317dn,0,1.98
https://mahamprint.com/products/----nikita--9108,0,8,10.125,200,https://mahamprint.com/products/----nikita--9108,0,1.98
https://mahamprint.com/products/---brother-tze-251--,0,8,6,200,https://mahamprint.com/products/---brother-tze-251--,0,2.16
https://mahamprint.com/products/---fx-4500p,0,8,6.5,200,https://mahamprint.com/products/---fx-4500p,0,2.16
https://mahamprint.com/products/---msi--rtx-3050-gaming-x-8g,0,8,8.625,200,https://mahamprint.com/products/---msi--rtx-3050-gaming-x-8g,0,1.93
https://mahamprint.com/products/---sharp-5516,0,8,7.5,200,https://mahamprint.com/products/---sharp-5516,0,2.07
https://mahamprint.com/products/--250---smart-31-ymcko-ribbon-,0,8,7.625,200,https://mahamprint.com/products/--250---smart-31-ymcko-ribbon-,0,1.78
https://mahamprint.com/products/--asus-r565-i5-1135-12g-512ssd,0,8,12.125,200,https://mahamprint.com/products/--asus-r565-i5-1135-12g-512ssd,0,1.74
https://mahamprint.com/products/--citizen-sr-270-xpu,0,8,4.875,200,https://mahamprint.com/products/--citizen-sr-270-xpu,0,1.72
https://mahamprint.com/products/--hp-607dn,0,8,8.75,200,https://mahamprint.com/products/--hp-607dn,0,1.78
https://mahamprint.com/products/--msi-geforce-rtx-3070-gaming-x-trio,0,8,7.625,200,https://mahamprint.com/products/--msi-geforce-rtx-3070-gaming-x-trio,0,1.93
https://mahamprint.com/products/--panasonic-pt-vw360,0,8,7.625,200,https://mahamprint.com/products/--panasonic-pt-vw360,0,1.76
https://mahamprint.com/products/--pvc---34-15,0,8,9.25,200,https://mahamprint.com/products/--pvc---34-15,0,1.75
https://mahamprint.com/products/--samsung-d111l,0,8,6,200,https://mahamprint.com/products/--samsung-d111l,0,1.73
https://mahamprint.com/products/--sharp-ar-5631,0,8,8,200,https://mahamprint.com/products/--sharp-ar-5631,0,1.67
https://mahamprint.com/products/--sony-playstation-2,0,8,5.75,200,https://mahamprint.com/products/--sony-playstation-2,0,1.62
https://mahamprint.com/products/--texas-ti-89-titanium,0,8,8.375,200,https://mahamprint.com/products/--texas-ti-89-titanium,0,1.71
https://mahamprint.com/products/-canon-pfi-102-cmyk,0,8,5.25,200,https://mahamprint.com/products/-canon-pfi-102-cmyk,0,1.52
https://mahamprint.com/products/-hp-30a,0,8,9,200,https://mahamprint.com/products/-hp-30a,0,1.72
https://mahamprint.com/products/-kodak-s2080w,0,8,8.75,200,https://mahamprint.com/products/-kodak-s2080w,0,1.76
https://mahamprint.com/products/-tyvek--3-,0,8,6.625,200,https://mahamprint.com/products/-tyvek--3-,0,1.64
https://mahamprint.com/products/hard-hdd-4tb-iron-wolf-256mb,0,8,8,200,https://mahamprint.com/products/hard-hdd-4tb-iron-wolf-256mb,0,2.04
https://mahamprint.com/tag/2407/%D8%B1%D9%88%D9%84-%D9%BE%D8%B1%D8%B3-%D8%A7%DA%86-%D9%BE%DB%8C,0,8,47.625,404,,0,1.68
https://mahamprint.com/tag/2875/%D8%A7%D8%B3%DA%A9%D9%86%D8%A7%D8%B3-%D8%B4%D9%85%D8%A7%D8%B1-hsoon,0,8,8.375,404,,0,1.74
https://mahamprint.com/tag/3281/%D9%BE%D9%84%D8%A7%D8%AA%D8%B1-%D8%A7%D9%BE%D8%B3%D9%88%D9%86,0,8,44.625,404,,0,1.48
https://mahamprint.com/tag/714/%D8%A7%D8%B3%DA%A9%D9%86%D8%B1-%D8%A8%D8%A7-%D8%B3%D8%B1%D8%B9%D8%AA-%D8%A8%D8%A7%D9%84%D8%A7,0,8,64.875,404,,0,1.09
https://mahamprint.com/tag/3282/%D9%BE%D9%84%D8%A7%D8%AA%D8%B1-EPSON,0,8,52.875,404,,0,1.36
https://mahamprint.com/product/1151/%D8%AC%D9%88%D9%87%D8%B1-HP-31-CMY,3,7,3.7142857142857144,404,,0,0.88
https://mahamprint.com/products/---wacom-dtu-1141b,3,7,2.857142857142857,200,https://mahamprint.com/products/---wacom-dtu-1141b,0,0.86
https://mahamprint.com/products/---epson-7610,3,7,4.285714285714286,200,https://mahamprint.com/products/---epson-7610,0,1.03
https://mahamprint.com/product/1165/%DA%A9%D8%A7%D8%BA%D8%B0-%D8%B9%DA%A9%D8%B3-%DA%AF%D9%84%D8%A7%D8%B3%D9%87-MIRAUS,2,7,5.571428571428571,404,,0,1.08
https://mahamprint.com/product/3026/%D8%A7%D8%B3%DA%A9%D9%86%D8%B1-%D8%B1%D9%88%D9%85%DB%8C%D8%B2%DB%8C-%D8%A8%D8%B1%D9%86%D8%AF-kodak-%D9%85%D8%AF%D9%84-S3060F,2,7,9.428571428571429,404,,0,1.07
https://mahamprint.com/product/740/%DA%A9%D8%A7%D8%BA%D8%B0-%D8%AE%D8%B1%D8%AF%DA%A9%D9%86-Nikita-SD-9330,2,7,6.857142857142857,404,,0,1.16
https://mahamprint.com/products/-mustek-h610,2,7,4.428571428571429,200,https://mahamprint.com/products/-mustek-h610,0,1.18
https://mahamprint.com/products/all-in-one--lenovo-m73z-core-i5-4,2,7,4.857142857142858,200,https://mahamprint.com/products/all-in-one--lenovo-m73z-core-i5-4,0,1.22
https://mahamprint.com/brand/52/scope,1,7,6,404,,0,1.4
https://mahamprint.com/product/1126/%D8%AC%D9%88%D9%87%D8%B1-%DB%B4-%D8%B1%D9%86%DA%AF-HP-1Lit,1,7,12,404,,0,1.2
https://mahamprint.com/product/1237/%D9%85%DB%8C%D9%86%DB%8C-%D9%88%DB%8C%D8%AF%D8%A6%D9%88-%D9%BE%D8%B1%D9%88%DA%98%DA%A9%D8%AA%D9%88%D8%B1-%D9%82%D8%A7%D8%A8%D9%84-%D8%AD%D9%85%D9%84-T16,1,7,7.142857142857143,404,,0,1.12
https://mahamprint.com/product/1383/%D8%AA%D9%88%D9%86%D8%B1-EPSON-T800-CMYK,1,7,6.142857142857143,404,,0,1.14
https://mahamprint.com/product/1409/%D8%AA%D9%88%D9%86%D8%B1-EPSON-27-CYAN,1,7,6.714285714285714,404,,0,1.09
https://mahamprint.com/product/1483/%D8%AA%D9%88%D9%86%D8%B1-%DA%A9%D8%A7%D8%B1%D8%AA%D8%B1%DB%8C%D8%AC-HP-29X,1,7,8.142857142857142,404,,0,1.11
https://mahamprint.com/product/200/%D9%BE%D8%B1%DB%8C%D9%86%D8%AA%D8%B1-%D9%84%DB%8C%D8%B2%D8%B1%DB%8C-%DA%86%D9%87%D8%A7%D8%B1%DA%A9%D8%A7%D8%B1%D9%87-%D8%A8%D8%B1%D9%86%D8%AF-HP-%D9%85%D8%AF%D9%84-M680F,1,7,8.285714285714285,404,,0,1.01
https://mahamprint.com/product/2197/%D9%84%D9%88%D9%84%D8%A7%DB%8C-%D9%81%DB%8C%D8%AF%D8%B1-HP-pro-mfp-m127fw,1,7,6.571428571428571,404,,0,0.87
https://mahamprint.com/product/244/%D9%BE%D8%B1%DB%8C%D9%86%D8%AA%D8%B1-%DA%86%D9%86%D8%AF%DA%A9%D8%A7%D8%B1%D9%87-%D9%84%DB%8C%D8%B2%D8%B1%DB%8C-Canon-MF631CN,1,7,12.571428571428571,404,,0,0.82
https://mahamprint.com/product/2728/%DA%A9%D8%A7%D8%B1%D8%AA-%DA%AF%D8%B1%D8%A7%D9%81%DB%8C%DA%A9-MSI-RTX-3060-VENTUS-2X-OC-12G,1,7,12,404,,0,0.86
https://mahamprint.com/product/2958/%D9%BE%D8%B1%DB%8C%D9%86%D8%AA%D8%B1-%D9%84%DB%8C%D8%B2%D8%B1%DB%8C-%D8%AA%DA%A9-%DA%A9%D8%A7%D8%B1%D9%87-%D8%A8%D8%B1%D9%86%D8%AF-HP-%D9%85%D8%AF%D9%84-4003dn,1,7,83.71428571428571,404,,0,0.77
https://mahamprint.com/products/----m1536dnf,1,7,7.142857142857143,200,https://mahamprint.com/products/----m1536dnf,0,0.71
https://mahamprint.com/products/---berother-tze-233--,1,7,4.714285714285714,200,https://mahamprint.com/products/---berother-tze-233--,0,0.91
https://mahamprint.com/products/---brother-tze-334--,1,7,6,200,https://mahamprint.com/products/---brother-tze-334--,0,0.96
https://mahamprint.com/products/---datalogic-lite-qw2100,1,7,25.857142857142858,200,https://mahamprint.com/products/---datalogic-lite-qw2100,0,1.18
https://mahamprint.com/products/---fellowes-53c,1,7,6,200,https://mahamprint.com/products/---fellowes-53c,0,1.34
https://mahamprint.com/products/---epson-plq-30,1,7,4.857142857142858,200,https://mahamprint.com/products/---epson-plq-30,0,1.43
https://mahamprint.com/products/--aiptek-p70,1,7,10.142857142857142,200,https://mahamprint.com/products/--aiptek-p70,0,1.74
https://mahamprint.com/products/--axiom--pdt8223,1,7,8.142857142857142,200,https://mahamprint.com/products/--axiom--pdt8223,0,1.79
https://mahamprint.com/products/--canon-zink-photo-paper-pack,1,7,7,200,https://mahamprint.com/products/--canon-zink-photo-paper-pack,0,1.77
https://mahamprint.com/products/--casio-dm-1200ms,1,7,8.142857142857142,200,https://mahamprint.com/products/--casio-dm-1200ms,0,1.82
https://mahamprint.com/products/--citizen-ct-333-ii,1,7,3.4285714285714284,200,https://mahamprint.com/products/--citizen-ct-333-ii,0,1.75
https://mahamprint.com/products/--epson-l382,1,7,10.428571428571429,200,https://mahamprint.com/products/--epson-l382,0,1.76
https://mahamprint.com/products/--epson-p50,1,7,7.142857142857143,200,https://mahamprint.com/products/--epson-p50,0,1.66
https://mahamprint.com/products/--hp-205a,1,7,8.428571428571429,200,https://mahamprint.com/products/--hp-205a,0,1.6
https://mahamprint.com/products/--remo--3300,1,7,5,200,https://mahamprint.com/products/--remo--3300,0,1.74
https://mahamprint.com/products/--romans--ls-1245w,1,7,5.285714285714286,200,https://mahamprint.com/products/--romans--ls-1245w,0,1.58
https://mahamprint.com/products/-hp-81a,1,7,7.428571428571429,200,https://mahamprint.com/products/-hp-81a,0,1.71
https://mahamprint.com/tag/55/%D8%AA%D9%84%D9%81%D9%86-%D9%87%D9%85%D8%B1%D8%A7%D9%87,1,7,5.857142857142857,404,,0,1.82
https://mahamprint.com/brand/45/TSCO,0,7,11,404,,0,1.55
https://mahamprint.com/brand/50/fellowes,0,7,8.714285714285715,404,,0,1.42
https://mahamprint.com/category/74/Single%20job,0,7,10.428571428571429,404,,0,1.21
https://mahamprint.com/categories/-5,0,7,1,200,https://mahamprint.com/categories/-5,0,1.43
https://mahamprint.com/category/85/side-part,0,7,10.428571428571429,404,,0,1.23
https://mahamprint.com/index.php?productID=3105,0,7,5.142857142857143,404,,0,1.14
https://mahamprint.com/index.php?productID=545,0,7,7.142857142857143,404,,0,0.99
https://mahamprint.com/mag/%DA%A9%DB%8C%D9%81%DB%8C%D8%AA-%DA%86%D8%A7%D9%BE-%D9%BE%D8%B1%DB%8C%D9%86%D8%AA%D8%B1,0,7,6,404,,0,1.0
https://mahamprint.com/mag/guide-to-buying-accessories-for-game-consoles,0,7,6.428571428571429,200,https://mahamprint.com/mag/guide-to-buying-accessories-for-game-consoles,0,0.84
https://mahamprint.com/product/1216/%D9%BE%D8%B1%D8%AF%D9%87-%D9%86%D9%85%D8%A7%DB%8C%D8%B4-%D9%BE%D8%A7%DB%8C%D9%87-%D8%AF%D8%A7%D8%B1-%D9%BE%D8%B1%D9%88%DA%98%DA%A9%D8%AA%D9%88%D8%B1-SCOPE-150x150-CM,0,7,16.285714285714285,404,,0,1.15
https://mahamprint.com/product/1224/%D9%BE%D8%B1%D8%AF%D9%87-%D9%86%D9%85%D8%A7%DB%8C%D8%B4-%D8%A8%D8%B1%D9%82%DB%8C-300-400-cm-escape,0,7,5.428571428571429,404,,0,0.98
https://mahamprint.com/product/1363/%D8%AA%D9%88%D9%86%D8%B1-CANON-550-Black,0,7,9.428571428571429,404,,0,0.92
https://mahamprint.com/product/1225/%D9%BE%D8%B1%D8%AF%D9%87-%D9%86%D9%85%D8%A7%DB%8C%D8%B4-%D8%AF%D8%B3%D8%AA%DB%8C-scope-250-250-cm,0,7,7.571428571428571,404,,0,1.04
https://mahamprint.com/product/1416/%D8%AA%D9%88%D9%86%D8%B1-Epson-288-Magneta,0,7,31.857142857142858,404,,0,1.02
https://mahamprint.com/product/1421/%D8%AA%D9%88%D9%86%D8%B1-EPSON-T324-CMYK,0,7,8.428571428571429,404,,0,0.96
https://mahamprint.com/product/1422/%D8%AA%D9%88%D9%86%D8%B1-EPSON-T850-CMYK,0,7,4.428571428571429,404,,0,0.76
https://mahamprint.com/product/1462/%D8%AA%D9%88%D9%86%D8%B1-%DA%A9%D8%A7%D8%B1%D8%AA%D8%B1%DB%8C%D8%AC-HP-43X,0,7,12.714285714285714,404,,0,0.71
https://mahamprint.com/product/1488/%DA%A9%D8%A7%D8%B1%D8%AA%D8%B1%DB%8C%D8%AC-HP-12A,0,7,3.4285714285714284,404,,0,0.9
https://mahamprint.com/product/1930/%D9%86%D9%88%D8%A7%D8%B1-%DB%8C%D8%AF%DA%A9-%D9%84%DB%8C%D8%A8%D9%84-%D8%B2%D9%86-%D8%AF%D8%B3%D8%AA%DB%8C-%D9%85%D8%AF%D9%84-DYMO-%D8%B1%D9%86%DA%AF-%D9%82%D9%87%D9%88%D9%87-%D8%A7%DB%8C-%D8%B7%D8%B1%D8%AD-%DA%86%D9%88%D8%A8,0,7,7.857142857142857,404,,0,0.87
https://mahamprint.com/product/1934/%D9%86%D9%88%D8%A7%D8%B1-%DB%8C%D8%AF%DA%A9-%D9%84%DB%8C%D8%A8%D9%84-%D8%B2%D9%86-%D8%AF%D8%B3%D8%AA%DB%8C-%D8%A8%D8%B1%D9%86%D8%AF-dymo-%D8%B1%D9%86%DA%AF-%D8%A2%D8%A8%DB%8C,0,7,7.571428571428571,404,,0,0.89
https://mahamprint.com/product/1964/%D9%86%D9%88%D8%A7%D8%B1-%D9%84%DB%8C%D8%A8%D9%84-%D9%BE%D8%B1%DB%8C%D9%86%D8%AA%D8%B1-%D9%85%D8%AF%D9%84-%D8%A8%D8%B1%D8%A7%D8%AF%D8%B1-TZE-425,0,7,11.285714285714286,404,,0,0.88
https://mahamprint.com/product/197/%D9%BE%D8%B1%DB%8C%D9%86%D8%AA%D8%B1-%DA%86%D9%87%D8%A7%D8%B1%DA%A9%D8%A7%D8%B1%D9%87-%D9%84%DB%8C%D8%B2%D8%B1%DB%8C-%D8%A8%D8%B1%D9%86%D8%AF-HP-M477FNW,0,7,84.28571428571429,404,,0,0.86
https://mahamprint.com/product/1981/%D9%86%D9%88%D8%A7%D8%B1-%D9%84%DB%8C%D8%A8%D9%84-%D9%BE%D8%B1%DB%8C%D9%86%D8%AA%D8%B1-%D8%A8%D8%B1%D8%A7%D8%AF%D8%B1-TZE-121-%D8%BA%DB%8C%D8%B1-%D8%A7%D9%88%D8%B1%D8%AC%DB%8C%D9%86%D8%A7%D9%84,0,7,6.428571428571429,404,,0,0.85
https://mahamprint.com/product/1997/%D8%A8%D8%A7%D8%AA%D8%B1%DB%8C-%D9%82%D9%84%D9%85%DB%8C-%D8%A2%D9%84%DA%A9%D8%A7%D9%84%D8%A7%DB%8C%D9%86-Kodak-%D9%85%D8%AF%D9%84-Max-Super,0,7,35.714285714285715,404,,0,0.79
https://mahamprint.com/product/231/%D9%BE%D8%B1%DB%8C%D9%86%D8%AA%D8%B1-%D9%84%DB%8C%D8%B2%D8%B1%DB%8C-%D8%AA%DA%A9-%DA%A9%D8%A7%D8%B1%D9%87-CANON-LBP212DW,0,7,7.428571428571429,404,,0,0.79
https://mahamprint.com/product/2567/%D9%87%D9%84%DB%8C-%D8%B4%D8%A7%D8%AA-%D9%85%D8%AF%D9%84-DJI-AVATA,0,7,37.714285714285715,404,,0,0.73
https://mahamprint.com/product/2483/%D8%A8%D8%A7%D8%B1%DA%A9%D8%AF-%D8%A7%D8%B3%DA%A9%D9%86%D8%B1-Honeywell-Voyager-1450g-2D,0,7,22.285714285714285,404,,0,0.87
https://mahamprint.com/product/2586/%DA%AF%D9%88%D8%B4%DB%8C-%D9%85%D9%88%D8%A8%D8%A7%DB%8C%D9%84-%D8%A7%D9%BE%D9%84-iphone-12-pro,0,7,10.285714285714286,404,,0,0.77
https://mahamprint.com/product/2640/%D9%84%D9%BE-%D8%AA%D8%A7%D9%BE-ASUS-R565-I5-1135-12G-512SSD,0,7,25.142857142857142,404,,0,0.9
https://mahamprint.com/product/2646/%D8%A8%D8%A7%D8%B1%DA%A9%D8%AF%D8%AE%D9%88%D8%A7%D9%86-%D8%AF%D9%88-%D8%A8%D8%B9%D8%AF%DB%8C-%D8%A8%D8%A7-%D8%B3%DB%8C%D9%85-Datalogic-QW2520,0,7,7.571428571428571,404,,0,0.78
https://mahamprint.com/product/286/%D9%BE%D8%B1%DB%8C%D9%86%D8%AA%D8%B1-%D9%84%DB%8C%D8%B2%D8%B1%DB%8C-%DA%86%D9%86%D8%AF%DA%A9%D8%A7%D8%B1%D9%87-BROTHER-MFC-L9330CDW,0,7,7.571428571428571,404,,0,0.77
https://mahamprint.com/product/3018/%D9%88%DB%8C%D8%AF%D8%A6%D9%88%20-%D9%BE%D8%B1%D9%88%DA%98%DA%A9%D8%AA%D9%88%D8%B1-%20Panasonic-%20LMX460,0,7,12.571428571428571,404,,0,0.85
https://mahamprint.com/product/3058/%D9%BE%D8%B1%DB%8C%D9%86%D8%AA%D8%B1-%20%D8%B3%D9%87%20-%DA%A9%D8%A7%D8%B1%D9%87%20-%D8%AC%D9%88%D9%87%D8%B1%D8%A7%D9%81%D8%B4%D8%A7%D9%86-%20EPSON-%20L3215,0,7,4,404,,0,0.84
https://mahamprint.com/product/321/%D9%BE%D8%B1%DB%8C%D9%86%D8%AA%D8%B1-%DA%86%D9%86%D8%AF-%DA%A9%D8%A7%D8%B1%D9%87-%D9%84%DB%8C%D8%B2%D8%B1%DB%8C-%D8%A8%D8%B1%D9%86%D8%AF-HP-M428DW,0,7,7.428571428571429,404,,0,0.79
https://mahamprint.com/product/384/%D8%A7%D8%B3%DA%A9%D9%86%D8%B1-PLUSTEK-3800L,0,7,8.428571428571429,404,,0,0.77
https://mahamprint.com/product/573/%D9%81%DB%8C%D8%B4-%D9%BE%D8%B1%DB%8C%D9%86%D8%AA%D8%B1-Bixolon-SRP-350III,0,7,10.714285714285714,404,,0,0.82
https://mahamprint.com/product/56/%D9%BE%D8%B1%DB%8C%D9%86%D8%AA%D8%B1-%D8%AA%DA%A9-%DA%A9%D8%A7%D8%B1%D9%87-%D9%85%D8%AF%D9%84-HP-M12a,0,7,27.714285714285715,404,,0,0.91
https://mahamprint.com/product/580/%D9%84%DB%8C%D8%A8%D9%84-%D9%BE%D8%B1%DB%8C%D9%86%D8%AA%D8%B1-Wincode-%D9%85%D8%AF%D9%84-C342C,0,7,12.857142857142858,404,,0,0.85
https://mahamprint.com/product/668/%DA%A9%D8%A7%D8%BA%D8%B0-%D8%AE%D8%B1%D8%AF%DA%A9%D9%86-Kobra-310-TS-CC4,0,7,7,404,,0,0.8
https://mahamprint.com/product/677/%DA%A9%D8%A7%D8%BA%D8%B0-%D8%AE%D8%B1%D8%AF%DA%A9%D9%86-Remo-C-2100,0,7,7.142857142857143,404,,0,0.83
https://mahamprint.com/product/85/%D9%BE%D8%B1%DB%8C%D9%86%D8%AA%D8%B1-%DA%86%D9%86%D8%AF%DA%A9%D8%A7%D8%B1%D9%87-%D9%85%D8%AF%D9%84-HP-MFP-M227FDN,0,7,10,404,,0,0.85
https://mahamprint.com/product/998/%D9%85%D8%A7%D8%B4%DB%8C%D9%86-%D8%AD%D8%B3%D8%A7%D8%A8-SHARP-CS-2130,0,7,24.428571428571427,404,,0,0.94
https://mahamprint.com/products/-------canon---fax-l150,0,7,7.857142857142857,200,https://mahamprint.com/products/-------canon---fax-l150,0,1.09
https://mahamprint.com/products/------st-150,0,7,5.285714285714286,200,https://mahamprint.com/products/------st-150,0,0.95
https://mahamprint.com/products/------futronic--fs88hs,0,7,19.285714285714285,200,https://mahamprint.com/products/------futronic--fs88hs,0,1.0
https://mahamprint.com/products/-----hp-m26a,0,7,7.571428571428571,200,https://mahamprint.com/products/-----hp-m26a,0,0.94
https://mahamprint.com/products/-----sharp--ar-5316-,0,7,8.428571428571429,200,https://mahamprint.com/products/-----sharp--ar-5316-,0,1.36
https://mahamprint.com/products/---canon--2425,0,7,20.142857142857142,200,https://mahamprint.com/products/---canon--2425,0,1.48
https://mahamprint.com/products/---1610,0,7,6,200,https://mahamprint.com/products/---1610,0,1.75
https://mahamprint.com/products/---hp--mfp-m236dw,0,7,5.285714285714286,200,https://mahamprint.com/products/---hp--mfp-m236dw,0,1.43
https://mahamprint.com/products/---zebra-zt420,0,7,6.857142857142857,200,https://mahamprint.com/products/---zebra-zt420,0,1.42
https://mahamprint.com/products/---wash-care-permium-40-300,0,7,8.714285714285715,200,https://mahamprint.com/products/---wash-care-permium-40-300,0,1.48
https://mahamprint.com/products/--brother-520-3100-drum,0,7,5.857142857142857,200,https://mahamprint.com/products/--brother-520-3100-drum,0,1.74
https://mahamprint.com/products/--epson--l1300,0,7,7.285714285714286,200,https://mahamprint.com/products/--epson--l1300,0,1.59
https://mahamprint.com/products/--casio-dm-1600b,0,7,6.428571428571429,200,https://mahamprint.com/products/--casio-dm-1600b,0,1.9
https://mahamprint.com/products/--hp-11a,0,7,8.142857142857142,200,https://mahamprint.com/products/--hp-11a,0,1.84
https://mahamprint.com/products/--hp-72-cmyk,0,7,6.714285714285714,200,https://mahamprint.com/products/--hp-72-cmyk,0,1.9
https://mahamprint.com/products/--panasonic-pt-vx610,0,7,7.714285714285714,200,https://mahamprint.com/products/--panasonic-pt-vx610,0,2.1
https://mahamprint.com/products/--sharp-ar-5316,0,7,7.142857142857143,200,https://mahamprint.com/products/--sharp-ar-5316,0,1.64
https://mahamprint.com/products/--sharp-fo-6cr,0,7,6.285714285714286,200,https://mahamprint.com/products/--sharp-fo-6cr,0,1.72
https://mahamprint.com/products/-dell-p2419h-24-inch,0,7,10,200,https://mahamprint.com/products/-dell-p2419h-24-inch,0,1.67
https://mahamprint.com/products/-epson-l805,0,7,8.571428571428571,200,https://mahamprint.com/products/-epson-l805,0,1.66
https://mahamprint.com/products/-hp-11-cmy,0,7,5.571428571428571,200,https://mahamprint.com/products/-hp-11-cmy,0,1.59
https://mahamprint.com/products/-hp-90a,0,7,6.285714285714286,200,https://mahamprint.com/products/-hp-90a,0,1.83
https://mahamprint.com/products/-plustek-pn2040,0,7,8.428571428571429,200,https://mahamprint.com/products/-plustek-pn2040,0,1.81
https://mahamprint.com/products/-sharp--ar-450sd,0,7,7.571428571428571,200,https://mahamprint.com/products/-sharp--ar-450sd,0,1.73
https://mahamprint.com/products/-plustek-ps286plus,0,7,11.857142857142858,200,https://mahamprint.com/products/-plustek-ps286plus,0,1.93
https://mahamprint.com/products/fujitsu-fi-8170,0,7,8.571428571428571,200,https://mahamprint.com/products/fujitsu-fi-8170,0,1.75
https://mahamprint.com/tag/179/aparat.com,0,7,1,404,,0,1.82
https://mahamprint.com/tag/2018/gdfg-vdkjv,0,7,7.142857142857143,404,,0,1.84
https://mahamprint.com/tag/2395/%D8%B1%D9%88%D9%84-%D9%BE%D8%B1%D8%B3-sharp,0,7,45.57142857142857,404,,0,1.43
https://mahamprint.com/tag/3288/%D9%BE%D8%B1%DB%8C%D9%86%D8%AA%D8%B1-%DA%86%D8%A7%D9%BE-%DA%A9%D8%A7%D8%B1%D8%AA,0,7,2.142857142857143,404,,0,1.08
https://mahamprint.com/tag/2403/%DA%A9%D8%A7%D8%BA%D8%B0-%D8%AE%D8%B1%D8%AF%DA%A9%D9%86-%D8%B1%D9%85%D9%88,0,7,10.285714285714286,404,,0,1.24
https://mahamprint.com/tag/616/%D8%A7%D8%B3%DA%A9%D9%86%D8%B1-%D8%A7%D9%BE%D8%B3%D9%88%D9%86,0,7,8.285714285714285,404,,0,1.27
https://mahamprint.com/tag/523/%D8%AA%D8%AC%D9%87%DB%8C%D8%B2%D8%A7%D8%AA-%D8%A7%D8%AF%D8%A7%D8%B1%DB%8C,0,7,8.285714285714285,404,,0,1.4
https://mahamprint.com/tag/912/%D9%BE%D8%B1%DB%8C%D9%86%D8%AA%D8%B1-%D8%A8%D8%A7%D9%86%DA%A9%DB%8C,0,7,3.4285714285714284,404,,0,0.87
https://mahamprint.com/product/169/%D9%BE%D8%B1%DB%8C%D9%86%D8%AA%D8%B1-%D8%AA%DA%A9-%DA%A9%D8%A7%D8%B1%D9%87-%D9%84%DB%8C%D8%B2%D8%B1%DB%8C-HP-M605X,2,6,4.666666666666666,404,,0,0.89
https://mahamprint.com/product/681/Fellowes-325Ci-Paper-Shredder,2,6,24.5,404,,0,0.88
https://mahamprint.com/product/748/%DA%A9%D8%A7%D8%BA%D8%B0-%D8%AE%D8%B1%D8%AF%DA%A9%D9%86-Nikita-SD-9010,2,6,4,404,,0,0.86
https://mahamprint.com/products/---mehr--88a,2,6,4.5,200,https://mahamprint.com/products/---mehr--88a,0,0.88
https://mahamprint.com/products/--casio-fx-100ms,2,6,9,200,https://mahamprint.com/products/--casio-fx-100ms,0,1.04
https://mahamprint.com/user,0,7,3,307->200,https://mahamprint.com/auth?redirect=/user,1,1.97
https://mahamprint.com/index.php?productID=3051,1,6,6,404,,0,1.12
https://mahamprint.com/product/1022/%D9%85%D8%A7%D8%B4%DB%8C%D9%86-%D8%AD%D8%B3%D8%A7%D8%A8-Citizen-SDC-414N,1,6,31.833333333333332,404,,0,1.2
https://mahamprint.com/product/1308/%D8%AF%DB%8C%D8%AA%D8%A7-%D9%88%DB%8C%D8%AF%D8%A6%D9%88-%D9%BE%D8%B1%D9%88%DA%98%DA%A9%D8%AA%D9%88%D8%B1-EPSON-X05,1,6,10.166666666666666,404,,0,1.1
https://mahamprint.com/product/1579/%DA%A9%D8%A7%D8%B1%D8%AA%D8%B1%DB%8C%D8%AC-%D8%AA%D9%88%D9%86%D8%B1-HP-205A,1,6,96.16666666666667,404,,0,1.15
https://mahamprint.com/product/1694/%D8%AC%D9%88%D9%87%D8%B1-%D9%BE%D8%B1%DB%8C%D9%86%D8%AA%D8%B1-%D8%A8%D8%B1%D9%86%D8%AF-Epson-T6734,1,6,9.666666666666666,404,,0,0.97
https://mahamprint.com/product/2058/%D8%A8%D8%B1%D8%AF-%D9%81%D8%B1%D9%85%D8%AA%D8%B1-Hp-cp3525,1,6,4.833333333333334,404,,0,0.78
https://mahamprint.com/product/2684/%D9%BE%D8%AF-%D8%A7%D9%85%D8%B6%D8%A7%D8%A1-%D8%AF%DB%8C%D8%AC%DB%8C%D8%AA%D8%A7%D9%84-%D8%A8%D8%B1%D9%86%D8%AF-WACOM-STU-540,1,6,7.666666666666667,404,,0,0.77
https://mahamprint.com/product/292/%D9%BE%D8%B1%DB%8C%D9%86%D8%AA%D8%B1-HP-1000w,1,6,4.333333333333334,404,,0,0.8
https://mahamprint.com/product/2426/%D8%B3%D8%AA-%D9%84%D8%A7%D8%B3%D8%AA%DB%8C%DA%A9-%DA%A9%D8%A7%D8%BA%D8%B0%DA%A9%D8%B4-toshiba-e-Studio-160-166,1,6,6.666666666666667,404,,0,1.09
https://mahamprint.com/product/2945/%D9%84%DB%8C%D8%A8%D9%84-%D9%BE%D8%B1%DB%8C%D9%86%D8%AA%D8%B1-Sewoo-%D9%85%D8%AF%D9%84-LK-B24,1,6,7.5,404,,0,0.93
https://mahamprint.com/products/-----70-100,1,6,8,200,https://mahamprint.com/products/-----70-100,0,0.9
https://mahamprint.com/products/-------canon----imagerunner--c3226i,1,6,5.5,200,https://mahamprint.com/products/-------canon----imagerunner--c3226i,0,1.08
https://mahamprint.com/products/-----hp-m428dw,1,6,7.5,200,https://mahamprint.com/products/-----hp-m428dw,0,1.13
https://mahamprint.com/products/-----hp-m127fs,1,6,6.5,200,https://mahamprint.com/products/-----hp-m127fs,0,1.23
https://mahamprint.com/products/---brother-tze-135--,1,6,6.333333333333333,200,https://mahamprint.com/products/---brother-tze-135--,0,1.35
https://mahamprint.com/products/----m1132,1,6,7.5,200,https://mahamprint.com/products/----m1132,0,1.54
https://mahamprint.com/products/----zebra----zd888t,1,6,6.666666666666667,200,https://mahamprint.com/products/----zebra----zd888t,0,1.51
https://mahamprint.com/products/----hp--m775f,1,6,6.833333333333333,200,https://mahamprint.com/products/----hp--m775f,0,1.78
https://mahamprint.com/products/---sony-mp-cl1a,1,6,6.833333333333333,200,https://mahamprint.com/products/---sony-mp-cl1a,0,1.67
https://mahamprint.com/products/---epson-eb-w05,1,6,4.166666666666666,200,https://mahamprint.com/products/---epson-eb-w05,0,1.71
https://mahamprint.com/products/---t7--wifi,1,6,3.6666666666666665,200,https://mahamprint.com/products/---t7--wifi,0,1.54
https://mahamprint.com/products/--brother-720-drum,1,6,6.166666666666667,200,https://mahamprint.com/products/--brother-720-drum,0,1.56
https://mahamprint.com/products/--canon-2520-drum,1,6,6.5,200,https://mahamprint.com/products/--canon-2520-drum,0,1.61
https://mahamprint.com/products/--casio-sl-760l,1,6,7.333333333333333,200,https://mahamprint.com/products/--casio-sl-760l,0,1.69
https://mahamprint.com/products/-fujistu-fi-6670,1,6,6.166666666666667,200,https://mahamprint.com/products/-fujistu-fi-6670,0,1.76
https://mahamprint.com/Geoselect,0,6,6.666666666666667,404,,0,1.46
https://mahamprint.com/brand/26,0,6,6.666666666666667,404,,0,1.48
https://mahamprint.com/products/--mehr--mm-510s,1,6,5.166666666666667,200,https://mahamprint.com/products/--mehr--mm-510s,0,2.07
https://mahamprint.com/brand/4/%D9%87%D9%88%D8%A2%D9%88%DB%8C,0,6,4.333333333333334,404,,0,1.7
https://mahamprint.com/brand/40/datalogic,0,6,8.666666666666668,404,,0,1.76
https://mahamprint.com/index.php?productID=2546,0,6,10.333333333333334,404,,0,1.17
https://mahamprint.com/index.php?productID=3084,0,6,6.833333333333333,404,,0,1.15
https://mahamprint.com/product/1168/%DA%A9%D9%86%D8%B3%D9%88%D9%84-%D8%A8%D8%A7%D8%B2%DB%8C-%D9%85%D8%AF%D9%84-SONY-PlayStation-5-Digital,0,6,14.833333333333334,404,,0,1.2
https://mahamprint.com/product/1260/%D9%88%DB%8C%D8%AF%D8%A6%D9%88-%D9%BE%D8%B1%D9%88%DA%98%DA%A9%D8%AA%D9%88%D8%B1-%D9%85%D8%AF%D9%84LG-PH300,0,6,6,404,,0,1.16
https://mahamprint.com/product/1280/%D9%88%DB%8C%D8%AF%D8%A6%D9%88-%D9%BE%D8%B1%D9%88%DA%98%DA%A9%D8%AA%D9%88%D8%B1-%D9%82%D8%A7%D8%A8%D9%84-%D8%AD%D9%85%D9%84-PANASONIC-PT-LB425,0,6,5.666666666666667,404,,0,1.0
https://mahamprint.com/product/1358/%D8%AA%D9%88%D9%86%D8%B1-HP-764-CMYK,0,6,5.5,404,,0,0.88
https://mahamprint.com/product/1378/%D8%AA%D9%88%D9%86%D8%B1-Epson-85-N-Light-CYAN,0,6,8.166666666666668,404,,0,0.85
https://mahamprint.com/product/1380/%DA%A9%D8%A7%D8%B1%D8%AA%D8%B1%DB%8C%D8%AC-Epson-85-N-Black,0,6,7.666666666666667,404,,0,0.87
https://mahamprint.com/product/1428/%D8%AA%D9%88%D9%86%D8%B1-%DA%A9%D8%A7%D8%B1%D8%AA%D8%B1%DB%8C%D8%AC-Epson-913-CMYK,0,6,5.5,404,,0,0.83
https://mahamprint.com/product/1566/%DA%A9%D8%A7%D8%B1%D8%AA%D8%B1%DB%8C%D8%AC-%D8%AA%D9%88%D9%86%D8%B1-Canon-054,0,6,47,404,,0,0.76
https://mahamprint.com/product/1513/%D8%AA%D9%88%D9%86%D8%B1-HP-44A,0,6,13.333333333333334,404,,0,0.87
https://mahamprint.com/product/159/%D9%BE%D8%B1%DB%8C%D9%86%D8%AA%D8%B1-%D8%AA%DA%A9-%DA%A9%D8%A7%D8%B1%D9%87-%D9%84%DB%8C%D8%B2%D8%B1%DB%8C-HP-M201DW,0,6,11.333333333333334,404,,0,0.81
https://mahamprint.com/product/1618/%D9%BE%D8%B1%DB%8C%D9%86%D8%AA%D8%B1-%D9%84%DB%8C%D8%B2%D8%B1%DB%8C-%DA%86%D9%86%D8%AF%DA%A9%D8%A7%D8%B1%D9%87-hp-MFP-M436n,0,6,8.333333333333332,404,,0,0.89
https://mahamprint.com/product/1686/%D8%A8%D8%A7%D8%B1%DA%A9%D8%AF-%D8%A7%D8%B3%DA%A9%D9%86%D8%B1-%D8%AA%DA%A9-%D8%A8%D8%B9%D8%AF%DB%8C-Honeywell-Voyager-1470g,0,6,7.833333333333333,404,,0,0.9
https://mahamprint.com/product/167/%D9%BE%D8%B1%DB%8C%D9%86%D8%AA%D8%B1-%D9%84%DB%8C%D8%B2%D8%B1%DB%8C-HP-M602N,0,6,14.666666666666666,404,,0,0.97
https://mahamprint.com/product/1776/%DA%A9%D8%A7%D8%B1%D8%A8%D9%86-%D9%81%DA%A9%D8%B3-Panasonic-KX-FA54E,0,6,6.833333333333333,404,,0,0.91
https://mahamprint.com/product/1850/%D8%B1%D9%88%D9%84-%D9%84%DB%8C%D8%A8%D9%84-%DA%A9%D8%A7%D8%BA%D8%B0%DB%8C-%D8%AF%D9%88-%D8%B1%D8%AF%DB%8C%D9%81%D9%87-15%C3%9745,0,6,11.166666666666666,404,,0,0.9
https://mahamprint.com/product/1728/%D8%B1%DB%8C%D8%A8%D9%88%D9%86-Wax-Resin-110%C3%97300-%D8%B3%D8%A8%D8%B2,0,6,15.166666666666666,404,,0,1.01
https://mahamprint.com/product/1884/%D9%84%DB%8C%D8%A8%D9%84-%D8%A8%D8%B1%DA%86%D8%B3%D8%A8-%D9%BE%DB%8C-%D9%88%DB%8C-%D8%B3%DB%8C-%D8%B3%D9%87-%D8%B1%D8%AF%DB%8C%D9%81%D9%87-35%C3%9725,0,6,6.666666666666667,404,,0,0.88
https://mahamprint.com/product/2152/%D8%AF%DA%A9%D9%85%D9%87-%D8%A7%D8%B3%D8%AA%D8%A7%D8%B1%D8%AA-%DA%A9%D9%BE%DB%8C-TOSHIBA-%D9%85%D8%AF%D9%84-166,0,6,10.833333333333334,404,,0,0.73
https://mahamprint.com/product/1915/%D9%84%DB%8C%D8%A8%D9%84-%D8%A8%D8%B1%DA%86%D8%B3%D8%A8-%D9%85%D8%AA%D8%A7%D9%84-%D8%AF%D9%88-%D8%B1%D8%AF%DB%8C%D9%81%D9%87-34%C3%9751,0,6,6.833333333333333,404,,0,0.88
https://mahamprint.com/product/1928/%D9%86%D9%88%D8%A7%D8%B1-%DB%8C%D8%AF%DA%A9-%D9%84%DB%8C%D8%A8%D9%84-%D8%B2%D9%86-%D8%AF%D8%B3%D8%AA%DB%8C-%D8%A8%D8%B1%D9%86%D8%AF-DYMO-%D8%B1%D9%86%DA%AF-%D8%B3%D8%A8%D8%B2-%D8%B2%DB%8C%D8%AA%D9%88%D9%86%DB%8C,0,6,13.5,404,,0,0.9
https://mahamprint.com/product/213/%D9%BE%D8%B1%DB%8C%D9%86%D8%AA%D8%B1-%D8%AA%DA%A9-%DA%A9%D8%A7%D8%B1%D9%87-%D9%84%DB%8C%D8%B2%D8%B1%DB%8C-%D8%A8%D8%B1%D9%86%D8%AF-HP-M706N,0,6,11.833333333333334,404,,0,0.86
https://mahamprint.com/product/2192/%D9%84%D9%88%D9%84%D8%A7%DB%8C-%D9%81%DB%8C%D8%AF%D8%B1-Canon-mf-8280cw-%D8%A8%D8%A7-%DA%A9%D8%AF-%D9%81%D9%86%DB%8C-FL3-2453-000,0,6,88.5,404,,0,0.88
https://mahamprint.com/product/2330/%DA%86%D8%B1%D8%AE-%D8%AF%D9%86%D8%AF%D9%87-%D9%81%D9%86%D8%B1-%D8%AE%D9%88%D8%B1-%DA%86%D8%A7%D9%BE%DA%AF%D8%B1-%D8%A8%D8%B1%D9%86%D8%AF-Epson-%D9%85%D8%AF%D9%84-LQ2180,0,6,12.666666666666666,404,,0,0.87
https://mahamprint.com/product/2338/%DA%86%D8%B1%D8%AE-%D8%AF%D9%86%D8%AF%D9%87-%DA%A9%D9%84%D8%A7%DA%86-%D8%AF%D8%B3%D8%AA%DB%8C-%D8%A8%D8%B1%D9%86%D8%AF-HP-1320-2014,0,6,12.333333333333334,404,,0,0.86
https://mahamprint.com/product/2362/%DA%86%D8%B1%D8%AE-%D8%AF%D9%86%D8%AF%D9%87-%D9%87%D8%A7%D8%AA%D8%B1%D9%88%D9%84-56T-%D8%AA%D9%88%D8%B4%DB%8C%D8%A8%D8%A7-E-S350,0,6,5.166666666666667,404,,0,0.88
https://mahamprint.com/product/2384/%D9%BE%DB%8C%DA%A9%D8%A7%D9%BE-%D9%BE%D8%B1%DB%8C%D9%86%D8%AA%D8%B1-%D8%A7%DA%86-%D9%BE%DB%8C-1300,0,6,6.5,404,,0,0.87
https://mahamprint.com/product/2435/%D9%81%DB%8C%D8%AF-%D8%AF%D8%B3%D8%AA%DB%8C-SHARP-AR-5631,0,6,6.166666666666667,404,,0,0.87
https://mahamprint.com/product/2536/%D9%BE%D8%B1%DB%8C%D9%86%D8%AA%D8%B1-%D8%AA%DA%A9-%DA%A9%D8%A7%D8%B1%D9%87-%D9%84%DB%8C%D8%B2%D8%B1%DB%8C-%D8%A8%D8%B1%D9%86%D8%AF-HP-%D9%85%D8%AF%D9%84-M653dn,0,6,6.666666666666667,404,,0,0.83
https://mahamprint.com/product/2590/%D9%81%DB%8C%D8%B4-%D9%BE%D8%B1%DB%8C%D9%86%D8%AA%D8%B1-Bixolon-350n-pluslll,0,6,7,404,,0,0.75
https://mahamprint.com/product/2639/%D9%84%D9%BE-%D8%AA%D8%A7%D9%BE-%D8%A8%D8%B1%D9%86%D8%AF-ASUS-R565EP-I3-1115G4,0,6,9.166666666666666,404,,0,0.77
https://mahamprint.com/product/2576/%D8%AF%D9%88%D8%B1%D8%A8%DB%8C%D9%86-%DA%AF%DB%8C%D9%85%D8%A8%D8%A7%D9%84-DJI-RONIN-S,0,6,17,404,,0,1.03
https://mahamprint.com/product/2798/%D9%84%D9%BE-%D8%AA%D8%A7%D9%BE-asus-%D9%85%D8%AF%D9%84-G513QY-R9-5980HX,0,6,5.833333333333333,404,,0,0.75
https://mahamprint.com/product/2680/%D9%BE%D8%AF-%D8%A7%D9%85%D8%B6%D8%A7%DB%8C-%D8%AF%DB%8C%D8%AC%DB%8C%D8%AA%D8%A7%D9%84-WACOM-STU-430,0,6,9,404,,0,1.01
https://mahamprint.com/product/2714/%DA%A9%D8%A7%D8%B1%D8%AA-%DA%AF%D8%B1%D8%A7%D9%81%DB%8C%DA%A9-RX-6600-MECH-OC-8G,0,6,10.333333333333334,404,,0,1.02
https://mahamprint.com/product/2852/%D9%81%D8%B1%DB%8C%D9%85-%D8%B3%DB%8C%D9%86%D9%85%D8%A7%DB%8C%DB%8C-%D8%AF%DA%A9%D9%88%D8%B1%D8%A7%D8%AA%DB%8C%D9%88-CF180W,0,6,100.66666666666667,404,,0,0.88
https://mahamprint.com/product/3034/%D9%84%DB%8C%D8%A8%D9%84%20-%D9%BE%D8%B1%DB%8C%D9%86%D8%AA%D8%B1-%20Gainscha%20-3405%20-t%20plus,0,6,8.5,404,,0,0.95
https://mahamprint.com/product/339/%D9%BE%D8%B1%DB%8C%D9%86%D8%AA%D8%B1-%D8%AC%D9%88%D9%87%D8%B1%D8%A7%D9%81%D8%B4%D8%A7%D9%86-%D8%A8%D8%B1%D9%86%D8%AF-epson-%D9%85%D8%AF%D9%84-EcoTank-ET-M1170,0,6,11.333333333333334,404,,0,0.95
https://mahamprint.com/product/2935/%D8%AF%D8%B3%D8%AA%DA%AF%D8%A7%D9%87-%DA%A9%D9%BE%DB%8C-%D8%B4%D8%A7%D8%B1%D9%BE-20m22,0,6,7.166666666666667,404,,0,1.08
https://mahamprint.com/product/344/%D9%BE%D8%B1%DB%8C%D9%86%D8%AA%D8%B1-EPSON-WF-5190W,0,6,95.5,404,,0,0.84
https://mahamprint.com/product/620/%D8%AF%D8%B3%D8%AA%DA%AF%D8%A7%D9%87-%D8%AD%D8%B6%D9%88%D8%B1-%D9%88-%D8%BA%DB%8C%D8%A7%D8%A8-ZKTeco-WL50,0,6,7.833333333333333,404,,0,0.83
https://mahamprint.com/product/63/%D9%BE%D8%B1%DB%8C%D9%86%D8%AA%D8%B1-%D9%84%DB%8C%D8%B2%D8%B1%DB%8C-%D8%AA%DA%A9-%DA%A9%D8%A7%D8%B1%D9%87-HP-M402D,0,6,13.833333333333334,404,,0,0.86
https://mahamprint.com/product/683/%DA%A9%D8%A7%D8%BA%D8%B0-%D8%AE%D8%B1%D8%AF%DA%A9%D9%86-Fellowes-ms-460CS,0,6,15.166666666666666,404,,0,0.85
https://mahamprint.com/product/742/%DA%A9%D8%A7%D8%BA%D8%B0-%D8%AE%D8%B1%D8%AF%DA%A9%D9%86-Nikita-SD-9331,0,6,5.833333333333333,404,,0,0.83
https://mahamprint.com/product/804/%D8%A8%D8%A7%D8%B1%DA%A9%D8%AF-%D8%A7%D8%B3%DA%A9%D9%86%D8%B1-Scope-%D9%85%D8%AF%D9%84-WNC-3080G,0,6,7.833333333333333,404,,0,0.83
https://mahamprint.com/product/818/%D8%A8%D8%A7%D8%B1%DA%A9%D8%AF-%D8%A7%D8%B3%DA%A9%D9%86%D8%B1-Winson-WNC-6090g,0,6,8,404,,0,0.84
https://mahamprint.com/product/841/%D8%A8%D8%A7%D8%B1%DA%A9%D8%AF-%D8%A7%D8%B3%DA%A9%D9%86%D8%B1-%D8%A8%D8%B1%D9%86%D8%AF-DATALOGIC-Quick-Scan-QM2130,0,6,21.833333333333332,404,,0,0.83
https://mahamprint.com/product/857/%D8%AF%D8%B3%D8%AA%DA%AF%D8%A7%D9%87-%D8%A7%D8%B3%DA%A9%D9%86%D8%A7%D8%B3-%D8%B4%D9%85%D8%A7%D8%B1-%D8%AF%DB%8C%D8%AA%DA%A9-%D9%85%D8%AF%D9%84-900,0,6,6.5,404,,0,0.88
https://mahamprint.com/products/------zebra----gx430t,0,6,7.333333333333333,200,https://mahamprint.com/products/------zebra----gx430t,0,0.87
https://mahamprint.com/products/-----hp-150nw,0,6,8.333333333333332,200,https://mahamprint.com/products/-----hp-150nw,0,0.82
https://mahamprint.com/products/-----95-125,0,6,10.5,200,https://mahamprint.com/products/-----95-125,0,0.88
https://mahamprint.com/products/-----metal-label-50-80,0,6,7.833333333333333,200,https://mahamprint.com/products/-----metal-label-50-80,0,1.04
https://mahamprint.com/products/----acer--dwx1842,0,6,6.833333333333333,200,https://mahamprint.com/products/----acer--dwx1842,0,1.04
https://mahamprint.com/products/----bixolon--srp-330n,0,6,7.166666666666667,200,https://mahamprint.com/products/----bixolon--srp-330n,0,1.69
https://mahamprint.com/products/----brother-mfc-l5755dw,0,6,8.166666666666668,200,https://mahamprint.com/products/----brother-mfc-l5755dw,0,1.93
https://mahamprint.com/products/----epson----eb-982w,0,6,5.5,200,https://mahamprint.com/products/----epson----eb-982w,0,2.06
https://mahamprint.com/products/----grandmi----mi-l1300,0,6,8.333333333333332,200,https://mahamprint.com/products/----grandmi----mi-l1300,0,2.2
https://mahamprint.com/products/---asus-g533zw-i9-12900h,0,6,6.333333333333333,200,https://mahamprint.com/products/---asus-g533zw-i9-12900h,0,2.08
https://mahamprint.com/products/----vgs,0,6,5.166666666666667,200,https://mahamprint.com/products/----vgs,0,2.22
https://mahamprint.com/products/---brother-tze-222--,0,6,5.833333333333333,200,https://mahamprint.com/products/---brother-tze-222--,0,1.59
https://mahamprint.com/products/---hp-m125-m126-m127-m128,0,6,8.333333333333332,200,https://mahamprint.com/products/---hp-m125-m126-m127-m128,0,1.55
https://mahamprint.com/products/---hp-m443nda,0,6,8,200,https://mahamprint.com/products/---hp-m443nda,0,1.8
https://mahamprint.com/products/---hp-m521dn,0,6,8.833333333333332,200,https://mahamprint.com/products/---hp-m521dn,0,1.77
https://mahamprint.com/products/---hp-m611dn,0,6,9.166666666666666,200,https://mahamprint.com/products/---hp-m611dn,0,1.79
https://mahamprint.com/products/---msi-geforce-rtx-3060-gaming-x-12g,0,6,9.333333333333334,200,https://mahamprint.com/products/---msi-geforce-rtx-3060-gaming-x-12g,0,1.82
https://mahamprint.com/products/---wincode-c343c,0,6,8.166666666666668,200,https://mahamprint.com/products/---wincode-c343c,0,1.57
https://mahamprint.com/products/---zebra-zd220,0,6,10.666666666666666,200,https://mahamprint.com/products/---zebra-zd220,0,1.61
https://mahamprint.com/products/--ar-236--,0,6,9.333333333333334,200,https://mahamprint.com/products/--ar-236--,0,1.45
https://mahamprint.com/products/--brother-tn-2260,0,6,6.666666666666667,200,https://mahamprint.com/products/--brother-tn-2260,0,1.64
https://mahamprint.com/products/--canon-039,0,6,5.833333333333333,200,https://mahamprint.com/products/--canon-039,0,1.6
https://mahamprint.com/products/--canon-mf4410,0,6,5.833333333333333,200,https://mahamprint.com/products/--canon-mf4410,0,1.55
https://mahamprint.com/products/--casio-dz-12s,0,6,4.666666666666666,200,https://mahamprint.com/products/--casio-dz-12s,0,1.78
https://mahamprint.com/products/--casio-fx-82ms,0,6,9.833333333333334,200,https://mahamprint.com/products/--casio-fx-82ms,0,2.37
https://mahamprint.com/products/--hp-laserjet-2035-tray-1-,0,6,8,200,https://mahamprint.com/products/--hp-laserjet-2035-tray-1-,0,2.27
https://mahamprint.com/products/--mehr-mm-886,0,6,6.5,200,https://mahamprint.com/products/--mehr-mm-886,0,2.17
https://mahamprint.com/products/--mehr-mm-860,0,6,5.5,200,https://mahamprint.com/products/--mehr-mm-860,0,2.33
https://mahamprint.com/products/--mindeo--mp--725,0,6,4.833333333333334,200,https://mahamprint.com/products/--mindeo--mp--725,0,2.21
https://mahamprint.com/products/--pars-gx-8000,0,6,6.166666666666667,200,https://mahamprint.com/products/--pars-gx-8000,0,2.28
https://mahamprint.com/products/--samsung-105-drum,0,6,6.166666666666667,200,https://mahamprint.com/products/--samsung-105-drum,0,1.68
https://mahamprint.com/products/--sharp-el-2135,0,6,8.833333333333332,200,https://mahamprint.com/products/--sharp-el-2135,0,1.57
https://mahamprint.com/products/--sharp-el-377w,0,6,4.833333333333334,200,https://mahamprint.com/products/--sharp-el-377w,0,1.57
https://mahamprint.com/products/--sunwood-sd9520,0,6,6.833333333333333,200,https://mahamprint.com/products/--sunwood-sd9520,0,1.67
https://mahamprint.com/products/--symbol-ls-2208,0,6,6.333333333333333,200,https://mahamprint.com/products/--symbol-ls-2208,0,1.99
https://mahamprint.com/products/--toshiba-500-gr,0,6,7.833333333333333,200,https://mahamprint.com/products/--toshiba-500-gr,0,1.69
https://mahamprint.com/products/-canon-lbp613cdw,0,6,8.166666666666668,200,https://mahamprint.com/products/-canon-lbp613cdw,0,1.68
https://mahamprint.com/products/--xerox-workcentre-5865-i,0,6,5,200,https://mahamprint.com/products/--xerox-workcentre-5865-i,0,1.75
https://mahamprint.com/products/-epson-l3110,0,6,7.666666666666667,200,https://mahamprint.com/products/-epson-l3110,0,1.74
https://mahamprint.com/products/-epson-l850,0,6,7.666666666666667,200,https://mahamprint.com/products/-epson-l850,0,1.62
https://mahamprint.com/products/-kodak-i3200,0,6,9,200,https://mahamprint.com/products/-kodak-i3200,0,1.83
https://mahamprint.com/products/-ricoh-mp2014ad,0,6,8.666666666666668,200,https://mahamprint.com/products/-ricoh-mp2014ad,0,1.67
https://mahamprint.com/tag/190/%D9%81%D8%B1%D9%88%D8%B4-%D9%BE%D8%B1%DB%8C%D9%86%D8%AA%D8%B1-%D8%A7%D8%B1%D8%B2%D8%A7%D9%86-%D9%82%DB%8C%D9%85%D8%AA,0,6,6,404,,0,1.65
https://mahamprint.com/products/-ricoh-mp2014d,0,6,8.833333333333332,200,https://mahamprint.com/products/-ricoh-mp2014d,0,1.78
https://mahamprint.com/tag/2022/OVDN-HSKV,0,6,7.5,404,,0,1.59
https://mahamprint.com/tag/3405/%D9%BE%D8%B1%DB%8C%D9%86%D8%AA%D8%B1-%D8%A7%D8%B3%D8%AA%D9%88%DA%A9-1102,0,6,2.333333333333333,404,,0,1.72
https://mahamprint.com/tag/506/%D9%BE%D8%B1%DB%8C%D9%86%D8%AA%D8%B1-%D9%84%DB%8C%D8%B2%D8%B1%DB%8C-%D8%A7%DA%86-%D9%BE%DB%8C-HP-183fw,0,6,9.333333333333334,404,,0,1.32
https://mahamprint.com/product/354/%D9%BE%D8%B1%DB%8C%D9%86%D8%AA%D8%B1-%D8%AA%DA%A9-%DA%A9%D8%A7%D8%B1%D9%87-%D9%84%DB%8C%D8%B2%D8%B1%DB%8C-HP-M304a,2,5,10.4,404,,0,1.19
https://mahamprint.com/products/-------80-80,2,5,2.4,200,https://mahamprint.com/products/-------80-80,0,0.94
https://mahamprint.com/products/-fujitsu-fi-5530c2,2,5,6.2,200,https://mahamprint.com/products/-fujitsu-fi-5530c2,0,1.01
https://mahamprint.com/product/1049/%D8%AF%D8%B3%D8%AA%DA%AF%D8%A7%D9%87-%DA%A9%D9%BE%DB%8C-RICOH-MP2014DN,1,5,6.6,404,,0,1.18
https://mahamprint.com/mag/comparison-of-manual-and-automatic-banknote-counters,1,5,6,200,https://mahamprint.com/mag/comparison-of-manual-and-automatic-banknote-counters,0,1.37
https://mahamprint.com/product/1113/%D8%AA%D9%88%D9%86%D8%B1-%D8%B4%D8%A7%D8%B1%DA%98-%D8%A8%D8%B1%D9%86%D8%AF-samsung-%D9%85%D8%AF%D9%84-100g,1,5,7.4,404,,0,1.32
https://mahamprint.com/product/1292/%D8%AF%DB%8C%D8%AA%D8%A7-%D9%88%DB%8C%D8%AF%D8%A6%D9%88-%D9%BE%D8%B1%D9%88%DA%98%DA%A9%D8%AA%D9%88%D8%B1-Panasonic-PT-EX800z,1,5,6.8,404,,0,1.28
https://mahamprint.com/product/1300/%D8%AF%DB%8C%D8%AA%D8%A7-%D9%88%DB%8C%D8%AF%D8%A6%D9%88-%D9%BE%D8%B1%D9%88%DA%98%DA%A9%D8%AA%D9%88%D8%B1-BENQ-MX550-2,1,5,6,404,,0,1.3
https://mahamprint.com/product/1777/%DA%A9%D8%A7%D8%B1%D8%A8%D9%86-%D9%81%DA%A9%D8%B3-%D9%BE%D8%A7%D9%86%D8%A7%D8%B3%D9%88%D9%86%DB%8C%DA%A9-Panasonic-KX-FA55E,1,5,11.8,404,,0,1.41
https://mahamprint.com/product/183/%D9%BE%D8%B1%DB%8C%D9%86%D8%AA%D8%B1-%D9%84%DB%8C%D8%B2%D8%B1%DB%8C-%D9%85%D8%AF%D9%84-HP-M527Z,1,5,5.6,404,,0,0.88
https://mahamprint.com/product/2407/%D9%BE%DB%8C%DA%A9%D8%A7%D9%BE-%D8%B1%D9%88%D9%84%D8%B1-%D8%B1%D8%AC%DB%8C%D8%B3%D8%AA%D8%B1-%D8%B1%DB%8C%DA%A9%D9%88-AF-1060,1,5,7.8,404,,0,0.88
https://mahamprint.com/product/2474/%D8%A8%D8%A7%D8%B1%DA%A9%D8%AF%D8%AE%D9%88%D8%A7%D9%86-%D8%AF%D9%88-%D8%A8%D8%B9%D8%AF%DB%8C-%D8%A8%D8%A7%D8%B3%DB%8C%D9%85-Oscar-20DBW,1,5,9.8,404,,0,0.84
https://mahamprint.com/product/2534/%D9%BE%D8%B1%DB%8C%D9%86%D8%AA%D8%B1-%D9%84%DB%8C%D8%B2%D8%B1%DB%8C-%D8%B3%D9%87-%DA%A9%D8%A7%D8%B1%D9%87-%D9%85%D8%AF%D9%84-HP-1200n,1,5,8.6,404,,0,0.85
https://mahamprint.com/product/2920/%D9%84%DB%8C%D8%A8%D9%84-%D9%BE%D8%B1%DB%8C%D9%86%D8%AA%D8%B1-%D8%A8%D8%B1%D9%86%D8%AF-Zebra-GX420,1,5,6.2,404,,0,0.83
https://mahamprint.com/products/----hp-137fnw,1,5,15.2,200,https://mahamprint.com/products/----hp-137fnw,0,0.68
https://mahamprint.com/product/3115/%D9%81%DB%8C%D8%B4%20-%D9%BE%D8%B1%DB%8C%D9%86%D8%AA%D8%B1-%20%D8%A8%DB%8C-%20%D8%B3%DB%8C%D9%85%20-Oscar%20-POS%20-88W,1,5,12.8,404,,0,0.76
https://mahamprint.com/products/-------125-95-pvc-label-single-row,1,5,8.2,200,https://mahamprint.com/products/-------125-95-pvc-label-single-row,0,0.93
https://mahamprint.com/products/---brother-pt-e300vp,1,5,8,200,https://mahamprint.com/products/---brother-pt-e300vp,0,1.16
https://mahamprint.com/products/---ds-1jt,1,5,5.4,200,https://mahamprint.com/products/---ds-1jt,0,1.15
https://mahamprint.com/products/---epson--ecotank-et-m1170,1,5,6.2,200,https://mahamprint.com/products/---epson--ecotank-et-m1170,0,1.45
https://mahamprint.com/products/--avision--ad350,1,5,3.2,200,https://mahamprint.com/products/--avision--ad350,0,1.68
https://mahamprint.com/products/--epson-eb-x06,1,5,7.6,200,https://mahamprint.com/products/--epson-eb-x06,0,1.71
https://mahamprint.com/products/--hp-1200,1,5,4.8,200,https://mahamprint.com/products/--hp-1200,0,1.75
https://mahamprint.com/products/--kodak-max-super-alkaline-1-5v-d,1,5,7,200,https://mahamprint.com/products/--kodak-max-super-alkaline-1-5v-d,0,1.67
https://mahamprint.com/products/--meva-tp1000w,1,5,8.4,200,https://mahamprint.com/products/--meva-tp1000w,0,1.78
https://mahamprint.com/products/--msi-geforce-rtx-3070-ventus-2x-oc-8gb,1,5,7.2,200,https://mahamprint.com/products/--msi-geforce-rtx-3070-ventus-2x-oc-8gb,0,1.66
https://mahamprint.com/products/--sharp-ar-6020d,1,5,4.4,200,https://mahamprint.com/products/--sharp-ar-6020d,0,1.65
https://mahamprint.com/products/--toshiba-d-2320,1,5,5.2,200,https://mahamprint.com/products/--toshiba-d-2320,0,1.84
https://mahamprint.com/products/-plustek-pl2550,1,5,4.2,200,https://mahamprint.com/products/-plustek-pl2550,0,1.64
https://mahamprint.com/tag/1600/%DA%A9%D8%A7%D8%B1%D8%AA%D8%B1%DB%8C%D8%AC-%D8%A7%D9%BE%D8%B3%D9%88%D9%86,1,5,5.4,404,,0,1.72
https://mahamprint.com/brand/20/%DA%A9%D8%A7%D9%86%D9%86,0,5,8.2,404,,0,1.62
https://mahamprint.com/brand/46/MEVA,0,5,8.4,404,,0,1.48
https://mahamprint.com/brand/57/XBOX,0,5,6.4,404,,0,1.26
https://mahamprint.com/brand/59/protech,0,5,8.2,404,,0,1.1
https://mahamprint.com/categories/v,0,5,3,200,https://mahamprint.com/categories/v,0,0.71
https://mahamprint.com/index.php?productID=2515,0,5,7.4,404,,0,0.78
https://mahamprint.com/index.php?productID=2931,0,5,6.8,404,,0,0.92
https://mahamprint.com/brand/75/casic/,0,5,7.4,308->404,/brand/75/casic,1,1.8
https://mahamprint.com/index.php?productID=2980,0,5,12,404,,0,0.9
https://mahamprint.com/index.php?productID=2966,0,5,5.4,404,,0,1.08
https://mahamprint.com/index.php?productID=3048,0,5,6.4,404,,0,1.01
https://mahamprint.com/index.php?register=true&checkout_no_address=true,0,5,4.2,404,,0,1.08
https://mahamprint.com/product/102/%D9%BE%D8%B1%DB%8C%D9%86%D8%AA%D8%B1-%DA%86%D9%86%D8%AF%DA%A9%D8%A7%D8%B1%D9%87-%D9%84%DB%8C%D8%B2%D8%B1%DB%8C-CANON-MF249DW,0,5,15.6,404,,0,0.85
https://mahamprint.com/product/117/%D9%BE%D8%B1%DB%8C%D9%86%D8%AA%D8%B1%DA%86%D9%86%D8%AF%DA%A9%D8%A7%D8%B1%D9%87-%D9%84%DB%8C%D8%B2%D8%B1%DB%8C-SAMSUNG-M2070F,0,5,7.2,404,,0,0.86
https://mahamprint.com/product/1171/%D8%AF%D8%B3%D8%AA%D9%87-%D8%A8%D8%A7%D8%B2%DB%8C-Microsoft-Wireless-Controller,0,5,10,404,,0,0.81
https://mahamprint.com/product/1204/%D9%84%D9%BE-%D8%AA%D8%A7%D9%BE-%DB%B1%DB%B5-%D8%A7%DB%8C%D9%86%DA%86%DB%8C-Lenovo-ideapad-V130-H,0,5,11,404,,0,0.8
https://mahamprint.com/product/1220/%D9%88%DB%8C%D8%AF%D8%A6%D9%88-%D9%BE%D8%B1%DA%98%DA%A9%D8%AA%D9%88%D8%B1-epson-EB-X06,0,5,3.8,404,,0,0.85
https://mahamprint.com/product/1255/%D9%88%DB%8C%D8%AF%D8%A6%D9%88-%D9%BE%D8%B1%D9%88%DA%98%DA%A9%D8%AA%D9%88%D8%B1-%D8%AC%DB%8C%D8%A8%DB%8C-ASUS-P3E,0,5,8,404,,0,0.97
https://mahamprint.com/product/1291/%D8%AF%DB%8C%D8%AA%D8%A7-%D9%88%DB%8C%D8%AF%D8%A6%D9%88-%D9%BE%D8%B1%D9%88%DA%98%DA%A9%D8%AA%D9%88%D8%B1-Optoma-S334,0,5,6.4,404,,0,0.97
https://mahamprint.com/product/1354/%D8%AA%D9%88%D9%86%D8%B1-HP-761-CMYK,0,5,4.2,404,,0,0.92
https://mahamprint.com/product/1374/%D8%AA%D9%88%D9%86%D8%B1-EPSON-T252-Yellow,0,5,4.2,404,,0,0.92
https://mahamprint.com/product/1386/%D8%AA%D9%88%D9%86%D8%B1-EPSON-73N-CYAN,0,5,9.4,404,,0,0.91
https://mahamprint.com/product/1387/%D8%AA%D9%88%D9%86%D8%B1-EPSON-73N-Yellow,0,5,6,404,,0,0.83
https://mahamprint.com/product/1443/%D8%AA%D9%88%D9%86%D8%B1-Epson-34,0,5,3.8,404,,0,0.76
https://mahamprint.com/product/1486/%D8%AA%D9%88%D9%86%D8%B1-HP36A,0,5,8.6,404,,0,0.77
https://mahamprint.com/product/1484/%D8%AA%D9%88%D9%86%D8%B1HP-51A,0,5,13.2,404,,0,0.92
https://mahamprint.com/product/179/%D9%BE%D8%B1%DB%8C%D9%86%D8%AA%D8%B1-%D9%84%DB%8C%D8%B2%D8%B1%DB%8C-%DA%86%D9%87%D8%A7%D8%B1%DA%A9%D8%A7%D8%B1%D9%87-%D8%A8%D8%B1%D9%86%D8%AF-HP-%D9%85%D8%AF%D9%84-M127FW,0,5,29.8,404,,0,0.84
https://mahamprint.com/product/1852/%D9%84%DB%8C%D8%A8%D9%84-%D8%A8%D8%B1%DA%86%D8%B3%D8%A8-%D9%BE%DB%8C-%D9%88%DB%8C-%D8%B3%DB%8C-%D8%AA%DA%A9-%D8%B1%D8%AF%DB%8C%D9%81%D9%87-150%C3%97100,0,5,17.4,404,,0,0.81
https://mahamprint.com/product/1859/%D9%84%DB%8C%D8%A8%D9%84-%D8%A8%D8%B1%DA%86%D8%B3%D8%A8-%D9%BE%DB%8C-%D9%88%DB%8C-%D8%B3%DB%8C-%D8%AA%DA%A9-%D8%B1%D8%AF%DB%8C%D9%81%D9%87-100%C3%9750,0,5,14,404,,0,0.85
https://mahamprint.com/product/1868/%D9%84%DB%8C%D8%A8%D9%84-%D8%A8%D8%B1%DA%86%D8%B3%D8%A8-%D9%BE%DB%8C-%D9%88%DB%8C-%D8%B3%DB%8C-%D8%AA%DA%A9-%D8%B1%D8%AF%DB%8C%D9%81%D9%87-75-40,0,5,9.8,404,,0,0.92
https://mahamprint.com/product/1870/%D9%84%DB%8C%D8%A8%D9%84-%D8%A8%D8%B1%DA%86%D8%B3%D8%A8-%D9%BE%DB%8C-%D9%88%DB%8C-%D8%B3%DB%8C-%D8%AF%D9%88-%D8%B1%D8%AF%DB%8C%D9%81%D9%87-51%C3%9734,0,5,55.6,404,,0,0.9
https://mahamprint.com/product/1876/%D9%84%DB%8C%D8%A8%D9%84-%D8%A8%D8%B1%DA%86%D8%B3%D8%A8-%D9%85%D8%AA%D8%A7%D9%84-%D8%AA%DA%A9-%D8%B1%D8%AF%DB%8C%D9%81%D9%87-Metal-Label-50%C3%9780,0,5,15.2,404,,0,0.85
https://mahamprint.com/product/189/%D9%BE%D8%B1%DB%8C%D9%86%D8%AA%D8%B1-%D8%AA%DA%A9-%DA%A9%D8%A7%D8%B1%D9%87-%D9%84%DB%8C%D8%B2%D8%B1%DB%8C-HP-M451DN,0,5,8.6,404,,0,0.81
https://mahamprint.com/product/1978/%D9%86%D9%88%D8%A7%D8%B1-%D9%84%DB%8C%D8%A8%D9%84-%D9%BE%D8%B1%DB%8C%D9%86%D8%AA%D8%B1-%D8%A8%D8%B1%D8%A7%D8%AF%D8%B1-TZE-M31-%D8%BA%DB%8C%D8%B1-%D8%A7%D9%88%D8%B1%D8%AC%DB%8C%D9%86%D8%A7%D9%84,0,5,4.8,404,,0,0.81
https://mahamprint.com/product/2048/%D8%A8%D8%B1%D8%AF-%D9%81%D8%B1%D9%85%D8%AA%D8%B1-%D8%A7%DA%86-%D9%BE%DB%8C-M127FW,0,5,7,404,,0,0.88
https://mahamprint.com/product/2100/%D8%AF%D8%B1%D8%A7%D9%85-Sharp-450-Drum,0,5,9.8,404,,0,0.99
https://mahamprint.com/product/2124/%D8%AF%D8%B1%D8%A7%D9%85-Lexmark-230n-Drum,0,5,9.6,404,,0,0.97
https://mahamprint.com/product/2247/%D9%81%DB%8C%D9%88%D8%B2%DB%8C%D9%86%DA%AF-%DA%A9%D8%A7%D9%85%D9%84-%D8%A7%DA%86-%D9%BE%DB%8C-HP-1025,0,5,21.6,404,,0,0.97
https://mahamprint.com/product/2387/%D9%84%D8%A7%D8%B3%D8%AA%DB%8C%DA%A9-%DA%A9%D8%A7%D8%BA%D8%B0%DA%A9%D8%B4-ricoh-AF10351045,0,5,24,404,,0,0.96
https://mahamprint.com/product/2410/%D9%BE%DB%8C%DA%A9%D8%A7%D9%BE-%D8%B5%D8%A7%D9%81-ADF-ricoh-AF-1060,0,5,7.2,404,,0,0.98
https://mahamprint.com/product/2494/%DA%A9%D8%A7%D8%BA%D8%B0-%D8%AE%D8%B1%D8%AF%DA%A9%D9%86-%D8%A8%D8%B1%D9%86%D8%AF-protech-%D9%85%D8%AF%D9%84-SD-9355,0,5,15,404,,0,0.97
https://mahamprint.com/product/2575/%DA%AF%DB%8C%D9%85%D8%A8%D8%A7%D9%84-%D8%A8%D8%B1%D9%86%D8%AF-DJI-OSMO-POCKET-2,0,5,17.6,404,,0,0.93
https://mahamprint.com/product/2602/%DA%AF%D9%88%D8%B4%DB%8C-%D8%B3%D8%A7%D9%85%D8%B3%D9%88%D9%86%DA%AF-GALAXY-S21-PLUSE-5G,0,5,8.2,404,,0,0.88
https://mahamprint.com/product/2619/%D8%B3%D8%A7%D8%B9%D8%AA-%D9%87%D9%88%D8%B4%D9%85%D9%86%D8%AF-%D9%85%D8%AF%D9%84-Apple-watch-SE2,0,5,10.8,404,,0,0.88
https://mahamprint.com/product/2648/%D9%84%D9%BE-%D8%AA%D8%A7%D9%BE-ASUS-G713RM-R7-6800H-16G-1TSSD,0,5,9.8,404,,0,0.89
https://mahamprint.com/product/2711/%D8%B3%D9%88%D8%A6%DB%8C%DA%86-%D8%B4%D8%A8%DA%A9%D9%87-%D8%B3%DB%8C%D8%B3%DA%A9%D9%88-C2960X-24PS-L,0,5,15.2,404,,0,0.87
https://mahamprint.com/product/274/%D9%BE%D8%B1%DB%8C%D9%86%D8%AA%D8%B1-%D8%AA%DA%A9-%DA%A9%D8%A7%D8%B1%D9%87-%D9%84%DB%8C%D8%B2%D8%B1%DB%8C-SAMSUNG-M2020W,0,5,12.6,404,,0,0.9
https://mahamprint.com/product/2751/all-in-one-lenovo-m900z-core-i5-6,0,5,8.2,404,,0,0.91
https://mahamprint.com/product/2794/%D9%84%D9%BE-%D8%AA%D8%A7%D9%BE-%D8%A8%D8%B1%D9%86%D8%AF-asus-%D9%85%D8%AF%D9%84-GZ301ZE-i9-12900H,0,5,8.6,404,,0,0.86
https://mahamprint.com/product/2799/%D9%84%D9%BE-%D8%AA%D8%A7%D9%BE-%D8%A8%D8%B1%D9%86%D8%AF-asus-%D9%85%D8%AF%D9%84-G513QE-R9-5900HX,0,5,10.6,404,,0,0.88
https://mahamprint.com/product/2807/%D9%BE%D8%B1%D8%AF%D9%87-%D9%86%D9%85%D8%A7%DB%8C%D8%B4-%D9%88%D8%A7%DB%8C%D8%AF-%D8%A8%D8%B1%D9%82%DB%8C-%D9%85%D8%AF%D9%84-CW240A,0,5,9,404,,0,0.86
https://mahamprint.com/product/2865/%D9%BE%D8%B1%D8%AF%D9%87-%D9%86%D9%85%D8%A7%DB%8C%D8%B4-%DA%A9%D8%B1%D9%88%D9%85%D8%A7%DA%A9%DB%8C-%D9%BE%D8%A7%DB%8C%D9%87-%D8%AF%D8%A7%D8%B1-celexon-CSG250T,0,5,6.6,404,,0,0.88
https://mahamprint.com/product/2949/%D8%A8%D8%A7%D8%B1%DA%A9%D8%AF-%20%D8%AE%D9%88%D8%A7%D9%86-%20%D8%A8%D8%B1%D9%86%D8%AF-%20Datalogic%20-%D9%85%D8%AF%D9%84%20-Magellan%20-3410%202D,0,5,15.4,404,,0,1.16
https://mahamprint.com/product/2961/%D9%88%DB%8C%D8%AF%D8%A6%D9%88%20-%D9%BE%D8%B1%D9%88%DA%98%DA%A9%D8%AA%D9%88%D8%B1-%20%D8%A8%D8%B1%D9%86%D8%AF-%20xiaomi%20-%D9%85%D8%AF%D9%84%20-%C2%A0Wanbo%20-XS01%20Mini,0,5,13,404,,0,0.96
https://mahamprint.com/product/2972/%D8%A8%D8%A7%D8%B1%DA%A9%D8%AF-%20%D8%AE%D9%88%D8%A7%D9%86-%20%D9%84%DB%8C%D8%B2%D8%B1%DB%8C-%20%D8%A8%D8%B1%D9%86%D8%AF-%20CBON-%20%D9%85%D8%AF%D9%84-%20CB-H2000H,0,5,6.4,404,,0,0.97
https://mahamprint.com/product/3021/%D8%B5%D9%86%D8%AF%D9%88%D9%82-%D9%81%D8%B1%D9%88%D8%B4%DA%AF%D8%A7%D9%87%DB%8C-%D9%84%D9%85%D8%B3%DB%8C-SAMA-POS-j1900,0,5,5.6,404,,0,0.94
https://mahamprint.com/product/3156/%D8%A8%D8%A7%D8%B1%DA%A9%D8%AF%D8%AE%D9%88%D8%A7%D9%86%20-mindeo%20-CS2290-RF,0,5,9.2,404,,0,0.87
https://mahamprint.com/product/305/%D9%BE%D8%B1%DB%8C%D9%86%D8%AA%D8%B1-%D8%AA%DA%A9-%DA%A9%D8%A7%D8%B1%D9%87-%D9%84%DB%8C%D8%B2%D8%B1%DB%8C-%D8%A8%D8%B1%D9%86%D8%AF-HP-M454DN,0,5,13.4,404,,0,1.0
https://mahamprint.com/product/35/Nikon%20D3400%20%D8%A8%D8%A7%20%D9%84%D9%86%D8%B2%20%DB%B5%DB%B5-%DB%B1%DB%B8%20AF-P%20VR,0,5,13,404,,0,0.98
https://mahamprint.com/product/558/%D9%84%DB%8C%D8%A8%D9%84-%D9%BE%D8%B1%DB%8C%D9%86%D8%AA%D8%B1-TSC-TA210N,0,5,8,404,,0,0.92
https://mahamprint.com/product/378/%D8%A7%D8%B3%DA%A9%D9%86%D8%B1-EPSON-DS-410,0,5,6.2,404,,0,1.02
https://mahamprint.com/product/65/%D9%BE%D8%B1%DB%8C%D9%86%D8%AA%D8%B1-%D8%AA%DA%A9-%DA%A9%D8%A7%D8%B1%D9%87-%D9%84%DB%8C%D8%B2%D8%B1%DB%8C-HP-%D9%85%D8%AF%D9%84-M402DNE,0,5,8.6,404,,0,0.95
https://mahamprint.com/product/695/%DA%A9%D8%A7%D8%BA%D8%B0-%D8%AE%D8%B1%D8%AF%DA%A9%D9%86-Fellowes-%D9%85%D8%AF%D9%84-99-Ci,0,5,5.8,404,,0,1.02
https://mahamprint.com/product/707/%DA%A9%D8%A7%D8%BA%D8%B0-%D8%AE%D8%B1%D8%AF%DA%A9%D9%86-Protech-SD-9310,0,5,18.6,404,,0,0.97
https://mahamprint.com/product/71/%D9%BE%D8%B1%DB%8C%D9%86%D8%AA%D8%B1-%D9%84%DB%8C%D8%B2%D8%B1%DB%8C-HP-M605DN,0,5,11.2,404,,0,0.82
https://mahamprint.com/product/786/%D8%A8%D8%A7%D8%B1%DA%A9%D8%AF-%D8%A7%D8%B3%DA%A9%D9%86%D8%B1-Oscar-OS-60LBW,0,5,5.8,404,,0,0.87
https://mahamprint.com/product/840/%D8%A8%D8%A7%D8%B1%DA%A9%D8%AF-%D8%A7%D8%B3%DA%A9%D9%86%D8%B1-%D9%85%D8%AF%D9%84-DATALOGIC-Heron-HD3130,0,5,8.8,404,,0,0.85
https://mahamprint.com/product/831/%D8%A8%D8%A7%D8%B1%DA%A9%D8%AF-%D8%AE%D9%88%D8%A7%D9%86-%D9%85%D8%AF%D9%84-DATALOGIC-Lite-QW2100,0,5,9.6,404,,0,0.94
https://mahamprint.com/product/888/%D8%A7%D8%B3%DA%A9%D9%86%D8%A7%D8%B3-%D8%B4%D9%85%D8%A7%D8%B1-PARA-NCS-1200,0,5,6,404,,0,0.88
https://mahamprint.com/product/952/%D9%85%D8%A7%D8%B4%DB%8C%D9%86-%D8%AD%D8%B3%D8%A7%D8%A8-Sharp-EL-128C,0,5,17,404,,0,0.88
https://mahamprint.com/product/983/%D9%85%D8%A7%D8%B4%DB%8C%D9%86-%D8%AD%D8%B3%D8%A7%D8%A8-Casio-120D-Plus,0,5,8.8,404,,0,0.77
https://mahamprint.com/products/------hsm--c16,0,5,4.6,200,https://mahamprint.com/products/------hsm--c16,0,0.77
https://mahamprint.com/products/-----canon--6018l,0,5,6.4,200,https://mahamprint.com/products/-----canon--6018l,0,0.92
https://mahamprint.com/products/-----canon--mf655cdw,0,5,14,200,https://mahamprint.com/products/-----canon--mf655cdw,0,1.03
https://mahamprint.com/products/-----45-30,0,5,7.6,200,https://mahamprint.com/products/-----45-30,0,1.29
https://mahamprint.com/products/-----30-45,0,5,8.4,200,https://mahamprint.com/products/-----30-45,0,1.5
https://mahamprint.com/products/-----canon-kp-108in,0,5,8.6,200,https://mahamprint.com/products/-----canon-kp-108in,0,1.46
https://mahamprint.com/products/-----datalogic-qw2520,0,5,9,200,https://mahamprint.com/products/-----datalogic-qw2520,0,1.7
https://mahamprint.com/products/----1300,0,5,6,200,https://mahamprint.com/products/----1300,0,1.67
https://mahamprint.com/products/----4014-hp,0,5,6,200,https://mahamprint.com/products/----4014-hp,0,1.71
https://mahamprint.com/products/----canon-2016,0,5,8,200,https://mahamprint.com/products/----canon-2016,0,1.62
https://mahamprint.com/products/----brother-hl-l8360cdw,0,5,8.6,200,https://mahamprint.com/products/----brother-hl-l8360cdw,0,1.76
https://mahamprint.com/products/----hp-m178nw,0,5,5.2,200,https://mahamprint.com/products/----hp-m178nw,0,1.8
https://mahamprint.com/products/----hp-m254dw,0,5,8.2,200,https://mahamprint.com/products/----hp-m254dw,0,1.71
https://mahamprint.com/products/----hp-m479dw,0,5,7.6,200,https://mahamprint.com/products/----hp-m479dw,0,1.66
https://mahamprint.com/products/---20m22,0,5,9.8,200,https://mahamprint.com/products/---20m22,0,1.67
https://mahamprint.com/products/----hp-m725z,0,5,7.6,200,https://mahamprint.com/products/----hp-m725z,0,1.94
https://mahamprint.com/products/----sharp--ar-452,0,5,7.8,200,https://mahamprint.com/products/----sharp--ar-452,0,1.79
https://mahamprint.com/products/---a32-5g,0,5,8.2,200,https://mahamprint.com/products/---a32-5g,0,1.74
https://mahamprint.com/products/---ar-5316-sharp,0,5,6,200,https://mahamprint.com/products/---ar-5316-sharp,0,1.78
https://mahamprint.com/products/---hansol-8-cm,0,5,7.8,200,https://mahamprint.com/products/---hansol-8-cm,0,1.8
https://mahamprint.com/products/---lexmark-e260,0,5,6,200,https://mahamprint.com/products/---lexmark-e260,0,1.85
https://mahamprint.com/products/---panasonic-pt-vz470,0,5,7.8,200,https://mahamprint.com/products/---panasonic-pt-vz470,0,1.92
https://mahamprint.com/products/---samsung-3370fd,0,5,4,200,https://mahamprint.com/products/---samsung-3370fd,0,1.87
https://mahamprint.com/products/---sharp-ar-5516-5520,0,5,7,200,https://mahamprint.com/products/---sharp-ar-5516-5520,0,1.95
https://mahamprint.com/products/--acer-helios-300-ph315-i9,0,5,6.6,200,https://mahamprint.com/products/--acer-helios-300-ph315-i9,0,2.02
https://mahamprint.com/products/--canon-mf445dw,0,5,9.6,200,https://mahamprint.com/products/--canon-mf445dw,0,1.96
https://mahamprint.com/products/--casio-gx-16b,0,5,8.2,200,https://mahamprint.com/products/--casio-gx-16b,0,1.91
https://mahamprint.com/products/--datalogic-qd2130,0,5,13.6,200,https://mahamprint.com/products/--datalogic-qd2130,0,1.99
https://mahamprint.com/products/--citizen-350dpn,0,5,7.4,200,https://mahamprint.com/products/--citizen-350dpn,0,2.05
https://mahamprint.com/products/--datalogic-qm2430,0,5,9,200,https://mahamprint.com/products/--datalogic-qm2430,0,1.68
https://mahamprint.com/products/--epson-sc-f-9400,0,5,6.2,200,https://mahamprint.com/products/--epson-sc-f-9400,0,1.72
https://mahamprint.com/products/--fujitsu--sp-1120n,0,5,6.6,200,https://mahamprint.com/products/--fujitsu--sp-1120n,0,1.7
https://mahamprint.com/products/--gx-8000,0,5,8.4,200,https://mahamprint.com/products/--gx-8000,0,1.74
https://mahamprint.com/products/--hp-27a,0,5,7.4,200,https://mahamprint.com/products/--hp-27a,0,1.74
https://mahamprint.com/products/--hp-1005,0,5,8.4,200,https://mahamprint.com/products/--hp-1005,0,1.8
https://mahamprint.com/products/--hp-mfp-139fnw,0,5,12.4,200,https://mahamprint.com/products/--hp-mfp-139fnw,0,1.72
https://mahamprint.com/products/--lexmark--e260-drum,0,5,5.8,200,https://mahamprint.com/products/--lexmark--e260-drum,0,1.82
https://mahamprint.com/products/--meva-mp-3615,0,5,7.2,200,https://mahamprint.com/products/--meva-mp-3615,0,1.86
https://mahamprint.com/products/--protech-sd-9522,0,5,6,200,https://mahamprint.com/products/--protech-sd-9522,0,1.92
https://mahamprint.com/products/--remo--3100,0,5,4.8,200,https://mahamprint.com/products/--remo--3100,0,1.88
https://mahamprint.com/products/--sharp-mx452-mx500,0,5,9.8,200,https://mahamprint.com/products/--sharp-mx452-mx500,0,2.02
https://mahamprint.com/products/--toshiba-350-drum,0,5,7.2,200,https://mahamprint.com/products/--toshiba-350-drum,0,1.97
https://mahamprint.com/products/-a5-double-a,0,5,8,200,https://mahamprint.com/products/-a5-double-a,0,1.75
https://mahamprint.com/products/-avision-ad120,0,5,20.8,200,https://mahamprint.com/products/-avision-ad120,0,1.81
https://mahamprint.com/products/-avision-miwand-2-wifi,0,5,4.6,200,https://mahamprint.com/products/-avision-miwand-2-wifi,0,1.61
https://mahamprint.com/products/-avision-fb1000n,0,5,8.4,200,https://mahamprint.com/products/-avision-fb1000n,0,1.83
https://mahamprint.com/products/-canon-047,0,5,5.6,200,https://mahamprint.com/products/-canon-047,0,1.81
https://mahamprint.com/products/-canon-fx10,0,5,5.4,200,https://mahamprint.com/products/-canon-fx10,0,1.88
https://mahamprint.com/products/-epson-l810,0,5,7.6,200,https://mahamprint.com/products/-epson-l810,0,1.7
https://mahamprint.com/products/-hp-35a,0,5,9,200,https://mahamprint.com/products/-hp-35a,0,1.8
https://mahamprint.com/products/-hp-49a,0,5,5.2,200,https://mahamprint.com/products/-hp-49a,0,1.63
https://mahamprint.com/products/-hp-91-cmyk,0,5,5.2,200,https://mahamprint.com/products/-hp-91-cmyk,0,1.66
https://mahamprint.com/products/-plustek-3060u,0,5,8,200,https://mahamprint.com/products/-plustek-3060u,0,1.75
https://mahamprint.com/products/-sharp--310-drum,0,5,5.4,200,https://mahamprint.com/products/-sharp--310-drum,0,1.69
https://mahamprint.com/products/-sharp-mx452-ps,0,5,8.2,200,https://mahamprint.com/products/-sharp-mx452-ps,0,1.77
https://mahamprint.com/products/hp-mfp-4103fdw-laser-printer,0,5,7.8,200,https://mahamprint.com/products/hp-mfp-4103fdw-laser-printer,0,1.58
https://mahamprint.com/tag/2655/%D9%81%DB%8C%D8%B4-%D9%BE%D8%B1%DB%8C%D9%86%D8%AA%D8%B1-%D8%A8%DB%8C%DA%A9%D8%B3%D9%84%D9%88%D9%86/sort=name&direction=desc,0,5,19.8,404,,0,1.75
https://mahamprint.com/tag/2698/%D9%85%D8%A7%D8%B4%DB%8C%D9%86-%D8%AD%D8%B3%D8%A7%D8%A8-%DA%A9%D8%A7%D9%86%D9%86,0,5,9,404,,0,1.79
https://mahamprint.com/tag/2807/%D9%85%D8%A7%D8%B4%DB%8C%D9%86-%D8%AD%D8%B3%D8%A7%D8%A8-%D9%BE%D8%A7%D8%B1%D8%B3,0,5,8.6,404,,0,1.52
https://mahamprint.com/tag/2851/%D8%B5%D9%86%D8%AF%D9%88%D9%82-%D9%81%D8%B1%D9%88%D8%B4%DA%AF%D8%A7%D9%87%DB%8C-%D8%B3%D9%85,0,5,13.2,404,,0,1.31
https://mahamprint.com/tag/3144/%D9%81%DB%8C%D9%84%D9%85-%D9%81%D8%A7%D8%B1%DA%AF%D9%88,0,5,65.2,404,,0,1.19
https://mahamprint.com/tag/3225/%D9%BE%D8%B1%DB%8C%D9%86%D8%AA%D8%B1-%DA%86%D9%86%D8%AF-%DA%A9%D8%A7%D8%B1%D9%87-%D8%AC%D9%88%D9%87%D8%B1-%D8%A7%D9%81%D8%B4%D8%A7%D9%86-%D8%A8%D8%B1%D8%A7%D8%AF%D8%B1,0,5,8.8,404,,0,1.11
https://mahamprint.com/tag/3307/%D9%BE%D9%87%D9%BE%D8%A7%D8%AF-%D8%AF%DB%8C-%D8%AC%DB%8C-%D8%A7%DB%8C,0,5,33,404,,0,0.79
https://mahamprint.com/tag/3455/%D9%BE%D8%B1%DB%8C%D8%AA%D8%B1-%DA%86%D9%86%D8%AF%DA%A9%D8%A7%D8%B1%D9%87,0,5,10.4,404,,0,0.96
https://mahamprint.com/products/---brother-hl-3150cdn,2,4,5.5,200,https://mahamprint.com/products/---brother-hl-3150cdn,0,0.87
https://mahamprint.com/product/134/%D9%BE%D8%B1%DB%8C%D9%86%D8%AA%D8%B1-%DA%86%D9%86%D8%AF-%DA%A9%D8%A7%D8%B1%D9%87-%D9%84%DB%8C%D8%B2%D8%B1%DB%8C-%D8%A8%D8%B1%D9%86%D8%AF-BROTHER-L2540DW,2,4,6,404,,0,0.95
https://mahamprint.com/products/---hp-officejet-7000,2,4,5.25,200,https://mahamprint.com/products/---hp-officejet-7000,0,0.86
https://mahamprint.com/products/--dtech-600,2,4,6,200,https://mahamprint.com/products/--dtech-600,0,1.23
https://mahamprint.com/products/--zkteco-vf600,2,4,5.25,200,https://mahamprint.com/products/--zkteco-vf600,0,1.15
https://mahamprint.com/product/1029/%D9%85%D8%A7%D8%B4%DB%8C%D9%86-%D8%AD%D8%B3%D8%A7%D8%A8-Citizen-SDC-435N,1,4,5.25,404,,0,1.35
https://mahamprint.com/products/-hp-651a,2,4,5.75,200,https://mahamprint.com/products/-hp-651a,0,1.51
https://mahamprint.com/product/196/%D9%BE%D8%B1%DB%8C%D9%86%D8%AA%D8%B1-%D9%84%DB%8C%D8%B2%D8%B1%DB%8C-%DA%86%D9%87%D8%A7%D8%B1%DA%A9%D8%A7%D8%B1%D9%87-%D8%A8%D8%B1%D9%86%D8%AF-HP-M277DW,1,4,7.5,404,,0,1.4
https://mahamprint.com/product/2025/%D9%88%DB%8C%D8%AF%D8%A6%D9%88-%D9%BE%D8%B1%D9%88%DA%98%DA%A9%D8%AA%D9%88%D8%B1-OPTOMA-X371,1,4,11.25,404,,0,1.42
https://mahamprint.com/product/2161/%D8%A8%D9%88%D8%B4-%D8%AE%D8%B1%DA%AF%D9%88%D8%B4%DB%8C-%D9%BE%D8%B1%DB%8C%D9%86%D8%AA%D8%B1-%D8%A8%D8%B1%D9%86%D8%AF-EPSON-%D9%85%D8%AF%D9%84-LQ-2180,1,4,6.5,404,,0,1.24
https://mahamprint.com/product/2367/%DA%86%D8%B1%D8%AE-%D8%AF%D9%86%D8%AF%D9%87-%D8%AF%D9%88%D9%84%D9%88%D9%BE%D8%B1-toshiba-%D8%AF%D9%88-%D8%B4%D8%A7%D8%AE-E-S-166,1,4,3.5,404,,0,1.24
https://mahamprint.com/product/2606/%D9%BE%D8%B1%DB%8C%D9%86%D8%AA%D8%B1-%D8%B3%D9%87-%DA%A9%D8%A7%D8%B1%D9%87-%D8%B1%D9%86%DA%AF%DB%8C-281cdw-hp,1,4,5.75,404,,0,0.92
https://mahamprint.com/product/2695/%D9%BE%D8%B1%DB%8C%D9%86%D8%AA%D8%B1-%D8%AA%DA%A9-%DA%A9%D8%A7%D8%B1%D9%87-%D9%84%DB%8C%D8%B2%D8%B1%DB%8C-canon-LBP233dw,1,4,6.75,404,,0,1.13
https://mahamprint.com/product/88/%D9%BE%D8%B1%DB%8C%D9%86%D8%AA%D8%B1-%D9%84%DB%8C%D8%B2%D8%B1%DB%8C-%D8%AA%DA%A9-%DA%A9%D8%A7%D8%B1%D9%87-HP-1025NW,1,4,12.75,404,,0,1.06
https://mahamprint.com/product/401/%D8%A7%D8%B3%DA%A9%D9%86%D8%B1-Canon-LIDE300,1,4,4.75,404,,0,1.31
https://mahamprint.com/products/-------grandmi----mi-l1200,1,4,13.25,200,https://mahamprint.com/products/-------grandmi----mi-l1200,0,0.77
https://mahamprint.com/products/-------31-21,1,4,7.75,200,https://mahamprint.com/products/-------31-21,0,1.07
https://mahamprint.com/products/-----20-40,1,4,9.5,200,https://mahamprint.com/products/-----20-40,0,1.05
https://mahamprint.com/products/-----hp--p3015,1,4,5.75,200,https://mahamprint.com/products/-----hp--p3015,0,1.2
https://mahamprint.com/products/----1054-1052,1,4,6.5,200,https://mahamprint.com/products/----1054-1052,0,1.33
https://mahamprint.com/products/----epson--m15140,1,4,7.75,200,https://mahamprint.com/products/----epson--m15140,0,1.33
https://mahamprint.com/products/----canon-mf411dw,1,4,5.75,200,https://mahamprint.com/products/----canon-mf411dw,0,1.41
https://mahamprint.com/products/----m1522nf,1,4,6,200,https://mahamprint.com/products/----m1522nf,0,1.77
https://mahamprint.com/products/---ax-2000,1,4,7,200,https://mahamprint.com/products/---ax-2000,0,1.74
https://mahamprint.com/products/---canon--lbp214dw,1,4,5.5,200,https://mahamprint.com/products/---canon--lbp214dw,0,1.72
https://mahamprint.com/products/--epson-lq-350,1,4,17.25,200,https://mahamprint.com/products/--epson-lq-350,0,1.63
https://mahamprint.com/products/---epson-tx400,1,4,10.25,200,https://mahamprint.com/products/---epson-tx400,0,1.8
https://mahamprint.com/products/--nikita-ld-4000,1,4,6.5,200,https://mahamprint.com/products/--nikita-ld-4000,0,1.7
https://mahamprint.com/products/--oscar-os-60-lbw,1,4,7.75,200,https://mahamprint.com/products/--oscar-os-60-lbw,0,1.95
https://mahamprint.com/products/--zec-c200l,1,4,6.75,200,https://mahamprint.com/products/--zec-c200l,0,1.64
https://mahamprint.com/products/-avision-fb6280e,1,4,5.75,200,https://mahamprint.com/products/-avision-fb6280e,0,1.62
https://mahamprint.com/products/-cs610-pro-hp,1,4,1,404,,0,1.74
https://mahamprint.com/products/-sharp-mx-238ft,1,4,5.5,200,https://mahamprint.com/products/-sharp-mx-238ft,0,1.66
https://mahamprint.com/products/-hp-564-cmyk,1,4,5.25,200,https://mahamprint.com/products/-hp-564-cmyk,0,1.78
https://mahamprint.com/brand/62,0,4,6.5,404,,0,1.52
https://mahamprint.com/brands/mehr,0,4,1.75,200,https://mahamprint.com/brands/mehr,0,1.54
https://mahamprint.com/categories/-,0,4,3.5,200,https://mahamprint.com/categories/-,0,1.53
https://mahamprint.com/category/102/%D8%B1%D9%86%DA%AF%DB%8C,0,4,5,404,,0,1.45
https://mahamprint.com/categories/store-and-banking-equipment,0,4,3.25,200,https://mahamprint.com/categories/store-and-banking-equipment,0,1.56
https://mahamprint.com/index.php?productID=174,0,4,7.25,404,,0,1.52
https://mahamprint.com/index.php?productID=2923,0,4,9.25,404,,0,1.24
https://mahamprint.com/index.php?productID=2948,0,4,5.25,404,,0,1.21
https://mahamprint.com/index.php?productID=2990,0,4,6.75,404,,0,1.05
https://mahamprint.com/index.php?productID=3066,0,4,6.75,404,,0,1.08
https://mahamprint.com/index.php?productID=886,0,4,13.25,404,,0,0.99
https://mahamprint.com/index.php?productID=3068,0,4,7.25,404,,0,1.05
https://mahamprint.com/mag/--2,0,4,9,200,https://mahamprint.com/mag/--2,0,0.88
https://mahamprint.com/mag/%D9%86%D9%88%DA%A9%DB%8C%D8%A7-G300-%D8%A7%D8%B1%D8%B2%D8%A7%D9%86-%D8%AA%D8%B1%DB%8C%D9%86-%DA%AF%D9%88%D8%B4%DB%8C-%D9%87%D9%88%D8%B4%D9%85%D9%86%D8%AF-5G-%D9%86%D9%88%DA%A9%DB%8C%D8%A7-%D8%A8%D8%A7-%D9%82%DB%8C%D9%85%D8%AA-%DB%B2%DB%B0%DB%B0-%D8%AF%D9%84%D8%A7%D8%B1-%D9%85%D8%B9%D8%B1%D9%81%DB%8C-%D8%B4%D8%AF,0,4,10,404,,0,0.93
https://mahamprint.com/page/21/%D9%BE%D8%B4%D8%AA%DB%8C%D8%A8%D8%A7%D9%86%DB%8C-%D9%88-%D8%AE%D8%AF%D9%85%D8%A7%D8%AA-%D9%BE%D8%B3-%D8%A7%D8%B2-%D9%81%D8%B1%D9%88%D8%B4,0,4,81.5,404,,0,0.98
https://mahamprint.com/product/1221/%D8%AF%DB%8C%D8%AA%D8%A7-%D9%88%DB%8C%D8%AF%D8%A6%D9%88-%D9%BE%D8%B1%D9%88%DA%98%DA%A9%D8%AA%D9%88%D8%B1-PANASONIC-PT-EX620,0,4,41.25,404,,0,1.15
https://mahamprint.com/product/1185/%DA%A9%D9%86%D8%B3%D9%88%D9%84-%D8%A8%D8%A7%D8%B2%DB%8C-sony-Playstation-4-%E2%80%93-500GB,0,4,46.25,404,,0,1.25
https://mahamprint.com/product/1215/%D9%BE%D8%B1%D8%AF%D9%87-%D9%86%D9%85%D8%A7%DB%8C%D8%B4-%D8%AF%D8%B3%D8%AA%DB%8C-%D9%BE%D8%B1%D9%88%DA%98%DA%A9%D8%AA%D9%88%D8%B1-%D8%A7%D8%B3%DA%A9%D9%88%D9%BE180x180-CM,0,4,6.75,404,,0,1.24
https://mahamprint.com/product/1268/%D9%88%DB%8C%D8%AF%D8%A6%D9%88-%D9%BE%D8%B1%D9%88%DA%98%DA%A9%D8%AA%D9%88%D8%B1-VIEWSONIC-Pro8510L,0,4,7,404,,0,1.21
https://mahamprint.com/product/1290/%D8%AF%DB%8C%D8%AA%D8%A7-%D9%88%DB%8C%D8%AF%D8%A6%D9%88-%D9%BE%D8%B1%D9%88%DA%98%DA%A9%D8%AA%D9%88%D8%B1-Optoma-M565S,0,4,8.75,404,,0,1.28
https://mahamprint.com/product/1403/%D8%AA%D9%88%D9%86%D8%B1-Epson-296-Black,0,4,5.75,404,,0,1.08
https://mahamprint.com/product/1405/%D8%AA%D9%88%D9%86%D8%B1-Epson-220-Magenta,0,4,5.25,404,,0,0.82
https://mahamprint.com/product/1471/%D8%AA%D9%88%D9%86%D8%B1-%DA%A9%D8%A7%D8%B1%D8%AA%D8%B1%DB%8C%D8%AC-CANON-715,0,4,12.25,404,,0,0.83
https://mahamprint.com/product/161/%D9%BE%D8%B1%DB%8C%D9%86%D8%AA%D8%B1-%D8%AA%DA%A9-%DA%A9%D8%A7%D8%B1%D9%87-%D9%84%DB%8C%D8%B2%D8%B1%DB%8C-%D8%A8%D8%B1%D9%86%D8%AF-HP-M203DN,0,4,11,404,,0,0.84
https://mahamprint.com/product/1631/%D9%81%DA%A9%D8%B3-panasonic-FP-701CX,0,4,11.75,404,,0,0.73
https://mahamprint.com/product/163/%D9%BE%D8%B1%DB%8C%D9%86%D8%AA%D8%B1-%D8%AA%DA%A9-%DA%A9%D8%A7%D8%B1%D9%87-%D9%84%DB%8C%D8%B2%D8%B1%DB%8C-%D8%A8%D8%B1%D9%86%D8%AF-HP-M401D,0,4,8.5,404,,0,0.94
https://mahamprint.com/product/1654/%D9%BE%D8%B1%DB%8C%D9%86%D8%AA%D8%B1%D8%AA%DA%A9-%DA%A9%D8%A7%D8%B1%D9%87-%D9%84%DB%8C%D8%B2%D8%B1%DB%8C-HP-M554DN,0,4,7.25,404,,0,0.84
https://mahamprint.com/product/1688/%D9%BE%D8%B1%DB%8C%D9%86%D8%AA%D8%B1-%D9%84%DB%8C%D8%B2%D8%B1%DB%8C-%D8%AA%DA%A9-%DA%A9%D8%A7%D8%B1%D9%87-BROTHER-6180DW,0,4,7.25,404,,0,0.73
https://mahamprint.com/product/1702/%D8%AF%D8%B3%D8%AA%DA%AF%D8%A7%D9%87-%D9%81%DA%A9%D8%B3-PANASONIC-365,0,4,8.5,404,,0,0.92
https://mahamprint.com/product/1710/%D8%B1%DB%8C%D8%A8%D9%88%D9%86-Wax-Resin-110-75,0,4,18.25,404,,0,1.0
https://mahamprint.com/product/1725/%D8%B1%DB%8C%D8%A8%D9%88%D9%86-%D8%B1%D9%86%DA%AF%DB%8C-200-%D8%B9%DA%A9%D8%B3-Evolis-R3011-%D8%A7%D9%88%D8%B1%D8%AC%DB%8C%D9%86%D8%A7%D9%84,0,4,34.25,404,,0,0.87
https://mahamprint.com/product/1743/%D8%B1%DB%8C%D8%A8%D9%88%D9%86-%D8%B1%D9%86%DA%AF-%D9%85%D8%B4%DA%A9%DB%8C-%D9%87%D8%A7%DB%8C%D8%AA%DB%8C-Hiti-CS-2-Black-1000-Prints-%D8%A7%D9%88%D8%B1%D8%AC%DB%8C%D9%86%D8%A7%D9%84,0,4,7,404,,0,0.8
https://mahamprint.com/product/1748/%D8%B1%DB%8C%D8%A8%D9%88%D9%86-Super-Resin-110%C3%97300-%D8%B3%D9%81%DB%8C%D8%AF,0,4,9.25,404,,0,0.8
https://mahamprint.com/product/177/%D9%BE%D8%B1%DB%8C%D9%86%D8%AA%D8%B1%DA%86%D9%86%D8%AF-%DA%A9%D8%A7%D8%B1%D9%87-%D8%A8%D8%B1%D9%86%D8%AF-HP-%D9%85%D8%AF%D9%84-M630H,0,4,6.75,404,,0,1.1
https://mahamprint.com/product/1862/%D9%84%DB%8C%D8%A8%D9%84-%D8%A8%D8%B1%DA%86%D8%B3%D8%A8-%DA%A9%D8%A7%D8%BA%D8%B0%DB%8C-%D8%AA%DA%A9-%D8%B1%D8%AF%DB%8C%D9%81%D9%87-30-45,0,4,9.25,404,,0,0.96
https://mahamprint.com/product/2110/%D8%AF%D8%B1%D8%A7%D9%85-%DA%A9%D8%A7%D8%B1%D8%AA%D8%B1%DB%8C%D8%AC-HP-201A-Drum,0,4,17.75,404,,0,0.85
https://mahamprint.com/product/1943/%D9%86%D9%88%D8%A7%D8%B1-%D9%84%DB%8C%D8%A8%D9%84-%D9%BE%D8%B1%DB%8C%D9%86%D8%AA%D8%B1-brother-TZE-661-%D8%BA%DB%8C%D8%B1-%D8%A7%D9%88%D8%B1%D8%AC%DB%8C%D9%86%D8%A7%D9%84,0,4,4.5,404,,0,1.03
https://mahamprint.com/product/1848/%D9%84%DB%8C%D8%A8%D9%84-%D8%A8%D8%B1%DA%86%D8%B3%D8%A8-%D8%AD%D8%B1%D8%A7%D8%B1%D8%AA%DB%8C-%D8%AA%DA%A9-%D8%B1%D8%AF%DB%8C%D9%81%D9%87-40%C3%9757,0,4,49.5,404,,0,1.28
https://mahamprint.com/product/206/%D9%BE%D8%B1%DB%8C%D9%86%D8%AA%D8%B1-%D9%84%DB%8C%D8%B2%D8%B1%DB%8C-HP-M180N,0,4,11.5,404,,0,1.07
https://mahamprint.com/product/2182/%D8%A8%D9%88%D8%B4-%D8%B3%D8%B1-%D8%AF%D8%B1%D8%A7%D9%85-Sharp-AR-350450,0,4,6.5,404,,0,0.92
https://mahamprint.com/product/2222/%D9%81%DB%8C%D9%84%D9%85-%D9%81%DB%8C%D9%88%D8%B2%DB%8C%D9%86%DA%AF-%D8%BA%DB%8C%D8%B1-%D8%A7%D9%88%D8%B1%D8%AC%DB%8C%D9%86%D8%A7%D9%84-hp-P2035,0,4,12.75,404,,0,0.96
https://mahamprint.com/product/2310/%D8%B1%D9%88%D9%84-%D9%BE%D8%B1%D8%B3-Ricoh-SP4510,0,4,17.25,404,,0,0.91
https://mahamprint.com/product/2353/%DA%86%D8%B1%D8%AE-%D8%AF%D9%86%D8%AF%D9%87-%D8%B3%D8%B1-%D8%BA%D9%84%D8%AA%DA%A9-%D8%AA%D8%B1%D8%A7%D9%86%D8%B3%D9%81%D8%B1-%D9%85%D8%AF%D9%84-sharp-MX-3500,0,4,11.5,404,,0,0.87
https://mahamprint.com/product/2373/%DA%86%D8%B1%D8%AE-%D8%AF%D9%86%D8%AF%D9%87-%D8%AF%D8%B1%D8%A7%DB%8C%D9%88-%D9%85%D8%AD%D8%B1%DA%A9-%D9%87%DB%8C%D8%AA%D8%B1-%D8%AE%D8%A7%D8%B1%D8%AC%DB%8C-3%D9%BE%D9%84%D9%87-toshiba-E-S166,0,4,4.75,404,,0,0.85
https://mahamprint.com/product/2421/%D8%B3%D9%BE%D8%B1%DB%8C%D8%B4%D9%86-%D8%B1%D9%88%D9%84%D8%B1-Ricoh-AF-1060,0,4,6.25,404,,0,0.84
https://mahamprint.com/product/2499/%D9%88%DB%8C%D8%AF%D8%A6%D9%88-%D9%BE%D8%B1%DA%98%DA%A9%D8%AA%D9%88%D8%B1-optoma-hd146x,0,4,9.75,404,,0,0.92
https://mahamprint.com/product/2569/%D9%87%D9%84%DB%8C-%D8%B4%D8%A7%D8%AA-DJI-%D9%85%D8%AF%D9%84-mavic-air-2,0,4,9.25,404,,0,0.84
https://mahamprint.com/product/2578/%D9%87%D9%84%DB%8C-%D8%B4%D8%A7%D8%AA-DJI-%D9%85%D8%AF%D9%84-MINI-2,0,4,20.25,404,,0,0.85
https://mahamprint.com/product/2797/%D9%84%D9%BE-%D8%AA%D8%A7%D9%BE-asus-G513RW-R9-6900HX,0,4,8,404,,0,0.81
https://mahamprint.com/product/2621/%D8%A7%DB%8C%D8%B1%D9%BE%D8%A7%D8%AF-Airpods-3,0,4,5.5,404,,0,0.9
https://mahamprint.com/product/2641/%D9%84%D9%BE-%D8%AA%D8%A7%D9%BE-%D9%85%D8%AF%D9%84-ASUS-R528EP-I5-1135G7-8G-512SSD,0,4,11,404,,0,0.9
https://mahamprint.com/product/2839/%D9%BE%D8%B1%D8%AF%D9%87-%D9%86%D9%85%D8%A7%DB%8C%D8%B4-%D9%82%D9%87%D9%88%D9%87-%D8%A7%DB%8C-%D8%A8%D8%B1%D9%82%DB%8C-%D9%85%D8%AF%D9%84-CS250AU,0,4,4,404,,0,0.73
https://mahamprint.com/product/2816/%D9%BE%D8%B1%D8%AF%D9%87-%D9%86%D9%85%D8%A7%DB%8C%D8%B4-%D9%85%D8%B4%DA%A9%DB%8C-%D8%AF%D8%B3%D8%AA%DB%8C-%D9%85%D8%AF%D9%84-CSB300M,0,4,5.75,404,,0,0.98
https://mahamprint.com/product/3039/%D9%81%DB%8C%D8%B4-%20%D9%BE%D8%B1%DB%8C%D9%86%D8%AA%D8%B1%20-%D8%B3%DB%8C-%20%D8%A8%D9%88%D9%86-%20B826BW,0,4,7.5,404,,0,0.84
https://mahamprint.com/product/295/%D9%BE%D8%B1%DB%8C%D9%86%D8%AA%D8%B1-%D9%84%DB%8C%D8%B2%D8%B1%DB%8C-HP-MFP-M135A,0,4,4.75,404,,0,0.94
https://mahamprint.com/product/3059/%D9%BE%D8%B1%DB%8C%D9%86%D8%AA%D8%B1-%20%D8%AA%DA%A9%20-%DA%A9%D8%A7%D8%B1%D9%87%20-%D8%AC%D9%88%D9%87%D8%B1%D8%A7%D9%81%D8%B4%D8%A7%D9%86-%20EPSON%20-L11050,0,4,7.75,404,,0,0.89
https://mahamprint.com/product/3120/%D9%BE%D8%B1%DB%8C%D9%86%D8%AA%D8%B1%D8%AA%DA%A9-%20%DA%A9%D8%A7%D8%B1%D9%87%20-%D9%84%DB%8C%D8%B2%D8%B1%DB%8C%20-HP-%20M452DW,0,4,16,404,,0,0.9
https://mahamprint.com/product/3124/%DA%A9%D8%A7%D8%BA%D8%B0-%20%D8%AE%D8%B1%D8%AF-%20%DA%A9%D9%86%20-HSM-%20B22,0,4,6.5,404,,0,1.08
https://mahamprint.com/product/521/%D8%AA%D8%B3%D8%AA-%D8%A7%D8%B3%DA%A9%D9%86%D8%A7%D8%B3-Protech-PBD-10s-Plus,0,4,6,404,,0,0.92
https://mahamprint.com/product/544/%D9%84%DB%8C%D8%A8%D9%84-%D9%BE%D8%B1%DB%8C%D9%86%D8%AA%D8%B1-MEVA-MBP4300,0,4,12.5,404,,0,0.9
https://mahamprint.com/product/391/%D8%A7%D8%B3%DA%A9%D9%86%D8%B1-HP-4500-Fn1,0,4,11.75,404,,0,1.06
https://mahamprint.com/product/370/%D9%BE%D8%B1%DB%8C%D9%86%D8%AA%D8%B1-%DA%86%D9%86%D8%AF%DA%A9%D8%A7%D8%B1%D9%87-%D9%84%DB%8C%D8%B2%D8%B1%DB%8C-%D8%A7%DA%86-%D9%BE%DB%8C-M283fdw,0,4,10.75,404,,0,1.22
https://mahamprint.com/product/613/%D8%B5%D9%86%D8%AF%D9%88%D9%82-%D9%81%D8%B1%D9%88%D8%B4%DA%AF%D8%A7%D9%87%DB%8C-Posiflex-KS-7215,0,4,27.25,404,,0,1.01
https://mahamprint.com/product/639/%D8%AF%D8%B3%D8%AA%DA%AF%D8%A7%D9%87-%D8%AD%D8%B6%D9%88%D8%B1%D9%88%D8%BA%DB%8C%D8%A7%D8%A8-ZKTeco-MB-201,0,4,7.5,404,,0,0.85
https://mahamprint.com/product/678/%DA%A9%D8%A7%D8%BA%D8%B0-%D8%AE%D8%B1%D8%AF%DA%A9%D9%86-Fellowes-500C,0,4,7.5,404,,0,0.83
https://mahamprint.com/product/642/%D8%AF%D8%B3%D8%AA%DA%AF%DB%8C%D8%B1%D9%87-%D9%87%D9%88%D8%B4%D9%85%D9%86%D8%AF-ZKTeco-L9000L,0,4,6.75,404,,0,0.88
https://mahamprint.com/product/752/%DA%A9%D8%A7%D8%BA%D8%B0-%D8%AE%D8%B1%D8%AF%DA%A9%D9%86-Kobra-400-WD,0,4,16.25,404,,0,0.82
https://mahamprint.com/product/686/%DA%A9%D8%A7%D8%BA%D8%B0-%D8%AE%D8%B1%D8%AF%DA%A9%D9%86-Fellowes-DS-1,0,4,5.25,404,,0,0.93
https://mahamprint.com/products/---------canon--mf656cdw,0,4,7,200,https://mahamprint.com/products/---------canon--mf656cdw,0,0.87
https://mahamprint.com/products/--------epson--l11050,0,4,8.5,200,https://mahamprint.com/products/--------epson--l11050,0,0.81
https://mahamprint.com/products/-----hp-m454dn,0,4,6.25,200,https://mahamprint.com/products/-----hp-m454dn,0,0.91
https://mahamprint.com/products/-----canon--lbp223dw,0,4,11.5,200,https://mahamprint.com/products/-----canon--lbp223dw,0,0.96
https://mahamprint.com/products/-----202-hp,0,4,9,200,https://mahamprint.com/products/-----202-hp,0,1.26
https://mahamprint.com/products/-----31-21,0,4,11,200,https://mahamprint.com/products/-----31-21,0,1.78
https://mahamprint.com/products/-----8-80-,0,4,7.75,200,https://mahamprint.com/products/-----8-80-,0,1.87
https://mahamprint.com/products/-----metal-label-50-100,0,4,6.25,200,https://mahamprint.com/products/-----metal-label-50-100,0,1.7
https://mahamprint.com/products/-----tze-431,0,4,6.25,200,https://mahamprint.com/products/-----tze-431,0,1.6
https://mahamprint.com/products/-----tze-223--,0,4,4.5,200,https://mahamprint.com/products/-----tze-223--,0,1.64
https://mahamprint.com/products/----1010-hp,0,4,6.25,200,https://mahamprint.com/products/----1010-hp,0,1.67
https://mahamprint.com/products/----epson-ecotank-l3118,0,4,4.25,200,https://mahamprint.com/products/----epson-ecotank-l3118,0,1.57
https://mahamprint.com/products/----canon-lbp233dw,0,4,8.5,200,https://mahamprint.com/products/----canon-lbp233dw,0,1.74
https://mahamprint.com/products/----epson-l3211,0,4,6.25,200,https://mahamprint.com/products/----epson-l3211,0,1.79
https://mahamprint.com/products/----epson-lq2180,0,4,6.5,200,https://mahamprint.com/products/----epson-lq2180,0,1.7
https://mahamprint.com/products/----hp-m1212nf,0,4,7.25,200,https://mahamprint.com/products/----hp-m1212nf,0,2.05
https://mahamprint.com/products/----hp-m630z,0,4,5,200,https://mahamprint.com/products/----hp-m630z,0,1.67
https://mahamprint.com/products/----hp-601n,0,4,8,200,https://mahamprint.com/products/----hp-601n,0,2.46
https://mahamprint.com/products/----ricoh--aficio-mp-4000,0,4,10,200,https://mahamprint.com/products/----ricoh--aficio-mp-4000,0,1.9
https://mahamprint.com/products/----sharp--bp-x240,0,4,13.75,200,https://mahamprint.com/products/----sharp--bp-x240,0,1.77
https://mahamprint.com/products/----sharp-ar-5316,0,4,7.25,200,https://mahamprint.com/products/----sharp-ar-5316,0,1.71
https://mahamprint.com/products/---ar-420,0,4,8.25,200,https://mahamprint.com/products/---ar-420,0,1.66
https://mahamprint.com/products/---brother-tze-735--,0,4,4.25,200,https://mahamprint.com/products/---brother-tze-735--,0,1.46
https://mahamprint.com/products/---brother--dcp-8110dn,0,4,6.5,200,https://mahamprint.com/products/---brother--dcp-8110dn,0,1.78
https://mahamprint.com/products/---epson-15150,0,4,6.5,200,https://mahamprint.com/products/---epson-15150,0,1.75
https://mahamprint.com/products/---epson-eh-tw5650,0,4,7.25,200,https://mahamprint.com/products/---epson-eh-tw5650,0,1.61
https://mahamprint.com/products/---epson-r240,0,4,8.75,200,https://mahamprint.com/products/---epson-r240,0,1.62
https://mahamprint.com/products/---hp-m527z,0,4,7,200,https://mahamprint.com/products/---hp-m527z,0,1.71
https://mahamprint.com/products/---hp-m507dn,0,4,7.25,200,https://mahamprint.com/products/---hp-m507dn,0,1.75
https://mahamprint.com/products/---hp-m552dn,0,4,8.25,200,https://mahamprint.com/products/---hp-m552dn,0,1.7
https://mahamprint.com/products/---kodak--max-super,0,4,7.75,200,https://mahamprint.com/products/---kodak--max-super,0,1.84
https://mahamprint.com/products/---mfc-j3930dw,0,4,10.75,200,https://mahamprint.com/products/---mfc-j3930dw,0,1.7
https://mahamprint.com/products/---samsung-1kg,0,4,4.25,200,https://mahamprint.com/products/---samsung-1kg,0,1.72
https://mahamprint.com/products/---sharp-ar5516-x180,0,4,9.25,200,https://mahamprint.com/products/---sharp-ar5516-x180,0,1.62
https://mahamprint.com/products/---xbox-360-e-500gb,0,4,6.5,200,https://mahamprint.com/products/---xbox-360-e-500gb,0,1.63
https://mahamprint.com/products/--canon-1120,0,4,4.5,200,https://mahamprint.com/products/--canon-1120,0,1.64
https://mahamprint.com/products/--canon-054,0,4,6,200,https://mahamprint.com/products/--canon-054,0,2.26
https://mahamprint.com/products/--canon-2204n,0,4,7,200,https://mahamprint.com/products/--canon-2204n,0,1.88
https://mahamprint.com/products/--casio-fx-350-gc,0,4,7.5,200,https://mahamprint.com/products/--casio-fx-350-gc,0,1.82
https://mahamprint.com/products/--galaxy-s20-fe,0,4,7.5,200,https://mahamprint.com/products/--galaxy-s20-fe,0,1.75
https://mahamprint.com/products/--e-banking-tech-eb-300-uv,0,4,7.25,200,https://mahamprint.com/products/--e-banking-tech-eb-300-uv,0,1.8
https://mahamprint.com/products/--hp-1-kg,0,4,8.75,200,https://mahamprint.com/products/--hp-1-kg,0,1.7
https://mahamprint.com/products/--hp-5500-drum,0,4,4.5,200,https://mahamprint.com/products/--hp-5500-drum,0,1.66
https://mahamprint.com/products/--mehr-mm-250,0,4,4.5,200,https://mahamprint.com/products/--mehr-mm-250,0,1.49
https://mahamprint.com/products/--magner-95,0,4,7.75,200,https://mahamprint.com/products/--magner-95,0,1.67
https://mahamprint.com/products/--newland--hr-1250,0,4,3.75,200,https://mahamprint.com/products/--newland--hr-1250,0,1.66
https://mahamprint.com/products/--remo-c-1100,0,4,8.25,200,https://mahamprint.com/products/--remo-c-1100,0,1.66
https://mahamprint.com/products/--remo-c-2100,0,4,5.75,200,https://mahamprint.com/products/--remo-c-2100,0,1.56
https://mahamprint.com/products/--sharp-mx-2314n,0,4,6.5,200,https://mahamprint.com/products/--sharp-mx-2314n,0,1.69
https://mahamprint.com/products/--toshiba-e-studio-6508a,0,4,13.25,200,https://mahamprint.com/products/--toshiba-e-studio-6508a,0,1.76
https://mahamprint.com/products/--sharp-mx-452,0,4,7.75,200,https://mahamprint.com/products/--sharp-mx-452,0,1.84
https://mahamprint.com/products/--toshiba-e355-455,0,4,8.25,200,https://mahamprint.com/products/--toshiba-e355-455,0,1.74
https://mahamprint.com/products/--zebra-zt230,0,4,9.25,200,https://mahamprint.com/products/--zebra-zt230,0,1.85
https://mahamprint.com/products/--zebra-zt411-203dpi,0,4,10.5,200,https://mahamprint.com/products/--zebra-zt411-203dpi,0,1.73
https://mahamprint.com/products/-a4-double-a,0,4,8.25,200,https://mahamprint.com/products/-a4-double-a,0,1.68
https://mahamprint.com/products/-epson-ds-1660w,0,4,5.25,200,https://mahamprint.com/products/-epson-ds-1660w,0,1.65
https://mahamprint.com/products/-canon-303,0,4,8.25,200,https://mahamprint.com/products/-canon-303,0,1.76
https://mahamprint.com/products/-epson-xp-55,0,4,11.25,200,https://mahamprint.com/products/-epson-xp-55,0,1.72
https://mahamprint.com/products/-hp-1000w,0,4,4.5,200,https://mahamprint.com/products/-hp-1000w,0,1.6
https://mahamprint.com/products/-hp-1320,0,4,5.75,200,https://mahamprint.com/products/-hp-1320,0,1.84
https://mahamprint.com/products/-hp-410a,0,4,16.5,200,https://mahamprint.com/products/-hp-410a,0,1.71
https://mahamprint.com/products/-hp-59a,0,4,8.5,200,https://mahamprint.com/products/-hp-59a,0,1.69
https://mahamprint.com/products/-hp-82-cmyk,0,4,6.5,200,https://mahamprint.com/products/-hp-82-cmyk,0,1.64
https://mahamprint.com/products/-samsung-mlt-d707,0,4,6.25,200,https://mahamprint.com/products/-samsung-mlt-d707,0,1.56
https://mahamprint.com/products/-samsung-mlt-d111s,0,4,8.5,200,https://mahamprint.com/products/-samsung-mlt-d111s,0,1.6
https://mahamprint.com/products/-sharp--ar-m420u,0,4,10,200,https://mahamprint.com/products/-sharp--ar-m420u,0,1.63
https://mahamprint.com/products/-wax-resin-60-75,0,4,16,200,https://mahamprint.com/products/-wax-resin-60-75,0,1.61
https://mahamprint.com/products/1215-hp-printer-pickup,0,4,7.5,200,https://mahamprint.com/products/1215-hp-printer-pickup,0,1.85
https://mahamprint.com/products/i-sensys-mf744cdw,0,4,6.25,200,https://mahamprint.com/products/i-sensys-mf744cdw,0,1.97
https://mahamprint.com/tag/102/%D9%BE%D8%B1%DB%8C%D9%86%D8%AA%D8%B1-%DA%A9%D8%A7%D9%86%D9%86,0,4,62.5,404,,0,1.93
https://mahamprint.com/tag/136/%D9%BE%D8%B1%DB%8C%D9%86%D8%AA%D8%B1-%D8%A7%D8%AF%D8%A7%D8%B1%DB%8C,0,4,9.75,404,,0,2.05
https://mahamprint.com/tag/186/%D8%AE%D8%B1%DB%8C%D8%AF-%D9%BE%D8%B1%DB%8C%D9%86%D8%AA%D8%B1-%D8%A7%D8%B1%D8%B2%D8%A7%D9%86-%D9%82%DB%8C%D9%85%D8%AA,0,4,24,404,,0,2.4
https://mahamprint.com/tag/2062/vdkjv-gdcvd-h%5D-d,0,4,9.25,404,,0,3.05
https://mahamprint.com/tag/2295/VDKJ,0,4,4.5,404,,0,3.72
https://mahamprint.com/tag/2124/vdkjv-vhnv,0,4,25,404,,0,3.88
https://mahamprint.com/tag/2368/nsjhi-d,0,4,5.5,404,,0,4.0
https://mahamprint.com/tag/2383/nvhl-%D8%A7%D8%AD,0,4,7.25,404,,0,3.94
https://mahamprint.com/tag/2406/%D8%B1%D9%88%D9%84-%D9%BE%D8%B1%D8%B3-hp,0,4,37.5,404,,0,3.02
https://mahamprint.com/tag/3038/%D9%BE%D8%B1%DB%8C%D9%86%D8%AA%D8%B1-%D8%A7-%D9%BE%DB%8C,0,4,1,404,,0,2.37
https://mahamprint.com/tag/3158/%D8%B1%DB%8C%D8%A8%D9%88%D9%86-%D8%A7%D8%B3%D9%85%D8%A7%D8%B1%D8%AA,0,4,21.5,404,,0,1.15
https://mahamprint.com/tag/3076/%D8%A8%D8%B1%D8%AF-%D9%BE%D8%A7%D9%88%D8%B1-hp,0,4,8,404,,0,1.23
https://mahamprint.com/tag/3168/%D8%B1%DB%8C%D8%A8%D9%88%D9%86-%D8%B2%D8%A8%D8%B1%D8%A7,0,4,10.75,404,,0,0.71
https://mahamprint.com/products/----hp-m402dn,2,3,10.333333333333334,200,https://mahamprint.com/products/----hp-m402dn,0,0.82
https://mahamprint.com/products/---50-25,2,3,5.666666666666667,200,https://mahamprint.com/products/---50-25,0,0.8
https://mahamprint.com/products/--sharp-mx61gt,2,3,2.333333333333333,200,https://mahamprint.com/products/--sharp-mx61gt,0,1.18
https://mahamprint.com/category/148/%DA%A9%D8%A7%D9%84%D8%A7%D9%87%D8%A7%DB%8C-%D8%A7%D8%B3%D8%AA%D9%88%DA%A9,1,3,18.333333333333332,404,,0,1.22
https://mahamprint.com/product/1435/%D8%AA%D9%88%D9%86%D8%B1-%DA%A9%D8%A7%D8%B1%D8%AA%D8%B1%DB%8C%D8%AC-Epson-T060-CMYK,1,3,5.666666666666667,404,,0,1.24
https://mahamprint.com/product/1559/%D8%AA%D9%88%D9%86%D8%B1-HP-79A,1,3,8.666666666666668,404,,0,1.28
https://mahamprint.com/product/1651/%D9%BE%D8%B1%DB%8C%D9%86%D8%AA%D8%B1-%D8%AA%DA%A9-%DA%A9%D8%A7%D8%B1%D9%87-%D9%84%DB%8C%D8%B2%D8%B1%DB%8C-%D8%A8%D8%B1%D9%86%D8%AF-HP-M608X,1,3,18,404,,0,1.27
https://mahamprint.com/product/1953/%D9%86%D9%88%D8%A7%D8%B1-%D9%84%DB%8C%D8%A8%D9%84-%D9%BE%D8%B1%DB%8C%D9%86%D8%AA%D8%B1-brother-TZE-133-%D8%BA%DB%8C%D8%B1-%D8%A7%D9%88%D8%B1%D8%AC%DB%8C%D9%86%D8%A7%D9%84,1,3,5,404,,0,1.44
https://mahamprint.com/product/2077/%D8%A8%D8%B1%D8%AF-%D8%AA%D8%BA%D8%B0%DB%8C%D9%87-%D9%BE%D8%A7%D9%88%D8%B1-%D9%BE%D8%B1%DB%8C%D9%86%D8%AA%D8%B1wincor-4915,1,3,4.333333333333334,404,,0,1.16
https://mahamprint.com/product/2188/%D9%81%DB%8C%D8%AF%D8%B1-%D8%A7%D8%B3%D9%85%D8%A8%D9%84%DB%8C-%D9%85%D8%AF%D9%84-hp-mfp1522fn,1,3,4.666666666666666,404,,0,1.12
https://mahamprint.com/product/2298/%D8%B1%D9%88%D9%84-%D9%BE%D8%B1%D8%B3-%DA%A9%D9%88%D9%86%DB%8C%DA%A9%D8%A7-%D9%85%DB%8C%D9%86%D9%88%D9%84%D8%AA%D8%A7-Konica-Minolta-C350,1,3,4.666666666666666,404,,0,1.25
https://mahamprint.com/product/2357/%DA%86%D8%B1%D8%AE-%D8%B2%DB%8C%D8%B1%DB%8C%D9%86-%D8%B1%D8%A7%D8%A8%D8%B7-%D9%81%DB%8C%D9%88%D8%B2%DB%8C%D9%86%DA%AF-AR-122-203-%D9%81%D8%A7%D8%A8%D8%B1%DB%8C%DA%A9,1,3,5,404,,0,1.31
https://mahamprint.com/product/2361/%DA%A9%D9%88%D9%BE%D9%84%DB%8C%D9%86%DA%AF-%D8%AF%D8%B1%D8%A7%DB%8C%D9%88%D8%B1-%D8%A7%D8%B5%D9%84%DB%8C-%D8%A8%D8%B1%D9%86%D8%AF-%D8%AA%D9%88%D8%B4%DB%8C%D8%A8%D8%A7-E-S166,1,3,4.666666666666666,404,,0,1.35
https://mahamprint.com/product/2768/hard-hdd-wd-500-GB-16MB-blue,1,3,6.333333333333333,404,,0,1.31
https://mahamprint.com/product/2952/%D8%AF%D8%B3%D8%AA%DA%AF%D8%A7%D9%87-%DA%A9%D9%BE%DB%8C-%D8%B3%D9%87-%DA%A9%D8%A7%D8%B1%D9%87-%D8%A8%D8%B1%D9%86%D8%AF-TOSHIBA-%D9%85%D8%AF%D9%84-e-STUDIO-2329a,1,3,5.666666666666667,404,,0,1.27
https://mahamprint.com/product/3118/%D9%BE%D8%B1%DB%8C%D9%86%D8%AA%D8%B1%20-%D8%B3%D9%87%20-%DA%A9%D8%A7%D8%B1%D9%87%20-%D9%84%DB%8C%D8%B2%D8%B1%DB%8C-%20HP-%20M126A,1,3,9.333333333333334,404,,0,1.33
https://mahamprint.com/product/882/%D8%A7%D8%B3%DA%A9%D9%86%D8%A7%D8%B3-%D8%B4%D9%85%D8%A7%D8%B1-NIKITA-LD-2000,1,3,10.666666666666666,404,,0,1.25
https://mahamprint.com/products/-----40-57,1,3,8.333333333333332,200,https://mahamprint.com/products/-----40-57,0,1.28
https://mahamprint.com/products/-----hp--m653dn,1,3,8.333333333333332,200,https://mahamprint.com/products/-----hp--m653dn,0,1.21
https://mahamprint.com/products/----hp-m521dw,1,3,4.666666666666666,200,https://mahamprint.com/products/----hp-m521dw,0,1.35
https://mahamprint.com/products/----wacom-stu-530,1,3,4.333333333333334,200,https://mahamprint.com/products/----wacom-stu-530,0,1.66
https://mahamprint.com/products/---brother-tze-641--,1,3,7.666666666666667,200,https://mahamprint.com/products/---brother-tze-641--,0,1.57
https://mahamprint.com/products/---hp-m15a,1,3,5,200,https://mahamprint.com/products/---hp-m15a,0,1.8
https://mahamprint.com/products/---hp-mfp-m227fdn,1,3,7.666666666666667,200,https://mahamprint.com/products/---hp-mfp-m227fdn,0,1.79
https://mahamprint.com/products/---samsung-707-s,1,3,6,404,,0,1.65
https://mahamprint.com/products/---tyson-ty-2216,1,3,9,200,https://mahamprint.com/products/---tyson-ty-2216,0,1.75
https://mahamprint.com/products/--bixolon-srp-350iii,1,3,6.333333333333333,200,https://mahamprint.com/products/--bixolon-srp-350iii,0,1.55
https://mahamprint.com/products/--canon-ws-1410tg,1,3,9,200,https://mahamprint.com/products/--canon-ws-1410tg,0,1.68
https://mahamprint.com/products/--hp-p3005,1,3,6,200,https://mahamprint.com/products/--hp-p3005,0,1.83
https://mahamprint.com/products/--ricoh-im-3500,1,3,4.333333333333334,200,https://mahamprint.com/products/--ricoh-im-3500,0,1.81
https://mahamprint.com/products/--sharp--ar5516-ar5316,1,3,7.666666666666667,200,https://mahamprint.com/products/--sharp--ar5516-ar5316,0,2.47
https://mahamprint.com/products/--sharp-fo-20cr,1,3,4,200,https://mahamprint.com/products/--sharp-fo-20cr,0,2.9
https://mahamprint.com/products/-avison-fb5000,1,3,8,200,https://mahamprint.com/products/-avison-fb5000,0,2.86
https://mahamprint.com/products/-canon-245-black,1,3,3.3333333333333335,200,https://mahamprint.com/products/-canon-245-black,0,2.88
https://mahamprint.com/products/-epson-ds-410,1,3,5,200,https://mahamprint.com/products/-epson-ds-410,0,2.79
https://mahamprint.com/products/-plustek-2610,1,3,8,200,https://mahamprint.com/products/-plustek-2610,0,2.58
https://mahamprint.com/tag/2678/%D9%BE%D8%B1%DB%8C%D9%86%D8%AA%D8%B1-%D8%AC%D9%88%D9%87%D8%B1-%D8%A7%D9%81%D8%B4%D8%A7%D9%86-%DA%A9%D8%A7%D9%86%D9%86/sort=name&direction=desc,1,3,7,404,,0,1.94
https://mahamprint.com/brand/34,0,3,7.666666666666667,404,,0,1.7
https://mahamprint.com/brand/48/citizen,0,3,7.333333333333333,404,,0,1.43
https://mahamprint.com/brand/60/Remo,0,3,8.666666666666668,404,,0,1.36
https://mahamprint.com/brand/73/atima,0,3,3.3333333333333335,404,,0,1.15
https://mahamprint.com/categories/label-printer,0,3,3.6666666666666665,200,https://mahamprint.com/categories/label-printer,0,1.27
https://mahamprint.com/category/82/cart-print,0,3,36.333333333333336,404,,0,1.33
https://mahamprint.com/index.php?productID=2679,0,3,6.333333333333333,404,,0,1.11
https://mahamprint.com/index.php?productID=1219,0,3,6.333333333333333,404,,0,1.17
https://mahamprint.com/index.php?productID=2970,0,3,8,404,,0,1.16
https://mahamprint.com/mag/%D8%A7%D9%86%D9%88%D8%A7%D8%B9-%D8%A8%D8%A7%D8%B1%DA%A9%D8%AF-%D8%A7%D8%B3%DA%A9%D9%86%D8%B1,0,3,6,404,,0,0.92
https://mahamprint.com/index.php?productID=57,0,3,10,404,,0,1.18
https://mahamprint.com/mag/%D9%85%D8%B4%DA%A9%D9%84%D8%A7%D8%AA-%D9%BE%D8%B1%DB%8C%D9%86%D8%AA%D8%B1%D9%87%D8%A7%DB%8C-%D8%AC%D9%88%D9%87%D8%B1%D8%A7%D9%81%D8%B4%D8%A7%D9%86-%D9%87%D8%A7,0,3,4.666666666666666,404,,0,1.0
https://mahamprint.com/mag/-------hp-m607,0,3,5.333333333333333,200,https://mahamprint.com/mag/-------hp-m607,0,1.61
https://mahamprint.com/mag/--,0,3,8.333333333333332,200,https://mahamprint.com/mag/--,0,1.64
https://mahamprint.com/mag/-10--,0,3,13.333333333333334,200,https://mahamprint.com/mag/-10--,0,2.65
https://mahamprint.com/product/1020/%D9%85%D8%A7%D8%B4%DB%8C%D9%86-%D8%AD%D8%B3%D8%A7%D8%A8-Casio-MH-12,0,3,9.666666666666666,404,,0,3.96
https://mahamprint.com/page/10/%D9%BE%D8%B1%D8%AF%D8%A7%D8%AE%D8%AA-%D8%AF%D8%B1-%D9%85%D8%AD%D9%84,0,3,10,404,,0,5.24
https://mahamprint.com/mag/d8b1d981d8b9-d985d8b4daa9d984-d9bed8b1db8cd986d8aad8b1-d8afd8b1-d981d8a7db8cd984-d985d8a7db8cdaa9d8b1d988d8b3d8a7d981d8aa,0,3,7.333333333333333,200,https://mahamprint.com/mag/d8b1d981d8b9-d985d8b4daa9d984-d9bed8b1db8cd986d8aad8b1-d8afd8b1-d981d8a7db8cd984-d985d8a7db8cdaa9d8b1d988d8b3d8a7d981d8aa,0,5.38
https://mahamprint.com/product/1276/%D8%AF%DB%8C%D8%AA%D8%A7-%D9%88%DB%8C%D8%AF%D8%A6%D9%88-%D9%BE%D8%B1%D9%88%DA%98%DA%A9%D8%AA%D9%88%D8%B1-RICOH-PJ-X4340,0,3,29.666666666666668,404,,0,2.99
https://mahamprint.com/product/1281/%D9%88%DB%8C%D8%AF%D8%A6%D9%88-%D9%BE%D8%B1%D9%88%DA%98%DA%A9%D8%AA%D9%88%D8%B1-PANASONIC-LW375,0,3,6.666666666666667,404,,0,0.93
https://mahamprint.com/product/1368/%D8%AA%D9%88%D9%86%D8%B1-%DA%A9%D8%A7%D8%B1%D8%AA%D8%B1%DB%8C%D8%AC-EPSON-T0814-Yellow,0,3,4.333333333333334,404,,0,0.93
https://mahamprint.com/product/1382/%D8%AA%D9%88%D9%86%D8%B1-EPSON-T692-CMYK,0,3,5,404,,0,1.12
https://mahamprint.com/product/1412/%D8%AA%D9%88%D9%86%D8%B1-Epson-27-BLACK,0,3,7.666666666666667,404,,0,1.09
https://mahamprint.com/product/1414/%DA%A9%D8%A7%D8%B1%D8%AA%D8%B1%DB%8C%D8%AC-%D8%AA%D9%88%D9%86%D8%B1-Epson-288-CYAN,0,3,4,404,,0,1.09
https://mahamprint.com/product/1117/%D8%AA%D9%88%D9%86%D8%B1-%D8%B4%D8%A7%D8%B1%DA%98-%D8%A8%D8%B1%D9%86%D8%AF-samsung-%D9%85%D8%AF%D9%841kg,0,3,10.333333333333334,404,,0,6.37
https://mahamprint.com/product/1419/%D8%AA%D9%88%D9%86%D8%B1-Epson-T6163-Magneta,0,3,190,404,,0,1.46
https://mahamprint.com/product/1440/%DA%A9%D8%A7%D8%B1%D8%AA%D8%B1%DB%8C%D8%AC-EPSON-T-948-CMYK,0,3,28,404,,0,1.84
https://mahamprint.com/product/1444/%D8%AA%D9%88%D9%86%D8%B1-Epson-378-cmyk,0,3,6.666666666666667,404,,0,1.83
https://mahamprint.com/product/1451/%D8%AA%D9%88%D9%86%D8%B1-EPSON-T-089,0,3,6.333333333333333,404,,0,2.74
https://mahamprint.com/product/1452/%DA%A9%D8%A7%D8%B1%D8%AA%D8%B1%DB%8C%D8%AC-%D8%AA%D9%88%D9%86%D8%B1-EPSON-T694-CMYK,0,3,3.3333333333333335,404,,0,4.14
https://mahamprint.com/product/1487/%DA%A9%D8%A7%D8%B1%D8%AA%D8%B1%DB%8C%D8%AC-HP-35A,0,3,6,404,,0,4.05
https://mahamprint.com/page/9/%D8%B1%D8%A7%D9%87%D9%86%D9%85%D8%A7%DB%8C-%D8%AE%D8%B1%DB%8C%D8%AF,0,3,6.666666666666667,404,,0,13.7
https://mahamprint.com/product/1518/%D8%AA%D9%88%D9%86%D8%B1-%DA%A9%D8%A7%D8%B1%D8%AA%D8%B1%DB%8C%D8%AC-%D9%84%DB%8C%D8%B2%D8%B1-%D9%85%D8%B4%DA%A9%DB%8C-%D8%B1%DB%8C%DA%A9%D9%88-406997,0,3,22.333333333333332,404,,0,6.07
https://mahamprint.com/product/1583/%D8%AA%D9%88%D9%86%D8%B1-%DA%A9%D8%A7%D8%B1%D8%AA%D8%B1%DB%8C%D8%AC-RICOH-841927-Magenta,0,3,4.666666666666666,404,,0,6.16
https://mahamprint.com/product/1612/%D9%BE%D8%B1%DB%8C%D9%86%D8%AA%D8%B1-%D8%AA%DA%A9-%DA%A9%D8%A7%D8%B1%D9%87-HP-M551n,0,3,8.333333333333332,404,,0,5.01
https://mahamprint.com/product/166/%D9%BE%D8%B1%DB%8C%D9%86%D8%AA%D8%B1-%D9%84%DB%8C%D8%B2%D8%B1%DB%8C-%D8%AA%DA%A9-%DA%A9%D8%A7%D8%B1%D9%87-HP-M506DN,0,3,15.666666666666666,404,,0,3.43
https://mahamprint.com/product/1673/%D9%BE%D8%B1%D9%88%DA%98%DA%A9%D8%AA%D9%88%D8%B1-EPOSON-FH06,0,3,33,404,,0,3.62
https://mahamprint.com/product/1719/%D8%B1%DB%8C%D8%A8%D9%88%D9%86-Wax-Resin-110%C3%97300-%D9%82%D8%B1%D9%85%D8%B2,0,3,22,404,,0,1.55
https://mahamprint.com/product/1744/%D8%B1%DB%8C%D8%A8%D9%88%D9%86-Wax-Resin-160%C3%97300,0,3,203.66666666666666,404,,0,1.08
https://mahamprint.com/product/175/%D9%BE%D8%B1%DB%8C%D9%86%D8%AA%D8%B1%D9%84%DB%8C%D8%B2%D8%B1%DB%8C-%DA%86%D9%86%D8%AF%DA%A9%D8%A7%D8%B1%D9%87-%D8%A8%D8%B1%D9%86%D8%AF-HP-M227SDN,0,3,5.666666666666667,404,,0,1.12
https://mahamprint.com/product/1754/%D8%B1%DB%8C%D8%A8%D9%88%D9%86-%D9%85%D8%B4%DA%A9%DB%8C-3000-%D8%B9%DA%A9%D8%B3-%D9%85%D8%AF%D9%84-Fargo-Black-Ribbon,0,3,5.666666666666667,404,,0,0.97
https://mahamprint.com/product/1847/%D8%B1%D9%88%D9%84-%D8%A8%D8%B1%DA%86%D8%B3%D8%A8-%DA%A9%D8%A7%D8%BA%D8%B0%DB%8C-%D8%B3%D9%87-%D8%B1%D8%AF%DB%8C%D9%81%D9%87-34%C3%9715,0,3,9.666666666666666,404,,0,1.05
https://mahamprint.com/product/1867/%D9%84%DB%8C%D8%A8%D9%84-%D8%A8%D8%B1%DA%86%D8%B3%D8%A8-%D9%BE%DB%8C-%D9%88%DB%8C-%D8%B3%DB%8C-%D8%AF%D9%88-%D8%B1%D8%AF%DB%8C%D9%81%D9%87-%D9%86%D8%A7%D8%B1%D9%86%D8%AC%DB%8C-30%C3%9745,0,3,4,404,,0,0.98
https://mahamprint.com/product/1869/%D9%84%DB%8C%D8%A8%D9%84-%D8%A8%D8%B1%DA%86%D8%B3%D8%A8-%D9%BE%DB%8C-%D9%88%DB%8C-%D8%B3%DB%8C-%D8%AA%DA%A9-%D8%B1%D8%AF%DB%8C%D9%81%D9%87-80%C3%9750,0,3,18,404,,0,1.01
https://mahamprint.com/product/1871/%D9%84%DB%8C%D8%A8%D9%84-%D8%A8%D8%B1%DA%86%D8%B3%D8%A8-%D9%BE%DB%8C-%D9%88%DB%8C-%D8%B3%DB%8C-%D8%AA%DA%A9-%D8%B1%D8%AF%DB%8C%D9%81%D9%87-100-100-PVC-label-single-row,0,3,10.666666666666666,404,,0,1.03
https://mahamprint.com/product/188/%D9%BE%D8%B1%DB%8C%D9%86%D8%AA%D8%B1-%D8%AA%DA%A9-%DA%A9%D8%A7%D8%B1%D9%87-%D9%84%DB%8C%D8%B2%D8%B1%DB%8C-%D8%A8%D8%B1%D9%86%D8%AF-HP-M254NW,0,3,32.33333333333333,404,,0,1.06
https://mahamprint.com/product/1916/%D9%84%DB%8C%D8%A8%D9%84-%D8%A8%D8%B1%DA%86%D8%B3%D8%A8-pvc-%D8%B3%D9%87-%D8%B1%D8%AF%DB%8C%D9%81%D9%87-34%C3%9715,0,3,11.666666666666666,404,,0,1.17
https://mahamprint.com/product/1918/%D9%84%DB%8C%D8%A8%D9%84-%D8%A8%D8%B1%DA%86%D8%B3%D8%A8-%D8%A7%D9%85%D9%88%D8%A7%D9%84-50%C3%9725,0,3,8.666666666666668,404,,0,1.34
https://mahamprint.com/product/1945/%D9%86%D9%88%D8%A7%D8%B1-%D9%84%DB%8C%D8%A8%D9%84-%D9%BE%D8%B1%DB%8C%D9%86%D8%AA%D8%B1-brother-TZE-735-%D8%BA%DB%8C%D8%B1-%D8%A7%D9%88%D8%B1%D8%AC%DB%8C%D9%86%D8%A7%D9%84,0,3,5,404,,0,1.26
https://mahamprint.com/product/2015/%D8%A8%D8%A7%D8%AA%D8%B1%DB%8C-%D8%B3%DA%A9%D9%87-%D8%A7%DB%8C-maxell-%D9%85%D8%AF%D9%84-CR2032,0,3,4.666666666666666,404,,0,1.23
https://mahamprint.com/product/2172/%D8%B3%D9%86%D8%B3%D9%88%D8%B1-%D9%85%D8%BA%D9%86%D8%A7%D8%B7%DB%8C%D8%B3%DB%8C-%D8%A8%D8%B1%D9%86%D8%AF-Compuprint-SP40,0,3,4.666666666666666,404,,0,1.22
https://mahamprint.com/product/2193/%D9%BE%D9%88%D9%84%DB%8C-%DB%8C%D9%88%D9%86%DB%8C%D8%AA-%D8%AF%D8%B1%D8%A7%D9%85-%D9%81%D8%AA%D9%88%DA%A9%D9%BE%DB%8C-sharp-NCPL-0003QSZZ,0,3,7,404,,0,1.19
https://mahamprint.com/product/2210/%D8%AA%D8%A7%D9%86%DA%A9-%D8%AF%D9%88%D9%84%D9%88%D9%BE%D8%B1-Sharp-MX-452,0,3,3.6666666666666665,404,,0,1.01
https://mahamprint.com/product/2219/%D8%B3%DB%8C%D9%86%DB%8C-%D8%AE%D8%B1%D9%88%D8%AC%DB%8C-hp-%D8%B3%D8%B1%DB%8C-RM1-6903,0,3,7.333333333333333,404,,0,1.11
https://mahamprint.com/product/2239/%D9%81%DB%8C%D9%88%D8%B2%DB%8C%D9%86%DA%AF-%D8%B3%D8%A7%D9%85%D8%B3%D9%88%D9%86%DA%AF-Samsung-2955,0,3,7.333333333333333,404,,0,1.11
https://mahamprint.com/product/2283/%D9%87%D8%A7%D8%AA-%D8%B1%D9%88%D9%84-Ricoh-SP4510,0,3,36.666666666666664,404,,0,1.1
https://mahamprint.com/product/2370/%DA%86%D8%B1%D8%AE-%D8%AF%D9%86%D8%AF%D9%87-%D8%AF%D9%88%D9%84%D9%88%D9%BE%D8%B1-20T-%D8%A8%D8%B1%D9%86%D8%AF-toshiba-E-S-550,0,3,15,404,,0,1.13
https://mahamprint.com/product/2371/%DA%86%D8%B1%D8%AE-%D8%AF%D9%86%D8%AF%D9%87-%D8%AF%D9%88%D9%84%D9%88%D9%BE%D8%B1-17-%D8%AF%D9%86%D8%AF%D9%87-toshiba-E-S-550,0,3,7,404,,0,1.33
https://mahamprint.com/product/238/%D9%BE%D8%B1%DB%8C%D9%86%D8%AA%D8%B1-%DA%86%D9%86%D8%AF%DA%A9%D8%A7%D8%B1%D9%87-%D9%84%DB%8C%D8%B2%D8%B1%DB%8C-CANON-%D9%85%D8%AF%D9%84-MF244DW,0,3,9,404,,0,1.49
https://mahamprint.com/product/2408/%D9%84%D8%A7%D8%B3%D8%AA%DB%8C%DA%A9-%DA%A9%D8%A7%D8%BA%D8%B0%DA%A9%D8%B4-ricoh-AF10151018,0,3,32.66666666666667,404,,0,1.21
https://mahamprint.com/product/2425/%D9%81%DB%8C%D8%AF-toshiba-E-S160-6,0,3,6.666666666666667,404,,0,1.33
https://mahamprint.com/product/257/%D9%BE%D8%B1%DB%8C%D9%86%D8%AA%D8%B1-%D9%84%DB%8C%D8%B2%D8%B1%DB%8C-CANON-Selphy-CP1300,0,3,6,404,,0,1.34
https://mahamprint.com/product/2618/%D8%B3%D8%A7%D8%B9%D8%AA-%D9%87%D9%88%D8%B4%D9%85%D9%86%D8%AF-%D9%85%D8%AF%D9%84-apple-watch-SE,0,3,11.333333333333334,404,,0,1.3
https://mahamprint.com/product/2633/%D9%85%DA%A9-%D8%A8%D9%88%DA%A9-MNEW3-M2-24G-1TB,0,3,5.333333333333333,404,,0,1.07
https://mahamprint.com/product/2723/%DA%A9%D8%A7%D8%B1%D8%AA-%DA%AF%D8%B1%D8%A7%D9%81%DB%8C%DA%A9-MSI-GTX-1660-SUPER-VENTUS-XS-OC-6G,0,3,8,404,,0,0.89
https://mahamprint.com/product/2758/all-in-one-%D8%A8%D8%B1%D9%86%D8%AF-dell-9030-core-i3,0,3,17,404,,0,0.97
https://mahamprint.com/product/2769/hard-hdd-wd-1tb-64MB-blue,0,3,6.666666666666667,404,,0,0.88
https://mahamprint.com/product/2772/hard-hdd-wd-14tb-red-plus,0,3,8,404,,0,1.03
https://mahamprint.com/product/2782/hard-hdd-wd-1tb-element,0,3,12,404,,0,1.03
https://mahamprint.com/product/2795/%D9%84%D9%BE-%D8%AA%D8%A7%D9%BE-asus-GU603ZW-i9-12900H,0,3,7.333333333333333,404,,0,1.75
https://mahamprint.com/product/2851/%D9%81%D8%B1%DB%8C%D9%85-%D8%B3%DB%8C%D9%86%D9%85%D8%A7%DB%8C%DB%8C-%D8%AF%DA%A9%D9%88%D8%B1%D8%A7%D8%AA%DB%8C%D9%88-%D9%85%D8%AF%D9%84-CF180WZ,0,3,3.3333333333333335,404,,0,2.0
https://mahamprint.com/product/2861/%D9%81%D9%88%D9%86-%D8%B9%DA%A9%D8%A7%D8%B3%DB%8C-%DA%A9%D8%B1%D9%88%D9%85%D8%A7%DA%A9%DB%8C-%D8%B3%D9%84%DA%A9%D8%B3%D9%88%D9%86-%D9%85%D8%AF%D9%84-CFG-300-200,0,3,8.333333333333332,404,,0,2.31
https://mahamprint.com/product/2904/Canon-i-SENSYS-LBP631Cw,0,3,19.666666666666668,404,,0,2.43
https://mahamprint.com/product/3020/%DA%A9%D8%A7%D8%BA%D8%B0-%D8%AE%D8%B1%D8%AF%DA%A9%D9%86-Nikita-9108,0,3,8.666666666666668,404,,0,2.27
https://mahamprint.com/product/2955/%D8%A8%D8%A7%D8%B1%DA%A9%D8%AF%D8%AE%D9%88%D8%A7%D9%86-%D8%AF%DB%8C%D8%AA%D8%A7%D9%84%D8%A7%D8%AC%DB%8C%DA%A9-%D9%85%D8%AF%D9%84-QBT2590,0,3,9,404,,0,2.35
https://mahamprint.com/product/3080/%D9%BE%D8%B1%DB%8C%D9%86%D8%AA%D8%B1-%D8%B3%D9%87-%DA%A9%D8%A7%D8%B1%D9%87-%D9%84%DB%8C%D8%B2%D8%B1%DB%8C-HP-MFP-M631dn,0,3,8,404,,0,1.69
https://mahamprint.com/product/322/%D9%BE%D8%B1%DB%8C%D9%86%D8%AA%D8%B1-HP-M377DW,0,3,8.333333333333332,404,,0,1.6
https://mahamprint.com/product/33/Nikon-D810-%D8%A8%D8%A7-%D9%84%D9%86%D8%B2-%DB%B1%DB%B2%DB%B0-%DB%B2%DB%B4-VR,0,3,10.333333333333334,404,,0,1.21
https://mahamprint.com/product/357/%D9%BE%D8%B1%DB%8C%D9%86%D8%AA%D8%B1-%D8%B3%D9%87-%DA%A9%D8%A7%D8%B1%D9%87-%D9%84%DB%8C%D8%B2%D8%B1%DB%8C-CANON-MF641CW,0,3,8.333333333333332,404,,0,1.06
https://mahamprint.com/product/456/%D8%A7%D8%B3%DA%A9%D9%86%D8%B1-Mustek-P70,0,3,7,404,,0,1.06
https://mahamprint.com/product/479/%D8%A7%D8%B3%DA%A9%D9%86%D8%B1-%D8%A7%D8%B3%DA%A9%D9%86-%D8%B2%DB%8C-BSQ020,0,3,7,404,,0,1.06
https://mahamprint.com/product/528/%D8%AA%D8%B3%D8%AA-%D8%A7%D8%B3%DA%A9%D9%86%D8%A7%D8%B3-%DA%A9%D8%AF-%DB%B6-%DB%B0%DB%B0%DB%B5,0,3,5,404,,0,0.95
https://mahamprint.com/product/675/%DA%A9%D8%A7%D8%BA%D8%B0-%D8%AE%D8%B1%D8%AF%DA%A9%D9%86-Remo-C-5100,0,3,5.333333333333333,404,,0,1.0
https://mahamprint.com/product/714/%DA%A9%D8%A7%D8%BA%D8%B0-%D8%AE%D8%B1%D8%AF%DA%A9%D9%86-Mehr-MM-870,0,3,6.333333333333333,404,,0,0.85
https://mahamprint.com/product/70/%D9%BE%D8%B1%DB%8C%D9%86%D8%AA%D8%B1-%D9%84%DB%8C%D8%B2%D8%B1%DB%8C-HP-M605N,0,3,8,404,,0,0.94
https://mahamprint.com/product/745/%DA%A9%D8%A7%D8%BA%D8%B0-%D8%AE%D8%B1%D8%AF%DA%A9%D9%86-Kobra-TSC2-270,0,3,6.333333333333333,404,,0,0.96
https://mahamprint.com/product/746/%DA%A9%D8%A7%D8%BA%D8%B0-%D8%AE%D8%B1%D8%AF%DA%A9%D9%86-Kobra-400-HS,0,3,9.333333333333334,404,,0,0.94
https://mahamprint.com/product/783/%D8%A8%D8%A7%D8%B1%DA%A9%D8%AF-%D8%A7%D8%B3%DA%A9%D9%86%D8%B1-DATALOGIC-QD2131,0,3,26,404,,0,0.86
https://mahamprint.com/product/787/%D8%A8%D8%A7%D8%B1%DA%A9%D8%AF-%D8%A7%D8%B3%DA%A9%D9%86%D8%B1-Honeywell-Voyager-1250g,0,3,15,404,,0,0.9
https://mahamprint.com/product/844/%D8%A8%D8%A7%D8%B1%DA%A9%D8%AF-%D8%A7%D8%B3%DA%A9%D9%86%D8%B1-DATALOGIC-QW2120,0,3,24,404,,0,0.79
https://mahamprint.com/product/86/%D9%BE%D8%B1%DB%8C%D9%86%D8%AA%D8%B1-%D9%84%DB%8C%D8%B2%D8%B1%DB%8C-%DA%86%D9%87%D8%A7%D8%B1%DA%A9%D8%A7%D8%B1%D9%87-%D9%85%D8%AF%D9%84-HP-M426FDN,0,3,18.333333333333332,404,,0,0.75
https://mahamprint.com/products/----------alpha-2r,0,3,5.666666666666667,200,https://mahamprint.com/products/----------alpha-2r,0,0.83
https://mahamprint.com/products/-------100-50,0,3,4.333333333333334,200,https://mahamprint.com/products/-------100-50,0,0.85
https://mahamprint.com/products/-------cbon----cp-p700as,0,3,7.666666666666667,200,https://mahamprint.com/products/-------cbon----cp-p700as,0,0.84
https://mahamprint.com/products/-------hp-2035-2055,0,3,7.333333333333333,200,https://mahamprint.com/products/-------hp-2035-2055,0,1.26
https://mahamprint.com/products/-----datalogic-----magellan-3410vsi,0,3,8,200,https://mahamprint.com/products/-----datalogic-----magellan-3410vsi,0,1.47
https://mahamprint.com/products/------fi6240z,0,3,4.333333333333334,200,https://mahamprint.com/products/------fi6240z,0,1.8
https://mahamprint.com/products/------40-20-label-pvc-two-rows,0,3,7.333333333333333,200,https://mahamprint.com/products/------40-20-label-pvc-two-rows,0,1.94
https://mahamprint.com/products/------sharp-ar-160-5316-5516,0,3,7.666666666666667,200,https://mahamprint.com/products/------sharp-ar-160-5316-5516,0,1.86
https://mahamprint.com/products/-----brother-hl-l6400dw,0,3,12,200,https://mahamprint.com/products/-----brother-hl-l6400dw,0,1.93
https://mahamprint.com/products/-----epson-et-m2170,0,3,5.666666666666667,200,https://mahamprint.com/products/-----epson-et-m2170,0,1.63
https://mahamprint.com/products/-----hp-mfp-m130nw,0,3,5.333333333333333,200,https://mahamprint.com/products/-----hp-mfp-m130nw,0,1.66
https://mahamprint.com/products/-----hp--mfp-m130a,0,3,9,200,https://mahamprint.com/products/-----hp--mfp-m130a,0,1.71
https://mahamprint.com/products/-----metal-label-40-60,0,3,5.333333333333333,200,https://mahamprint.com/products/-----metal-label-40-60,0,1.68
https://mahamprint.com/products/----2727-hp,0,3,4,200,https://mahamprint.com/products/----2727-hp,0,1.44
https://mahamprint.com/products/----1005-,0,3,10.666666666666666,200,https://mahamprint.com/products/----1005-,0,1.58
https://mahamprint.com/products/----3015,0,3,7,200,https://mahamprint.com/products/----3015,0,1.83
https://mahamprint.com/products/----brother--t820dw,0,3,7,200,https://mahamprint.com/products/----brother--t820dw,0,1.7
https://mahamprint.com/products/----brother-dcp-8110d,0,3,8.333333333333332,200,https://mahamprint.com/products/----brother-dcp-8110d,0,1.68
https://mahamprint.com/products/----gainscha--2406t--plus,0,3,9,200,https://mahamprint.com/products/----gainscha--2406t--plus,0,1.91
https://mahamprint.com/products/----hp--pro-mfp-m477fdw,0,3,6.333333333333333,200,https://mahamprint.com/products/----hp--pro-mfp-m477fdw,0,1.97
https://mahamprint.com/products/----hp-1415fn,0,3,4.666666666666666,200,https://mahamprint.com/products/----hp-1415fn,0,1.96
https://mahamprint.com/products/----hp-177fw,0,3,13.666666666666666,200,https://mahamprint.com/products/----hp-177fw,0,1.7
https://mahamprint.com/products/----mp-7000,0,3,9,200,https://mahamprint.com/products/----mp-7000,0,1.6
https://mahamprint.com/products/----nikita--silver--plus,0,3,11.666666666666666,200,https://mahamprint.com/products/----nikita--silver--plus,0,2.17
https://mahamprint.com/products/----tze-651,0,3,7,200,https://mahamprint.com/products/----tze-651,0,1.94
https://mahamprint.com/products/----nt-200,0,3,3.3333333333333335,200,https://mahamprint.com/products/----nt-200,0,2.16
https://mahamprint.com/products/---brother-tze-315--,0,3,5.333333333333333,200,https://mahamprint.com/products/---brother-tze-315--,0,2.2
https://mahamprint.com/products/---canon-mx492,0,3,11.333333333333334,200,https://mahamprint.com/products/---canon-mx492,0,1.69
https://mahamprint.com/products/---dr-140r,0,3,7.666666666666667,200,https://mahamprint.com/products/---dr-140r,0,1.68
https://mahamprint.com/products/---epson-eh-tw5600,0,3,9.666666666666666,200,https://mahamprint.com/products/---epson-eh-tw5600,0,1.58
https://mahamprint.com/products/---hp--mfp-m525dn,0,3,9.666666666666666,200,https://mahamprint.com/products/---hp--mfp-m525dn,0,1.62
https://mahamprint.com/products/---hp-1020,0,3,8.666666666666668,200,https://mahamprint.com/products/---hp-1020,0,1.5
https://mahamprint.com/products/---hp-m281fdn,0,3,9.333333333333334,200,https://mahamprint.com/products/---hp-m281fdn,0,1.66
https://mahamprint.com/products/---hp-p4014,0,3,8.333333333333332,200,https://mahamprint.com/products/---hp-p4014,0,1.51
https://mahamprint.com/products/---iphone-14,0,3,5.333333333333333,200,https://mahamprint.com/products/---iphone-14,0,1.75
https://mahamprint.com/products/---masterwork-pd-100,0,3,22.666666666666668,200,https://mahamprint.com/products/---masterwork-pd-100,0,1.69
https://mahamprint.com/products/---panasonic-pt-vz580,0,3,8.666666666666668,200,https://mahamprint.com/products/---panasonic-pt-vz580,0,1.72
https://mahamprint.com/products/--2-3-4------350-450-,0,3,6,200,https://mahamprint.com/products/--2-3-4------350-450-,0,1.61
https://mahamprint.com/products/---protech-dl-860,0,3,7.666666666666667,200,https://mahamprint.com/products/---protech-dl-860,0,1.96
https://mahamprint.com/products/--ax-2400,0,3,7.333333333333333,200,https://mahamprint.com/products/--ax-2400,0,1.78
https://mahamprint.com/products/--casio-fx-570ex,0,3,4,200,https://mahamprint.com/products/--casio-fx-570ex,0,1.74
https://mahamprint.com/products/--casio-ms-10vc,0,3,3.3333333333333335,200,https://mahamprint.com/products/--casio-ms-10vc,0,1.64
https://mahamprint.com/products/--honeywell--1472,0,3,6,200,https://mahamprint.com/products/--honeywell--1472,0,1.5
https://mahamprint.com/products/--citizen-fc-600ngr,0,3,3,200,https://mahamprint.com/products/--citizen-fc-600ngr,0,1.8
https://mahamprint.com/products/--citizen-sld-377,0,3,5.333333333333333,200,https://mahamprint.com/products/--citizen-sld-377,0,1.6
https://mahamprint.com/products/--honeywell-solaris-7980g,0,3,10,200,https://mahamprint.com/products/--honeywell-solaris-7980g,0,1.7
https://mahamprint.com/products/--hp-410x,0,3,2,200,https://mahamprint.com/products/--hp-410x,0,1.75
https://mahamprint.com/products/--hp-615w,0,3,7.333333333333333,200,https://mahamprint.com/products/--hp-615w,0,1.84
https://mahamprint.com/products/--hp-m12w,0,3,6.333333333333333,200,https://mahamprint.com/products/--hp-m12w,0,1.88
https://mahamprint.com/products/--hp-m130a,0,3,5,200,https://mahamprint.com/products/--hp-m130a,0,1.87
https://mahamprint.com/products/--hp-m401dw,0,3,23.333333333333332,200,https://mahamprint.com/products/--hp-m401dw,0,1.94
https://mahamprint.com/products/--hp-m602n,0,3,6,200,https://mahamprint.com/products/--hp-m602n,0,2.14
https://mahamprint.com/products/--masterwork-nc-7100,0,3,7.333333333333333,200,https://mahamprint.com/products/--masterwork-nc-7100,0,1.71
https://mahamprint.com/products/--okpoz-z-j1900,0,3,12.333333333333334,200,https://mahamprint.com/products/--okpoz-z-j1900,0,1.7
https://mahamprint.com/products/--posiflex-ks-6715,0,3,21.333333333333332,200,https://mahamprint.com/products/--posiflex-ks-6715,0,1.76
https://mahamprint.com/products/--posbank-bluo-d25,0,3,7.333333333333333,200,https://mahamprint.com/products/--posbank-bluo-d25,0,1.84
https://mahamprint.com/products/--ricoh--sp100-drum,0,3,5.333333333333333,200,https://mahamprint.com/products/--ricoh--sp100-drum,0,1.75
https://mahamprint.com/products/--samsung-sl-k2200nd,0,3,5,200,https://mahamprint.com/products/--samsung-sl-k2200nd,0,1.91
https://mahamprint.com/products/--sharp---ar-271sd,0,3,7.333333333333333,200,https://mahamprint.com/products/--sharp---ar-271sd,0,1.88
https://mahamprint.com/products/--sharp-7024,0,3,6.333333333333333,200,https://mahamprint.com/products/--sharp-7024,0,1.67
https://mahamprint.com/products/--sharp-ar-6023n,0,3,8.666666666666668,200,https://mahamprint.com/products/--sharp-ar-6023n,0,1.57
https://mahamprint.com/products/-brother--100gr,0,3,5.666666666666667,200,https://mahamprint.com/products/-brother--100gr,0,1.74
https://mahamprint.com/products/--sharp-mx500-drum,0,3,7,200,https://mahamprint.com/products/--sharp-mx500-drum,0,2.0
https://mahamprint.com/products/-canon-pfi-8120-cmyk,0,3,8.333333333333332,200,https://mahamprint.com/products/-canon-pfi-8120-cmyk,0,1.72
https://mahamprint.com/products/-epson-73n-black,0,3,5.333333333333333,200,https://mahamprint.com/products/-epson-73n-black,0,1.69
https://mahamprint.com/products/-epson-t800-cmyk,0,3,1.6666666666666665,200,https://mahamprint.com/products/-epson-t800-cmyk,0,1.64
https://mahamprint.com/products/-hp--gt52-cmy,0,3,6,200,https://mahamprint.com/products/-hp--gt52-cmy,0,1.79
https://mahamprint.com/products/-hp-206x,0,3,3.3333333333333335,200,https://mahamprint.com/products/-hp-206x,0,1.95
https://mahamprint.com/products/-hp-31-cmy,0,3,7.666666666666667,200,https://mahamprint.com/products/-hp-31-cmy,0,1.97
https://mahamprint.com/products/-kodak-i3250,0,3,8,200,https://mahamprint.com/products/-kodak-i3250,0,1.62
https://mahamprint.com/products/-hp-64a,0,3,8,200,https://mahamprint.com/products/-hp-64a,0,1.91
https://mahamprint.com/products/all-in-one-lenovo-m93z-core-i5-4-8gb,0,3,4.666666666666666,200,https://mahamprint.com/products/all-in-one-lenovo-m93z-core-i5-4-8gb,0,1.85
https://mahamprint.com/products/canon-mf651cw,0,3,5,200,https://mahamprint.com/products/canon-mf651cw,0,1.68
https://mahamprint.com/products/scaner-mustek-s415,0,3,7.333333333333333,200,https://mahamprint.com/products/scaner-mustek-s415,0,1.77
https://mahamprint.com/tag/1228/%D8%AE%D8%B1%DB%8C%D8%AF-%D8%AF%D8%B1%D8%A7%D9%85,0,3,1,404,,0,1.55
https://mahamprint.com/tag/125/%D9%BE%D8%B1%DB%8C%D9%86%D8%AA%D8%B1-%D8%A8%D8%B1%D8%A7%D8%AF%D8%B1,0,3,16.333333333333336,404,,0,1.55
https://mahamprint.com/tag/1338/%D9%81%D9%88%D9%85-%D8%B1%D9%88%D9%84-%D8%A7%D8%B1%D8%B2%D8%A7%D9%86,0,3,59,404,,0,1.49
https://mahamprint.com/tag/2026/HVJVD%5B-HKK,0,3,12.666666666666666,404,,0,1.34
https://mahamprint.com/tag/2078/%5Dhv-hkk,0,3,6.666666666666667,404,,0,1.06
https://mahamprint.com/tag/2312/vni-klhda-300-400,0,3,11,404,,0,0.98
https://mahamprint.com/tag/2394/%D8%B1%D9%88%D9%84-%D9%BE%D8%B1%D8%B3-%D8%B4%D8%A7%D8%B1%D9%BE,0,3,8,404,,0,0.78
https://mahamprint.com/tag/2388/nvhl-vkd,0,3,8.666666666666668,404,,0,0.9
https://mahamprint.com/tag/2460/%D9%BE%D8%B1%D8%AF%D9%87-%D9%86%D9%85%D8%A7%DB%8C%D8%B4-%D8%A7%D8%B3%DA%A9%D9%88%D9%BE,0,3,8.666666666666668,404,,0,0.79
https://mahamprint.com/tag/2830/%D9%81%DB%8C%D8%B4-%D9%BE%D8%B1%DB%8C%D9%86%D8%AA%D8%B1-X-PRINTER,0,3,8,404,,0,0.83
https://mahamprint.com/tag/2267/hv-vkd/,0,3,4.666666666666666,308->404,/tag/2267/hv-vkd,1,1.61
https://mahamprint.com/tag/2836/%D8%B5%D9%86%D8%AF%D9%88%D9%82-%D9%81%D8%B1%D9%88%D8%B4%DA%AF%D8%A7%D9%87%DB%8C-Posiflex,0,3,48.333333333333336,404,,0,0.89
https://mahamprint.com/tag/2988/%D8%A8%D8%A7%D8%B1%DA%A9%D8%AF-%D8%AE%D9%88%D8%A7%D9%86-%D8%B3%DB%8C-%D8%A8%D9%86,0,3,7,404,,0,0.84
https://mahamprint.com/tag/3016/%D9%BE%D8%B1%DB%8C%D9%86%D8%AA%D8%B1-%D8%AC%D9%88%D9%87%D8%B1-%D8%A7%D9%81%D8%B4%D8%A7%D9%86-%D8%A7%D9%BE%D8%B3%D9%88%D9%86,0,3,7.333333333333333,404,,0,0.81
https://mahamprint.com/tag/3089/%D8%A8%D8%A7%D8%AA%D8%B1%DB%8C-maxell,0,3,10,404,,0,0.81
https://mahamprint.com/tag/3115/%D8%AF%D8%B1%D8%A7%D9%85-%DA%A9%D8%A7%D8%B1%D8%AA%D8%B1%DB%8C%D8%AC-%D8%B4%D8%A7%D8%B1%D9%BE,0,3,12.666666666666666,404,,0,0.8
https://mahamprint.com/tag/3191/%D9%BE%D8%B1%DB%8C%D9%86%D8%AA%D8%B1-%D8%AA%DA%A9-%DA%A9%D8%A7%D8%B1%D9%87-%D9%84%DB%8C%D8%B2%D8%B1%DB%8C-%D8%A8%D8%B1%D8%A7%D8%AF%D8%B1,0,3,6.666666666666667,404,,0,0.9
https://mahamprint.com/products/--casio-sl-1000tw,2,2,5,200,https://mahamprint.com/products/--casio-sl-1000tw,0,1.0
https://mahamprint.com/products/--canon-520-521,2,2,4,200,https://mahamprint.com/products/--canon-520-521,0,1.24
https://mahamprint.com/products/--tsc-te225,2,2,2,200,https://mahamprint.com/products/--tsc-te225,0,1.09
https://mahamprint.com/products/--hp-oj-6313,2,2,1,200,https://mahamprint.com/products/--hp-oj-6313,0,1.33
https://mahamprint.com/products/--max-bs-510,2,2,5,200,https://mahamprint.com/products/--max-bs-510,0,1.4
https://mahamprint.com/products/-kodak-i1000,2,2,4.5,200,https://mahamprint.com/products/-kodak-i1000,0,1.51
https://mahamprint.com/product/1584/%D8%AA%D9%88%D9%86%D8%B1-%DA%A9%D8%A7%D8%B1%D8%AA%D8%B1%DB%8C%D8%AC-RICOH-841926-Yellow,1,2,6.5,404,,0,1.64
https://mahamprint.com/product/1912/%D9%84%DB%8C%D8%A8%D9%84-%D8%A8%D8%B1%DA%86%D8%B3%D8%A8-%D9%85%D8%AA%D8%A7%D9%84-%D8%B3%D9%87-%D8%B1%D8%AF%DB%8C%D9%81%D9%87-Metal-Label-21%C3%9731,1,2,11,404,,0,1.56
https://mahamprint.com/product/2365/%DA%86%D8%B1%D8%AE-%D8%AF%D9%86%D8%AF%D9%87-%D8%B1%D8%A7%D8%A8%D8%B7-%D9%85%D9%88%D8%AA%D9%88%D8%B1-%D8%A7%D8%B5%D9%84%DB%8C-toshiba-%D9%85%D8%AF%D9%84-E-S163,1,2,10,404,,0,1.47
https://mahamprint.com/product/295/%D9%BE%D8%B1%DB%8C%D9%86%D8%AA%D8%B1-HP-LASERJET-MFP-M135A,1,2,3,404,,0,1.48
https://mahamprint.com/product/3017/%D8%A8%D8%A7%D8%B1%DA%A9%D8%AF-%D8%AE%D9%88%D8%A7%D9%86-%D8%A8%D8%B1%D9%86%D8%AF-CBON-%D9%85%D8%AF%D9%84-CB-N200DW,1,2,5,404,,0,1.45
https://mahamprint.com/product/690/%DA%A9%D8%A7%D8%BA%D8%B0-%D8%AE%D8%B1%D8%AF%DA%A9%D9%86-Atlas-C8245CD,1,2,9,404,,0,0.92
https://mahamprint.com/product/815/%D8%A8%D8%A7%D8%B1%DA%A9%D8%AF-%D8%A7%D8%B3%DA%A9%D9%86%D8%B1-%D8%A8%D8%B1%D9%86%D8%AF-Tyson-TY-2115W,1,2,6,404,,0,0.71
https://mahamprint.com/products/----canon--mf113w,1,2,8,200,https://mahamprint.com/products/----canon--mf113w,0,0.9
https://mahamprint.com/products/----2200,1,2,6.5,200,https://mahamprint.com/products/----2200,0,0.95
https://mahamprint.com/products/------tsc----mb340t,1,2,7,200,https://mahamprint.com/products/------tsc----mb340t,0,1.0
https://mahamprint.com/products/----canon-mf421dw,1,2,3.5,200,https://mahamprint.com/products/----canon-mf421dw,0,0.95
https://mahamprint.com/products/----zebra--zd421t,1,2,12.5,200,https://mahamprint.com/products/----zebra--zd421t,0,1.13
https://mahamprint.com/products/---asus-s1,1,2,7,200,https://mahamprint.com/products/---asus-s1,0,1.56
https://mahamprint.com/products/--lexmark--cs317dn,1,2,4,200,https://mahamprint.com/products/--lexmark--cs317dn,0,1.67
https://mahamprint.com/products/--fellowes-60cs,1,2,7,200,https://mahamprint.com/products/--fellowes-60cs,0,1.71
https://mahamprint.com/products/--datalogic-qbt2131,1,2,4.5,200,https://mahamprint.com/products/--datalogic-qbt2131,0,1.75
https://mahamprint.com/products/--msi-geforce-rtx-3060-ti-gaming-x-8g,1,2,5,200,https://mahamprint.com/products/--msi-geforce-rtx-3060-ti-gaming-x-8g,0,2.17
https://mahamprint.com/products/--msi-rtx-3060-ventus-3x-oc-12g,1,2,5.5,200,https://mahamprint.com/products/--msi-rtx-3060-ventus-3x-oc-12g,0,1.98
https://mahamprint.com/products/--nikita-sd-9681,1,2,4,200,https://mahamprint.com/products/--nikita-sd-9681,0,1.72
https://mahamprint.com/products/--ricoh-aficio-1075-cet,1,2,4,200,https://mahamprint.com/products/--ricoh-aficio-1075-cet,0,1.64
https://mahamprint.com/products/--ricoh-40754,1,2,2.5,200,https://mahamprint.com/products/--ricoh-40754,0,1.91
https://mahamprint.com/products/--oscar-os-60cbw,1,2,4,200,https://mahamprint.com/products/--oscar-os-60cbw,0,1.97
https://mahamprint.com/products/-adf---ar-620-,1,2,6,200,https://mahamprint.com/products/-adf---ar-620-,0,1.58
https://mahamprint.com/products/-brother-ads-2100,1,2,5.5,200,https://mahamprint.com/products/-brother-ads-2100,0,1.56
https://mahamprint.com/products/-epson-t-802-cmyk,1,2,4,200,https://mahamprint.com/products/-epson-t-802-cmyk,0,1.76
https://mahamprint.com/products/-hp-207a,1,2,8.5,200,https://mahamprint.com/products/-hp-207a,0,1.79
https://mahamprint.com/products/-hp-scanjet-8300,1,2,3.5,200,https://mahamprint.com/products/-hp-scanjet-8300,0,1.81
https://mahamprint.com/tag/2884/%D8%A7%D8%B3%DA%A9%D9%86%D8%A7%D8%B3-%D8%B4%D9%85%D8%A7%D8%B1-ax,1,2,6.5,404,,0,1.56
https://mahamprint.com/products/-risograph-rp,1,2,8,200,https://mahamprint.com/products/-risograph-rp,0,1.86
https://mahamprint.com/tag/3183/%D9%86%D9%88%D8%A7%D8%B1-%D9%84%DB%8C%D8%A8%D9%84-%D8%AF%D8%A7%DB%8C%D9%85%D9%88,1,2,7,404,,0,1.66
https://mahamprint.com/brand/14/%D8%B4%D9%87%D8%A7%D8%A8,0,2,6.5,404,,0,1.41
https://mahamprint.com/brand/41/Cbon,0,2,20,404,,0,1.24
https://mahamprint.com/brand/81/OSCAR,0,2,3.5,404,,0,1.24
https://mahamprint.com/brand/74/protech,0,2,2,404,,0,1.34
https://mahamprint.com/brands/vincode,0,2,4.5,200,https://mahamprint.com/brands/vincode,0,1.24
https://mahamprint.com/brand/72,0,2,15.5,404,,0,1.61
https://mahamprint.com/categories/cartridges-and-consumables,0,2,1,200,https://mahamprint.com/categories/cartridges-and-consumables,0,1.05
https://mahamprint.com/categories/monitor,0,2,1,200,https://mahamprint.com/categories/monitor,0,1.33
https://mahamprint.com/category/103/%D8%B3%DB%8C%D8%A7%D9%87-%D9%88-%D8%B3%D9%81%DB%8C%D8%AF-4,0,2,1,404,,0,1.29
https://mahamprint.com/category/79/color,0,2,3,404,,0,1.33
https://mahamprint.com/category/147/%DA%A9%D8%A7%D9%84%D8%A7%D9%87%D8%A7%DB%8C-%D8%A7%D8%B3%D8%AA%D9%88%DA%A9?min=0&max=0&show=0&search=&allSize=&allColor=,0,2,1,404,,0,1.4
https://mahamprint.com/index.php?productID=1644,0,2,10,404,,0,1.34
https://mahamprint.com/index.php?productID=2520,0,2,8.5,404,,0,1.3
https://mahamprint.com/index.php?productID=3090,0,2,48.5,404,,0,0.94
https://mahamprint.com/index.php?productID=3011,0,2,9.5,404,,0,1.25
https://mahamprint.com/index.php?productID=3103,0,2,9,404,,0,1.0
https://mahamprint.com/index.php?productID=56,0,2,3.5,404,,0,1.03
https://mahamprint.com/index.php?productID=732,0,2,9.5,404,,0,1.01
https://mahamprint.com/mag/%D8%A8%D8%A7-%D9%85%DB%8C%D9%86%DB%8C-%D9%BE%DB%8C-%D8%B3%DB%8C-%D9%85%D8%B3%D8%AA%D8%B1%D8%AA%DA%A9-%D8%A2%D8%B4%D9%86%D8%A7-%D8%B4%D9%88%DB%8C%D8%AF,0,2,8.5,404,,0,1.0
https://mahamprint.com/mag/affordable-student-laptops,0,2,8.5,200,https://mahamprint.com/mag/affordable-student-laptops,0,1.11
https://mahamprint.com/mag/choosing-the-best-photography-camera-for-beginners,0,2,29,200,https://mahamprint.com/mag/choosing-the-best-photography-camera-for-beginners,0,1.32
https://mahamprint.com/mag/comparison-of-types-of-paper-shredders-microcut-partition-and-novarkat,0,2,5.5,200,https://mahamprint.com/mag/comparison-of-types-of-paper-shredders-microcut-partition-and-novarkat,0,1.28
https://mahamprint.com/news/view/3/%D9%BE%D8%B1%DB%8C%D9%86%D8%AA%D8%B1-%DA%86%D8%A7%D9%BE-%D8%B9%DA%A9%D8%B3,0,2,6,404,,0,1.1
https://mahamprint.com/mag/the-impact-of-attendance-systems-on-human-resources-management,0,2,6.5,200,https://mahamprint.com/mag/the-impact-of-attendance-systems-on-human-resources-management,0,1.38
https://mahamprint.com/page/12/%D8%AA%D8%AD%D9%88%DB%8C%D9%84-%D8%A7%DA%A9%D8%B3%D9%BE%D8%B1%D8%B3,0,2,8,404,,0,1.36
https://mahamprint.com/page/19/%D9%86%D8%AD%D9%88%D9%87-%D9%BE%D8%B1%D8%AF%D8%A7%D8%AE%D8%AA-%D9%88%D8%AC%D9%87,0,2,7.5,404,,0,1.28
https://mahamprint.com/page/2/%DA%86%DA%AF%D9%88%D9%86%DA%AF%DB%8C-%D8%B3%D9%81%D8%A7%D8%B1%D8%B4,0,2,6,404,,0,1.26
https://mahamprint.com/product/1059/%D8%AF%D8%B3%D8%AA%DA%AF%D8%A7%D9%87-%DA%A9%D9%BE%DB%8C-SHARP-MX-2314N,0,2,14,404,,0,1.14
https://mahamprint.com/product/108/%D9%BE%D8%B1%DB%8C%D9%86%D8%AA%D8%B1-%D9%84%DB%8C%D8%B2%D8%B1%DB%8C-%D8%B3%D9%87-%DA%A9%D8%A7%D8%B1%D9%87-%D9%85%D8%AF%D9%84-CANON-MF633CDW,0,2,10.5,404,,0,1.14
https://mahamprint.com/product/1090/%D9%85%DA%AF%D9%86%D8%AA-%D8%A8%D8%B1%D9%86%D8%AF-HP-26A,0,2,7.5,404,,0,1.08
https://mahamprint.com/product/1107/%D8%AA%D9%88%D9%86%D8%B1-%D8%B4%D8%A7%D8%B1%DA%98-%D8%B1%D9%86%DA%AF%DB%8C-hp-5500-200gr,0,2,7.5,404,,0,0.95
https://mahamprint.com/product/1119/%D8%AA%D9%88%D9%86%D8%B1-%D8%B4%D8%A7%D8%B1%DA%98-Canon-%D9%85%D8%AF%D9%84-80gr,0,2,295,404,,0,0.87
https://mahamprint.com/product/1172/%DA%A9%D9%86%D8%B3%D9%88%D9%84-%D8%A8%D8%A7%D8%B2%DB%8C-%D8%A8%D8%B1%D9%86%D8%AF-Xbox-360-E-500GB,0,2,4.5,404,,0,0.87
https://mahamprint.com/product/1267/%D8%AF%DB%8C%D8%AA%D8%A7-%D9%88%DB%8C%D8%AF%D8%A6%D9%88-%D9%BE%D8%B1%D9%88%DA%98%DA%A9%D8%AA%D9%88%D8%B1-EPSON-EB-W42,0,2,7.5,404,,0,0.9
https://mahamprint.com/product/1300/%D8%AF%DB%8C%D8%AA%D8%A7-%D9%88%DB%8C%D8%AF%D8%A6%D9%88-%D9%BE%D8%B1%D9%88%DA%98%DA%A9%D8%AA%D9%88%D8%B1-BENQ-MX550,0,2,9,404,,0,0.89
https://mahamprint.com/product/134/%D9%BE%D8%B1%DB%8C%D9%86%D8%AA%D8%B1-BROTHER-L2540DW,0,2,7,404,,0,0.85
https://mahamprint.com/product/1307/%D9%88%DB%8C%D8%AF%D8%A6%D9%88-%D9%BE%D8%B1%D9%88%DA%98%DA%A9%D8%AA%D9%88%D8%B1-%D9%82%D8%A7%D8%A8%D9%84-%D8%AD%D9%85%D9%84-PANASONIC-PT-LW333,0,2,6,404,,0,0.92
https://mahamprint.com/product/1360/%D8%AA%D9%88%D9%86%D8%B1-Canon-246-cmy,0,2,6,404,,0,0.9
https://mahamprint.com/product/1342/%D8%AA%D9%88%D9%86%D8%B1-HP-64-Black,0,2,1,404,,0,1.2
https://mahamprint.com/product/1343/%D8%AA%D9%88%D9%86%D8%B1-HP-711-CMYK,0,2,9.5,404,,0,1.04
https://mahamprint.com/product/1372/%D8%AA%D9%88%D9%86%D8%B1-EPSON-T200-CYAN,0,2,5,404,,0,1.03
https://mahamprint.com/product/1407/%D8%AA%D9%88%D9%86%D8%B1-EPSON-220-CYAN,0,2,7.5,404,,0,0.98
https://mahamprint.com/product/1398/%D8%AA%D9%88%D9%86%D8%B1-EPSON-24-Yellow,0,2,8.5,404,,0,1.06
https://mahamprint.com/product/1447/%D8%AA%D9%88%D9%86%D8%B1-%D9%85%D8%B4%DA%A9%DB%8C-Epson-18,0,2,9,404,,0,0.79
https://mahamprint.com/product/1521/%D8%AA%D9%88%D9%86%D8%B1-RICOH-841925-Black,0,2,8.5,404,,0,0.75
https://mahamprint.com/product/1503/%DA%A9%D8%A7%D8%B1%D8%AA%D8%B1%DB%8C%D8%AC-Canon-719,0,2,7,404,,0,0.92
https://mahamprint.com/product/1520/%DA%A9%D8%A7%D8%B1%D8%AA%D8%B1%DB%8C%D8%AC-%D8%AA%D9%88%D9%86%D8%B1-RICOH-406465,0,2,14.5,404,,0,1.02
https://mahamprint.com/product/1536/%DA%A9%D8%A7%D8%B1%D8%AA%D8%B1%DB%8C%D8%AC-SHARP-MX-238FT,0,2,23,404,,0,0.94
https://mahamprint.com/product/1551/%D8%AA%D9%88%D9%86%D8%B1-CANON-725,0,2,8,404,,0,0.94
https://mahamprint.com/product/1594/%DA%A9%D8%A7%D8%B1%D8%AA%D8%B1%DB%8C%D8%AC-%D8%AA%D9%88%D9%86%D8%B1-HP-130A,0,2,55,404,,0,0.87
https://mahamprint.com/product/1714/%D8%B1%DB%8C%D8%A8%D9%88%D9%86-Wax-Resin-60-300,0,2,54,404,,0,0.91
https://mahamprint.com/product/164/%D9%BE%D8%B1%DB%8C%D9%86%D8%AA%D8%B1-%D9%84%DB%8C%D8%B2%D8%B1%DB%8C-%D8%AA%DA%A9-%DA%A9%D8%A7%D8%B1%D9%87-HP-M401DN,0,2,10.5,404,,0,1.02
https://mahamprint.com/product/1718/%D8%B1%DB%8C%D8%A8%D9%88%D9%86-Super-Resin-110-300,0,2,7.5,404,,0,0.88
https://mahamprint.com/product/1730/%D8%B1%DB%8C%D8%A8%D9%88%D9%86-%D8%AA%DA%A9-%D8%B1%D9%86%DA%AF-%D9%85%D8%B4%DA%A9%DB%8C-1000-%D8%B9%DA%A9%D8%B3-%D9%85%D8%AC%DB%8C%DA%A9%D8%A7%D8%B1%D8%AF-Magicard-Ribbon-Black,0,2,4,404,,0,0.88
https://mahamprint.com/product/1735/%D8%B1%DB%8C%D8%A8%D9%88%D9%86-%D9%BE%D8%B1%D9%85%DB%8C%D9%88%D9%85-%D8%B1%D8%B2%DB%8C%D9%86-Wash-care-Permium-40%C3%97300,0,2,1,404,,0,0.88
https://mahamprint.com/product/1753/%D8%B1%DB%8C%D8%A8%D9%88%D9%86-Wax-160%C3%97300,0,2,2,404,,0,1.04
https://mahamprint.com/product/1757/%D9%81%DB%8C%D9%84%D9%85-%D8%A7%D9%86%D8%AA%D9%82%D8%A7%D9%84-500-%D8%B9%DA%A9%D8%B3-%D9%86%DB%8C%D8%B3%DA%A9%D8%A7-Nisca-Transfer-Film-500-Images,0,2,6,404,,0,0.92
https://mahamprint.com/product/1769/%DA%A9%D8%A7%D8%B1%D8%A8%D9%86-%D9%81%DA%A9%D8%B3-Sharp-FO-6CR,0,2,9,404,,0,0.93
https://mahamprint.com/product/1786/%D8%AF%D9%88%D9%84%D9%88%D9%BE%D8%B1-Sharp-MX-500GV,0,2,6,404,,0,0.89
https://mahamprint.com/product/1775/%DA%A9%D8%A7%D8%B1%D8%A8%D9%86-%D9%81%DA%A9%D8%B3-Brother-PC-302RF,0,2,6,404,,0,0.97
https://mahamprint.com/product/1788/%D8%AF%D9%88%D9%84%D9%88%D9%BE%D8%B1-Samsung-707s,0,2,6,404,,0,0.94
https://mahamprint.com/product/1794/%D9%85%D8%B1%DA%A9%D8%A8-Risograph-RP,0,2,8.5,404,,0,0.81
https://mahamprint.com/product/1835/%D8%B1%D9%88%D9%84-%D9%84%DB%8C%D8%A8%D9%84-%DA%A9%D8%A7%D8%BA%D8%B0%DB%8C-%D8%B3%D9%87-%D8%B1%D8%AF%DB%8C%D9%81%D9%87-30%C3%9710,0,2,11,404,,0,0.82
https://mahamprint.com/product/1845/%D9%84%DB%8C%D8%A8%D9%84-%D8%A8%D8%B1%DA%86%D8%B3%D8%A8-%D9%BE%DB%8C-%D9%88%DB%8C-%D8%B3%DB%8C-%D8%B3%D9%87-%D8%B1%D8%AF%DB%8C%D9%81%D9%87-31-21,0,2,8.5,404,,0,0.81
https://mahamprint.com/product/1829/%D8%B1%D9%88%D9%84-%D8%A8%D8%B1%DA%86%D8%B3%D8%A8-%DA%A9%D8%A7%D8%BA%D8%B0%DB%8C-%D8%AF%D9%88-%D8%B1%D8%AF%DB%8C%D9%81%D9%87-45%C3%9730,0,2,3.5,404,,0,0.96
https://mahamprint.com/product/1872/%D9%84%DB%8C%D8%A8%D9%84-%D8%A8%D8%B1%DA%86%D8%B3%D8%A8-%D9%85%D8%AA%D8%A7%D9%84-%D8%AF%D9%88-%D8%B1%D8%AF%DB%8C%D9%81%D9%87-Metal-Label-30%C3%9745,0,2,33,404,,0,0.85
https://mahamprint.com/product/1910/%D9%84%DB%8C%D8%A8%D9%84-%D8%A8%D8%B1%DA%86%D8%B3%D8%A8-%D9%BE%D8%B4%D8%AA-%D9%85%D8%AA%D8%A7%D9%84-%D8%B3%D9%87-%D8%B1%D8%AF%DB%8C%D9%81%D9%87-21%C3%9731,0,2,23,404,,0,0.84
https://mahamprint.com/product/1974/%D9%86%D9%88%D8%A7%D8%B1-%D9%84%DB%8C%D8%A8%D9%84-%D9%BE%D8%B1%DB%8C%D9%86%D8%AA%D8%B1-brother-921-%D8%BA%DB%8C%D8%B1-%D8%A7%D9%88%D8%B1%D8%AC%DB%8C%D9%86%D8%A7%D9%84,0,2,13,404,,0,0.87
https://mahamprint.com/product/1999/%D8%A8%D8%A7%D8%AA%D8%B1%DB%8C-%D9%82%D9%84%D9%85%DB%8C-Duracell-Plus-Power,0,2,9,404,,0,0.89
https://mahamprint.com/product/2018/%D8%A8%D8%A7%D8%AA%D8%B1%DB%8C-%D9%82%D9%84%D9%85%DB%8C-%D9%85%D8%AF%D9%84-MAX-M-03,0,2,4,404,,0,0.87
https://mahamprint.com/product/2218/%D8%B3%DB%8C%D9%86%DB%8C-%D8%AE%D8%B1%D9%88%D8%AC%DB%8C-%D8%A7%DA%86-%D9%BE%DB%8C-%D8%B3%D8%B1%DB%8C-RM1-7498,0,2,4,404,,0,0.84
https://mahamprint.com/product/2187/%D9%85%D9%88%D8%AA%D9%88%D8%B1-%D8%A7%D8%B5%D9%84%DB%8C-SHARP-AR-420,0,2,7,404,,0,0.93
https://mahamprint.com/product/2305/%D8%B1%D9%88%D9%84-%D9%BE%D8%B1%D8%B3-%D8%B4%D8%A7%D8%B1%D9%BE-Sharp-ARM-350-450,0,2,8,404,,0,0.89
https://mahamprint.com/product/2305/%D8%B1%D9%88%D9%84-%D9%BE%D8%B1%D8%B3-Sharp-ARM-350-450,0,2,12.5,404,,0,1.05
https://mahamprint.com/product/2317/%D8%B1%D9%88%D9%84-%D9%BE%D8%B1%D8%B3-HP-P3005,0,2,6.5,404,,0,0.98
https://mahamprint.com/product/2351/%DA%86%D8%B1%D8%AE-%D8%AF%D9%86%D8%AF%D9%87-%D8%B3%D8%B1-%D9%87%D8%A7%D8%AA%D8%B1%D9%88%D9%84-%D8%A8%D8%B1%D9%86%D8%AF-sharp-AR-5127-235-275-%D9%81%D8%A7%D8%A8%D8%B1%DB%8C%DA%A9,0,2,5.5,404,,0,0.99
https://mahamprint.com/product/2363/%DA%86%D8%B1%D8%AE-%D8%AF%D9%86%D8%AF%D9%87-%D9%81%DB%8C%D9%88%D8%B2%DB%8C%D9%86%DA%AF-%D8%AF%D9%88%D9%82%D9%84%D9%88-toshiba-%D9%85%D8%AF%D9%84-E-Studio-163-168,0,2,21,404,,0,0.98
https://mahamprint.com/product/2386/%D9%84%D8%A7%D8%B3%D8%AA%DB%8C%DA%A9-%DA%A9%D8%A7%D8%BA%D8%B0%DA%A9%D8%B4-%D8%B1%DB%8C%DA%A9%D9%88-AF1060-1075,0,2,6,404,,0,1.01
https://mahamprint.com/product/2419/%D8%B3%D9%BE%D8%B1%DB%8C%D8%B4%D9%86-%D8%B5%D8%A7%D9%81-ADF-ricoh-AF-1060,0,2,8,404,,0,1.05
https://mahamprint.com/product/2427/%DA%A9%D8%A7%D8%BA%D8%B0%DA%A9%D8%B4-%DA%A9%D8%A7%D8%B3%D8%AA-234-%D8%A8%D8%A7-%D9%85%D8%BA%D8%B2%DB%8C-%D8%B5%D8%A7%D9%81-%DA%A9%D9%88%D9%86%DB%8C%DA%A9%D8%A7-%D9%85%DB%8C%D9%86%D9%88%D9%84%D8%AA%D8%A7-350-450-%D8%B7%D8%B1%D8%AD,0,2,6,404,,0,0.86
https://mahamprint.com/product/2430/%D9%BE%DB%8C%DA%A9%D8%A7%D9%BE-%D8%A2%D8%AC%D8%AF%D8%A7%D8%B1-sharp-AR-531651271267,0,2,15.5,404,,0,0.94
https://mahamprint.com/product/2486/%D9%BE%D8%B1%DB%8C%D9%86%D8%AA%D8%B1-HP-%D9%85%D8%AF%D9%84-LaserJet-M111A,0,2,5.5,404,,0,0.97
https://mahamprint.com/product/2568/%D9%87%D9%84%DB%8C-%D8%B4%D8%A7%D8%AA-%D9%85%D8%AF%D9%84-DJI-MAVIC-3,0,2,5.5,404,,0,0.96
https://mahamprint.com/product/2570/%D9%87%D9%84%DB%8C-%D8%B4%D8%A7%D8%AA-%D8%A8%D8%B1%D9%86%D8%AF-DJI-%D9%85%D8%AF%D9%84-AIR-2S,0,2,12,404,,0,0.92
https://mahamprint.com/product/2608/%DA%AF%D9%88%D8%B4%DB%8C-samsung-S22-PLUS-5G,0,2,7.5,404,,0,0.88
https://mahamprint.com/product/2610/%D9%BE%D8%B1%DB%8C%D9%86%D8%AA%D8%B1-%D8%B3%D9%87-%DA%A9%D8%A7%D8%B1%D9%87-EPSON-L3251W,0,2,5,404,,0,0.89
https://mahamprint.com/product/2614/%D8%B3%D8%A7%D8%B9%D8%AA-%D9%87%D9%88%D8%B4%D9%85%D9%86%D8%AF-%D8%A8%D8%B1%D9%86%D8%AF-samsung-%D9%85%D8%AF%D9%84-galaxy-watch-5-pro,0,2,9,404,,0,0.76
https://mahamprint.com/product/2623/%D8%A7%DB%8C%D8%B1%D9%BE%D8%A7%D8%AF-apple-Airpods-2-pro,0,2,33.5,404,,0,0.84
https://mahamprint.com/product/2630/%D9%84%D9%BE-%D8%AA%D8%A7%D9%BE-%D8%A7%D9%BE%D9%84-%D9%85%D8%AF%D9%84-MK1E3-M1-PRO-16G-512G,0,2,5.5,404,,0,0.84
https://mahamprint.com/product/2637/Mac-Studio-MJMW3-M1-ULTRA-64G-1TB,0,2,5.5,404,,0,0.83
https://mahamprint.com/product/2634/Macbook-%D8%A8%D8%B1%D9%86%D8%AF-apple-%D9%85%D8%AF%D9%84-Air-MGN63-M1-8G-256G,0,2,10,404,,0,0.89
https://mahamprint.com/product/2712/%DA%A9%D8%A7%D8%B1%D8%AA-%DA%AF%D8%B1%D8%A7%D9%81%DB%8C%DA%A9-RX-6400AERO-ITX-4G,0,2,10.5,404,,0,0.88
https://mahamprint.com/product/2720/%DA%A9%D8%A7%D8%B1%D8%AA-%DA%AF%D8%B1%D8%A7%D9%81%DB%8C%DA%A9-GTX-1050-TI-OCV1-4G,0,2,5.5,404,,0,1.0
https://mahamprint.com/product/2749/all-in-one-lenovo-M93z-core-i5-4-8GB,0,2,8,404,,0,0.89
https://mahamprint.com/product/2764/hard-hdd-wd-4tb-purple-64-MB,0,2,6.5,404,,0,0.9
https://mahamprint.com/product/2770/hard-hdd-wd-2tb-64MB-blue,0,2,8.5,404,,0,0.86
https://mahamprint.com/product/2767/hard-hdd-wd-10tb-purple-256-MB,0,2,8,404,,0,0.91
https://mahamprint.com/product/2773/hard-hdd-4tb-Barracuda-256mb,0,2,9,404,,0,1.04
https://mahamprint.com/product/2821/%D9%BE%D8%B1%D8%AF%D9%87-%D9%86%D9%85%D8%A7%DB%8C%D8%B4-%D9%85%D8%B4%DA%A9%DB%8C-%D8%AF%D8%B3%D8%AA%DB%8C-CSB250M,0,2,6.5,404,,0,0.9
https://mahamprint.com/product/2793/all-in-one-asus-V222FAK-i3-10110U,0,2,8,404,,0,0.99
https://mahamprint.com/product/2786/hard-hdd-wd-8tb-purple-256MB,0,2,253.5,404,,0,1.08
https://mahamprint.com/product/2856/%D9%BE%D8%B1%D8%AF%D9%87-%D9%86%D9%85%D8%A7%DB%8C%D8%B4-%D9%BE%D8%A7%DB%8C%D9%87-%D8%AF%D8%A7%D8%B1-%D9%85%D8%AF%D9%84-CST200,0,2,8,404,,0,0.95
https://mahamprint.com/product/2837/%D9%BE%D8%B1%D8%AF%D9%87-%D9%86%D9%85%D8%A7%DB%8C%D8%B4-%D8%AF%D8%B3%D8%AA%DB%8C-%D9%85%D8%AF%D9%84-CS150M,0,2,251.5,404,,0,1.02
https://mahamprint.com/product/2962/%D9%81%DB%8C%D8%B4%20-%D9%BE%D8%B1%DB%8C%D9%86%D8%AA%D8%B1%20-%D9%85%D8%AF%D9%84-%20ZEC-%20MINI,0,2,8,404,,0,0.68
https://mahamprint.com/product/2908/%D9%BE%D8%B1%DB%8C%D9%86%D8%AA%D8%B1-%D9%84%DB%8C%D8%B2%D8%B1%DB%8C-%D8%AA%DA%A9-%DA%A9%D8%A7%D8%B1%D9%87-%D8%A8%D8%B1%D9%86%D8%AF-HP-%D9%85%D8%AF%D9%84-4003N,0,2,8.5,404,,0,0.75
https://mahamprint.com/product/3029/%D9%84%DB%8C%D8%A8%D9%84-%20%D9%BE%D8%B1%DB%8C%D9%86%D8%AA%D8%B1-%20%D8%A8%D8%B1%D9%86%D8%AF-%20GAINSCHA-%C2%A0%20%D9%85%D8%AF%D9%84-%20GS-2408D,0,2,11,404,,0,0.8
https://mahamprint.com/product/3024/%D8%A7%D8%B3%DA%A9%D9%86%D8%B1-%20fujitsu%20-SP-1120N,0,2,5.5,404,,0,0.88
https://mahamprint.com/product/2868/%D9%BE%D8%B1%D8%AF%D9%87-%D9%86%D9%85%D8%A7%DB%8C%D8%B4-%D9%BE%D8%A7%DB%8C%D9%87-%D8%AF%D8%A7%D8%B1-%DA%A9%D8%B1%D9%88%D9%85%D8%A7%DA%A9%DB%8C-%D9%85%D8%AF%D9%84-CSG200T,0,2,9,404,,0,1.16
https://mahamprint.com/product/3031/%D8%A7%D8%B3%DA%A9%D9%86%D8%B1-%20%D9%85%D8%AF%D9%84-%20FUJITSU-%20SP-1125N,0,2,4,404,,0,0.89
https://mahamprint.com/product/3043/%D8%A7%D8%B3%DA%A9%D9%86%D8%B1%20-%D9%81%D9%88%D8%AC%DB%8C%D8%AA%D8%B3%D9%88%20-%D9%85%D8%AF%D9%84%20-fi6240z,0,2,8.5,404,,0,0.88
https://mahamprint.com/product/304/%D9%BE%D8%B1%DB%8C%D9%86%D8%AA%D8%B1-%D8%AA%DA%A9-%DA%A9%D8%A7%D8%B1%D9%87-%D9%84%DB%8C%D8%B2%D8%B1%DB%8C-HP-M254DW,0,2,6,404,,0,1.07
https://mahamprint.com/product/3061/%D9%88%DB%8C%D8%AF%D8%A6%D9%88-%D9%BE%D8%B1%D9%88%DA%98%DA%A9%D8%AA%D9%88%D8%B1-Panasonic-PT-LB356,0,2,2,404,,0,0.93
https://mahamprint.com/product/3088/%D8%A7%D8%B3%DA%A9%D9%86%D8%B1-%D9%81%D9%88%D8%AC%DB%8C%D8%AA%D8%B3%D9%88-%D9%85%D8%AF%D9%84-fi6010n,0,2,5.5,404,,0,0.91
https://mahamprint.com/product/3129/%D9%BE%D8%B1%DB%8C%D9%86%D8%AA%D8%B1%D8%A7%D9%BE%D8%B3%D9%88%D9%86-%20EcoTank-%20M1180,0,2,9,404,,0,0.89
https://mahamprint.com/product/316/%D9%BE%D8%B1%DB%8C%D9%86%D8%AA%D8%B1-Brother-HL-2370DN,0,2,7,404,,0,0.92
https://mahamprint.com/product/35/Nikon-D3400-%D8%A8%D8%A7-%D9%84%D9%86%D8%B2-%DB%B5%DB%B5-%DB%B1%DB%B8-AF-P-VR,0,2,9,404,,0,0.89
https://mahamprint.com/product/356/%D9%BE%D8%B1%DB%8C%D9%86%D8%AA%D8%B1-%DA%86%D9%86%D8%AF%DA%A9%D8%A7%D8%B1%D9%87-%D8%A8%D8%B1%D9%86%D8%AF-Canon-%D9%85%D8%AF%D9%84-MF734cdw,0,2,26.5,404,,0,0.82
https://mahamprint.com/product/39/i-SENSYS-MF744Cdw,0,2,31.5,404,,0,0.97
https://mahamprint.com/product/488/%D8%A7%D8%B3%DA%A9%D9%86%D8%B1-FUJITSU-FI7600-LOW,0,2,5.5,404,,0,0.92
https://mahamprint.com/product/469/%D8%A7%D8%B3%DA%A9%D9%86%D8%B1-hp-8420n,0,2,8,404,,0,1.0
https://mahamprint.com/product/646/%DA%A9%D8%A7%D8%BA%D8%B0-%D8%AE%D8%B1%D8%AF%DA%A9%D9%86-Sunwood-SD9522,0,2,9,404,,0,0.95
https://mahamprint.com/product/715/%DA%A9%D8%A7%D8%BA%D8%B0-%D8%AE%D8%B1%D8%AF%DA%A9%D9%86-Mehr-MM-520,0,2,5.5,404,,0,0.86
https://mahamprint.com/product/721/%DA%A9%D8%A7%D8%BA%D8%B0-%D8%AE%D8%B1%D8%AF%DA%A9%D9%86-Nikita-SD-9210,0,2,8.5,404,,0,0.98
https://mahamprint.com/product/735/%DA%A9%D8%A7%D8%BA%D8%B0-%D8%AE%D8%B1%D8%AF%DA%A9%D9%86-Kobra-2cc2,0,2,7,404,,0,0.87
https://mahamprint.com/product/778/%D8%A8%D8%A7%D8%B1%DA%A9%D8%AF%D8%AE%D9%88%D8%A7%D9%86-DATALOGIC-GD-4132,0,2,8.5,404,,0,0.87
https://mahamprint.com/product/76/%D9%BE%D8%B1%DB%8C%D9%86%D8%AA%D8%B1-%D9%84%DB%8C%D8%B2%D8%B1%DB%8C-%DA%86%D9%86%D8%AF-%DA%A9%D8%A7%D8%B1%D9%87-%D8%A8%D8%B1%D9%86%D8%AF-HP-M125A,0,2,71,404,,0,0.95
https://mahamprint.com/product/807/%D8%A8%D8%A7%D8%B1%DA%A9%D8%AF-%D8%A7%D8%B3%DA%A9%D9%86%D8%B1-%D8%A8%D8%B1%D9%86%D8%AF-DATALOGIC-%D9%85%D8%AF%D9%84-Quickscan-QD2170,0,2,6.5,404,,0,0.91
https://mahamprint.com/product/816/%D8%A8%D8%A7%D8%B1%DA%A9%D8%AF-%D8%A7%D8%B3%DA%A9%D9%86%D8%B1-DATALOGIC-CO5330,0,2,10,404,,0,0.95
https://mahamprint.com/product/824/%D8%A8%D8%A7%D8%B1%DA%A9%D8%AF-%D8%A7%D8%B3%DA%A9%D9%86%D8%B1-DATALOGIC-Magellan-2D-3450,0,2,7,404,,0,0.76
https://mahamprint.com/product/942/%D9%85%D8%A7%D8%B4%DB%8C%D9%86-%D8%AD%D8%B3%D8%A7%D8%A8-Citizen-LC-210N,0,2,5.5,404,,0,1.01
https://mahamprint.com/products/-------51-34,0,2,7.5,200,https://mahamprint.com/products/-------51-34,0,0.92
https://mahamprint.com/products/-------epson--f100,0,2,10.5,200,https://mahamprint.com/products/-------epson--f100,0,0.92
https://mahamprint.com/products/--------sky-s311,0,2,4,200,https://mahamprint.com/products/--------sky-s311,0,1.05
https://mahamprint.com/products/------250--760-,0,2,7.5,200,https://mahamprint.com/products/------250--760-,0,1.33
https://mahamprint.com/products/-------toshiba-e-studio-350,0,2,6,200,https://mahamprint.com/products/-------toshiba-e-studio-350,0,1.37
https://mahamprint.com/products/------pa503xe,0,2,6.5,200,https://mahamprint.com/products/------pa503xe,0,1.43
https://mahamprint.com/products/------sharp-mx-3500,0,2,8.5,200,https://mahamprint.com/products/------sharp-mx-3500,0,1.59
https://mahamprint.com/products/------zebra--symbol--li2208,0,2,7,200,https://mahamprint.com/products/------zebra--symbol--li2208,0,1.62
https://mahamprint.com/products/------gainscha----gs-2408d,0,2,7.5,200,https://mahamprint.com/products/------gainscha----gs-2408d,0,2.11
https://mahamprint.com/products/-----15-45,0,2,9,200,https://mahamprint.com/products/-----15-45,0,1.93
https://mahamprint.com/products/-----40-20,0,2,8.5,200,https://mahamprint.com/products/-----40-20,0,2.06
https://mahamprint.com/products/-----hp-m501dn,0,2,9.5,200,https://mahamprint.com/products/-----hp-m501dn,0,1.9
https://mahamprint.com/products/-----scope-200x200-cm,0,2,9,200,https://mahamprint.com/products/-----scope-200x200-cm,0,1.77
https://mahamprint.com/products/-----sharp-ar-452,0,2,6.5,200,https://mahamprint.com/products/-----sharp-ar-452,0,1.97
https://mahamprint.com/products/-----toshiba--e-s163,0,2,7.5,200,https://mahamprint.com/products/-----toshiba--e-s163,0,1.85
https://mahamprint.com/products/-----tze-425,0,2,8,200,https://mahamprint.com/products/-----tze-425,0,1.65
https://mahamprint.com/products/-----zkteco-x200,0,2,79.5,200,https://mahamprint.com/products/-----zkteco-x200,0,2.02
https://mahamprint.com/products/----2035,0,2,11,200,https://mahamprint.com/products/----2035,0,1.93
https://mahamprint.com/products/----c230,0,2,5,200,https://mahamprint.com/products/----c230,0,2.08
https://mahamprint.com/products/----canon--pixma--mg2546s,0,2,41,200,https://mahamprint.com/products/----canon--pixma--mg2546s,0,1.84
https://mahamprint.com/products/----canon-g2411,0,2,6.5,200,https://mahamprint.com/products/----canon-g2411,0,1.77
https://mahamprint.com/products/----hp-m111a,0,2,8.5,200,https://mahamprint.com/products/----hp-m111a,0,1.57
https://mahamprint.com/products/----hp-m225dw,0,2,7.5,200,https://mahamprint.com/products/----hp-m225dw,0,1.58
https://mahamprint.com/products/----hp-m402dw,0,2,7,200,https://mahamprint.com/products/----hp-m402dw,0,1.64
https://mahamprint.com/products/----hp-m452nw,0,2,7.5,200,https://mahamprint.com/products/----hp-m452nw,0,1.44
https://mahamprint.com/products/----hp-p1505,0,2,4.5,200,https://mahamprint.com/products/----hp-p1505,0,1.56
https://mahamprint.com/products/----konica-minolta-c451,0,2,7.5,200,https://mahamprint.com/products/----konica-minolta-c451,0,1.67
https://mahamprint.com/products/----lenovo-ideapad-v130-h,0,2,7.5,200,https://mahamprint.com/products/----lenovo-ideapad-v130-h,0,1.82
https://mahamprint.com/products/----mk430h-b----,0,2,5,200,https://mahamprint.com/products/----mk430h-b----,0,1.69
https://mahamprint.com/products/----ricoh-sp-c240dn,0,2,6.5,200,https://mahamprint.com/products/----ricoh-sp-c240dn,0,1.66
https://mahamprint.com/products/----sharp-ar-160,0,2,9.5,200,https://mahamprint.com/products/----sharp-ar-160,0,1.82
https://mahamprint.com/products/----sharp-ncpl-0003qszz,0,2,7,200,https://mahamprint.com/products/----sharp-ncpl-0003qszz,0,1.71
https://mahamprint.com/products/----t4000-brother,0,2,19.5,200,https://mahamprint.com/products/----t4000-brother,0,1.44
https://mahamprint.com/products/----toshiba--e-studio-163-168,0,2,6,200,https://mahamprint.com/products/----toshiba--e-studio-163-168,0,1.67
https://mahamprint.com/products/----toshiba-e-s-166,0,2,6,200,https://mahamprint.com/products/----toshiba-e-s-166,0,1.66
https://mahamprint.com/products/----zkteco-g3,0,2,5.5,200,https://mahamprint.com/products/----zkteco-g3,0,2.01
https://mahamprint.com/products/---alborz-aze8,0,2,5,200,https://mahamprint.com/products/---alborz-aze8,0,1.8
https://mahamprint.com/products/---27--toshiba--e-studio-550,0,2,6,200,https://mahamprint.com/products/---27--toshiba--e-studio-550,0,1.88
https://mahamprint.com/products/---asus--gz301ze-i9-12900h,0,2,4,200,https://mahamprint.com/products/---asus--gz301ze-i9-12900h,0,2.35
https://mahamprint.com/products/---ax-5200,0,2,11,200,https://mahamprint.com/products/---ax-5200,0,1.72
https://mahamprint.com/products/---benq-gv1,0,2,3.5,200,https://mahamprint.com/products/---benq-gv1,0,1.78
https://mahamprint.com/products/---bixolon--slp-tx-423,0,2,7.5,200,https://mahamprint.com/products/---bixolon--slp-tx-423,0,1.54
https://mahamprint.com/products/---brother-mfc-l2700dw,0,2,12.5,200,https://mahamprint.com/products/---brother-mfc-l2700dw,0,1.56
https://mahamprint.com/products/---brother-921--,0,2,8.5,200,https://mahamprint.com/products/---brother-921--,0,1.67
https://mahamprint.com/products/---brother-tze-632--,0,2,5,200,https://mahamprint.com/products/---brother-tze-632--,0,1.68
https://mahamprint.com/products/---datalogic--quickscan-m-qm2131,0,2,9,200,https://mahamprint.com/products/---datalogic--quickscan-m-qm2131,0,1.7
https://mahamprint.com/products/---ecotank-et-m2140,0,2,3.5,200,https://mahamprint.com/products/---ecotank-et-m2140,0,1.63
https://mahamprint.com/products/---epson--lq-690,0,2,8,200,https://mahamprint.com/products/---epson--lq-690,0,1.81
https://mahamprint.com/products/---epson-s41,0,2,6.5,200,https://mahamprint.com/products/---epson-s41,0,1.92
https://mahamprint.com/products/---hp--mfp-m433a,0,2,7,200,https://mahamprint.com/products/---hp--mfp-m433a,0,2.04
https://mahamprint.com/products/---hp-1010,0,2,9.5,200,https://mahamprint.com/products/---hp-1010,0,1.87
https://mahamprint.com/products/---hp-1118-1120,0,2,3,200,https://mahamprint.com/products/---hp-1118-1120,0,1.89
https://mahamprint.com/products/---hp-19a-drum,0,2,8,200,https://mahamprint.com/products/---hp-19a-drum,0,1.88
https://mahamprint.com/products/---kodak-cr2025,0,2,7,200,https://mahamprint.com/products/---kodak-cr2025,0,1.77
https://mahamprint.com/products/---mkgp3-m1-pro-16g-512g,0,2,7,200,https://mahamprint.com/products/---mkgp3-m1-pro-16g-512g,0,1.77
https://mahamprint.com/products/---nikita--468,0,2,4,200,https://mahamprint.com/products/---nikita--468,0,1.8
https://mahamprint.com/products/---oscar-unibar-1,0,2,8.5,200,https://mahamprint.com/products/---oscar-unibar-1,0,1.79
https://mahamprint.com/products/---ricoh-2060,0,2,6,200,https://mahamprint.com/products/---ricoh-2060,0,1.77
https://mahamprint.com/products/---samsung-2250-4720,0,2,9,200,https://mahamprint.com/products/---samsung-2250-4720,0,1.84
https://mahamprint.com/products/---security-label-15-45,0,2,3.5,200,https://mahamprint.com/products/---security-label-15-45,0,1.61
https://mahamprint.com/products/---samsung-sl-k2200,0,2,8.5,200,https://mahamprint.com/products/---samsung-sl-k2200,0,1.82
https://mahamprint.com/products/---sharp--ar-5127,0,2,9.5,200,https://mahamprint.com/products/---sharp--ar-5127,0,1.88
https://mahamprint.com/products/---sharp-ar5316,0,2,7.5,200,https://mahamprint.com/products/---sharp-ar5316,0,1.83
https://mahamprint.com/products/---sharp-mx452-500,0,2,6,200,https://mahamprint.com/products/---sharp-mx452-500,0,1.68
https://mahamprint.com/products/---toshiba-e-studio-160-166,0,2,7.5,200,https://mahamprint.com/products/---toshiba-e-studio-160-166,0,1.7
https://mahamprint.com/products/---unic-uc46,0,2,7,200,https://mahamprint.com/products/---unic-uc46,0,1.73
https://mahamprint.com/products/--300-30-wash-care-permium,0,2,13.5,200,https://mahamprint.com/products/--300-30-wash-care-permium,0,1.75
https://mahamprint.com/products/--benq-ms560,0,2,6,200,https://mahamprint.com/products/--benq-ms560,0,1.73
https://mahamprint.com/products/--brother-pt-e110vp,0,2,9,200,https://mahamprint.com/products/--brother-pt-e110vp,0,1.72
https://mahamprint.com/products/--brother-pt-s110,0,2,2,200,https://mahamprint.com/products/--brother-pt-s110,0,1.78
https://mahamprint.com/products/--canon--80gr,0,2,24,200,https://mahamprint.com/products/--canon--80gr,0,1.82
https://mahamprint.com/products/--canon-as-220rts,0,2,9.5,200,https://mahamprint.com/products/--canon-as-220rts,0,1.78
https://mahamprint.com/products/--canon-cli-8-pgi-5,0,2,3.5,200,https://mahamprint.com/products/--canon-cli-8-pgi-5,0,1.88
https://mahamprint.com/products/--casio-fx-570es-plus,0,2,6.5,200,https://mahamprint.com/products/--casio-fx-570es-plus,0,1.78
https://mahamprint.com/products/--epson-tx117,0,2,7,200,https://mahamprint.com/products/--epson-tx117,0,1.73
https://mahamprint.com/products/--datalogic-qbt2430,0,2,5,200,https://mahamprint.com/products/--datalogic-qbt2430,0,1.83
https://mahamprint.com/products/--epson-x41,0,2,14.5,200,https://mahamprint.com/products/--epson-x41,0,1.7
https://mahamprint.com/products/--galaxy-s20-ultra,0,2,7,200,https://mahamprint.com/products/--galaxy-s20-ultra,0,1.69
https://mahamprint.com/products/--honeywell-xenon-1900,0,2,8,200,https://mahamprint.com/products/--honeywell-xenon-1900,0,1.59
https://mahamprint.com/products/--hp----t795,0,2,7.5,200,https://mahamprint.com/products/--hp----t795,0,1.75
https://mahamprint.com/products/--hp--m126nw,0,2,9,200,https://mahamprint.com/products/--hp--m126nw,0,1.76
https://mahamprint.com/products/--hp-2300-drum,0,2,7.5,200,https://mahamprint.com/products/--hp-2300-drum,0,1.9
https://mahamprint.com/products/--hp-pro-mfp-m127fw,0,2,6.5,200,https://mahamprint.com/products/--hp-pro-mfp-m127fw,0,1.73
https://mahamprint.com/products/--kodak-9125dc,0,2,2.5,200,https://mahamprint.com/products/--kodak-9125dc,0,1.85
https://mahamprint.com/products/--mehr-mm-800,0,2,10.5,200,https://mahamprint.com/products/--mehr-mm-800,0,2.05
https://mahamprint.com/products/--msi--rtx-3050-ventus-2x-oc-8g,0,2,8.5,200,https://mahamprint.com/products/--msi--rtx-3050-ventus-2x-oc-8g,0,1.85
https://mahamprint.com/products/--msi-rtx-3060-ventus-2x-oc-12g,0,2,8,200,https://mahamprint.com/products/--msi-rtx-3060-ventus-2x-oc-12g,0,1.66
https://mahamprint.com/products/--nikita-ld-80b,0,2,15.5,200,https://mahamprint.com/products/--nikita-ld-80b,0,1.85
https://mahamprint.com/products/--printer-canon-6650-6670,0,2,9.5,200,https://mahamprint.com/products/--printer-canon-6650-6670,0,1.86
https://mahamprint.com/products/--remo-c-1200,0,2,4.5,200,https://mahamprint.com/products/--remo-c-1200,0,1.63
https://mahamprint.com/products/--ps----ar-5316,0,2,9,200,https://mahamprint.com/products/--ps----ar-5316,0,1.9
https://mahamprint.com/products/--remo-c-2200,0,2,2.5,200,https://mahamprint.com/products/--remo-c-2200,0,1.74
https://mahamprint.com/products/--remo-c-3100,0,2,4,200,https://mahamprint.com/products/--remo-c-3100,0,1.73
https://mahamprint.com/products/--sharp--mx-312av,0,2,9,200,https://mahamprint.com/products/--sharp--mx-312av,0,1.82
https://mahamprint.com/products/--sharp-ar-420,0,2,4.5,200,https://mahamprint.com/products/--sharp-ar-420,0,1.74
https://mahamprint.com/products/--sharp-mx363-452-500,0,2,11.5,200,https://mahamprint.com/products/--sharp-mx363-452-500,0,1.75
https://mahamprint.com/products/--toshiba-e350-450,0,2,4.5,200,https://mahamprint.com/products/--toshiba-e350-450,0,1.75
https://mahamprint.com/products/--toshiba-t-5508u,0,2,6,200,https://mahamprint.com/products/--toshiba-t-5508u,0,1.82
https://mahamprint.com/products/--wjd-ql2008-qinglei,0,2,9,200,https://mahamprint.com/products/--wjd-ql2008-qinglei,0,1.88
https://mahamprint.com/products/-canon-045,0,2,5,200,https://mahamprint.com/products/-canon-045,0,1.59
https://mahamprint.com/products/-canon-dr-c225,0,2,8,200,https://mahamprint.com/products/-canon-dr-c225,0,1.75
https://mahamprint.com/products/-canon-dr-c240,0,2,13.5,200,https://mahamprint.com/products/-canon-dr-c240,0,1.71
https://mahamprint.com/products/-epson--103-4-,0,2,11,200,https://mahamprint.com/products/-epson--103-4-,0,1.87
https://mahamprint.com/products/-epson-ds-530-2,0,2,9.5,200,https://mahamprint.com/products/-epson-ds-530-2,0,1.77
https://mahamprint.com/products/-epson-gt-s85,0,2,7,200,https://mahamprint.com/products/-epson-gt-s85,0,1.63
https://mahamprint.com/products/-epson-85-n-black,0,2,3.5,200,https://mahamprint.com/products/-epson-85-n-black,0,2.42
https://mahamprint.com/products/-epson-t200-black,0,2,1.5,200,https://mahamprint.com/products/-epson-t200-black,0,1.8
https://mahamprint.com/products/-epson-v19,0,2,9,200,https://mahamprint.com/products/-epson-v19,0,1.81
https://mahamprint.com/products/-hp-414a,0,2,7,200,https://mahamprint.com/products/-hp-414a,0,1.85
https://mahamprint.com/products/-hp-730-cmyk,0,2,3.5,200,https://mahamprint.com/products/-hp-730-cmyk,0,1.69
https://mahamprint.com/products/-hp-m277n,0,2,9.5,200,https://mahamprint.com/products/-hp-m277n,0,1.71
https://mahamprint.com/products/-plustek-550-plus,0,2,6,200,https://mahamprint.com/products/-plustek-550-plus,0,1.86
https://mahamprint.com/products/-plustek-z300,0,2,7,200,https://mahamprint.com/products/-plustek-z300,0,1.84
https://mahamprint.com/products/-wax-resin-60-300,0,2,38,200,https://mahamprint.com/products/-wax-resin-60-300,0,1.82
https://mahamprint.com/products/-xvision-s-610,0,2,5.5,404,,0,1.79
https://mahamprint.com/products/20m28---,0,2,6.5,200,https://mahamprint.com/products/20m28---,0,1.61
https://mahamprint.com/products/all-in-one--dell-9020-core-i5-4,0,2,6.5,200,https://mahamprint.com/products/all-in-one--dell-9020-core-i5-4,0,1.7
https://mahamprint.com/products/ricoh-sp-330sfn,0,2,7.5,200,https://mahamprint.com/products/ricoh-sp-330sfn,0,1.65
https://mahamprint.com/tag/1058/%DA%A9%D8%A7%D8%AA%DB%8C%D8%AC-%D9%84%DB%8C%D8%B2%D8%B1%DB%8C,0,2,4.5,404,,0,1.57
https://mahamprint.com/tag/1348/%D8%AA%D9%88%D9%86-%D8%B1%D9%82%DB%8C%D9%85%D8%AA-%D9%85%D9%86%D8%A7%D8%B3%D8%A8,0,2,5,404,,0,1.33
https://mahamprint.com/tag/1486/%D8%B9%DA%A9%D8%A7%D8%B3%DB%8C,0,2,7,404,,0,1.39
https://mahamprint.com/tag/1962/%D9%BE%D8%B1%DB%8C%D9%86%D8%AA-%DA%A9%D9%85-%D9%87%D8%B2%DB%8C%D9%86%D9%87,0,2,1,404,,0,1.16
https://mahamprint.com/tag/2015/vdkj-gdcvd,0,2,5,404,,0,1.36
https://mahamprint.com/tag/2032/JKV-J%5D-D,0,2,6.5,404,,0,1.27
https://mahamprint.com/tag/2128/%5Dhv-1300,0,2,1,404,,0,1.08
https://mahamprint.com/tag/2041/kddjh,0,2,6.5,404,,0,1.48
https://mahamprint.com/tag/2249/hskv-hkk,0,2,10,404,,0,1.05
https://mahamprint.com/tag/2226/VDKJV-X555DN,0,2,7.5,404,,0,1.15
https://mahamprint.com/tag/2257/vdkjv-m51w,0,2,11,404,,0,1.04
https://mahamprint.com/tag/2305/fhvnhskv,0,2,4.5,404,,0,0.85
https://mahamprint.com/tag/2350/instagram.com/instagram.com/linkedin.com,0,2,9,404,,0,0.79
https://mahamprint.com/tag/2402/%DA%A9%D8%A7%D8%BA%D8%B0-%D8%AE%D8%B1%D8%AF%DA%A9%D9%86-REMO,0,2,7,404,,0,0.83
https://mahamprint.com/tag/2500/%D9%88%DB%8C%D8%AF%D8%A6%D9%88-%D9%BE%D8%B1%D9%88%DA%98%DA%A9%D8%AA%D9%88%D8%B1-%D9%BE%D8%A7%D9%86%D8%A7%D8%B3%D9%88%D9%86%DB%8C%DA%A9,0,2,21.5,404,,0,0.83
https://mahamprint.com/tag/2578/%DA%A9%D9%86%D8%B3%D9%88%D9%84-%D8%A8%D8%A7%D8%B2%DB%8C-%D9%BE%D9%84%DB%8C-%D8%A7%D8%B3%D8%AA%DB%8C%D8%B4%D9%86,0,2,9,404,,0,0.85
https://mahamprint.com/tag/228/instagram.com/,0,2,1,308->404,/tag/228/instagram.com,1,1.64
https://mahamprint.com/tag/2605/%D9%BE%D8%B1%DB%8C%D9%86%D8%AA%D8%B1-%D9%84%DB%8C%D8%B2%D8%B1%DB%8C-hp,0,2,3,404,,0,0.83
https://mahamprint.com/tag/2650/%D9%BE%D8%B1%DB%8C%D9%86%D8%AA%D8%B1-%DA%86%D9%86%D8%AF%DA%A9%D8%A7%D8%B1%D9%87-hp,0,2,4.5,404,,0,0.77
https://mahamprint.com/tag/2656/%D9%81%DB%8C%D8%B4-%D9%BE%D8%B1%DB%8C%D9%86%D8%AA%D8%B1-BIXOLON,0,2,16,404,,0,0.85
https://mahamprint.com/tag/2672/%D9%BE%D8%B1%DB%8C%D9%86%D8%AA%D8%B1-%DA%86%D9%87%D8%A7%D8%B1%DA%A9%D8%A7%D8%B1%D9%87-hp,0,2,10.5,404,,0,0.88
https://mahamprint.com/tag/2733/%DA%A9%D8%A7%D8%B1%D8%AA%D8%B1%DB%8C%D8%AC-%D8%B1%DB%8C%DA%A9%D9%88,0,2,15.5,404,,0,0.76
https://mahamprint.com/tag/2735/%DA%A9%D8%A7%D8%B1%D8%AA%D8%B1%DB%8C%D8%AC-%D9%84%DA%A9%D8%B3%D9%85%D8%A7%D8%B1%DA%A9,0,2,47,404,,0,0.92
https://mahamprint.com/tag/2752/%D9%81%DB%8C%D8%B4-%D9%BE%D8%B1%DB%8C%D9%86%D8%AA%D8%B1-%D8%B3%DB%8C%D8%AA%DB%8C%D8%B2%D9%86,0,2,7,404,,0,0.86
https://mahamprint.com/tag/2758/%D9%81%DA%A9%D8%B3-%D9%BE%D8%A7%D9%86%D8%A7%D8%B3%D9%88%D9%86%DB%8C%DA%A9,0,2,7,404,,0,0.87
https://mahamprint.com/tag/2763/%D9%85%D8%A7%D8%B3%DB%8C%D9%86-%D8%AD%D8%B3%D8%A7%D8%A8-casio,0,2,9.5,404,,0,0.93
https://mahamprint.com/tag/2791/%D9%85%D8%A7%D8%B4%DB%8C%D9%86-%D8%AD%D8%B3%D8%A7%D8%A8-%D8%B3%DB%8C%D8%AA%DB%8C%D8%B2%D9%86,0,2,7,404,,0,0.91
https://mahamprint.com/tag/2866/%D8%A7%D8%B3%DA%A9%D9%86%D8%A7%D8%B3-%D8%B4%D9%85%D8%A7%D8%B1-%D9%85%DA%A9%D8%B3,0,2,7,404,,0,0.94
https://mahamprint.com/tag/2869/%D8%B5%D9%86%D8%AF%D9%88%D9%82-%D9%81%D8%B1%D9%88%D8%B4%DA%AF%D8%A7%D9%87%DB%8C-SNBC,0,2,4,404,,0,0.86
https://mahamprint.com/tag/2879/%D8%A7%D8%B3%DA%A9%D9%86%D8%A7%D8%B3-%D8%B4%D9%85%D8%A7%D8%B1-dtech,0,2,7,404,,0,0.85
https://mahamprint.com/tag/2915/%D8%AA%D8%B3%D8%AA-%D8%A7%D8%B3%DA%A9%D9%86%D8%A7%D8%B3-%D8%B1%D9%85%D9%88,0,2,5.5,404,,0,0.91
https://mahamprint.com/tag/2978/%DA%A9%D8%A7%D8%BA%D8%B0-%D8%AE%D8%B1%D8%AF%DA%A9%D9%86-fellowes,0,2,27.5,404,,0,0.87
https://mahamprint.com/tag/2923/%D8%A7%D8%B3%DA%A9%D9%86%D8%A7%D8%B3-%D8%B4%D9%85%D8%A7%D8%B1-%D8%A2%D8%A7%DB%8C%DA%A9%D8%B3,0,2,17.5,404,,0,0.98
https://mahamprint.com/tag/3006/%DA%A9%D8%A7%D8%BA%D8%B0-%D8%AE%D8%B1%D8%AF%DA%A9%D9%86-%DA%AF%DB%8C%D9%87%D8%A7,0,2,18.5,404,,0,0.88
https://mahamprint.com/tag/3154/%D8%B1%DB%8C%D8%A8%D9%88%D9%86-%D8%A7%D9%88%D9%84%DB%8C%D8%B3,0,2,38,404,,0,0.94
https://mahamprint.com/tag/3221/%D9%BE%D8%B1%DB%8C%D9%86%D8%AA%D8%B1-%DA%86%D9%86%D8%AF-%DA%A9%D8%A7%D8%B1%D9%87-%D8%A7%D9%BE%D8%B3%D9%88%D9%86,0,2,4.5,404,,0,0.96
https://mahamprint.com/tag/3251/%D9%BE%D9%88%D8%AF%D8%B1-%D8%AA%D9%88%D9%86%D8%B1-%D8%A7%DA%86-%D9%BE%DB%8C,0,2,8,404,,0,0.85
https://mahamprint.com/tag/3264/%D9%81%DB%8C%D8%B4-%D9%BE%D8%B1%DB%8C%D9%86%D8%AA%D8%B1,0,2,8.5,404,,0,0.81
https://mahamprint.com/tag/3308/%DA%A9%D9%88%D8%A7%D8%AF%DA%A9%D9%88%D9%BE%D8%AA%D8%B1-%D8%AF%DB%8C-%D8%AC%DB%8C-%D8%A7%DB%8C,0,2,12,404,,0,0.8
https://mahamprint.com/tag/3320/%D8%B3%D8%A7%D8%B9%D8%AA-%D8%A7%D9%BE%D9%84-%D9%88%D8%A7%DA%86,0,2,25,404,,0,0.81
https://mahamprint.com/tag/3386/%D8%A2%D9%84-%D8%A7%DB%8C%D9%86-%D9%88%D8%A7%D9%86,0,2,8,404,,0,0.84
https://mahamprint.com/tag/3485/%D9%81%DB%8C%D8%B4-%D9%BE%D8%B1%DB%8C%D9%86%D8%AA%D8%B1-%DA%AF%D8%B1%D9%86%D8%AF%D9%85%DB%8C,0,2,13.5,404,,0,0.85
https://mahamprint.com/tag/57/%D9%86%D8%B3%D9%84-%D8%AC%D8%AF%DB%8C%D8%AF,0,2,10.5,404,,0,0.83
https://mahamprint.com/tag/607/%D9%BE%D8%B1%DB%8C%D9%86%D8%AA%D8%B1-%D8%A8%D8%A7-%DA%A9%DB%8C%D9%81%D8%AA-%D8%B9%D8%A7%D9%84%DB%8C,0,2,1,404,,0,0.83
https://mahamprint.com/tag/670/%D8%A7%D8%B3%DA%A9%D9%86%D8%B1-%D9%81%DB%8C%D8%AF%D8%B1,0,2,11.5,404,,0,0.84
https://mahamprint.com/tag/870/%DA%A9%D9%BE%DB%8C-%D8%A7%D8%AF%D8%A7%D8%B1%DB%8C,0,2,1,404,,0,0.92
https://mahamprint.com/tag/960/%D8%AA%D9%88%D9%86%D8%B1-%D8%A7%D8%B1%D8%B2%D8%A7%D9%86,0,2,30.5,404,,0,0.84
https://mahamprint.com/brand/75,1,1,2,404,,0,0.99
https://mahamprint.com/product/1202/%D9%84%D9%BE-%D8%AA%D8%A7%D9%BE-%DB%B1%DB%B5-%D8%A7%DB%8C%D9%86%DA%86%DB%8C-Lenovo-ideapad130-15IKB,1,1,8,404,,0,1.13
https://mahamprint.com/product/1885/%D8%A7%D8%B3%DA%A9%D9%86%D8%B1-CS610-PRO-hp,1,1,2,404,,0,0.95
https://mahamprint.com/product/1530/%D8%AA%D9%88%D9%86%D8%B1-RICOH-842135,1,1,2,404,,0,1.05
https://mahamprint.com/product/445/%D8%A7%D8%B3%DA%A9%D9%86%D8%B1-PLUSTEK-PL2550,1,1,6,404,,0,0.85
https://mahamprint.com/product/574/%D9%81%DB%8C%D8%B4-%D9%BE%D8%B1%DB%8C%D9%86%D8%AA%D8%B1-%D8%AD%D8%B1%D8%A7%D8%B1%D8%AA%DB%8C-BIXOLON-%D9%85%D8%AF%D9%84-SRP-330III,1,1,10,404,,0,0.85
https://mahamprint.com/products/----200---,1,1,9,200,https://mahamprint.com/products/----200---,0,0.83
https://mahamprint.com/products/---canon--lbp226dw,1,1,10,200,https://mahamprint.com/products/---canon--lbp226dw,0,0.81
https://mahamprint.com/products/---epson-t502,1,1,3,200,https://mahamprint.com/products/---epson-t502,0,1.08
https://mahamprint.com/products/---hp--3525-130gr,1,1,7,200,https://mahamprint.com/products/---hp--3525-130gr,0,1.11
https://mahamprint.com/products/---hp-m227sdn,1,1,2,200,https://mahamprint.com/products/---hp-m227sdn,0,1.38
https://mahamprint.com/products/---mp-2000-1600-2015-1018-1900,1,1,3,200,https://mahamprint.com/products/---mp-2000-1600-2015-1018-1900,0,1.55
https://mahamprint.com/products/---scope-sp-5010g,1,1,5,200,https://mahamprint.com/products/---scope-sp-5010g,0,1.72
https://mahamprint.com/products/--epson-eb-992f,1,1,14,200,https://mahamprint.com/products/--epson-eb-992f,0,1.61
https://mahamprint.com/products/-epson-220-black,1,1,1,200,https://mahamprint.com/products/-epson-220-black,0,1.82
https://mahamprint.com/products/-epson-et-l5190,1,1,9,200,https://mahamprint.com/products/-epson-et-l5190,0,1.89
https://mahamprint.com/products/-hp-80a,1,1,6,200,https://mahamprint.com/products/-hp-80a,0,1.76
https://mahamprint.com/products/-mustek-a620,1,1,2,200,https://mahamprint.com/products/-mustek-a620,0,1.75
https://mahamprint.com/products/-playstation-4-slim-region-2-1tb,1,1,4,200,https://mahamprint.com/products/-playstation-4-slim-region-2-1tb,0,1.78
https://mahamprint.com/products/-wax-resin-40-300--,1,1,5,200,https://mahamprint.com/products/-wax-resin-40-300--,0,1.75
https://mahamprint.com/tag/1011/%DA%A9%D8%A7%D8%B1%D8%AA%D8%B1%DB%8C%D8%AC-2205,1,1,2,404,,0,1.75
https://mahamprint.com/tag/236/%D9%BE%D8%B1%DB%8C%D9%86%D8%AA%D8%B1-%D8%A8%D8%A7-%D8%B3%D8%B1%D8%B9%D8%AA-%D8%A8%D8%A7%D9%84%D8%A7,1,1,6,404,,0,1.73
https://mahamprint.com/tag/2808/%D9%85%D8%A7%D8%B4%DB%8C%D9%86-%D8%AD%D8%B3%D8%A7%D8%A8-pars,1,1,9,404,,0,1.57
https://mahamprint.com/tag/2827/%D9%85%D8%A7%D8%B4%DB%8C%D9%86-%D8%AD%D8%B3%D8%A7%D8%A8-%D8%AA%DA%AF%D8%B2%D8%A7%D8%B3,1,1,7,404,,0,1.44
https://mahamprint.com/tag/3331/%D9%84%D9%BE-%D8%AA%D8%A7%D9%BE-lenovo,1,1,4,404,,0,1.3
https://mahamprint.com/tag/3334/%D9%84%D9%BE-%D8%AA%D8%A7%D9%BE-%D8%A7%DB%8C%D8%B3%D9%88%D8%B3,1,1,21,404,,0,1.33
https://mahamprint.com/brand/23/samsung,0,1,1,404,,0,0.91
https://mahamprint.com/brand/42,0,1,8,404,,0,0.84
https://mahamprint.com/brand/64/OPTOMA,0,1,9,404,,0,0.79
https://mahamprint.com/brand/67/PHILIPS,0,1,9,404,,0,0.81
https://mahamprint.com/brand/89/zenpert,0,1,12,404,,0,0.85
https://mahamprint.com/tag/734/instagram.com/,1,1,1,308->404,/tag/734/instagram.com,1,1.76
https://mahamprint.com/brands/avision,0,1,7,200,https://mahamprint.com/brands/avision,0,0.85
https://mahamprint.com/brands/brother,0,1,6,200,https://mahamprint.com/brands/brother,0,0.96
https://mahamprint.com/brands/celexon,0,1,6,200,https://mahamprint.com/brands/celexon,0,1.12
https://mahamprint.com/brands/datalogic,0,1,8,200,https://mahamprint.com/brands/datalogic,0,1.24
https://mahamprint.com/brands/item-1780148180764-2xou,0,1,6,200,https://mahamprint.com/brands/item-1780148180764-2xou,0,1.42
https://mahamprint.com/brands/kodak,0,1,10,200,https://mahamprint.com/brands/kodak,0,1.5
https://mahamprint.com/brands/remo,0,1,7,200,https://mahamprint.com/brands/remo,0,1.43
https://mahamprint.com/brands/samsung,0,1,1,200,https://mahamprint.com/brands/samsung,0,1.74
https://mahamprint.com/brands/sharp,0,1,9,200,https://mahamprint.com/brands/sharp,0,1.69
https://mahamprint.com/brands/sky,0,1,9,200,https://mahamprint.com/brands/sky,0,1.71
https://mahamprint.com/brands/xioami,0,1,8,200,https://mahamprint.com/brands/xioami,0,1.72
https://mahamprint.com/categories/binding-and-consumer-devices,0,1,1,200,https://mahamprint.com/categories/binding-and-consumer-devices,0,1.62
https://mahamprint.com/categories/black,0,1,5,200,https://mahamprint.com/categories/black,0,1.82
https://mahamprint.com/categories/cart-print,0,1,1,200,https://mahamprint.com/categories/cart-print,0,1.82
https://mahamprint.com/categories/fax,0,1,1,200,https://mahamprint.com/categories/fax,0,1.72
https://mahamprint.com/categories/item-1780153015995-9ue1,0,1,8,200,https://mahamprint.com/categories/item-1780153015995-9ue1,0,1.54
https://mahamprint.com/categories/game-console,0,1,10,200,https://mahamprint.com/categories/game-console,0,1.86
https://mahamprint.com/categories/paper,0,1,3,200,https://mahamprint.com/categories/paper,0,1.71
https://mahamprint.com/categories/laser-cartridge,0,1,29,200,https://mahamprint.com/categories/laser-cartridge,0,2.02
https://mahamprint.com/categories/toner,0,1,7,200,https://mahamprint.com/categories/toner,0,1.85
https://mahamprint.com/category/124/%D9%81%DB%8C%D9%84%D9%85-%D9%81%DB%88%D9%88%D8%B2%DB%8C%D9%86%DA%AF,0,1,1,404,,0,1.98
https://mahamprint.com/category/133/%D9%87%D9%84%DB%8C-%D8%B4%D8%A7%D8%AA,0,1,20,404,,0,1.52
https://mahamprint.com/category/50/scanner?min=0&max=164000000&show=0&search=&allSize=&allColor=,0,1,10,404,,0,1.24
https://mahamprint.com/category/67/Absence-attendance-device,0,1,11,404,,0,1.22
https://mahamprint.com/category/95/%D8%B3%DB%8C%D8%A7%D9%87-%D9%88%D8%B3%DB%8C%D8%AF,0,1,4,404,,0,1.01
https://mahamprint.com/category/138/%D9%BE%D8%AF-%D8%A7%D9%85%D8%B6%D8%A7%D8%A1/,0,1,1,308->404,/category/138/%D9%BE%D8%AF-%D8%A7%D9%85%D8%B6%D8%A7%D8%A1,1,2.23
https://mahamprint.com/index.php?productID=1929,0,1,7,404,,0,0.85
https://mahamprint.com/index.php?productID=2527,0,1,8,404,,0,0.86
https://mahamprint.com/index.php?productID=2540,0,1,10,404,,0,0.76
https://mahamprint.com/index.php?productID=2605,0,1,2,404,,0,0.88
https://mahamprint.com/index.php?productID=2610,0,1,10,404,,0,0.76
https://mahamprint.com/index.php?productID=3018,0,1,9,404,,0,0.74
https://mahamprint.com/index.php?productID=319,0,1,2,404,,0,0.85
https://mahamprint.com/index.php?productID=369,0,1,8,404,,0,0.85
https://mahamprint.com/mag/%D8%B3%DB%8C%D9%86%D9%85%D8%A7%DB%8C-%D8%AE%D8%A7%D9%86%DA%AF%DB%8C,0,1,89,404,,0,0.8
https://mahamprint.com/mag/-------------,0,1,7,200,https://mahamprint.com/mag/-------------,0,0.74
https://mahamprint.com/mag/item-1780150649437-jxfr,0,1,10,200,https://mahamprint.com/mag/item-1780150649437-jxfr,0,0.97
https://mahamprint.com/mag/-g300-----5g-------,0,1,8,200,https://mahamprint.com/mag/-g300-----5g-------,0,1.12
https://mahamprint.com/news/%D8%AF%D8%B3%D8%AA%DA%AF%D8%A7%D9%87-%DA%A9%D9%BE%DB%8C,0,1,6,404,,0,1.13
https://mahamprint.com/mag/t2,0,1,11,200,https://mahamprint.com/mag/t2,0,1.28
https://mahamprint.com/page/15/%D8%B6%D9%85%D8%A7%D9%86%D8%AA-%D8%A7%D8%B5%D9%84-%D8%A8%D9%88%D8%AF%D9%86-%DA%A9%D8%A7%D9%84%D8%A7,0,1,3,404,,0,1.61
https://mahamprint.com/page/17/%D9%85%D8%AF%D8%AA-%D8%B2%D9%85%D8%A7%D9%86-%D8%AA%D8%AD%D9%88%DB%8C%D9%84-%DA%A9%D8%A7%D9%84%D8%A7,0,1,9,404,,0,1.55
https://mahamprint.com/page/24/%D8%AB%D8%A8%D8%AA-%D8%B4%DA%A9%D8%A7%DB%8C%D8%AA-%D9%85%D8%B5%D8%B1%D9%81-%DA%A9%D9%86%D9%86%D8%AF%DA%AF%D8%A7%D9%86,0,1,5,404,,0,1.4
https://mahamprint.com/product/100/%D9%BE%D8%B1%DB%8C%D9%86%D8%AA%D8%B1-CANON-MF237W,0,1,1,404,,0,1.45
https://mahamprint.com/product/1009/%D9%85%D8%A7%D8%B4%DB%8C%D9%86-%D8%AD%D8%B3%D8%A7%D8%A8-Citizen-MJ-100D-PLUS,0,1,8,404,,0,1.24
https://mahamprint.com/product/1027/%D9%85%D8%A7%D8%B4%DB%8C%D9%86-%D8%AD%D8%B3%D8%A7%D8%A8-Citizen-FC-600NGR,0,1,10,404,,0,1.26
https://mahamprint.com/product/1144/%D8%AC%D9%88%D9%87%D8%B1-%D8%A8%D8%B1%D9%86%D8%AF-Canon-%D9%85%D8%AF%D9%84-GI-20-CMYK,0,1,10,404,,0,0.8
https://mahamprint.com/product/1179/%DA%A9%D9%86%D8%B3%D9%88%D9%84-%D8%A8%D8%A7%D8%B2%DB%8C-Playstation-%D9%85%D8%AF%D9%84-4-CUH-500GB,0,1,10,404,,0,0.83
https://mahamprint.com/product/1190/%D9%84%D9%BE%E2%80%8C%D8%AA%D8%A7%D9%BE-%DB%B1%DB%B3-%D8%A7%DB%8C%D9%86%DA%86%DB%8C-%D8%A7%D9%BE%D9%84-%D9%85%D8%AF%D9%84-MacBook-Air-MVH42,0,1,98,404,,0,0.88
https://mahamprint.com/product/1193/%D9%84%D9%BE-%D8%AA%D8%A7%D9%BE-13-%D8%A7%DB%8C%D9%86%DA%86%DB%8C-%D8%A7%D9%BE%D9%84-MacBook-Pro-MXK62,0,1,8,404,,0,0.89
https://mahamprint.com/product/1195/%D9%84%D9%BE-%D8%AA%D8%A7%D9%BE-%DB%B1%DB%B3-%D8%A7%DB%8C%D9%86%DA%86%DB%8C-%D8%A7%D9%BE%D9%84-%D9%85%D8%AF%D9%84-MacBook-Pro-MXK72-2020,0,1,8,404,,0,0.95
https://mahamprint.com/product/1201/%D9%84%D9%BE-%D8%AA%D8%A7%D9%BE-13-%D8%A7%DB%8C%D9%86%DA%86%DB%8C-%D8%A7%D9%BE%D9%84-MacBook-Pro-MYD82,0,1,10,404,,0,0.88
https://mahamprint.com/product/1214/%D9%BE%D8%B1%D8%AF%D9%87-%D9%86%D9%85%D8%A7%DB%8C%D8%B4-%D8%A8%D8%B1%D9%82%DB%8C-scope-180x180CM,0,1,9,404,,0,0.83
https://mahamprint.com/product/1211/%D9%BE%D8%B1%D8%AF%D9%87-%D9%86%D9%85%D8%A7%DB%8C%D8%B4-%D9%BE%D8%A7%DB%8C%D9%87-%D8%AF%D8%A7%D8%B1-%D9%BE%D8%B1%D9%88%DA%98%DA%A9%D8%AA%D9%88%D8%B1-SCOPE-200x200-CM,0,1,7,404,,0,0.93
https://mahamprint.com/product/1255/%D9%88%DB%8C%D8%A6%D9%88-%D9%BE%D8%B1%D9%88%DA%98%DA%A9%D8%AA%D9%88%D8%B1-%D8%AC%DB%8C%D8%A8%DB%8C-ASUS-P3E,0,1,1,404,,0,0.85
https://mahamprint.com/product/1244/%D8%AF%DB%8C%D8%AA%D8%A7-%D9%88%DB%8C%D8%AF%D8%A6%D9%88-%D9%BE%D8%B1%D9%88%DA%98%DA%A9%D8%AA%D9%88%D8%B1-Aiptek-i20,0,1,7,404,,0,1.12
https://mahamprint.com/product/1309/%D8%AF%DB%8C%D8%AA%D8%A7-%D9%88%DB%8C%D8%AF%D8%A6%D9%88-%D9%BE%D8%B1%D9%88%DA%98%DA%A9%D8%AA%D9%88%D8%B1-EPSON-S41,0,1,7,404,,0,0.9
https://mahamprint.com/product/1331/%D9%85%D8%A7%D9%86%DB%8C%D8%AA%D9%88%D8%B1-%D8%A7%DB%8C%DA%A9%D8%B3-%D9%88%DB%8C%DA%98%D9%86-%D9%85%D8%AF%D9%84-XK2410H-%D8%B3%D8%A7%DB%8C%D8%B2-%DB%B2%DB%B3%DB%B8-%D8%A7%DB%8C%D9%86%DA%86,0,1,10,404,,0,0.82
https://mahamprint.com/product/1370/%D8%AA%D9%88%D9%86%D8%B1-EPSON-T200-Yellow,0,1,3,404,,0,0.84
https://mahamprint.com/product/1328/%D9%85%D8%A7%D9%86%DB%8C%D8%AA%D9%88%D8%B1-Samsung-S20C325B-Plus-%D8%B3%D8%A7%DB%8C%D8%B2-%DB%B2%DB%B0-%D8%A7%DB%8C%D9%86%DA%86/,0,1,5,308->404,/product/1328/%D9%85%D8%A7%D9%86%DB%8C%D8%AA%D9%88%D8%B1-Samsung-S20C325B-Plus-%D8%B3%D8%A7%DB%8C%D8%B2-%DB%B2%DB%B0-%D8%A7%DB%8C%D9%86%DA%86,1,1.51
https://mahamprint.com/product/1373/%D8%AA%D9%88%D9%86%D8%B1-EPSON-T200-Black,0,1,4,404,,0,1.01
https://mahamprint.com/product/1391/%D8%AA%D9%88%D9%86%D8%B1-%DA%A9%D8%A7%D8%B1%D8%AA%D8%B1%DB%8C%D8%AC-EPSON-T0794-Yellow,0,1,9,404,,0,0.89
https://mahamprint.com/product/1397/%D8%AA%D9%88%D9%86%D8%B1-Epson-24-Black,0,1,5,404,,0,0.88
https://mahamprint.com/product/1399/%D8%AA%D9%88%D9%86%D8%B1-EPSON-24-Light-Magenta,0,1,7,404,,0,0.89
https://mahamprint.com/product/1404/%D8%AA%D9%88%D9%86%D8%B1-Epson-223-Black,0,1,3,404,,0,0.89
https://mahamprint.com/product/1410/%D8%AA%D9%88%D9%86%D8%B1-Epson-27-Yellow,0,1,1,404,,0,0.8
https://mahamprint.com/product/1417/%D8%AA%D9%88%D9%86%D8%B1-EPSON-T6162-CYAN,0,1,5,404,,0,0.88
https://mahamprint.com/product/1434/%D8%AA%D9%88%D9%86%D8%B1-Epson-33-CMYK,0,1,4,404,,0,0.79
https://mahamprint.com/product/1426/%D8%AA%D9%88%D9%86%D8%B1-Epson-T741-CMYK,0,1,6,404,,0,0.89
https://mahamprint.com/product/1439/%D8%AA%D9%88%D9%86%D8%B1-%DA%A9%D8%A7%D8%B1%D8%AA%D8%B1%DB%8C%D8%AC-EPSON-T902-CMYK,0,1,4,404,,0,0.83
https://mahamprint.com/product/1423/%D8%AA%D9%88%D9%86%D8%B1-%DA%A9%D8%A7%D8%B1%D8%AA%D8%B1%DB%8C%D8%AC-EPSON-T157-CMYK,0,1,9,404,,0,0.97
https://mahamprint.com/product/1453/%D8%AA%D9%88%D9%86%D8%B1-EPSON-T312-CMYK,0,1,9,404,,0,0.93
https://mahamprint.com/product/1464/%DA%A9%D8%A7%D8%B1%D8%AA%D8%B1%DB%8C%D8%AC-HP-16A,0,1,5,404,,0,0.88
https://mahamprint.com/product/149/%D9%BE%D8%B1%DB%8C%D9%86%D8%AA%D8%B1-%DA%86%D9%86%D8%AF%DA%A9%D8%A7%D8%B1%DA%A9%D9%87-%D8%A8%D8%B1%D9%86%D8%AF-HP-M-131A,0,1,1,404,,0,0.88
https://mahamprint.com/product/1519/%D8%AA%D9%88%D9%86%D8%B1-%DA%A9%D8%A7%D8%B1%D8%AA%D8%B1%DB%8C%D8%AC-RICOH-402809,0,1,3,404,,0,0.87
https://mahamprint.com/product/1532/%D8%AA%D9%88%D9%86%D8%B1-RICOH-418132,0,1,6,404,,0,0.88
https://mahamprint.com/product/1548/%D8%AA%D9%88%D9%86%D8%B1-RICOH-407165,0,1,8,404,,0,0.89
https://mahamprint.com/product/156/%D9%BE%D8%B1%DB%8C%D9%86%D8%AA%D8%B1-HP-M15W,0,1,9,404,,0,0.89
https://mahamprint.com/product/1644/%D9%BE%D8%B1%DB%8C%D9%86%D8%AA%D8%B1-%D8%B3%99%DA%A9%D8%A7%D8%B1%D9%87-HP-%D9%85%D8%AF%D9%84-MFP-M236dw,0,1,2,404,,0,0.91
https://mahamprint.com/product/1678/%D9%88%DB%8C%D8%AF%D8%A6%D9%88-%D9%BE%D8%B1%DA%98%DA%A9%D8%AA%D9%88%D8%B1-FH52-EPSON,0,1,7,404,,0,0.87
https://mahamprint.com/product/1707/%D8%B1%DB%8C%D8%A8%D9%88%D9%86-Wax-Resin-60-75,0,1,25,404,,0,0.85
https://mahamprint.com/product/1644/%D9%BE%D8%B1%DB%8C%D9%86%D8%AA%D8%B1-%D8%B3%D9%87-%DA%A9%D8%A7%D8%B1%987-HP-%D9%85%D8%AF%D9%84-MFP-M236dw,0,1,2,404,,0,1.01
https://mahamprint.com/product/1706/%D8%B1%DB%8C%D8%A8%D9%88%D9%86-Wax-110%C3%97300,0,1,2,404,,0,0.97
https://mahamprint.com/product/1709/%D8%B1%DB%8C%D8%A8%D9%88%D9%86-Wax-60-75,0,1,8,404,,0,0.79
https://mahamprint.com/product/1717/%D8%B1%DB%8C%D8%A8%D9%88%D9%86-Wax-Resin-110-300-%D8%A2%D8%A8%DB%8C,0,1,8,404,,0,0.9
https://mahamprint.com/product/1717/%D8%B1%DB%8C%D8%A8%D9%88%D9%86-Wax-Resin-110%C3%97300-%D8%A2%D8%A8%DB%8C,0,1,9,404,,0,1.01
https://mahamprint.com/product/1718/%D8%B1%DB%8C%D8%A8%D9%88%D9%86-Super-Resin-110%C3%97300,0,1,4,404,,0,0.96
https://mahamprint.com/product/1737/%D8%B1%DB%8C%D8%A8%D9%88%D9%86-Wax-Resin-110%C3%97300-%D8%B2%D8%B1%D8%AF,0,1,6,404,,0,0.91
https://mahamprint.com/product/1722/%D8%B1%DB%8C%D8%A8%D9%88%D9%86-Wax-Resin-60-300-%D8%A2%D9%86%D8%B2%DB%8C%D9%85-%D8%B4%D9%88%DB%8C%DB%8C,0,1,11,404,,0,1.01
https://mahamprint.com/product/174/%D9%BE%D8%B1%DB%8C%D9%86%D8%AA%D8%B1-HP-pro-mfp-M28A,0,1,9,404,,0,0.99
https://mahamprint.com/product/1745/%D8%B1%DB%8C%D8%A8%D9%88%D9%86-%D8%B1%D8%B2%DB%8C%D9%86-300%C3%9730-Wash-care-permium,0,1,4,404,,0,0.86
https://mahamprint.com/product/1757/%D9%81%DB%8C%D9%84%D9%85-%D8%A7%D9%86%D8%AA%D9%82%D8%A7%D9%84-500-%D8%B9%DA%A9%D8%B3-nisca,0,1,10,404,,0,0.83
https://mahamprint.com/product/1753/%D8%B1%DB%8C%D8%A8%D9%88%D9%86-Wax-160-300,0,1,8,404,,0,0.91
https://mahamprint.com/product/1770/%DA%A9%D8%A7%D8%B1%D8%A8%D9%86-%D9%81%DA%A9%D8%B3-Panasonic-KX-FA52E,0,1,7,404,,0,0.86
https://mahamprint.com/product/1821/%D8%B1%D9%88%D9%84-%D9%84%DB%8C%D8%A8%D9%84-%DA%A9%D8%A7%D8%BA%D8%B0%DB%8C-%D8%AA%DA%A9-%D8%B1%D8%AF%DB%8C%D9%81%D9%87-75%C3%9740,0,1,4,404,,0,0.85
https://mahamprint.com/product/1822/%D8%B1%D9%88%D9%84-%D9%84%DB%8C%D8%A8%D9%84-%DA%A9%D8%A7%D8%BA%D8%B0%DB%8C-%D8%AA%DA%A9-%D8%B1%D8%AF%DB%8C%D9%81%D9%87-100%C3%97150,0,1,3,404,,0,1.01
https://mahamprint.com/product/1828/%D9%84%DB%8C%D8%A8%D9%84-%D8%A8%D8%B1%DA%86%D8%B3%D8%A8-%DA%A9%D8%A7%D8%BA%D8%B0%DB%8C-%D8%AA%DA%A9-%D8%B1%D8%AF%DB%8C%D9%81%D9%87-20%C3%9740,0,1,5,404,,0,0.94
https://mahamprint.com/product/1855/%D8%B1%D9%88%D9%84-%D8%A8%D8%B1%DA%86%D8%B3%D8%A8-%DA%A9%D8%A7%D8%BA%D8%B0%DB%8C-%D8%AF%D9%88-%D8%B1%D8%AF%DB%8C%D9%81%D9%87-40%C3%9720,0,1,1,404,,0,0.86
https://mahamprint.com/product/1851/%D8%B1%D9%88%D9%84-%D9%84%DB%8C%D8%A8%D9%84-%DA%A9%D8%A7%D8%BA%D8%B0%DB%8C-%D8%AA%DA%A9-%D8%B1%D8%AF%DB%8C%D9%81%D9%87-70%C3%97100,0,1,9,404,,0,0.94
https://mahamprint.com/product/1842/%D9%84%DB%8C%D8%A8%D9%84-%D8%A8%D8%B1%DA%86%D8%B3%D8%A8-%DA%A9%D8%A7%D8%BA%D8%B0%DB%8C-%D8%AA%DA%A9-%D8%B1%D8%AF%DB%8C%D9%81%D9%87-34%C3%9751,0,1,3,404,,0,1.02
https://mahamprint.com/product/1864/%D9%84%DB%8C%D8%A8%D9%84-Tyvek-%D8%B9%D8%B1%D8%B6-2-5-%D8%B3%D8%A7%D9%86%D8%AA,0,1,6,404,,0,0.93
https://mahamprint.com/product/1864/%D9%84%DB%8C%D8%A8%D9%84-Tyvek-%D8%B9%D8%B1%D8%B6-25-%D8%B3%D8%A7%D9%86%D8%AA,0,1,6,404,,0,0.85
https://mahamprint.com/product/1914/%D9%84%DB%8C%D8%A8%D9%84-%D8%A8%D8%B1%DA%86%D8%B3%D8%A8-%D9%85%D8%AA%D8%A7%D9%84-%D8%AA%DA%A9-%D8%B1%D8%AF%DB%8C%D9%81%D9%87-Metal-Label-50%C3%97100,0,1,7,404,,0,0.89
https://mahamprint.com/product/1917/%D9%84%DB%8C%D8%A8%D9%84-%D8%A8%D8%B1%DA%86%D8%B3%D8%A8-%D8%A7%D9%85%D9%88%D8%A7%D9%84-Security-Label-15%C3%9745,0,1,10,404,,0,0.88
https://mahamprint.com/product/1954/%D9%86%D9%88%D8%A7%D8%B1-%D9%84%DB%8C%D8%A8%D9%84-%D9%BE%D8%B1%DB%8C%D9%86%D8%AA%D8%B1-brother-TZE-632-%D8%BA%DB%8C%D8%B1-%D8%A7%D9%88%D8%B1%D8%AC%DB%8C%D9%86%D8%A7%D9%84,0,1,6,404,,0,0.84
https://mahamprint.com/product/1952/%D9%86%D9%88%D8%A7%D8%B1-%D9%84%DB%8C%D8%A8%D9%84-%D9%BE%D8%B1%DB%8C%D9%86%D8%AA%D8%B1-berother-TZE-233-%D8%BA%DB%8C%D8%B1-%D8%A7%D9%88%D8%B1%D8%AC%DB%8C%D9%86%D8%A7%D9%84,0,1,13,404,,0,0.91
https://mahamprint.com/product/1956/%D9%86%D9%88%D8%A7%D8%B1-%D9%84%DB%8C%D8%A8%D9%84-%D9%BE%D8%B1%DB%8C%D9%86%D8%AA%D8%B1-Brother-TZE-132-%D8%BA%DB%8C%D8%B1-%D8%A7%D9%88%D8%B1%D8%AC%DB%8C%D9%86%D8%A7%D9%84,0,1,6,404,,0,0.9
https://mahamprint.com/product/1971/%D9%86%D9%88%D8%A7%D8%B1-%D9%84%DB%8C%D8%A8%D9%84-%D9%BE%D8%B1%DB%8C%D9%86%D8%AA%D8%B1-brother-TZE-222-%D8%BA%DB%8C%D8%B1-%D8%A7%D9%88%D8%B1%D8%AC%DB%8C%D9%86%D8%A7%D9%84,0,1,3,404,,0,0.98
https://mahamprint.com/product/1972/%D9%86%D9%88%D8%A7%D8%B1-%D9%84%DB%8C%D8%A8%D9%84-%D9%BE%D8%B1%DB%8C%D9%86%D8%AA%D8%B1-%D8%A8%D8%B1%D8%A7%D8%AF%D8%B1-TZE-122-%D8%BA%DB%8C%D8%B1-%D8%A7%D9%88%D8%B1%D8%AC%DB%8C%D9%86%D8%A7%D9%84,0,1,8,404,,0,0.9
https://mahamprint.com/product/1988/%D9%86%D9%88%D8%A7%D8%B1-%D9%84%DB%8C%D8%A8%D9%84-%D9%BE%D8%B1%DB%8C%D9%86%D8%AA%D8%B1-%D8%A8%D8%B1%D8%A7%D8%AF%D8%B1-TZE-651,0,1,5,404,,0,1.01
https://mahamprint.com/product/2003/%D8%A8%D8%A7%D8%AA%D8%B1%DB%8C-%D9%82%D9%84%D9%85%DB%8C-%D9%82%D8%A7%D8%A8%D9%84-%D8%B4%D8%A7%D8%B1%DA%98-%D9%85%D8%AF%D9%84-Panasonic-Eneloop,0,1,6,404,,0,1.01
https://mahamprint.com/product/2004/%D8%A8%D8%A7%D8%AA%D8%B1%DB%8C-%D9%82%D9%84%D9%85%DB%8C-kodak-Super-Heavy-Duty,0,1,4,404,,0,1.02
https://mahamprint.com/product/2093/%D8%AF%D8%B1%D8%A7%D9%85-%D8%A7%DA%86-%D9%BE%DB%8C-HP-19A-Drum,0,1,41,404,,0,1.03
https://mahamprint.com/product/214/%D9%BE%D8%B1%DB%8C%D9%86%D8%AA%D8%B1-%D8%AA%DA%A9-%DA%A9%D8%A7%D8%B1%D9%87-%D9%84%DB%8C%D8%B2%D8%B1%DB%8C-HP-M712DN,0,1,6,404,,0,0.85
https://mahamprint.com/product/216/%D9%BE%D8%B1%DB%8C%D9%86%D8%AA%D8%B1-%D8%AA%DA%A9-%DA%A9%D8%A7%D8%B1%D9%87-%D9%84%DB%8C%D8%B2%D8%B1%DB%8C-HP-5225DN,0,1,6,404,,0,0.86
https://mahamprint.com/product/2148/%D9%81%DB%8C%D9%88%D8%B2-%DA%A9%D8%A7%D8%B1%D8%AA%D8%B1%DB%8C%D8%AC-samsung-4521,0,1,27,404,,0,1.14
https://mahamprint.com/product/216/%D9%BE%D8%B1%DB%8C%D9%86%D8%AA%D8%B1-HP-5225DN,0,1,7,404,,0,0.98
https://mahamprint.com/product/2160/%D8%A8%DA%86%DA%AF%DB%8C-%D8%A7%D9%87%D8%B1%D9%85-EPSON-LQ2180,0,1,6,404,,0,0.98
https://mahamprint.com/product/2173/%D9%85%D9%88%D8%AA%D9%88%D8%B1-%DA%A9%D8%B1%DB%8C%D8%AC-%D9%BE%D8%B1%DB%8C%D9%86%D8%AA%D8%B1-Compuprint-SP40,0,1,8,404,,0,0.95
https://mahamprint.com/product/2185/%D8%A7%D9%87%D8%B1%D9%85-%D8%A8%D8%A7%DB%8C-%D9%BE%D8%B3-%DA%A9%D9%BE%DB%8C-Sharp-AR-160,0,1,6,404,,0,0.8
https://mahamprint.com/product/2198/%D9%82%D8%A7%D8%A8-%D8%A8%D8%BA%D9%84-Sharp-AR-350-450,0,1,9,404,,0,0.88
https://mahamprint.com/product/227/%D9%BE%D8%B1%DB%8C%D9%86%D8%AA%D8%B1-%D8%AC%D9%88%D9%87%D8%B1-%D8%A7%D9%81%D8%B4%D8%A7%D9%86-HP-251DW,0,1,20,404,,0,0.85
https://mahamprint.com/product/2319/%DA%86%D8%B1%D8%AE-%D8%AF%D9%86%D8%AF%D9%87-%D9%87%D8%A7%D8%AA%D8%B1%D9%88%D9%84-%D8%AA%D9%88%D8%B4%DB%8C%D8%A8%D8%A7-E-S-166,0,1,10,404,,0,0.85
https://mahamprint.com/product/2321/%DA%86%D8%B1%D8%AE-%D8%AF%D9%86%D8%AF%D9%87-%D8%B3%D8%B1-%D8%BA%D9%84%D8%B7%DA%A9-%D8%AE%D8%B1%D9%88%D8%AC%DB%8C-%D9%81%DB%8C%D9%88%D8%B2%DB%8C%D9%86%DA%AF-%D8%A8%D8%B1%D9%86%D8%AF-HP-20352055,0,1,1,404,,0,0.85
https://mahamprint.com/product/2329/%DA%86%D8%B1%D8%AE-%D8%AF%D9%86%D8%AF%D9%87-%DA%86%D9%BE%D9%82%DB%8C-%DA%86%D8%A7%D9%BE%DA%AF%D8%B1-Epson-LQ-2170-Gear,0,1,8,404,,0,0.86
https://mahamprint.com/product/2358/%DA%86%D8%B1%D8%AE-%D8%AF%D9%86%D8%AF%D9%87-%D8%B1%D8%A7%D8%A8%D8%B7-%D9%87%DB%8C%D8%AA%D8%B1-%D8%A8%D8%B1%D9%86%D8%AF-sharp-%D9%85%D8%AF%D9%84-AR-5316-%D9%81%D8%A7%D8%A8%D8%B1%DB%8C%DA%A9,0,1,9,404,,0,1.18
https://mahamprint.com/product/2366/%DA%86%D8%B1%D8%AE-%D8%AF%D9%86%D8%AF%D9%87-%D8%AF%D9%88%D9%84%D9%88%D9%BE%D8%B1-%D8%B3%D8%B1%D9%85%D8%A7%D8%B1%D9%BE%DB%8C%DA%86-%D8%A8%D8%B1%D9%86%D8%AF-toshiba-E-S-166,0,1,9,404,,0,1.14
https://mahamprint.com/product/2369/%DA%86%D8%B1%D8%AE-%D8%AF%D9%86%D8%AF%D9%87-%D8%AF%D9%88%D9%84%D9%88%D9%BE%D8%B1-27%D8%AF%D9%86%D8%AF%D9%87-%D8%A8%D8%B1%D9%86%D8%AF-toshiba-%D9%85%D8%AF%D9%84-E-Studio-550,0,1,9,404,,0,1.11
https://mahamprint.com/product/2574/%D8%AF%D9%88%D8%B1%D8%A8%DB%8C%D9%86-%D9%87%D9%84%DB%8C-%D8%B4%D8%A7%D8%AA-DJI-OSMO-ACTION-3,0,1,15,404,,0,1.08
https://mahamprint.com/product/2502/%D9%88%DB%8C%D8%AF%D8%A6%D9%88-%D9%BE%D8%B1%DA%98%DA%A9%D8%AA%D9%88%D8%B1-panasonic-LB426,0,1,9,404,,0,1.24
https://mahamprint.com/product/2529/%DA%A9%D8%A7%D8%BA%D8%B0-%D8%AE%D8%B1%D8%AF%DA%A9%D9%86-mehr-MM-250,0,1,3,404,,0,1.23
https://mahamprint.com/product/2583/%DA%AF%D9%88%D8%B4%DB%8C-%D9%85%D9%88%D8%A8%D8%A7%DB%8C%D9%84-%D8%A7%D9%BE%D9%84-iphone-13pro,0,1,8,404,,0,1.11
https://mahamprint.com/product/2585/%DA%AF%D9%88%D8%B4%DB%8C-%D9%85%D9%88%D8%A8%D8%A7%DB%8C%D9%84-%D8%A7%D9%BE%D9%84-iphone-12,0,1,7,404,,0,1.32
https://mahamprint.com/product/2615/%D8%B3%D8%A7%D8%B9%D8%AA-%D9%87%D9%88%D8%B4%D9%85%D9%86%D8%AF-%D8%A8%D8%B1%D9%86%D8%AF-SAMSUNG-Galaxy-Watch-4-Classic,0,1,42,404,,0,1.14
https://mahamprint.com/product/2600/%DA%AF%D9%88%D8%B4%DB%8C-%D8%B3%D8%A7%D9%85%D8%B3%D9%88%D9%86%DA%AF-GALAXY-S20-ULTRA,0,1,9,404,,0,1.29
https://mahamprint.com/product/2643/%D9%84%D9%BE-%D8%AA%D8%A7%D9%BE-%D8%A8%D8%B1%D9%86%D8%AF-ASUS-%D9%85%D8%AF%D9%84-R465EP-I7-1165G7-8G-512SSD,0,1,10,404,,0,1.22
https://mahamprint.com/product/2594/%DA%AF%D9%88%D8%B4%DB%8C-samsung-a52s-5g,0,1,4,404,,0,1.47
https://mahamprint.com/product/2650/%D9%84%D9%BE-%D8%AA%D8%A7%D9%BE-IP5-I51135G7,0,1,8,404,,0,1.57
https://mahamprint.com/product/267/%D9%BE%D8%B1%DB%8C%D9%86%D8%AA%D8%B1-%D8%B3%D9%87-%DA%A9%D8%A7%D8%B1%D9%87-%D8%AC%D9%88%D9%87%D8%B1%D8%A7%D9%81%D8%B4%D8%A7%D9%86-EPSON-ET-L3160,0,1,10,404,,0,1.34
https://mahamprint.com/product/2699/%D8%B3%D9%88%D8%A6%DB%8C%DA%86-%D8%B4%D8%A8%DA%A9%D9%87-cisco-C2960X-48TS-L,0,1,7,404,,0,1.39
https://mahamprint.com/product/271/%D9%BE%D8%B1%DB%8C%D9%86%D8%AA%D8%B1-%D8%AC%D9%88%D9%87%D8%B1-%D8%A7%D9%81%D8%B4%D8%A7%D9%86-%DA%86%D9%87%D8%A7%D8%B1-%DA%A9%D8%A7%D8%B1%D9%87-EPSON-L6190,0,1,9,404,,0,1.44
https://mahamprint.com/product/2731/%DA%A9%D8%A7%D8%B1%D8%AA-%DA%AF%D8%B1%D8%A7%D9%81%DB%8C%DA%A9-RTX-3060-TI-VENTUS-2X-OC-8G,0,1,10,404,,0,1.44
https://mahamprint.com/product/2710/%D8%B3%D9%88%D8%A6%DB%8C%DA%86-%D8%B4%D8%A8%DA%A9%D9%87-%D8%B3%DB%8C%D8%B3%DA%A9%D9%88-C2960-24PC-L,0,1,8,404,,0,1.58
https://mahamprint.com/product/2774/hard-hdd-4tb-iron-wolf-256mb,0,1,7,404,,0,1.77
https://mahamprint.com/product/2781/hard-hdd-wd-1tb-blue-2-5-laptop-slim,0,1,5,404,,0,1.68
https://mahamprint.com/product/2790/all-in-one-asus-V241EAK-i7-1165G7,0,1,9,404,,0,1.6
https://mahamprint.com/product/2830/%D9%BE%D8%B1%D8%AF%D9%87-%D9%86%D9%85%D8%A7%DB%8C%D8%B4-%D8%A8%D8%B1%D9%82%DB%8C-celexon-CS200A,0,1,60,404,,0,1.35
https://mahamprint.com/product/2791/all-in-one-asus-V222FAK-i5-10210U,0,1,71,404,,0,1.55
https://mahamprint.com/product/2809/%D9%BE%D8%B1%D8%AF%D9%87-%D9%86%D9%85%D8%A7%DB%8C%D8%B4-%D9%88%D8%A7%DB%8C%D8%AF-%D8%AF%D8%B3%D8%AA%DB%8C-%D9%85%D8%AF%D9%84-CW300M,0,1,17,404,,0,1.6
https://mahamprint.com/product/2833/%D9%BE%D8%B1%D8%AF%D9%87-%D9%86%D9%85%D8%A7%DB%8C%D8%B4-CELEXON-CS180A,0,1,19,404,,0,1.5
https://mahamprint.com/product/2845/%D9%BE%D8%B1%D8%AF%D9%87-%D9%86%D9%85%D8%A7%DB%8C%D8%B4-%D8%B7%D9%84%D8%A7%DB%8C%DB%8C-%D8%A8%D8%B1%D9%82%DB%8C-%D9%85%D8%AF%D9%84-CS250AG,0,1,10,404,,0,1.56
https://mahamprint.com/product/2849/%D9%BE%D8%B1%D8%AF%D9%87-%D9%86%D9%85%D8%A7%DB%8C%D8%B4-%D8%A2%D8%A8%DB%8C-%D9%85%D8%AF%D9%84-celexon-CS200AB,0,1,2,404,,0,1.58
https://mahamprint.com/product/2848/%D9%BE%D8%B1%D8%AF%D9%87-%D9%86%D9%85%D8%A7%DB%8C%D8%B4-%D8%A2%D8%A8%DB%8C-%D8%A8%D8%B1%D9%82%DB%8C-%D9%85%D8%AF%D9%84-CS250AB,0,1,6,404,,0,1.7
https://mahamprint.com/product/2872/%D9%BE%D8%B1%D8%AF%D9%87-%D9%86%D9%85%D8%A7%DB%8C%D8%B4-%DA%A9%D8%B1%D9%88%D9%85%D8%A7%DA%A9%DB%8C-%D8%AF%D8%B3%D8%AA%DB%8C-%D8%B3%D9%84%DA%A9%D8%B3%D9%88%D9%86-CSG180M,0,1,5,404,,0,1.59
https://mahamprint.com/product/2855/%D9%BE%D8%B1%D8%AF%D9%87-%D9%86%D9%85%D8%A7%DB%8C%D8%B4-%D9%BE%D8%A7%DB%8C%D9%87-%D8%AF%D8%A7%D8%B1-%D9%85%D8%AF%D9%84-CST250,0,1,9,404,,0,1.78
https://mahamprint.com/product/293/%D9%BE%D8%B1%DB%8C%D9%86%D8%AA%D8%B1-HP-MFP179fnw,0,1,6,404,,0,1.31
https://mahamprint.com/product/2960/%D9%84%DB%8C%D8%A8%D9%84-%D9%BE%D8%B1%DB%8C%D9%86%D8%AA%D8%B1%20-%D8%A8%D8%B1%D9%86%D8%AF-%20%20zenpert-%20%D9%85%D8%AF%D9%84-%204T520,0,1,1,404,,0,1.42
https://mahamprint.com/product/2926/%D9%BE%D8%B1%DB%8C%D9%86%D8%AA%D8%B1-%D8%AA%DA%A9-%DA%A9%D8%A7%D8%B1%D9%87-%D8%B1%D9%86%DA%AF%DB%8C-%D8%A8%D8%B1%D9%86%D8%AF-CANON-LBP613CDW,0,1,8,404,,0,1.7
https://mahamprint.com/product/2944/%D8%A8%D8%A7%D8%B1%DA%A9%D8%AF-%D8%AE%D9%88%D8%A7%D9%86-%20cbon-CB-N210w,0,1,34,404,,0,1.64
https://mahamprint.com/product/2963/%D9%BE%D8%B1%DB%8C%D9%86%D8%AA%D8%B1%20-%D9%84%DB%8C%D8%B2%D8%B1%DB%8C%20-%D8%A8%D8%B1%D9%86%D8%AF-%20HP-%20%D9%85%D8%AF%D9%84-%20M806dn,0,1,4,404,,0,1.58
https://mahamprint.com/product/29/Canon-850D-18-135-IS-USM,0,1,23,404,,0,2.21
https://mahamprint.com/product/2992/%D9%84%DB%8C%D8%A8%D9%84-%D9%BE%D8%B1%DB%8C%D9%86%D8%AA%D8%B1-%D8%A8%D8%B1%D9%86%D8%AF-ZEBRA-%D9%85%D8%AF%D9%84-GX430t,0,1,7,404,,0,1.38
https://mahamprint.com/product/2997/%D9%BE%D8%B1%DB%8C%D9%86%D8%AA%D8%B1-%D9%84%DB%8C%D8%B2%D8%B1%DB%8C-%D8%AA%DA%A9-%DA%A9%D8%A7%D8%B1%D9%87-%D8%A8%D8%B1%D9%86%D8%AF-201N-HP,0,1,9,404,,0,1.55
https://mahamprint.com/product/30/Canon-1300D-%D8%A8%D8%A7-%D9%84%D9%86%D8%B2-%DB%B5%DB%B5-%DB%B1%DB%B8-IS-II,0,1,9,404,,0,1.99
https://mahamprint.com/product/3005/%D9%88%DB%8C%D8%AF%D8%A6%D9%88-%D9%BE%D8%B1%D9%88%DA%98%DA%A9%D8%AA%D9%88%D8%B1-%D8%A8%D8%B1%D9%86%D8%AF-xiaomi-%D9%85%D8%AF%D9%84-Wanbo-T6-Max,0,1,45,404,,0,1.93
https://mahamprint.com/product/3002/%D9%BE%D8%B1%DB%8C%D9%86%D8%AA%D8%B1%20-%D9%84%DB%8C%D8%B2%D8%B1%DB%8C%20-Brother%20-8220,0,1,9,404,,0,2.13
https://mahamprint.com/product/2971/%D9%BE%D8%B1%DB%8C%D9%86%D8%AA%D8%B1-%20%D9%84%DB%8C%D8%B2%D8%B1-%20%D8%B1%D9%86%DA%AF%DB%8C-%20%D8%AA%DA%A9%20%DA%A9%D8%A7%D8%B1%D9%87-%20%D8%A8%D8%B1%D9%86%D8%AF-%20hp-%20%D9%85%D8%AF%D9%84%20-351n,0,1,8,404,,0,3.68
https://mahamprint.com/product/3008/%D9%84%DB%8C%D8%A8%D9%84-%D9%BE%D8%B1%DB%8C%D9%86%D8%AA%D8%B1-%D9%82%D8%A7%D8%A8%D9%84-%D8%AD%D9%85%D9%84-TSC-Alpha-4L,0,1,6,404,,0,2.71
https://mahamprint.com/product/3027/%D9%84%DB%8C%D8%A8%D9%84-%D9%BE%D8%B1%DB%8C%D9%86%D8%AA%D8%B1-%20Gainscha%20-2406t,0,1,8,404,,0,2.8
https://mahamprint.com/product/3028/%D9%84%DB%8C%D8%A8%D9%84-%20%D9%BE%D8%B1%DB%8C%D9%86%D8%AA%D8%B1-%20Gainscha-%202406t%20-plus,0,1,7,404,,0,2.52
https://mahamprint.com/product/3041/%D9%BE%D8%B1%DB%8C%D9%86%D8%AA%D8%B1-%D8%AA%DA%A9-%DA%A9%D8%A7%D8%B1%D9%87-%D9%84%DB%8C%D8%B2%D8%B1%DB%8C-Canon-325x,0,1,5,404,,0,2.74
https://mahamprint.com/product/3031/%D8%AF%D8%B3%D8%AA%DA%AF%D8%A7%D9%87-%D9%84%DB%8C%D8%B2%D8%B1%DB%8C-%D9%81%DA%A9%D8%B3-%D8%A8%D8%B1%D9%86%D8%AF-canon-%D9%85%D8%AF%D9%84-FAX-L150,0,1,6,ERR:TimeoutError,,0,32.04
https://mahamprint.com/product/31/Canon-6D-Mark-II-%D8%A8%D8%A7-%D9%84%D9%86%D8%B2-%DB%B1%DB%B0%DB%B5-%DB%B2%DB%B4-L-IS-II-USM,0,1,9,ERR:TimeoutError,,0,31.8
https://mahamprint.com/product/312/%D9%BE%D8%B1%DB%8C%D9%86%D8%AA%D8%B1-CANON-LBP226DW,0,1,7,ERR:TimeoutError,,0,31.2
https://mahamprint.com/product/321/%D9%BE%D8%B1%DB%8C%D9%86%D8%AA%D8%B1-%DA%86%D9%86%D8%AF%DA%A9%D8%A7%D8%B1%D9%87-%D9%84%DB%8C%D8%B2%D8%B1%DB%8C-HP-M428DW,0,1,10,ERR:URLError,,0,30.42
https://mahamprint.com/product/3122/%DA%A9%D8%A7%D8%BA%D8%B0-%20%D8%AE%D8%B1%D8%AF%DA%A9%D9%86%20-HSM%20-B102,0,1,5,ERR:TimeoutError,,0,31.19
https://mahamprint.com/product/3123/%DA%A9%D8%A7%D8%BA%D8%B0-%20%D8%AE%D8%B1%D8%AF-%20%DA%A9%D9%86%20-HSM-%20C16,0,1,8,ERR:TimeoutError,,0,31.08
https://mahamprint.com/product/345/%D9%BE%D8%B1%DB%8C%D9%86%D8%AA%D8%B1-%DA%86%D9%86%D8%AF%DA%A9%D8%A7%D8%B1%D9%87-CANON-G4411,0,1,9,404,,0,8.51
https://mahamprint.com/product/346/%D9%BE%D8%B1%DB%8C%D9%86%D8%AA%D8%B1-Hp-MFP-M183fw,0,1,7,404,,0,8.46
https://mahamprint.com/product/353/%D9%BE%D8%B1%DB%8C%D9%86%D8%AA%D8%B1-%D8%AA%DA%A9-%DA%A9%D8%A7%D8%B1%D9%87-%D9%84%DB%8C%D8%B2%D8%B1%DB%8C-CANON-LBP162DW,0,1,8,404,,0,8.31
https://mahamprint.com/product/56/%D9%BE%D8%B1%DB%8C%D9%86%D8%AA%D8%B1-HP-M12a,0,1,10,404,,0,8.18
https://mahamprint.com/product/330/%D9%BE%D8%B1%DB%8C%D9%86%D8%AA%D8%B1-%D8%B3%D9%87-%DA%A9%D8%A7%D8%B1%D9%87-%D9%84%DB%8C%D8%B2%D8%B1%DB%8C-BROTHER-DCP-L2535D,0,1,9,404,,0,9.74
https://mahamprint.com/product/54/RICOH-SP-330SFN,0,1,4,404,,0,8.48
https://mahamprint.com/product/662/%DA%A9%D8%A7%D8%BA%D8%B0-%D8%AE%D8%B1%D8%AF%DA%A9%D9%86-Remo-C-1500,0,1,10,404,,0,1.12
https://mahamprint.com/product/657/%DA%A9%D8%A7%D8%BA%D8%B0-%D8%AE%D8%B1%D8%AF%DA%A9%D9%86-Nikita-SD9310,0,1,17,404,,0,1.25
https://mahamprint.com/product/602/%D8%B5%D9%86%D8%AF%D9%88%D9%82-%D9%81%D8%B1%D9%88%D8%B4%DA%AF%D8%A7%D9%87%DB%8C-MEVA-MP-3615,0,1,10,404,,0,1.48
https://mahamprint.com/product/644/%DA%A9%D8%A7%D8%BA%D8%B0-%D8%AE%D8%B1%D8%AF%DA%A9%D9%86-Fellowes-3250HS,0,1,9,404,,0,1.55
https://mahamprint.com/product/72/%D9%BE%D8%B1%DB%8C%D9%86%D8%AA%D8%B1-%D9%84%DB%8C%D8%B2%D8%B1%DB%8C-%D8%AA%DA%A9-%DA%A9%D8%A7%D8%B1%D9%87-HP-M608DN,0,1,8,404,,0,1.36
https://mahamprint.com/product/691/%DA%A9%D8%A7%D8%BA%D8%B0-%D8%AE%D8%B1%D8%AF%DA%A9%D9%86-ATLAS-CC2040,0,1,5,404,,0,1.51
https://mahamprint.com/product/726/%DA%A9%D8%A7%D8%BA%D8%B0-%D8%AE%D8%B1%D8%AF%DA%A9%D9%86-King-H4BX,0,1,7,404,,0,1.06
https://mahamprint.com/product/729/%DA%A9%D8%A7%D8%BA%D8%B0-%D8%AE%D8%B1%D8%AF%DA%A9%D9%86-Kobra-400-C2,0,1,10,404,,0,1.17
https://mahamprint.com/product/730/%DA%A9%D8%A7%D8%BA%D8%B0-%D8%AE%D8%B1%D8%AF%DA%A9%D9%86-Kobra-Cyclone-HS,0,1,69,404,,0,1.12
https://mahamprint.com/product/881/%D8%A7%D8%B3%DA%A9%D9%86%D8%A7%D8%B3-%D8%B4%D9%85%D8%A7%D8%B1-NIKITA-LD-4000,0,1,1,404,,0,1.0
https://mahamprint.com/product/853/%D8%AF%D8%B3%D8%AA%DA%AF%D8%A7%D9%87-%D8%A7%D8%B3%DA%A9%D9%86%D8%A7%D8%B3-%D8%B4%D9%85%D8%A7%D8%B1-%DB%B5%DB%B1%DB%B0-%D8%AF%DB%8C%D8%AA%DA%A9,0,1,10,404,,0,1.12
https://mahamprint.com/product/927/%D9%85%D8%A7%D8%B4%DB%8C%D9%86-%D8%AD%D8%B3%D8%A7%D8%A8-%D9%BE%D8%A7%D8%B1%D8%B3-PD-16L,0,1,6,404,,0,1.0
https://mahamprint.com/product/953/%D9%85%D8%A7%D8%B4%DB%8C%D9%86-%D8%AD%D8%B3%D8%A7%D8%A8-Sharp-EL-124T,0,1,9,404,,0,1.16
https://mahamprint.com/products/--------canon--mf752cdw,0,1,5,200,https://mahamprint.com/products/--------canon--mf752cdw,0,1.29
https://mahamprint.com/product/96/%D9%BE%D8%B1%DB%8C%D9%86%D8%AA%D8%B1-%D8%AA%DA%A9-%DA%A9%D8%A7%D8%B1%99-0%81%D9%88%DB%8C%D8%B2%D8%B1%DB%8C-CANON-%D9%85%D8%AF%D9%84-LBP251DW,0,1,2,404,,0,1.51
https://mahamprint.com/products/--------ad380,0,1,12,200,https://mahamprint.com/products/--------ad380,0,1.55
https://mahamprint.com/products/--------epson--l3215,0,1,1,200,https://mahamprint.com/products/--------epson--l3215,0,1.4
https://mahamprint.com/products/--------cbon----cb-h2000h,0,1,7,200,https://mahamprint.com/products/--------cbon----cb-h2000h,0,1.51
https://mahamprint.com/products/-------250--760-,0,1,5,200,https://mahamprint.com/products/-------250--760-,0,2.26
https://mahamprint.com/products/-------canon--pixima--g1430,0,1,7,200,https://mahamprint.com/products/-------canon--pixima--g1430,0,2.17
https://mahamprint.com/products/------95-125,0,1,6,200,https://mahamprint.com/products/------95-125,0,2.15
https://mahamprint.com/products/------datalogic----magellan--3410-2d,0,1,8,200,https://mahamprint.com/products/------datalogic----magellan--3410-2d,0,2.15
https://mahamprint.com/products/------45-15-pvc-label-two-row,0,1,8,200,https://mahamprint.com/products/------45-15-pvc-label-two-row,0,2.3
https://mahamprint.com/products/------dymo--,0,1,2,200,https://mahamprint.com/products/------dymo--,0,2.14
https://mahamprint.com/products/-----50-55,0,1,10,200,https://mahamprint.com/products/-----50-55,0,2.12
https://mahamprint.com/products/-----ar-m160-,0,1,7,200,https://mahamprint.com/products/-----ar-m160-,0,2.24
https://mahamprint.com/products/-----epson-lq300,0,1,4,200,https://mahamprint.com/products/-----epson-lq300,0,2.27
https://mahamprint.com/products/-----hp--m401a,0,1,5,200,https://mahamprint.com/products/-----hp--m401a,0,2.43
https://mahamprint.com/products/-----hp-1320,0,1,9,200,https://mahamprint.com/products/-----hp-1320,0,2.62
https://mahamprint.com/products/-----hp-m255dw,0,1,8,200,https://mahamprint.com/products/-----hp-m255dw,0,2.72
https://mahamprint.com/products/-----m283fdw,0,1,7,200,https://mahamprint.com/products/-----m283fdw,0,1.75
https://mahamprint.com/products/-----ricoh-sp-c320dn,0,1,9,200,https://mahamprint.com/products/-----ricoh-sp-c320dn,0,1.49
https://mahamprint.com/products/----4014n,0,1,3,200,https://mahamprint.com/products/----4014n,0,1.24
https://mahamprint.com/products/----3639,0,1,10,200,https://mahamprint.com/products/----3639,0,1.39
https://mahamprint.com/products/-----scope-150x150-cm,0,1,8,200,https://mahamprint.com/products/-----scope-150x150-cm,0,1.87
https://mahamprint.com/products/-----tze-721,0,1,6,200,https://mahamprint.com/products/-----tze-721,0,1.81
https://mahamprint.com/products/----ar-122-203-,0,1,4,200,https://mahamprint.com/products/----ar-122-203-,0,1.89
https://mahamprint.com/products/----ar-5316-5127-1267-,0,1,3,200,https://mahamprint.com/products/----ar-5316-5127-1267-,0,2.14
https://mahamprint.com/products/----ar-5631,0,1,8,200,https://mahamprint.com/products/----ar-5631,0,1.87
https://mahamprint.com/products/----bqs040,0,1,6,200,https://mahamprint.com/products/----bqs040,0,1.79
https://mahamprint.com/products/----bj-82series,0,1,3,200,https://mahamprint.com/products/----bj-82series,0,2.06
https://mahamprint.com/products/----epson--eb-w06,0,1,18,200,https://mahamprint.com/products/----epson--eb-w06,0,2.17
https://mahamprint.com/products/----epson--lq-2180,0,1,10,200,https://mahamprint.com/products/----epson--lq-2180,0,1.91
https://mahamprint.com/products/----hp-m608n,0,1,9,200,https://mahamprint.com/products/----hp-m608n,0,1.82
https://mahamprint.com/products/----magner,0,1,9,200,https://mahamprint.com/products/----magner,0,1.44
https://mahamprint.com/products/----hp-mfp-m183fw,0,1,10,200,https://mahamprint.com/products/----hp-mfp-m183fw,0,1.69
https://mahamprint.com/products/----lemo-k1412,0,1,6,200,https://mahamprint.com/products/----lemo-k1412,0,2.01
https://mahamprint.com/products/----scope-180x180-cm,0,1,10,200,https://mahamprint.com/products/----scope-180x180-cm,0,2.0
https://mahamprint.com/products/----t1-plus,0,1,9,200,https://mahamprint.com/products/----t1-plus,0,1.76
https://mahamprint.com/products/----tp-premium2,0,1,4,200,https://mahamprint.com/products/----tp-premium2,0,1.81
https://mahamprint.com/products/----tze-121--,0,1,9,200,https://mahamprint.com/products/----tze-121--,0,1.81
https://mahamprint.com/products/----xprinter-n260h,0,1,2,200,https://mahamprint.com/products/----xprinter-n260h,0,1.91
https://mahamprint.com/products/----zebra--zt231,0,1,8,200,https://mahamprint.com/products/----zebra--zt231,0,1.6
https://mahamprint.com/products/----zkteco-nf50,0,1,1,200,https://mahamprint.com/products/----zkteco-nf50,0,1.74
https://mahamprint.com/products/---100gr-panasonic,0,1,7,200,https://mahamprint.com/products/---100gr-panasonic,0,1.65
https://mahamprint.com/products/---aiptek--i60,0,1,9,200,https://mahamprint.com/products/---aiptek--i60,0,1.6
https://mahamprint.com/products/---acer-x118h,0,1,9,200,https://mahamprint.com/products/---acer-x118h,0,1.65
https://mahamprint.com/products/---asus--g513qe-r9-5900hx,0,1,5,200,https://mahamprint.com/products/---asus--g513qe-r9-5900hx,0,1.57
https://mahamprint.com/products/---bixolon-srp-f312,0,1,16,200,https://mahamprint.com/products/---bixolon-srp-f312,0,1.7
https://mahamprint.com/products/---brother-dcp-l2535d,0,1,11,200,https://mahamprint.com/products/---brother-dcp-l2535d,0,1.75
https://mahamprint.com/products/---brother-tze-335--,0,1,8,200,https://mahamprint.com/products/---brother-tze-335--,0,1.76
https://mahamprint.com/products/---brother-tze-m21--,0,1,4,200,https://mahamprint.com/products/---brother-tze-m21--,0,1.58
https://mahamprint.com/products/---canon--351x,0,1,10,200,https://mahamprint.com/products/---canon--351x,0,1.98
https://mahamprint.com/products/---casi,0,1,5,200,https://mahamprint.com/products/---casi,0,1.77
https://mahamprint.com/products/---canon-7250--,0,1,7,200,https://mahamprint.com/products/---canon-7250--,0,2.0
https://mahamprint.com/products/---clx-3185,0,1,1,200,https://mahamprint.com/products/---clx-3185,0,1.53
https://mahamprint.com/products/---datalogic-quick-scan-qm2130,0,1,7,200,https://mahamprint.com/products/---datalogic-quick-scan-qm2130,0,1.81
https://mahamprint.com/products/---duracell-plus-power,0,1,7,200,https://mahamprint.com/products/---duracell-plus-power,0,1.88
https://mahamprint.com/products/---epson--6733,0,1,9,200,https://mahamprint.com/products/---epson--6733,0,1.82
https://mahamprint.com/products/---epson-l3060,0,1,3,200,https://mahamprint.com/products/---epson-l3060,0,1.81
https://mahamprint.com/products/---glc-lh-smd,0,1,9,200,https://mahamprint.com/products/---glc-lh-smd,0,1.77
https://mahamprint.com/products/---hp---1020,0,1,4,200,https://mahamprint.com/products/---hp---1020,0,1.83
https://mahamprint.com/products/---hp--m630h,0,1,8,200,https://mahamprint.com/products/---hp--m630h,0,1.75
https://mahamprint.com/products/---hp-2035,0,1,22,200,https://mahamprint.com/products/---hp-2035,0,1.95
https://mahamprint.com/products/---iphone-12-pro,0,1,2,200,https://mahamprint.com/products/---iphone-12-pro,0,1.62
https://mahamprint.com/products/---panasonic-kx-fa55e,0,1,8,200,https://mahamprint.com/products/---panasonic-kx-fa55e,0,1.62
https://mahamprint.com/products/---scope-4-4,0,1,3,200,https://mahamprint.com/products/---scope-4-4,0,2.04
https://mahamprint.com/products/---tze-211--,0,1,9,200,https://mahamprint.com/products/---tze-211--,0,2.01
https://mahamprint.com/products/---vg,0,1,4,200,https://mahamprint.com/products/---vg,0,1.83
https://mahamprint.com/products/---zkteco-l1000l,0,1,3,200,https://mahamprint.com/products/---zkteco-l1000l,0,1.78
https://mahamprint.com/products/--asus-zenbeam-go-e1z,0,1,4,200,https://mahamprint.com/products/--asus-zenbeam-go-e1z,0,1.77
https://mahamprint.com/products/--bixolon-350n-pluslll,0,1,2,200,https://mahamprint.com/products/--bixolon-350n-pluslll,0,1.78
https://mahamprint.com/products/--brother--mfc-l5575dw,0,1,2,200,https://mahamprint.com/products/--brother--mfc-l5575dw,0,1.89
https://mahamprint.com/products/--canon--1600-drum,0,1,10,200,https://mahamprint.com/products/--canon--1600-drum,0,1.68
https://mahamprint.com/products/--canon--1kg,0,1,9,200,https://mahamprint.com/products/--canon--1kg,0,1.66
https://mahamprint.com/products/--canon-718,0,1,5,200,https://mahamprint.com/products/--canon-718,0,1.64
https://mahamprint.com/products/--canon-as-2400,0,1,10,200,https://mahamprint.com/products/--canon-as-2400,0,1.64
https://mahamprint.com/products/--canon-c7500i,0,1,9,200,https://mahamprint.com/products/--canon-c7500i,0,1.65
https://mahamprint.com/products/--canon-mf237w,0,1,9,200,https://mahamprint.com/products/--canon-mf237w,0,1.78
https://mahamprint.com/products/--casio-fc-100v,0,1,7,200,https://mahamprint.com/products/--casio-fc-100v,0,1.77
https://mahamprint.com/products/--casio-mh-12,0,1,10,200,https://mahamprint.com/products/--casio-mh-12,0,1.8
https://mahamprint.com/products/--cisco-c2960x-48td-l,0,1,10,200,https://mahamprint.com/products/--cisco-c2960x-48td-l,0,1.77
https://mahamprint.com/products/--cisco-glc-t,0,1,6,200,https://mahamprint.com/products/--cisco-glc-t,0,1.75
https://mahamprint.com/products/--citizen-sld-1010ii,0,1,6,200,https://mahamprint.com/products/--citizen-sld-1010ii,0,1.87
https://mahamprint.com/products/--citizen-sr-270xgr,0,1,5,200,https://mahamprint.com/products/--citizen-sr-270xgr,0,1.75
https://mahamprint.com/products/--datalogic-quickscan-qw2170,0,1,80,200,https://mahamprint.com/products/--datalogic-quickscan-qw2170,0,1.7
https://mahamprint.com/products/--duracell-plus-lr6,0,1,9,200,https://mahamprint.com/products/--duracell-plus-lr6,0,1.66
https://mahamprint.com/products/--epson-e10,0,1,4,200,https://mahamprint.com/products/--epson-e10,0,1.8
https://mahamprint.com/products/--epson-t0793-magenta,0,1,10,200,https://mahamprint.com/products/--epson-t0793-magenta,0,1.82
https://mahamprint.com/products/--epson-w51,0,1,10,200,https://mahamprint.com/products/--epson-w51,0,1.99
https://mahamprint.com/products/--honeywell-voyager-1202g,0,1,5,200,https://mahamprint.com/products/--honeywell-voyager-1202g,0,1.7
https://mahamprint.com/products/--hp-1022,0,1,6,200,https://mahamprint.com/products/--hp-1022,0,1.85
https://mahamprint.com/products/--hp-932-933,0,1,6,200,https://mahamprint.com/products/--hp-932-933,0,1.88
https://mahamprint.com/products/--hp-laserjet-5000-5100-,0,1,18,200,https://mahamprint.com/products/--hp-laserjet-5000-5100-,0,1.75
https://mahamprint.com/products/--hp-m605dn,0,1,9,200,https://mahamprint.com/products/--hp-m605dn,0,1.75
https://mahamprint.com/products/--kodak-super-heavy-duty,0,1,6,200,https://mahamprint.com/products/--kodak-super-heavy-duty,0,1.98
https://mahamprint.com/products/--kodak-ultra-premium,0,1,4,200,https://mahamprint.com/products/--kodak-ultra-premium,0,1.92
https://mahamprint.com/products/--legion-5-i7-12700h,0,1,8,200,https://mahamprint.com/products/--legion-5-i7-12700h,0,1.83
https://mahamprint.com/products/--msi-rtx-3070-ti-ventus-3x-oc-8g,0,1,6,200,https://mahamprint.com/products/--msi-rtx-3070-ti-ventus-3x-oc-8g,0,1.79
https://mahamprint.com/products/--nikita-ld-2000,0,1,10,200,https://mahamprint.com/products/--nikita-ld-2000,0,1.91
https://mahamprint.com/products/--nikita-ld-409a,0,1,10,200,https://mahamprint.com/products/--nikita-ld-409a,0,1.91
https://mahamprint.com/products/--nikita-pbd-10s,0,1,5,200,https://mahamprint.com/products/--nikita-pbd-10s,0,1.88
https://mahamprint.com/products/--nikita-sd-9020,0,1,2,200,https://mahamprint.com/products/--nikita-sd-9020,0,1.85
https://mahamprint.com/products/--oscar-os-60cbs,0,1,5,200,https://mahamprint.com/products/--oscar-os-60cbs,0,1.84
https://mahamprint.com/products/--panasonic-kx-fa52e,0,1,6,200,https://mahamprint.com/products/--panasonic-kx-fa52e,0,1.83
https://mahamprint.com/products/--panasonic-lw335,0,1,9,200,https://mahamprint.com/products/--panasonic-lw335,0,1.68
https://mahamprint.com/products/--protech-bs-600,0,1,7,200,https://mahamprint.com/products/--protech-bs-600,0,1.68
https://mahamprint.com/products/--remo-c-3200,0,1,5,200,https://mahamprint.com/products/--remo-c-3200,0,1.64
https://mahamprint.com/products/--remo-c-5100,0,1,4,200,https://mahamprint.com/products/--remo-c-5100,0,1.34
https://mahamprint.com/products/--ricoh-841928-cyan,0,1,6,200,https://mahamprint.com/products/--ricoh-841928-cyan,0,1.17
https://mahamprint.com/products/--sayan-smart,0,1,6,200,https://mahamprint.com/products/--sayan-smart,0,1.49
https://mahamprint.com/products/--scan-logic-q10,0,1,10,200,https://mahamprint.com/products/--scan-logic-q10,0,1.47
https://mahamprint.com/products/--sharp-7024d,0,1,7,200,https://mahamprint.com/products/--sharp-7024d,0,1.49
https://mahamprint.com/products/--sharp-ar5316,0,1,9,200,https://mahamprint.com/products/--sharp-ar5316,0,1.63
https://mahamprint.com/products/--toshiba-high-power,0,1,6,200,https://mahamprint.com/products/--toshiba-high-power,0,1.9
https://mahamprint.com/products/-a3,0,1,10,200,https://mahamprint.com/products/-a3,0,2.03
https://mahamprint.com/products/-benq-bl2420pt-24-inch,0,1,5,200,https://mahamprint.com/products/-benq-bl2420pt-24-inch,0,1.94
https://mahamprint.com/products/-caanon-225-adf----ru8-88682,0,1,5,200,https://mahamprint.com/products/-caanon-225-adf----ru8-88682,0,2.09
https://mahamprint.com/products/-canon--lide-220,0,1,2,200,https://mahamprint.com/products/-canon--lide-220,0,2.1
https://mahamprint.com/products/-canon-c-exv42,0,1,7,200,https://mahamprint.com/products/-canon-c-exv42,0,2.01
https://mahamprint.com/products/-canon-lide300,0,1,10,200,https://mahamprint.com/products/-canon-lide300,0,2.14
https://mahamprint.com/products/-epson-24-yellow,0,1,2,200,https://mahamprint.com/products/-epson-24-yellow,0,2.22
https://mahamprint.com/products/-epson-302-cmyk,0,1,9,200,https://mahamprint.com/products/-epson-302-cmyk,0,1.93
https://mahamprint.com/products/-epson-ds-1630,0,1,6,200,https://mahamprint.com/products/-epson-ds-1630,0,1.85
https://mahamprint.com/products/-epson-perfection-v550,0,1,10,200,https://mahamprint.com/products/-epson-perfection-v550,0,1.89
https://mahamprint.com/products/-epson-t-948-cmyk,0,1,8,200,https://mahamprint.com/products/-epson-t-948-cmyk,0,1.85
https://mahamprint.com/products/-hp--gt51-black,0,1,4,200,https://mahamprint.com/products/-hp--gt51-black,0,1.88
https://mahamprint.com/products/-hp-950-black,0,1,2,200,https://mahamprint.com/products/-hp-950-black,0,1.68
https://mahamprint.com/products/-mustek-d50,0,1,10,200,https://mahamprint.com/products/-mustek-d50,0,2.11
https://mahamprint.com/products/-resin-60-75,0,1,6,200,https://mahamprint.com/products/-resin-60-75,0,2.05
https://mahamprint.com/products/-ricoh-407971,0,1,7,200,https://mahamprint.com/products/-ricoh-407971,0,2.15
https://mahamprint.com/products/-ricoh-841332,0,1,3,200,https://mahamprint.com/products/-ricoh-841332,0,2.12
https://mahamprint.com/products/-risograph-cz-s-4877,0,1,5,200,https://mahamprint.com/products/-risograph-cz-s-4877,0,1.96
https://mahamprint.com/products/-samsung-galaxy-s20-pluse-5g,0,1,6,200,https://mahamprint.com/products/-samsung-galaxy-s20-pluse-5g,0,1.95
https://mahamprint.com/products/-sharp-450-drum,0,1,3,200,https://mahamprint.com/products/-sharp-450-drum,0,1.74
https://mahamprint.com/products/-sharp-mx-500gv,0,1,4,200,https://mahamprint.com/products/-sharp-mx-500gv,0,1.73
https://mahamprint.com/products/-super-resin-110-300-,0,1,10,200,https://mahamprint.com/products/-super-resin-110-300-,0,1.7
https://mahamprint.com/products/-super-resin-40-300,0,1,5,200,https://mahamprint.com/products/-super-resin-40-300,0,1.78
https://mahamprint.com/products/all-in-one-asus-v222fak-i3-10110u,0,1,4,200,https://mahamprint.com/products/all-in-one-asus-v222fak-i3-10110u,0,1.73
https://mahamprint.com/products/all-in-one-asus-et-2013-core-i5-3,0,1,5,200,https://mahamprint.com/products/all-in-one-asus-et-2013-core-i5-3,0,1.79
https://mahamprint.com/products/all-in-one-asus-v241eak-i3-1111g4,0,1,1,200,https://mahamprint.com/products/all-in-one-asus-v241eak-i3-1111g4,0,1.75
https://mahamprint.com/products/hard-hdd-wd-10tb-purple-256-mb,0,1,10,200,https://mahamprint.com/products/hard-hdd-wd-10tb-purple-256-mb,0,1.79
https://mahamprint.com/products/hard-hdd-wd-14tb-red-plus,0,1,7,200,https://mahamprint.com/products/hard-hdd-wd-14tb-red-plus,0,1.78
https://mahamprint.com/products/hp-1320-printer-pickup,0,1,2,200,https://mahamprint.com/products/hp-1320-printer-pickup,0,1.68
https://mahamprint.com/products/hp-351n,0,1,7,200,https://mahamprint.com/products/hp-351n,0,1.7
https://mahamprint.com/products/printer-prother-t710w,0,1,13,200,https://mahamprint.com/products/printer-prother-t710w,0,1.7
https://mahamprint.com/tag/1096/%D8%AF%D8%B1%D8%A7%D9%85-%D8%A7%DA%86-%D9%BE%DB%8C,0,1,7,404,,0,1.77
https://mahamprint.com/tag/1211/%D8%AA%D9%88%D9%86%D8%B1-%D8%A7%D8%B5%D9%84-hp-laserjet-1100,0,1,10,404,,0,1.55
https://mahamprint.com/tag/1216/%DA%A9%D8%A7%D8%AA%D8%B1%DB%8C%D8%AC-hp-laserjet-507-n,0,1,6,404,,0,1.47
https://mahamprint.com/tag/1320/instagram.com/twitter.com,0,1,12,404,,0,1.34
https://mahamprint.com/tag/1492/PAPER-SET,0,1,11,404,,0,1.21
https://mahamprint.com/tag/1411/%D9%85%DA%A9%D9%86%D8%AA-%D8%A8%D8%A7%D8%B1%DB%8C%DA%A9,0,1,10,404,,0,1.33
https://mahamprint.com/tag/167/%D9%BE%D8%B1%DB%8C%D9%86%D8%AA%D8%B1-%DA%86%D9%86%D8%AF-%DA%A9%D8%A7%D8%B1%D9%87,0,1,8,404,,0,0.82
https://mahamprint.com/tag/1730/%DA%A9%D8%A7%D8%B1%D8%AA%DB%8C%D8%B1%D8%AC-%D9%82%DB%8C%D9%85%D8%AA,0,1,9,404,,0,0.77
https://mahamprint.com/tag/1756/%D8%AA%D9%88%D8%B1%D9%86-%D8%A8%D8%A7-%D9%82%DB%8C%D9%85%D8%AA,0,1,3,404,,0,0.91
https://mahamprint.com/tag/1934/%D9%81%D8%B1%D9%88%D8%B4-%D8%B1%DB%8C%DA%A9%D9%88-2700,0,1,10,404,,0,0.67
https://mahamprint.com/tag/1975/vdkjv-j-hvi-gdcvd,0,1,4,404,,0,0.75
https://mahamprint.com/tag/2011/GDFG-VDKJV,0,1,8,404,,0,0.69
https://mahamprint.com/tag/2016/vdkjv-vkd,0,1,4,404,,0,0.76
https://mahamprint.com/tag/1857/instagram.com/,0,1,7,308->404,/tag/1857/instagram.com,1,1.31
https://mahamprint.com/tag/2025/vdkjv-gdcvd-hkk,0,1,10,404,,0,0.78
https://mahamprint.com/tag/2063/%D9%BE%D8%B1%DB%8C%D9%86%D8%AA%D8%B1-%DA%A9%D9%86%D9%88%D9%86,0,1,4,404,,0,0.9
https://mahamprint.com/tag/2070/vdkjv-1300,0,1,4,404,,0,0.77
https://mahamprint.com/tag/212/%D9%BE%D8%B1%DB%8C%D9%86%D8%AA%D8%B1-%D8%AA%DA%A9-%DA%A9%D8%A7%D8%B1%D9%87,0,1,10,404,,0,0.8
https://mahamprint.com/tag/2135/cdkjv,0,1,10,404,,0,0.9
https://mahamprint.com/tag/2146/vdkjv-gdvd,0,1,9,404,,0,0.89
https://mahamprint.com/tag/2159/VDKJV-M430F,0,1,8,404,,0,0.99
https://mahamprint.com/tag/2211/VDKJV-HP-CP1215,0,1,10,404,,0,0.79
https://mahamprint.com/tag/2207/VDKJV-P1505,0,1,9,404,,0,0.85
https://mahamprint.com/tag/2190/%5Dhv-gdcvd,0,1,5,404,,0,0.96
https://mahamprint.com/tag/2214/VDKJV-HP-M281FDN,0,1,3,404,,0,0.79
https://mahamprint.com/tag/2219/VDKJV-M438N,0,1,10,404,,0,1.0
https://mahamprint.com/tag/2223/VcJV,0,1,7,404,,0,1.0
https://mahamprint.com/tag/2261/vdkjv-m401d,0,1,6,404,,0,0.92
https://mahamprint.com/tag/2262/hskv-h%5D-d,0,1,5,404,,0,0.95
https://mahamprint.com/tag/2304/gdfg-vdkjv-120,0,1,3,404,,0,0.93
https://mahamprint.com/tag/2315/TDA-VDKJV-330II,0,1,1,404,,0,0.98
https://mahamprint.com/tag/2379/%D8%B0%D9%82%D8%AE%D9%81%D8%A7%D8%AB%D9%82,0,1,5,404,,0,0.68
https://mahamprint.com/tag/2415/%D9%87%D8%AF-%D9%BE%D8%B1%DB%8C%D9%86%D8%AA%D8%B1-Canon,0,1,8,404,,0,0.63
https://mahamprint.com/tag/2417/%D8%AC%D9%88%D9%87%D8%B1-Canon,0,1,4,404,,0,0.64
https://mahamprint.com/tag/2442/%D8%AF%D8%B3%D8%AA%DA%AF%D8%A7%D9%87-%DA%A9%D9%BE%DB%8C-%D8%B1%DB%8C%DA%A9%D9%88,0,1,5,404,,0,0.8
https://mahamprint.com/tag/2373/instagram.com/,0,1,1,308->404,/tag/2373/instagram.com,1,1.54
https://mahamprint.com/tag/2387/instagram.com/,0,1,1,308->404,/tag/2387/instagram.com,1,1.41
https://mahamprint.com/tag/2448/%D8%AA%D8%A7%D9%86%DA%A9-%D8%AC%D9%88%D9%87%D8%B1-%D8%A7%D9%BE%D8%B3%D9%88%D9%86,0,1,7,404,,0,0.93
https://mahamprint.com/tag/2471/%D9%88%DB%8C%D8%AF%D8%A6%D9%88-%D9%BE%D8%B1%D9%88%DA%98%DA%A9%D8%AA%D9%88%D8%B1-AIPTEK,0,1,15,404,,0,0.93
https://mahamprint.com/tag/2481/%D9%81%DB%8C%D9%88%D8%B2%DB%8C%D9%86%DA%AF-%D8%B3%D8%A7%D9%85%D8%B3%D9%88%D9%86%DA%AF,0,1,4,404,,0,0.92
https://mahamprint.com/tag/2486/%D9%81%DB%8C%D9%88%D8%B2%DB%8C%D9%86%DA%AF-%D8%A7%DA%86-%D9%BE%DB%8C,0,1,3,404,,0,0.96
https://mahamprint.com/tag/2503/%D9%BE%DB%8C%DA%A9%D8%A7%D9%BE-%D8%B5%D8%A7%D9%81-%D8%B1%DB%8C%DA%A9%D9%88,0,1,9,404,,0,0.8
https://mahamprint.com/tag/2501/%D9%88%DB%8C%D8%AF%D8%A6%D9%88-%D9%BE%D8%B1%D9%88%DA%98%DA%A9%D8%AA%D9%88%D8%B1-%D8%B1%DB%8C%DA%A9%D9%88,0,1,17,404,,0,1.06
https://mahamprint.com/tag/2535/%D9%BE%DB%8C%DA%A9%D8%A7%D9%BE-hp-1280,0,1,22,404,,0,0.86
https://mahamprint.com/tag/2562/%D8%AF%D9%88%D8%B1%D8%A8%DB%8C%D9%86-%D8%B9%DA%A9%D8%A7%D8%B3%DB%8C-Nikan,0,1,10,404,,0,0.85
https://mahamprint.com/tag/2564/%D8%AF%D9%88%D8%B1%D8%A8%DB%8C%D9%86-%D8%B9%DA%A9%D8%A7%D8%B3%DB%8C-Canon,0,1,32,404,,0,0.85
https://mahamprint.com/tag/2580/%D9%81%DB%8C%D9%84%D9%85-%D9%81%DB%8C%D9%88%D8%B2%DB%8C%D9%86%DA%AF-%DA%A9%D8%A7%D9%86%D9%86,0,1,19,404,,0,0.87
https://mahamprint.com/tag/2589/%D9%85%D8%A7%D9%86%DB%8C%D8%AA%D9%88%D8%B1-%D8%B3%D8%A7%D9%85,0,1,8,404,,0,0.89
https://mahamprint.com/tag/2654/%D9%81%DB%8C%D8%B4-%D9%BE%D8%B1%DB%8C%D9%86%D8%AA%D8%B1-MEVA,0,1,9,404,,0,0.75
https://mahamprint.com/tag/2607/%D9%BE%D8%B1%DB%8C%D9%86%D8%AA%D8%B1-%D8%AA%DA%A9-%DA%A9%D8%A7%D8%B1%D9%87-%DA%A9%D8%A7%D9%86%D9%86,0,1,3,404,,0,0.88
https://mahamprint.com/tag/2655/%D9%81%DB%8C%D8%B4-%D9%BE%D8%B1%DB%8C%D9%86%D8%AA%D8%B1-%D8%A8%DB%8C%DA%A9%D8%B3%D9%84%D9%88%D9%86,0,1,7,404,,0,0.8
https://mahamprint.com/tag/2618/instagram.com/,0,1,6,308->404,/tag/2618/instagram.com,1,1.24
https://mahamprint.com/tag/2730/%D9%85%D8%A7%D8%B4%DB%8C%D9%86-%D8%AD%D8%B3%D8%A7%D8%A8-casio,0,1,3,404,,0,0.84
https://mahamprint.com/tag/2740/%D8%AA%D9%88%D9%86%D8%B1-%DA%A9%D8%A7%D8%B1%D8%AA%D8%B1%DB%8C%D8%AC-%D8%B1%DB%8C%DA%A9%D9%88,0,1,1,404,,0,0.83
https://mahamprint.com/tag/2743/%DA%A9%D8%A7%D8%B1%D8%AA%D8%B1%DB%8C%D8%AC-%D8%AC%D9%88%D9%87%D8%B1%D8%A7%D9%81%D8%B4%D8%A7%D9%86-%D9%BE%D8%B3%D8%AA,0,1,5,404,,0,0.82
https://mahamprint.com/tag/2754/%D9%81%DB%8C%D8%B4-%D9%BE%D8%B1%DB%8C%D9%86%D8%AA%D8%B1-AX,0,1,7,404,,0,0.79
https://mahamprint.com/tag/2658/%D9%86%D9%88%D8%A7%D8%B1-%D9%84%DB%8C%D8%A8%D9%84-%D9%84%DB%8C%D8%A8%D9%84-%D9%BE%D8%B1%DB%8C%D9%86%D8%AA%D8%B1-%D8%A8%D8%B1%D8%A7%D8%AF%D8%B1,0,1,14,404,,0,1.1
https://mahamprint.com/tag/2764/%D9%BE%D8%B1%DB%8C%D9%86%D8%AA%D8%B1-%D8%B3%D9%88%D8%B2%D9%86%DB%8C-%D8%A7%D9%BE%D8%B3%D9%88%D9%86,0,1,79,404,,0,0.89
https://mahamprint.com/tag/2768/%D8%A8%D8%B1%D8%AF-%D9%81%D8%B1%D9%85%D8%AA%D8%B1-%DA%A9%D8%A7%D9%86%D9%86,0,1,10,404,,0,0.86
https://mahamprint.com/tag/2772/%D8%B3%DB%8C%D9%86%DB%8C-%D8%AE%D8%B1%D9%88%D8%AC%DB%8C-%D8%A7%DA%86-%D9%BE%DB%8C,0,1,14,404,,0,0.84
https://mahamprint.com/tag/2839/%D8%B5%D9%86%D8%AF%D9%88%D9%82-%D9%81%D8%B1%D9%88%D8%B4%DA%AF%D8%A7%D9%87%DB%8C-%D9%86%DB%8C%DA%A9%DB%8C%D8%AA%D8%A7,0,1,14,404,,0,0.83
https://mahamprint.com/tag/2810/%D9%84%DB%8C%D8%A8%D9%84-%D9%BE%D8%B1%DB%8C%D9%86%D8%AA%D8%B1-%D9%87%D8%A7%D9%86%DB%8C%D9%88%D9%84,0,1,16,404,,0,0.88
https://mahamprint.com/tag/2813/%D9%84%DB%8C%D8%A8%D9%84-%D9%BE%D8%B1%DB%8C%D9%86%D8%AA%D8%B1-MEVA,0,1,8,404,,0,0.93
https://mahamprint.com/tag/2870/%D8%A7%D8%B3%DA%A9%D9%86%D8%A7%D8%B3-%D8%B4%D9%85%D8%A7%D8%B1-%D8%B3%DB%8C-%D8%AA%DA%A9,0,1,30,404,,0,0.88
https://mahamprint.com/tag/2872/%D8%AA%D8%B3%D8%AA-%D8%A7%D8%B3%DA%A9%D9%86%D8%A7%D8%B3-%D9%86%DB%8C%DA%A9%DB%8C%D8%AA%D8%A7,0,1,4,404,,0,0.85
https://mahamprint.com/tag/2914/%D8%A7%D8%B3%DA%A9%D9%86%D8%A7%D8%B3-%D8%B4%D9%85%D8%A7%D8%B1-para,0,1,51,404,,0,0.81
https://mahamprint.com/tag/2938/%D8%A7%D8%B3%DA%A9%D9%86%D8%A7%D8%B3-%D8%B4%D9%85%D8%A7%D8%B1-%D8%A2-%D8%A7%DB%8C%DA%A9%D8%B3,0,1,9,404,,0,0.82
https://mahamprint.com/tag/2933/%D8%A8%D8%A7%D8%B1%DA%A9%D8%AF-%D8%AE%D9%88%D8%A7%D9%86-%D8%A7%D8%B3%DA%A9%D8%A7%D8%B1,0,1,29,404,,0,0.92
https://mahamprint.com/tag/294/%D9%BE%D8%B1%DB%8C%D9%86%D8%AA%D8%B1-HP-428DW,0,1,19,404,,0,0.87
https://mahamprint.com/tag/2995/%DA%A9%D8%A7%D8%BA%D8%B0-%D8%AE%D8%B1%D8%AF%DA%A9%D9%86-%D8%A7%D8%B7%D9%84%D8%B3,0,1,10,404,,0,0.76
https://mahamprint.com/tag/2987/%D9%BE%D8%B1%D9%86%D8%AA%D8%B1-%DA%86%D9%87%D8%A7%D8%B1-%DA%A9%D8%A7%D8%B1%D9%87-%D8%A8%D8%B1%D8%A7%D8%AF%D8%B1,0,1,10,404,,0,0.86
https://mahamprint.com/tag/2943/%D8%A8%D8%A7%D8%B1%DA%A9%D8%AF-%D8%AE%D9%88%D8%A7%D9%86-ZEBRA,0,1,72,404,,0,1.1
https://mahamprint.com/tag/3035/%D9%BE%D8%B1%DB%8C%D9%86%D8%AA%D8%B1-%D8%AA%DA%A9-%DA%A9%D8%A7%D8%B1%D9%87-pantum,0,1,14,404,,0,0.82
https://mahamprint.com/tag/301/%D9%BE%D8%B1%DB%8C%D9%86%D8%AA%D8%B1-CANON-MF641CW,0,1,10,404,,0,0.93
https://mahamprint.com/tag/3091/%D8%A8%D8%A7%D8%AA%D8%B1%DB%8C-camelion,0,1,3,404,,0,0.87
https://mahamprint.com/tag/3098/%D8%A8%D8%B1%D8%AF-%D9%81%D8%B1%D9%85%D8%AA%D8%B1-%D8%B3%D8%A7%D9%85%D8%B3%D9%88%D9%86%DA%AF,0,1,15,404,,0,0.72
https://mahamprint.com/tag/3092/%D8%A8%D8%A7%D8%AA%D8%B1%DB%8C-%D8%AF%D9%88%D8%B1%D8%A7%D8%B3%D9%84,0,1,8,404,,0,1.07
https://mahamprint.com/tag/3104/%D8%A8%D8%B1%D8%AF-%D9%BE%D8%A7%D9%88%D8%B1-%DA%A9%D8%A7%D9%86%D9%86,0,1,20,404,,0,1.02
https://mahamprint.com/tag/3126/%D8%AF%D8%B1%D8%A7%D9%85-%DA%A9%D8%A7%D8%B1%D8%AA%D8%B1%DB%8C%D8%AC-%D8%B1%DB%8C%DA%A9%D9%88,0,1,64,404,,0,0.89
https://mahamprint.com/tag/3118/%D8%AF%D8%B1%D8%A7%D9%85-%DA%A9%D8%A7%D8%B1%D8%AA%D8%B1%DB%8C%D8%AC-%D8%B3%D8%A7%D9%85%D8%B3%D9%88%D9%86%DA%AF,0,1,5,404,,0,0.97
https://mahamprint.com/tag/3148/%D8%B1%DB%8C%D8%A8%D9%88%D9%86-%D9%88%DA%A9%D8%B3,0,1,7,404,,0,0.92
https://mahamprint.com/tag/3157/%D8%B1%DB%8C%D8%A8%D9%88%D9%86-fargo,0,1,42,404,,0,0.89
https://mahamprint.com/tag/3167/%D8%B1%DB%8C%D8%A8%D9%88%D9%86-magicard,0,1,10,404,,0,0.78
https://mahamprint.com/tag/3199/%D9%BE%D8%B1%DB%8C%D9%86%D8%AA%D8%B1-%D9%84%DB%8C%D8%B2%D8%B1%DB%8C-%D9%BE%D8%A7%D9%86%D8%A7%D8%B3%D9%88%D9%86%DB%8C%DA%A9,0,1,77,404,,0,0.77
https://mahamprint.com/tag/3205/%D9%BE%D8%B1%DB%8C%D9%86%D8%AA%D8%B1-%DA%86%D9%87%D8%A7%D8%B1%DA%A9%D8%A7%D8%B1%D9%87-%D9%84%DB%8C%D8%B2%D8%B1%DB%8C-%D8%A8%D8%B1%D8%A7%D8%AF%D8%B1/sort=Price&direction=asc,0,1,6,404,,0,0.8
https://mahamprint.com/tag/3209/%D9%BE%D8%B1%DB%8C%D9%86%D8%AA%D8%B1-%D8%B3%D9%87-%DA%A9%D8%A7%D8%B1%D9%87-%D9%84%DB%8C%D8%B2%D8%B1%DB%8C-%D8%B3%D8%A7%D9%85%D8%B3%D9%88%D9%86%DA%AF,0,1,5,404,,0,0.78
https://mahamprint.com/tag/3220/instagram.com/,0,1,7,308->404,/tag/3220/instagram.com,1,1.41
https://mahamprint.com/tag/3272/%D8%AC%D9%88%D9%87%D8%B1-%D9%BE%D8%B1%DB%8C%D9%86%D8%AA%D8%B1-%DA%A9%D8%A7%D9%86%D9%86,0,1,7,404,,0,1.4
https://mahamprint.com/tag/3306/%D9%87%D9%84%DB%8C-%D8%B4%D8%A7%D8%AA-%D8%AF%DB%8C-%D8%AC%DB%8C-%D8%A7%DB%8C,0,1,40,404,,0,1.46
https://mahamprint.com/tag/3312/%DA%AF%D9%88%D8%B4%DB%8C-%D9%85%D9%88%D8%A8%D8%A7%DB%8C%D9%84,0,1,5,404,,0,1.44
https://mahamprint.com/tag/3356/%D9%BE%D8%B1%DB%8C%D9%86%D8%AA%D8%B1-%D8%B3%D9%87-%DA%A9%D8%A7%D8%B1%D9%87-%D9%84%DB%8C%D8%B2%D8%B1%DB%8C,0,1,4,404,,0,1.47
https://mahamprint.com/tag/3237/instagram.com/,0,1,10,308->404,/tag/3237/instagram.com,1,2.1
https://mahamprint.com/tag/3358/%D9%BE%D8%B1%DB%8C%D9%86%D8%AA%D8%B1-%D8%B3%D9%88%D8%B2%D9%86%DB%8C-%D8%A7%D8%B3%DA%A9%D8%A7%DB%8C,0,1,10,404,,0,1.25
https://mahamprint.com/tag/3366/%D8%A7%D8%B3%DA%A9%D9%86%D8%B1-%D8%A7%D8%AB%D8%B1-%D8%A7%D9%86%DA%AF%D8%B4%D8%AA-%D8%B3%D9%88%D9%BE%D8%B1%DB%8C%D9%85%D8%A7,0,1,9,404,,0,0.82
https://mahamprint.com/tag/3360/%D9%BE%D8%B1%DB%8C%D9%86%D8%AA%D8%B1-%D8%AA%DA%A9-%DA%A9%D8%A7%D8%B1%D9%87-%D8%A7%D8%B3%DA%A9%D8%A7%DB%8C,0,1,1,404,,0,0.97
https://mahamprint.com/tag/3372/%D8%A7%D8%B3%DA%A9%D9%86%D8%B1-%D8%AF%D9%87-%D8%A7%D9%86%DA%AF%D8%B4%D8%AA%DB%8C-%D8%B3%D9%88%D9%BE%D8%B1%DB%8C%D9%85%D8%A7,0,1,23,404,,0,0.81
https://mahamprint.com/tag/3368/%D8%A7%D8%B3%DA%A9%D9%86%D8%B1-%D8%A7%D8%AB%D8%B1-%D8%A7%D9%86%DA%AF%D8%B4%D8%AA-%D9%81%D9%88%D8%AA%D8%B1%D9%88%D9%86%DB%8C%DA%A9,0,1,7,404,,0,0.91
https://mahamprint.com/tag/3378/%D9%85%D8%A7%DA%98%D9%88%D9%84-%D8%B3%D9%88%D8%A6%DB%8C%DA%86-%D8%B3%DB%8C%D8%B3%DA%A9%D9%88,0,1,10,404,,0,0.89
https://mahamprint.com/tag/3379/%D9%85%D8%A7%DA%98%D9%88%D9%84-%D8%B3%D9%88%D8%A6%DB%8C%DA%86-cisco,0,1,7,404,,0,1.02
https://mahamprint.com/tag/3383/%DA%A9%D8%A7%D8%B1%D8%AA-%DA%AF%D8%B1%D8%A7%D9%81%DB%8C%DA%A9-MSI,0,1,20,404,,0,0.88
https://mahamprint.com/tag/3389/%D8%A2%D9%84-%D8%A7%DB%8C%D9%86-%D9%88%D8%A7%D9%86-%D8%A7%DB%8C%D8%B3%D9%88%D8%B3,0,1,92,404,,0,0.83
https://mahamprint.com/tag/3384/%DA%A9%D8%A7%D8%B1%D8%AA-%DA%AF%D8%B1%D8%A7%D9%81%DB%8C%DA%A9,0,1,8,404,,0,0.9
https://mahamprint.com/tag/3393/%D8%A2%D9%84-%D8%A7%DB%8C%D9%86-%D9%88%D8%A7%D9%86-%D8%AF%D9%84,0,1,75,404,,0,0.87
https://mahamprint.com/tag/3429/%D8%B5%D9%86%D8%AF%D9%88%D9%82-%D9%81%D8%B1%D9%88%D8%B4%DA%AF%D8%A7%D9%87%DB%8C-CBON,0,1,20,404,,0,0.9
https://mahamprint.com/tag/3444/%D9%BE%D8%B1%DB%8C%D9%86%D8%AA%D8%B1-%D8%AC%D9%88%D9%87%D8%B1%D8%A7%D9%81%D8%B4%D8%A7%D9%86-canon-5040-dw,0,1,7,404,,0,0.93
https://mahamprint.com/tag/3448/%D8%B1%DB%8C%D9%86%D8%AA%D8%B1-%DA%86%D9%87%D8%A7%D8%B1-%DA%A9%D8%A7%D8%B1%D9%87-%D8%AC%D9%88%D9%87%D8%B1%D8%A7%D9%81%D8%B4%D8%A7%D9%86-Epson-15160,0,1,22,404,,0,0.93
https://mahamprint.com/tag/3467/%D9%BE%D8%B1%DB%8C%D9%86%D8%AA%D8%B1-%D8%AA%DA%A9-%DA%A9%D8%A7%D8%B1%D9%87-%D8%AC%D9%88%D9%87%D8%B1%D8%A7%D9%81%D8%B4%D8%A7%D9%86-%D8%A7%D9%BE%D8%B3%D9%88%D9%86,0,1,3,404,,0,0.96
https://mahamprint.com/tag/3472/%D9%84%DB%8C%D8%A8%D9%84-%D9%BE%D8%B1%DB%8C%D9%86%D8%AA%D8%B1-Gainscha,0,1,8,404,,0,0.96
https://mahamprint.com/tag/3483/%D9%84%DB%8C%D8%A8%D9%84-%D9%BE%D8%B1%DB%8C%D9%86%D8%AA%D8%B1-%DA%AF%D8%B1%D9%86%D8%AF%D9%85%DB%8C,0,1,8,404,,0,1.0
https://mahamprint.com/tag/3486/%D9%81%DB%8C%D8%B4%D9%BE-%D9%BE%D8%B1%DB%8C%D9%86%D8%AA%D8%B1-grandmi,0,1,3,404,,0,0.97
https://mahamprint.com/tag/360/%D9%BE%D8%B1%DB%8C%D9%86%D8%AA%D8%B1-Canon-SELPHY-CP1200,0,1,47,404,,0,0.94
https://mahamprint.com/tag/437/%D9%BE%D8%B1%DB%8C%D9%86%D8%AA%D8%B1-%DA%86%D9%86%D8%AF%DA%A9%D8%A7%D8%B1%D9%87-CANON-MF237W,0,1,7,404,,0,0.79
https://mahamprint.com/tag/547/%D9%BE%D8%B1%DB%8C%D9%86%D8%AA%D8%B1-%D8%AA%DA%A9-%D8%A7%D8%B1%D9%87,0,1,10,404,,0,0.71
https://mahamprint.com/tag/522/%D8%AE%D8%B1%DB%8C%D8%AF-%D9%BE%D8%B1%DB%8C%D9%86%D8%AA%D8%B1-%D9%81%D8%B1%D9%88%D8%B4-%D8%A7%D8%AF%D8%A7%D8%B1%DB%8C,0,1,1,404,,0,0.85
https://mahamprint.com/tag/699/%D8%A7%D8%B3%DA%A9%D9%86%D8%B1-%D8%A7%DB%8C%D9%88%DB%8C%DA%98%D9%86/sort=name&direction=desc,0,1,10,404,,0,0.91
https://mahamprint.com/tag/397/instagram.com/,0,1,1,308->404,/tag/397/instagram.com,1,1.58
https://mahamprint.com/tag/734/%D8%A7%D8%B3%DA%A9%D9%86%D8%B1-%D9%81%D9%88%D8%AC%DB%8C%D8%AA%D8%B3%D9%88,0,1,30,404,,0,0.81
https://mahamprint.com/tag/869/%D8%AF%D8%B3%D8%AA%DA%AF%D8%A7%D9%87-%DA%A9%D9%BE%DB%8C-%D8%A7%D8%B1%D8%B2%D8%A7%D9%86-%D9%82%DB%8C%D9%85%D8%AA,0,1,46,404,,0,0.78
https://mahamprint.com/tag/896/%D8%AF%D8%B3%D8%AA%DA%AF%D8%A7%D9%87-%D9%81%D8%AA%D9%88%DA%A9%D9%BE%DB%8C-%D9%88-%D9%BE%D8%B1%DB%8C%D9%86%D8%AA%D8%B1-%D8%B3%DB%8C%D8%A7%D9%87-%D9%88-%D8%B3%D9%81%DB%8C%D8%AF-%D8%AA%D9%88%D8%B4%DB%8C%D8%A8%D8%A7-455,0,1,29,404,,0,0.77
https://mahamprint.com/tag/841/instagram.com/,0,1,8,308->404,/tag/841/instagram.com,1,1.29
https://mahamprint.com/tag/961/%DA%A9%D8%A7%D8%AA%D8%B1%DB%8C%D8%AC-%D8%A8%D8%A7-%DA%A9%DB%8C%D9%81%DB%8C%D8%AA,0,1,3,404,,0,0.89
https://mahamprint.com/tag/970/%DA%A9%D8%A7%D8%B1%D8%AA%D8%B1%DB%8C%D8%AC-%D8%A7%DA%86-%D9%BE%DB%8C,0,1,9,404,,0,0.82
https://mahamprint.com/upload/2024/12/%D9%85%D8%B2%D8%A7%DB%8C%D8%A7%DB%8C-%D8%A7%D8%B3%D8%AA%D9%81%D8%A7%D8%AF%D9%87-%D8%A7%D8%B2-%D8%AF%D8%B3%D8%AA%DA%AF%D8%A7%D9%87-%D9%BE%D9%88%D9%84-%D8%B4%D9%85%D8%A7%D8%B1-%D8%AF%D8%B1-%D8%AA%D8%AC%D8%A7%D8%B1%D8%AA-1.jpg,0,1,9,200,https://mahamprint.com/upload/2024/12/%D9%85%D8%B2%D8%A7%DB%8C%D8%A7%DB%8C-%D8%A7%D8%B3%D8%AA%D9%81%D8%A7%D8%AF%D9%87-%D8%A7%D8%B2-%D8%AF%D8%B3%D8%AA%DA%AF%D8%A7%D9%87-%D9%BE%D9%88%D9%84-%D8%B4%D9%85%D8%A7%D8%B1-%D8%AF%D8%B1-%D8%AA%D8%AC%D8%A7%D8%B1%D8%AA-1.jpg,0,0.78
https://mahamprint.com/upload/2022/10/15-500x470.jpg,0,1,10,200,https://mahamprint.com/upload/2022/10/15-500x470.jpg,0,0.96
https://mahamprint.com/upload/2025/02/10-%D8%AA%DA%A9%D9%86%DB%8C%DA%A9-%D8%B9%DA%A9%D8%A7%D8%B3%DB%8C-%D8%A8%D8%A7-%D9%87%D9%84%DB%8C-%D8%B4%D8%A7%D8%AA.jpg,0,1,13,200,https://mahamprint.com/upload/2025/02/10-%D8%AA%DA%A9%D9%86%DB%8C%DA%A9-%D8%B9%DA%A9%D8%A7%D8%B3%DB%8C-%D8%A8%D8%A7-%D9%87%D9%84%DB%8C-%D8%B4%D8%A7%D8%AA.jpg,0,0.94
